entry_id	page	line	devanagari	roman	nastaliq	english_gloss	quality
p0009:L24	9	24	एै		ایے		pass1_kept
p0009:L27	9	27	अं		اں		pass1_kept
p0009:L28	9	28	अः		اہ		pass1_kept
p0009:L37	9	37	क		ک		pass1_kept
p0009:L38	9	38	ख		کھ		pass1_kept
p0009:L39	9	39	ग		گ		pass1_kept
p0009:L40	9	40	घ		گھ		pass1_kept
p0009:L41	9	41	ङ		ن		pass1_kept
p0009:L49	9	49	च		چ		pass1_kept
p0009:L50	9	50	छ		چھ		pass1_kept
p0009:L51	9	51	ज		ج		pass1_kept
p0009:L52	9	52	झ		جھ		pass1_kept
p0009:L53	9	53	ञ		ن		pass1_kept
p0009:L61	9	61	ट		ٹ		pass1_kept
p0009:L62	9	62	ठ		ٹھ		pass1_kept
p0009:L63	9	63	ड		ڈ		pass1_kept
p0009:L64	9	64	ढ		ڈھ		pass1_kept
p0009:L65	9	65	ण		ن		pass1_kept
p0009:L73	9	73	त		ت		pass1_kept
p0009:L74	9	74	थ		تھ		pass1_kept
p0009:L75	9	75	द		د		pass1_kept
p0009:L76	9	76	ध		دھ		pass1_kept
p0009:L77	9	77	न		ن		pass1_kept
p0009:L85	9	85	प		پ		pass1_kept
p0009:L86	9	86	फ		پھ		pass1_kept
p0009:L87	9	87	ब		ب		pass1_kept
p0009:L88	9	88	भ		بھ		pass1_kept
p0009:L89	9	89	म		م		pass1_kept
p0009:L97	9	97	य		ی		pass1_kept
p0009:L98	9	98	र		ر		pass1_kept
p0009:L99	9	99	ल		ل		pass1_kept
p0009:L100	9	100	व		و		pass1_kept
p0009:L101	9	101	श		ش		pass1_kept
p0009:L109	9	109	स		س		pass1_kept
p0009:L110	9	110	ह		ہ		pass1_kept
p0011:L16	11	16	आ		آ		pass1_kept
p0011:L22	11	22	ई		ای		pass1_kept
p0011:L28	11	28	ऊ		او		pass1_kept
p0011:L44	11	44	अं		اں		pass1_kept
p0011:L47	11	47	अः		اہ		pass1_kept
p0012:L8	12	8	क		ک		pass1_kept
p0012:L9	12	9	ख		کھ		pass1_kept
p0012:L10	12	10	ग		گ		pass1_kept
p0012:L11	12	11	घ		گھ		pass1_kept
p0012:L12	12	12	ङ		ن		pass1_kept
p0012:L20	12	20	च		چ		pass1_kept
p0012:L21	12	21	छ		چھ		pass1_kept
p0012:L22	12	22	ज		ج		pass1_kept
p0012:L23	12	23	झ		جھ		pass1_kept
p0012:L24	12	24	ञ		ن		pass1_kept
p0012:L32	12	32	ट		ٹ		pass1_kept
p0012:L33	12	33	ठ		ٹھ		pass1_kept
p0012:L34	12	34	ड		ڈ		pass1_kept
p0012:L35	12	35	ढ		ڈھ		pass1_kept
p0012:L36	12	36	ण		ن		pass1_kept
p0012:L44	12	44	त		ت		pass1_kept
p0012:L45	12	45	थ		تھ		pass1_kept
p0012:L46	12	46	द		د		pass1_kept
p0012:L47	12	47	ध		دھ		pass1_kept
p0012:L48	12	48	न		ن		pass1_kept
p0012:L56	12	56	प		پ		pass1_kept
p0012:L57	12	57	फ		پھ		pass1_kept
p0012:L58	12	58	ब		ب		pass1_kept
p0012:L59	12	59	भ		بھ		pass1_kept
p0012:L60	12	60	म		م		pass1_kept
p0012:L68	12	68	य		ی		pass1_kept
p0012:L69	12	69	र		ر		pass1_kept
p0012:L70	12	70	ल		ل		pass1_kept
p0012:L71	12	71	व		و		pass1_kept
p0012:L72	12	72	श		ش		pass1_kept
p0012:L80	12	80	स		س		pass1_kept
p0012:L81	12	81	ह		ہ		pass1_kept
p0019:L6	19	6	अंग	ang	انگ	Limb	human_verified
p0019:L7	19	7	अंग आणू		انگ آنو		human_verified
p0019:L8	19	8	अंगणू	angnu	انگنو	1	human_verified
p0019:L10	19	10	अंगळ	angal	انگل	1	human_verified
p0019:L13	19	13	अंगळी	angli	انگلی	Finger	human_verified
p0019:L14	19	14	अंग्रेज़	angrez	انگریز	Englishman	human_verified
p0019:L15	19	15	अंग्रेज़ी	angrezi	انگریزی	The English language;British	human_verified
p0019:L16	19	16	अंगरो	angro	انگرو	n:Rod;bar;pole;goad;stick	human_verified
p0019:L17	19	17	अंगार	angaar	انگار	Ember	human_verified
p0019:L18	19	18	अंगी	angi	انگی	Bodice	human_verified
p0019:L19	19	19	अंगीठी	angeeThi	انگیٹھی	Heater	human_verified
p0019:L20	19	20	अंगूठी	angooThi	انگوٹھی	Finger ring	human_verified
p0019:L21	19	21	अंगूठो	angooTho	انگوٹھو	Thumb	human_verified
p0019:L22	19	22	अंगूर	angoor	انگور	n:Sapling;sprout;bud	human_verified
p0019:L23	19	23	अंगूरनू	angoornu	انگورنو	Sprout	human_verified
p0019:L24	19	24	अंगो	ango	انگو	Coat	human_verified
p0019:L25	19	25	अंगोछो	angochho	انگوچھو	Wound sepsis/infection	human_verified
p0019:L26	19	26	अंगोड़ी	angorhi	انگوڑی	Core of a nut	human_verified
p0019:L27	19	27	अंघळेटनू	angleTnu	انگھلیٹنو	Tending to fall asleep	human_verified
p0019:L28	19	28	अंघा	anghaa	انگھا	Joints; junction between bones; limbs	human_verified
p0019:L29	19	29	अंज	anj	انج		human_verified
p0019:L31	19	31	अंजाम	anjaam	انجام	Result	human_verified
p0020:L3	20	3	अंडी	anDi	انڈی	Stamina	pass1_kept
p0020:L4	20	4	अंडो	anDo	انڈو	Egg	pass1_kept
p0020:L5	20	5	अंत	ant	انت	Extreme	pass1_kept
p0020:L7	20	7	अंदर	andar	اندر	Inside	pass1_kept
p0020:L13	20	13	अंदरॉस	andraas	اندراس	viscera	pass1_kept
p0020:L14	20	14	अंदरॉसी	andraasi	اندراسی	The sloping wall of a crop-field/terrace	pass1_kept
p0020:L15	20	15	अंदाज़	andaaj	انداز	1	pass1_kept
p0020:L17	20	17	अंदाज़ण	andaajan	اندازن	Approximately	pass1_kept
p0020:L18	20	18	अंदाज़ो	andaajo	اندازو	Estimation	pass1_kept
p0020:L26	20	26	अंस	ans	انس	Progeny	pass1_kept
p0020:L27	20	27	अक्क	akk	اک		pass2_refined
p0021:L14	21	14	अकाळ	akaal	اکال	Famine,scarcity	pass1_kept
p0021:L17	21	17	अख	akh	اکھ	Eye	pass1_kept
p0021:L29	21	29	अखो	akho	اکھو	Chamber	pass1_kept
p0022:L10	22	10	अग्रही	agraahi	اگرہی	Collection of revenue	pass1_kept
p0022:L20	22	20	अग़वाह	agwaa	اغواہ	n:Abduction	pass1_kept
p0022:L21	22	21	उगवाई	agwaai	اگوائی	Guidance	pass1_kept
p0023:L8	23	8	अजगर	ajgar	اجگر	Python	pass1_kept
p0023:L11	23	11	अजड	ajaD	اجڈ	Rustic	pass1_kept
p0023:L12	23	12	अज्जड़	ajarh	اجڑ	1	pass2_refined
p0023:L20	23	20	अज़ाद	azaad	ازاد	Free	pass1_kept
p0023:L21	23	21	अज़ादी	azaadi	ازادی	Freedom	pass1_kept
p0023:L22	23	22	अज़ाब	azaab	ازاب	Agony	pass1_kept
p0023:L23	23	23	अज़ार	azaar	ازار	Trouble	pass1_kept
p0023:L24	23	24	अिज़यत	aziyat	ازیت	Torture	pass1_kept
p0023:L25	23	25	अज़ीज़	aziz	عزیز	A	pass2_refined
p0023:L27	23	27	अज़ीम	azeem	عظیم	adj	pass2_refined
p0024:L12	24	12	सूत क		سوت ک		pass1_kept
p0024:L26	24	26	अठाइ	aThaai	اٹھائ	Twenty eight	pass1_kept
p0024:L27	24	27	अठुऊँ	aThuou~	اٹھؤں	Scorpion, A poisonous arachnid	pass1_kept
p0024:L28	24	28	या उणर् जाित का एक वगर् िजसमें िबच्छू आता है जो बह		یا انر جئت کا ایک وگر جسمیں بچھو آتا ہے جو بہ		pass2_refined
p0024:L32	24	32	अड्डी	aDDi	اڈی	Heel of foot	pass2_refined
p0025:L3	25	3	अड्डी खोड़ो	aDi khorho	اڈی کھوڑو	Stumble, a trick	pass2_refined
p0025:L8	25	8	अड्ड		اڈ	1	pass2_refined
p0026:L17	26	17	अताणू	ataanu	اتانو	Supine	pass1_kept
p0026:L18	26	18	अतावळ	ataawal	اتاول	Haste	pass1_kept
p0026:L19	26	19	अतावळो	ataawlo	اتاولو	Hasty;impatient;anxious;rash	pass1_kept
p0027:L8	27	8	अदो	addo	ادو		pass1_kept
p0027:L9	27	9	अध्	adh	ادھ	Half	pass1_kept
p0027:L17	27	17	अध् माहणू	adh mahnu	ادھ ماہنو	Handicaped;crippled ApNg,िवकलांप,पंगु	pass1_kept
p0027:L25	27	25	अन्न	aN	ان		pass2_refined
p0027:L27	27	27	अन्नहीं		انہیں		pass2_refined
p0028:L5	28	5	अनाड़ी	aNarhi	اناڑی	Unskilled	pass1_kept
p0028:L21	28	21	अफ़रा तफ़री	afraa tafri	افرا تفری	n:Chaos;confusion;panic	pass1_kept
p0028:L22	28	22	अफळ	aphal	اپھل	Fruitless	pass1_kept
p0028:L23	28	23	अफ़लातून	afLatooN	افلاتون	n:Plato, philosopher	pass1_kept
p0028:L24	28	24	अफ़वाह	afwah	افواہ	n:Rumour;unverified statement	pass1_kept
p0028:L25	28	25	अफ़सर	afsar	افسر	E	pass1_kept
p0028:L26	28	26	अफ़सानू	afsaanu	افسانو	Short story	pass1_kept
p0028:L27	28	27	अफ़सोस	afsos	افسوس		pass1_kept
p0028:L28	28	28	अफ़ाको	afaaqo	افاکو	Relief	pass1_kept
p0028:L29	28	29	अफ़ात	afaat	افات	n:Giant;ghost;misery;misfortune	pass1_kept
p0029:L5	29	5	अबल्लो	abaLo	ابلو	odd, ddifficult	pass2_refined
p0030:L4	30	4	अयाण	ayaan	ایان	Ignorent	pass1_kept
p0030:L5	30	5	अयाणु	ayaanu	ایان	Ignorant	pass1_kept
p0030:L13	30	13	अरज़	arz	عرض	n:1	pass2_refined
p0030:L15	30	15	अरज़ी	arzi	عرضی	Petition	pass2_refined
p0030:L16	30	16	अरज़ी नवीस	arzi nawees	ارزی نویس	Scribe	pass1_kept
p0031:L8	31	8	अलफ़	aLaf	الف	1	human_verified
p0031:L10	31	10	अलफ़		الفِی	nf A small baby-sized shroud	human_verified
p0031:L11	31	11	अलफ़ो	aLfo	الفو	Shroud;A cloth used to wrape a dead body	human_verified
p0031:L13	31	13	अलबेलो	aLbeLo	البیلو	Lively	human_verified
p0031:L17	31	17	अळस	alas	الس	Lethargy;weariness;fatigue;laziness	human_verified
p0031:L25	31	25	अलांघणू	aLangnu	الانگھنو		human_verified
p0031:L27	31	27	अल्लाह	aLah	اللہ	n:Allah,the almighty	human_verified
p0031:L28	31	28	अल्लाह लोक		اللہ لوک		human_verified
p0031:L31	31	31	अल्लो	aLo	الّو	Half baked;unripe;raw;unhealed	human_verified
p0032:L3	32	3	अळोप	alop	الوپ	E	pass1_kept
p0032:L13	32	13	अशक़ात	ashkaat	اشقات	nf:Deliverence,salvation	pass1_kept
p0032:L20	32	20	अस्तीफ़ो	asteefo	استیفو	Resignation letter	pass1_kept
p0033:L8	33	8	अस्सी	assi	اسی	Eighty	pass2_refined
p0033:L10	33	10	अस्सू	assu	اسو		pass2_refined
p0033:L13	33	13	अहतराम	ahtraam	اہترام	nm: Respect, regard: सम्मान, सत्कार, आदर, मान्यता	pass1_kept
p0034:L5	34	5	आख़र	aakhar	آخر	n:End;last part	pass1_kept
p0034:L7	34	7	आख़रकार	aakharkaar	آخرکار	Ultimately	pass1_kept
p0034:L8	34	8	आख़रत	aakharat	آخرت	nf:The life after death	pass1_kept
p0034:L9	34	9	आख़री	aakhri	آخری	adj	pass1_kept
p0034:L10	34	10	आख़ूँ	aakhu~	آخوں	"n: A ""halt!""command for oxen"	pass1_kept
p0034:L11	34	11	आख़ो		آخو	Yes	pass1_kept
p0034:L16	34	16	आज्ज़	aajaz	آجز	adj	pass1_kept
p0034:L17	34	17	आज्ज़ी	aaj zi	آجزی	Humility	pass1_kept
p0034:L25	34	25	आड़	aarh	آڑ	1	pass1_kept
p0035:L11	35	11	आदम ज़ात		آدم زات		pass1_kept
p0035:L19	35	19	एक		ایک		pass1_kept
p0035:L31	35	31	आफ़त	aafat	آفت	Calamity	pass1_kept
p0036:L5	36	5	आिफ़यत	aafiyat	آفیت	nf:Safety	pass1_kept
p0036:L24	36	24	आरज़ी	aar zi	آرزی	Temporary	pass1_kept
p0036:L25	36	25	आरज़ू	aarzu	آرزو	Desire	pass1_kept
p0037:L23	37	23	आस	aas	آس	Hope	pass1_kept
p0037:L30	37	30	आसरो	aasro	آسرو	Support	pass1_kept
p0038:L17	38	17	इकठ्ठा	ikaTha	اکٹھٹھا	Collective	pass1_kept
p0038:L27	38	27	इकवंजा	ekwanja	اکونجا	Fifty one	pass1_kept
p0039:L5	39	5	इख़्त्यार	ikhteyaar	اختیار	Authority	pass1_kept
p0039:L6	39	6	इख़्तलाफ़	ikhtalaaf	اختلاف	nm:Difference	pass1_kept
p0039:L7	39	7	इख़्लाक़	ikhlaaq	اخلاق	nm:Manners	pass1_kept
p0039:L9	39	9	इज़्ज़त	ijjat	عزت	Honour	pass2_refined
p0039:L10	39	10	इज़्न	izaN	ازن	n:Permission;consent;sanction	pass1_kept
p0039:L11	39	11	इज़राईल	izra iel	ازرائیل	A	pass1_kept
p0039:L12	39	12	इज़हार	izhaar	ازہار	nm:Expression	pass1_kept
p0039:L13	39	13	इजाज़त	ijaazat	اجازت	Permission	pass1_kept
p0039:L14	39	14	इज़ाफ़ो	izaafo	ازافو	Increase	pass1_kept
p0039:L15	39	15	इज़ाफ़		ازاف	Additional, extra, superfluous	pass1_kept
p0039:L18	39	18	गुल्ली डंडा खेलने के िलए प्रयोग िकया जाने वाला एक छोटा लकड़ी का डंडा		گلی ڈنڈا کھیلنے کے لئے پریوگ کیا جانے والا ایک چھوٹا لکڑی کا ڈنڈا		pass2_refined
p0039:L21	39	21	इतै	itey	اتے	Here only	pass1_kept
p0039:L22	39	22	इतूं	itoo~	اتوں	From here	pass1_kept
p0039:L23	39	23	इंतक़ाल	intqaal	انتقال	1	pass1_kept
p0039:L25	39	25	इंतक़ाम	inteqaam	انتقام	n:Revenge	pass1_kept
p0039:L26	39	26	इंतज़ार	intzaar	انتزار	Wait	pass1_kept
p0039:L27	39	27	इंतज़ाम	int zaam	انتزام	Arrangement	pass1_kept
p0039:L29	39	29	इतफ़ाक़	itfaaq	اتفاق	1	pass1_kept
p0040:L4	40	4	इतराज़	itraaz	اتراز	Objection, reservation	pass1_kept
p0040:L11	40	11	िवधवाओं और प		ودھواؤں اور پ		pass1_kept
p0040:L18	40	18	इन्साफ़	iNsaaf	انساف	nm:Justice	pass1_kept
p0040:L22	40	22	इन्नु		ان	This/so much	pass2_refined
p0041:L7	41	7	अगुआ		اگءآ		pass1_kept
p0041:L11	41	11	क		ک		pass1_kept
p0041:L12	41	12	इराक़	iraaq	اراق	n: Iraq,a country in southwestern Asia	pass1_kept
p0041:L17	41	17	इलज़ाम	iLzaam	الزام	Blame	pass1_kept
p0041:L23	41	23	इवज़	iwaz	اوز	n:Replacement	pass1_kept
p0041:L25	41	25	पि		پ		pass1_kept
p0042:L5	42	5	िजसमें वह एक भगवान को मानते हैं और इस्लाम धमर् क		جسمیں وہ ایک بھگوان کو مانتے ہیں اور اسلام دھمر ک		pass1_kept
p0042:L8	42	8	ई		ای		pass1_kept
p0042:L9	42	9	ईड़ी	eerhi	ایڑی	Ipomea nil, Ivy	pass1_kept
p0042:L11	42	11	के पवर्तारोही तुरही के आकार का आकषर्क फूलों वाला प		کے پورتاروہی ترہی کے آکار کا آکشرک پھولوں والا پ		pass1_kept
p0042:L12	42	12	ईद	eed	عید	A: Day of rejoicing/celebration, Muslim festival त्यौहार	pass2_refined
p0042:L13	42	13	ख़ुशी का िदन		خشی کا دن		pass1_kept
p0042:L16	42	16	वह स्थान जहाँ ईद के मौके पर लोग जमा होकर नमाज़ अदा करते हैं		وہ ستھان جہاں اید کے موکے پر لوگ جما ہوکر نماز ادا کرتے ہیں		pass1_kept
p0042:L17	42	17	ईन	ieN	این	Stubborness	pass1_kept
p0042:L18	42	18	ईनूं	ieNu~	اینوں	Pad, cushion	pass1_kept
p0042:L19	42	19	ईसा	eesa	عیسیٰ	nm:Prophet Eesa bin Maryum, (Jesus Christ) हज़रत ईसा,	pass2_refined
p0042:L20	42	20	ईसाई धमर् के प्रवतर्क या आचायर्		ایسائی دھمر کے پروترک یا آچایر		pass1_kept
p0042:L21	42	21	ईसाई	eesaai	عیسائی	n: Christian;follower of Jesus  Christ	pass2_refined
p0042:L22	42	22	ईस्वी सन्न		ایسوی سن	Christian era	pass2_refined
p0042:L23	42	23	ईसा मसीह के जन्म के बाद के वषर्		ایسا مسیہ کے جنم کے باد کے وشر		pass1_kept
p0042:L24	42	24	उ	u	ا		pass1_kept
p0042:L29	42	29	उकरनू	ukarnu	اکرنو	To engrave	pass1_kept
p0043:L12	43	12	उगल्लणू	ugaLNu	اگلنو	Rumination/chewing of animals	pass2_refined
p0043:L13	43	13	उगल्ली	ugaLi	اگلی	Rumination	pass2_refined
p0043:L15	43	15	उघाड़नू	ughaarhnu	اگھاڑنو	Expose	pass1_kept
p0043:L17	43	17	उचक्को	uchakko	اچکو	Robber, thief	pass2_refined
p0043:L20	43	20	उदास		اداس		pass1_kept
p0043:L23	43	23	उचाई	uchai	اچائی	Height	pass1_kept
p0043:L29	43	29	उछल्लनू	uchhaLnU	اچھلنو	Shake	pass2_refined
p0044:L7	44	7	उज़र	uzar	ازر	nm:Objection	pass1_kept
p0044:L13	44	13	एक िहमालीय जड़ी बूटी जो शरद ऋतू में फूलती है		ایک ہمالیی جڑی بوٹی جو شرد رتو میں پھولتی ہے		pass1_kept
p0044:L22	44	22	उड्डर	uDar	اڈر	n:Tableland;highland;plateau	pass2_refined
p0046:L3	46	3	उफ़	uff	اف	Oh!,alas! unfortunate आĲयर्,शोक,दुभार्ग्य,संताप	pass1_kept
p0046:L4	46	4	उफ़रां	ufraa~	افراں	Higher up	pass1_kept
p0046:L15	46	15	उम्मत	ummat	امت	A community of people sharing common religion	pass2_refined
p0047:L14	47	14	उलफ़त	uLfat	الفت	A	pass1_kept
p0047:L18	47	18	उल्ली	uLi	الی	Fungus	pass2_refined
p0047:L19	47	19	उल्लू	uLoo	الو	Owl	pass2_refined
p0047:L22	47	22	दसवां िहस्सा		دسواں ہسا		pass2_refined
p0047:L30	47	30	िवलाप		ولاپ		pass1_kept
p0048:L4	48	4	ऊंकरनू		اونکرنو	Grunt	pass1_kept
p0048:L5	48	5	ऊज़ू	oozu	اوزو	Ablution	pass1_kept
p0048:L6	48	6	ऊंठ	oonTh	اونٹھ	Camel	pass1_kept
p0048:L7	48	7	ऊड़ी	oorhi	اوڑی	A temporary shed for sheep/goats	pass1_kept
p0048:L8	48	8	ऊणू	oonu	اونو	adj Empty;hollow;unfilled	pass1_kept
p0048:L10	48	10	ऊबड़ खाबड़	oobarh khaabarh	اوبڑ کھابڑ	Rough path	pass1_kept
p0048:L11	48	11	ऊरी	oori	اوری	Yarn	pass1_kept
p0048:L12	48	12	एक लकड़ी का उपकरण धागे को घुमाने के िलए		ایک لکڑی کا اپکرن دھاگے کو گھمانے کے لئے		pass1_kept
p0048:L13	48	13	ऊरो		اورو	Uncastrated animal	pass1_kept
p0048:L14	48	14	ऊल	ooL	اول	n:A warning signal for domestic fowl against	pass1_kept
p0048:L16	48	16	ऊहणी	oohni	اوہنی	Hoe	pass1_kept
p0048:L17	48	17	ऊंहदो	oondho	اونہدو	Wild boar	pass1_kept
p0048:L18	48	18	ऊंहां	ooha~	اونہاں	There	pass1_kept
p0048:L19	48	19	ऊंह		اونہ		pass1_kept
p0048:L28	48	28	गोजरी भाषा का तेईसवां अ		گوجری بھاشا کا تےئیسواں ا		pass1_kept
p0049:L3	49	3	एै		ایے		pass1_kept
p0049:L6	49	6	एैतराफ़	etraaf	اییتراف	Acknowledgement	pass1_kept
p0049:L11	49	11	एैराफ़	airaaf	اییراف	n:Purgatory	pass1_kept
p0050:L12	50	12	औछा		اوچھا		pass1_kept
p0050:L15	50	15	घर का पाड़		گھر کا پاڑ		pass1_kept
p0050:L22	50	22	दो वस्तुओं के आदान प्रदान में अवर आईटम के साथ भुगतान क		دو وستؤں کے آدان پردان میں اور آئیٹم کے ساتھ بھگتان ک		pass1_kept
p0050:L31	50	31	औड़		اوڑ	Folded/wraped haphazard	pass1_kept
p0051:L5	51	5	में भ्रूण के शरीर को र		میں بھرون کے شریر کو ر		pass1_kept
p0051:L6	51	6	बच्चे के जन्म के बाद बाहर आ जाता है		بچے کے جنم کے باد باہر آ جاتا ہے		pass2_refined
p0051:L18	51	18	क		ک		pass1_kept
p0053:L30	53	30	िन		ن		pass1_kept
p0053:L32	53	32	मकई के वृ		مکئی کے ور		pass1_kept
p0054:L8	54	8	ई		ای		pass1_kept
p0054:L10	54	10	जो प्राथर्ना अपने ठीक समय पर अदा न क		جو پراتھرنا اپنے ٹھیک سمی پر ادا ن ک		pass1_kept
p0054:L20	54	20	तलवार		تلوار		pass1_kept
p0054:L22	54	22	छोटी कटार		چھوٹی کٹار		pass1_kept
p0054:L24	54	24	कटाई	kaTaai	کٹائی	Cutting	pass1_kept
p0054:L25	54	25	पक		پک		pass1_kept
p0055:L4	55	4	पुतली जो ढोरे या तार क		پتلی جو ڈھورے یا تار ک		pass1_kept
p0055:L9	55	9	भगा लेजाना		بھگا لیجانا		pass1_kept
p0055:L14	55	14	धमाका		دھماکا		pass1_kept
p0055:L19	55	19	मूसलधार बा		موسلدھار با		pass1_kept
p0055:L27	55	27	कड़		کڑ	A broody hen for hatching eggs	pass1_kept
p0056:L4	56	4	कढ़ी	karh hi	کڑھی	Curry	pass1_kept
p0056:L11	56	11	किणका		کنکا		pass1_kept
p0056:L15	56	15	िहंदी पचांग का आठवाँ महीना		ہندی پچانگ کا آٹھواں مہینا		pass1_kept
p0056:L21	56	21	कतरनू	katarnu	کترنو	Shear,cut,clip,trim,pare,chop	pass1_kept
p0056:L25	56	25	कतराई	katraai	کترائی	Act/wages of shearing sheep's wool	pass1_kept
p0056:L26	56	26	ऊन कतरने क		اون کترنے ک		pass1_kept
p0056:L30	56	30	कत्लेआम		کتلےءآم		pass1_kept
p0057:L14	57	14	पारम्प		پارمپ		pass1_kept
p0057:L19	57	19	कन्न	kaN	کن	Ear	pass2_refined
p0057:L20	57	20	कान		کان		pass1_kept
p0057:L21	57	21	कन्न		کن	Centipede: चालीसपद, कन्नखजुरा	pass2_refined
p0057:L22	57	22	कन्न		کن		pass2_refined
p0057:L29	57	29	कंठमाला का रोग		کنٹھمالا کا روگ		pass1_kept
p0058:L5	58	5	घुमाबंन के आठवें भाग व बीधे के चौथाई के बराबर ज़मीन क		گھمابنن کے آٹھویں بھاگ و بیدھے کے چوتھائی کے برابر زمین ک		pass1_kept
p0058:L6	58	6	कन्नी	kaNi	کنی	Aside	pass2_refined
p0058:L16	58	16	कतरना		کترنا		pass1_kept
p0058:L21	58	21	असंयम		اسنیم		pass1_kept
p0058:L27	58	27	ताबूत		تابوت		pass1_kept
p0059:L5	59	5	एक सुगिन्धत पदाथर् जो दारचीनी क		ایک سگندھت پداتھر جو دارچینی ک		pass1_kept
p0059:L7	59	7	भारतीय खेल िजसमे दो दल होते हैं		بھارتیی کھیل جسمے دو دل ہوتے ہیں		pass1_kept
p0059:L26	59	26	कबीला		کبیلا		pass1_kept
p0061:L8	61	8	आकृित देखकर च		آکرت دیکھکر چ		pass1_kept
p0061:L11	61	11	सृि		سر		pass1_kept
p0061:L32	61	32	िकसी कायर् या िक्रया को आगे बढ़ाना		کسی کایر یا کریا کو آگے بڑھانا		pass1_kept
p0062:L6	62	6	आटा		آٹا		pass1_kept
p0063:L7	63	7	फल िगराने के िलए प्रयोग क		پھل گرانے کے لئے پریوگ ک		pass1_kept
p0063:L9	63	9	वािष्पत होना		وئشپت ہونا		pass1_kept
p0063:L10	63	10	कलक		کلک	n:Calcutta/Kolkata,a city in the eastern	pass1_kept
p0063:L31	63	31	इस्लाम धमर् का मूल मन्त्र		اسلام دھمر کا مول منتر		pass1_kept
p0064:L9	64	9	कलाकार		کلاکار		pass1_kept
p0064:L11	64	11	कलािड		کلئڈ		pass1_kept
p0065:L5	65	5	मज़ार आिद पर िविश		مزار آد پر وش		pass1_kept
p0065:L12	65	12	भारत के उ		بھارت کے ا		pass1_kept
p0066:L10	66	10	िवशेष प्रकार क		وشیش پرکار ک		pass1_kept
p0066:L29	66	29	बोलना		بولنا		pass1_kept
p0067:L12	67	12	का		کا		pass1_kept
p0067:L16	67	16	डंठल		ڈنٹھل		pass1_kept
p0067:L31	67	31	प्रितस्थािनक		پرتستھئنک		pass1_kept
p0068:L23	68	23	इस्लाम धमर् के अनुसार धािमर्क िववादों का िनणर्य करनेवाला व्यि		اسلام دھمر کے انسار دھئمرک ووادوں کا ننری کرنیوالا وی		pass1_kept
p0069:L11	69	11	भेड़ क		بھیڑ ک		pass1_kept
p0070:L4	70	4	द्रोही		دروہی		pass1_kept
p0070:L15	70	15	िकसी के स्थान में या कुछ समय के िलए काम करता ह		کسی کے ستھان میں یا کچھ سمی کے لئے کام کرتا ہ		pass1_kept
p0070:L17	70	17	िव		و		pass1_kept
p0071:L24	71	24	इच्छा प्रकट करना		اچھا پرکٹ کرنا		pass2_refined
p0072:L7	72	7	मक्का में िस्थत मुसलमानों का पिवत्रतम धमर्स्थल जहाँ मुसलमान हज करने जाते हैं		مکا میں ستھت مسلمانوں کا پوترتم دھمرستھل جہاں مسلمان ہج کرنے جاتے ہیں		pass2_refined
p0072:L14	72	14	िक		ک		pass1_kept
p0072:L24	72	24	ककर्श या तड़क भड़क वाली ध्वनी उत्पन्न करना		ککرش یا تڑک بھڑک والی دھونی اتپن کرنا		pass2_refined
p0072:L32	72	32	हजरे अस्वद		ہجرے اسود		pass1_kept
p0073:L19	73	19	बूँद बूँद कर बहना		بوند بوند کر بہنا		pass1_kept
p0074:L8	74	8	क		ک		pass1_kept
p0074:L14	74	14	गभर्वती पशु के स्त्नाग्रों से िचपिचपा		گبھروتی پش کے ستناگروں سے چپچپا		pass1_kept
p0074:L23	74	23	कु		ک		pass1_kept
p0074:L32	74	32	करना		کرنا		pass1_kept
p0075:L16	75	16	मार डालना		مار ڈالنا		pass1_kept
p0076:L29	76	29	कुनैन		کنین		pass1_kept
p0076:L30	76	30	कुप्प		کپ	1	pass2_refined
p0077:L3	77	3	कुप्प		کپ	A small flask or bottle	pass2_refined
p0077:L11	77	11	कुम्हार	kumhaar	کمہار	Potter	pass1_kept
p0077:L12	77	12	कुम्हार		کمہار	Millipede	pass1_kept
p0077:L26	77	26	बिल का बकरा		بل کا بکرا		pass1_kept
p0077:L29	77	29	कुस		کس		pass1_kept
p0077:L31	77	31	कुरान		کران		pass1_kept
p0078:L12	78	12	कुल्लो	kuLo/ quLo	کلو	Crown	pass2_refined
p0078:L19	78	19	कू		کو		pass1_kept
p0079:L11	79	11	के		کے		pass1_kept
p0079:L25	79	25	कै		کے		pass1_kept
p0080:L8	80	8	को		کو		pass1_kept
p0080:L27	80	27	कड़वापन		کڑواپن		pass1_kept
p0082:L6	82	6	करना		کرنا		pass1_kept
p0082:L14	82	14	राष्ट्रीय		راشٹریی		pass1_kept
p0082:L16	82	16	ख		کھ		pass1_kept
p0084:L19	84	19	नवजात िशशु के खतना का धािमर्क अनु		نوجات شش کے کھتنا کا دھئمرک ان		pass1_kept
p0085:L4	85	4	खाई खोदकर मोचार् दबाना		کھائی کھودکر موچار دبانا		pass1_kept
p0086:L16	86	16	खयानत	kheyaaNat	کھیانت	nf:Misappropriation	pass1_kept
p0086:L18	86	18	िवचार		وچار		pass1_kept
p0086:L29	86	29	व्यय करना		ویی کرنا		pass1_kept
p0087:L3	87	3	िववाह के दौरान दुल्हे द्वारा ससुराल वालों को भुगतान िकया गया शादी का खचर्		وواہ کے دوران دلہے دوارا سسرال والوں کو بھگتان کیا گیا شادی کا کھچر		pass1_kept
p0087:L6	87	6	पपड़ी		پپڑی		pass1_kept
p0087:L32	87	32	क्रय करना		کری کرنا		pass1_kept
p0089:L17	89	17	िहजड़ा		ہجڑا		pass1_kept
p0089:L21	89	21	खा		کھا		pass1_kept
p0089:L28	89	28	भैंस या गाय जो पूरी तरह से ढूध देना बंद कर दे		بھینس یا گای جو پوری ترہ سے ڈھودھ دینا بند کر دے		pass1_kept
p0090:L21	90	21	पुश्तैनी		پشتینی	Refined	pass1_kept
p0090:L31	90	31	कमी		کمی		pass1_kept
p0091:L4	91	4	मौन		مون		pass1_kept
p0091:L6	91	6	चुप्पी		چپی		pass2_refined
p0091:L10	91	10	िकसी के प्रित मन में द्वेष भाव रखना		کسی کے پرت من میں دویش بھاو رکھنا		pass1_kept
p0091:L19	91	19	बिहष्कृत		بہشکرت		pass1_kept
p0092:L11	92	11	िख		کھ		pass1_kept
p0092:L18	92	18	एक पैगम्बर िजनके बारे में प्रिसद्ध है िक वो अमृत पीकर अमर हो गये थे		ایک پیگمبر جنکے بارے میں پرسدھ ہے ک وو امرت پیکر امر ہو گیے تھے	Guide	pass2_refined
p0093:L14	93	14	पटवा		پٹوا		pass1_kept
p0093:L20	93	20	खी		کھی		pass1_kept
p0093:L28	93	28	खु		کھ		pass1_kept
p0094:L9	94	9	घोडों में त्व्कविलशोथ		گھوڈوں میں توکولشوتھ		pass1_kept
p0095:L5	95	5	खुन्नू	khuNu	کھنو	Handicapped	pass2_refined
p0095:L25	95	25	गबन		گبن		pass1_kept
p0096:L17	96	17	सूखा आटा जो रोटी को बेलने के समय उपयोग में लाया जाता है		سوکھا آٹا جو روٹی کو بیلنے کے سمی اپیوگ میں لایا جاتا ہے		pass1_kept
p0096:L26	96	26	खुस्सो	khusso	کھسو	Shoe	pass2_refined
p0096:L27	96	27	खू		کھو		pass1_kept
p0096:L30	96	30	खूद	khood	کھود	Fodder, forage	pass1_kept
p0097:L16	97	16	खे		کھے		pass1_kept
p0097:L20	97	20	खेलना		کھیلنا		pass1_kept
p0097:L24	97	24	खेप		کھیپ		pass1_kept
p0097:L29	97	29	खै		کھے		pass1_kept
p0099:L17	99	17	ग		گ		pass1_kept
p0100:L21	100	21	ईख या गन्ने का छोटा टुकड़ा जो चूसने के काम आता है		ایکھ یا گنے کا چھوٹا ٹکڑا جو چوسنے کے کام آتا ہے		pass2_refined
p0100:L29	100	29	गड्डी	gaDi	گڈی	1	pass2_refined
p0101:L26	101	26	गद्दार	gadaar	گدار	adj	pass2_refined
p0101:L27	101	27	गद्दारी	gadaari	گداری	nfTreason;disloyality;betrayal िवĵासघात, राजद्रोह	pass2_refined
p0103:L27	103	27	आवेश में लाना		آویش میں لانا		pass1_kept
p0104:L21	104	21	गले पड़ा ढोल बजाना पड़ता है		گلے پڑا ڈھول بجانا پڑتا ہے		pass1_kept
p0104:L23	104	23	आिलंगन करना		آلنگن کرنا		pass1_kept
p0105:L24	105	24	गा		گا		pass1_kept
p0106:L14	106	14	गोजरी वणर्माला का अठाईसवां वणर् जो िहंदी भाषा के		گوجری ونرمالا کا اٹھائیسواں ونر جو ہندی بھاشا کے		pass1_kept
p0106:L25	106	25	उदूर् के एक प्रख्यात किव असदुल्लाह खान का िवशेषण		ادور کے ایک پرکھیات کو اسدلاہ کھان کا وشیشن		pass2_refined
p0107:L6	107	6	गई	gaie	گئی	Support, string, chord	pass1_kept
p0107:L7	107	7	िग		گ		pass1_kept
p0107:L23	107	23	होता है िजसे सफलता क		ہوتا ہے جسے سپھلتا ک		pass1_kept
p0108:L5	108	5	चार अंगुल क		چار انگل ک		pass1_kept
p0108:L14	108	14	िगल्लो	giLLo	گلو	Wet	pass2_refined
p0108:L16	108	16	गी		گی		pass1_kept
p0108:L22	108	22	गु		گ		pass1_kept
p0108:L32	108	32	भारत क		بھارت ک		pass1_kept
p0109:L4	109	4	भारत के दि		بھارت کے د		pass1_kept
p0110:L25	110	25	चौलाई क		چولائی ک		pass1_kept
p0111:L30	111	30	गुलिच्छ	gulachhi	گلچھ	Vomitus	pass2_refined
p0112:L24	112	24	गू		گو		pass1_kept
p0113:L3	113	3	गे		گے		pass1_kept
p0113:L18	113	18	गै		گے		pass1_kept
p0114:L3	114	3	गो		گو		pass1_kept
p0114:L8	114	8	गोगड़	gogarh	گوگڑ	Pot-belly	pass1_kept
p0115:L26	115	26	गौ		گو		pass1_kept
p0115:L27	115	27	गौह	goh	گوہ	Cow-dung	pass1_kept
p0115:L28	115	28	गौहटो	gohTo	گوہٹو	Dried cow-dung cake उपला,सूखे गोबर के उपले	pass1_kept
p0115:L29	115	29	गौहड़ो	goh rho	گوہڑو	Wad of wool/carded cotton	pass1_kept
p0116:L3	116	3	ग	gh/	گ		pass1_kept
p0116:L8	116	8	घग्गो	k-haggo	گھگو	Hoarse voiced	pass2_refined
p0117:L15	117	15	व्याकुल होना		ویاکل ہونا		pass1_kept
p0117:L27	117	27	घ		گھ	Domestic	pass1_kept
p0118:L18	118	18	घा		گھا		pass1_kept
p0119:L5	119	5	घाई	k-haai	گھائی	Skillful in cutting grass	pass1_kept
p0119:L6	119	6	घाउँ	k-haa ou~	گھاؤں	Sultriness	pass1_kept
p0119:L21	119	21	मोरेल मश		موریل مش		pass1_kept
p0121:L9	121	9	िवशेष प्रकार क		وشیش پرکار ک		pass1_kept
p0122:L6	122	6	तीतर जाित का एक प		تیتر جئت کا ایک پ		pass1_kept
p0124:L30	124	30	जानवर		جانور		pass1_kept
p0125:L9	125	9	चप्पू	chappu	چپو	Oar	pass2_refined
p0125:L11	125	11	चप्पो	chapo	چپو	1	pass2_refined
p0126:L26	126	26	चारों पैरों से बंधा ह		چاروں پیروں سے بندھا ہ		pass1_kept
p0127:L17	127	17	चर		چر	Small groove	pass1_kept
p0128:L18	128	18	चा		چا		pass1_kept
p0130:L15	130	15	छत बनाने में प्रयोग होने वाली लकिड़यों क		چھت بنانے میں پریوگ ہونے والی لکڑیوں ک		pass1_kept
p0130:L27	130	27	िच		چ		pass1_kept
p0133:L21	133	21	चु		چ		pass1_kept
p0133:L27	133	27	चु कन्नू	chu kaNu	چ کنو	adj Argus eyed;alert;vigilant	pass2_refined
p0134:L23	134	23	चुन्नी	chuNi	چنی	Head cloth for woman	pass2_refined
p0134:L24	134	24	चुन्नू		چنو	Bleary eyed	pass2_refined
p0135:L12	135	12	चुल्लो	chuLho	چلو	Hearth	pass2_refined
p0135:L16	135	16	चुश्म दीद		چشم دید		pass1_kept
p0135:L21	135	21	चुसाना		چسانا		pass1_kept
p0135:L23	135	23	स्तनपान करवाना		ستنپان کروانا		pass1_kept
p0136:L20	136	20	चूरमा		چورما		pass1_kept
p0136:L27	136	27	चे		چے		pass1_kept
p0137:L20	137	20	चोकन्नु	cho kaNu	چوکن	Watchful	pass2_refined
p0137:L24	137	24	चार दीवारों वाली िबना छत क		چار دیواروں والی بنا چھت ک		pass1_kept
p0137:L32	137	32	समकोण िजसके चारों कोने हों		سمکون جسکے چاروں کونے ہوں		pass1_kept
p0138:L23	138	23	चौथा		چوتھا		pass1_kept
p0138:L25	138	25	मृतक के चौथे िदन होने वाला सामािजक कायर्		مرتک کے چوتھے دن ہونے والا سامئجک کایر		pass1_kept
p0138:L29	138	29	िकसी वगर्		کسی وگر		pass1_kept
p0139:L18	139	18	स्रोत		سروت		pass1_kept
p0139:L26	139	26	कंबल िजसक		کنبل جسک		pass1_kept
p0140:L4	140	4	छ	chh	چھ		pass1_kept
p0140:L16	140	16	छज्जो	chhajo	چھجو	n:Balcony;eaves;sun-blind	pass2_refined
p0140:L22	140	22	पुरानी तौल जो एक सेर के सौल्		پرانی تول جو ایک سیر کے سول		pass1_kept
p0141:L21	141	21	छ		چھ		pass1_kept
p0141:L22	141	22	छ		چھ	1	pass1_kept
p0142:L10	142	10	छम्मर	chhamar	چھمر	Water fall झरना	pass2_refined
p0142:L14	142	14	छर		چھر	Volly of lead shots	pass1_kept
p0142:L19	142	19	छल्ल	chhaL	چھل	Wave	pass2_refined
p0142:L26	142	26	छल्ली	chhaLi	چھلی	1	pass2_refined
p0142:L28	142	28	छल्लो	chhaLo	چھلو	Annulus	pass2_refined
p0143:L4	143	4	छाईं	chha ie~	چھائیں	Dark spots on face	pass1_kept
p0144:L12	144	12	िछ		چھ		pass1_kept
p0145:L18	145	18	िछल्ली	chhiLi	چھلی	Female young one of a goat	pass2_refined
p0145:L19	145	19	िछल्लू	chhiLu	چھلو	Youngone of a goat	pass2_refined
p0145:L21	145	21	छु		چھ		pass1_kept
p0145:L31	145	31	छुब्बी	chhubi	چھبی		pass2_refined
p0146:L12	146	12	छे		چھے		pass1_kept
p0147:L3	147	3	छोकरी	chhokri	چھوکری	Lass	pass1_kept
p0147:L17	147	17	जक्कड़	jakarh	جکڑ	Robust	pass2_refined
p0148:L11	148	11	पारगमन िशिवर जहाँ कािफला		پارگمن شور جہاں کئپھلا		pass1_kept
p0148:L19	148	19	जज़ब	jazab	جزب	Absorbed	pass1_kept
p0148:L20	148	20	जज़		جز		pass1_kept
p0148:L21	148	21	जज़		جز	Emotional	pass1_kept
p0148:L22	148	22	जज़		جز	n:Zeal;passion;sentiment;emotion भाव,भावना,रोष,जोश	pass1_kept
p0148:L23	148	23	जज़ा	jazaa	جزا	nf:Reward	pass1_kept
p0148:L26	148	26	जज़यो	jaziyo	جزیو	Tax	pass1_kept
p0149:L3	149	3	जज़ीरो	jazeero	جزیرو	nm:Island	pass1_kept
p0149:L6	149	6	जाट		جاٹ		pass1_kept
p0149:L13	149	13	जड्डो	jaDo	جڈو	1	pass2_refined
p0149:L24	149	24	जन्म देना		جنم دینا		pass1_kept
p0150:L6	150	6	जततल	jatal	جتتل	Hairy	pass1_kept
p0150:L18	150	18	चक्क		چک		pass2_refined
p0150:L25	150	25	जन्नत	jaNat	جنت	Paradise	pass2_refined
p0150:L27	150	27	जन्नती	jaNati	جنتی	Paradise dweller	pass2_refined
p0151:L5	151	5	जन्नुं	jaNu~	جنں		pass2_refined
p0151:L6	151	6	जन्नुं   जन्नु		جنں   جن		pass2_refined
p0151:L7	151	7	जन्नुं		جنں		pass2_refined
p0151:L18	151	18	जफ		جپھ		pass1_kept
p0151:L19	151	19	जफ		جپھ		pass1_kept
p0151:L22	151	22	जब्बड़	jabarh	جبڑ	Pond	pass2_refined
p0151:L23	151	23	जब्बड़ी	jabarhi	جبڑی	Small pond/pool of water: छोटा तालाब,पानी का गड्डा	pass2_refined
p0152:L21	152	21	एक पौधा िजसका बीज अत्यिधकरेचक होता है		ایک پودھا جسکا بیج اتیدھکریچک ہوتا ہے		pass1_kept
p0152:L23	152	23	जम्मू		جمو		pass2_refined
p0152:L28	152	28	ज़रर्	jar	زرر	Gold	pass1_kept
p0152:L32	152	32	क		ک		pass1_kept
p0153:L16	153	16	खेत		کھیت		pass1_kept
p0153:L21	153	21	जल्लर	jaLar	جلر	Jerk	pass2_refined
p0153:L25	153	25	जल्लाद	jaLaad	جلاد	nm:Executioner	pass2_refined
p0153:L29	153	29	वैभव		ویبھو		pass1_kept
p0154:L4	154	4	जल्ली	jaLi	جلی	Tug	pass2_refined
p0154:L13	154	13	जवाब दे छोड़णु		جواب دے چھوڑن		pass1_kept
p0154:L14	154	14	जवाब तलबी		جواب تلبی		pass1_kept
p0154:L20	154	20	ज		ج	Jubilee	pass1_kept
p0154:L22	154	22	जहन्नुम	jhaNam	جہنم	Inferno	pass2_refined
p0154:L23	154	23	जहन्नुमी	jhaNami	جہنمی	Resident of hell:  नकर् िनवासी, महा पापी	pass2_refined
p0155:L3	155	3	जा		جا		pass1_kept
p0155:L14	155	14	जाइदी	jayedi	جائدی	Real sister	pass1_kept
p0155:L20	155	20	जायफल		جایپھل		pass1_kept
p0156:L7	156	7	जागीर		جاگیر		pass1_kept
p0156:L20	156	20	खेती बाड़ी करने वाली प्रिसद्ध जाित जो पंजाब		کھیتی باڑی کرنے والی پرسدھ جئت جو پنجاب		pass2_refined
p0156:L22	156	22	जाटक		جاٹک		pass1_kept
p0157:L8	157	8	जादू		جادو		pass1_kept
p0157:L12	157	12	जॉन पेणी		جان پینی		pass1_kept
p0157:L13	157	13	जॉन देणी		جان دینی		pass1_kept
p0157:L14	157	14	जान मारनी		جان مارنی		pass1_kept
p0157:L21	157	21	जाणी जाण		جانی جان	Astrologer	pass1_kept
p0157:L25	157	25	जाभु बणकणा		جابھ بنکنا		pass1_kept
p0157:L26	157	26	जबड़े के अकड़ जाने का रोग		جبڑے کے اکڑ جانے کا روگ		pass1_kept
p0158:L14	158	14	जफ़र जाळणु		جفر جالن		pass1_kept
p0158:L24	158	24	िज		ج		pass1_kept
p0159:L11	159	11	जींद मारनी		جیند مارنی		pass1_kept
p0159:L12	159	12	जींद जान		جیند جان		pass1_kept
p0159:L15	159	15	िज़द्दी	jiddie	ضدی	Stubborn	pass2_refined
p0159:L26	159	26	व्यथर् में िकया जाने वाला तकर्		ویتھر میں کیا جانے والا تکر		pass1_kept
p0160:L10	160	10	जी	ji	جی	1	pass1_kept
p0160:L23	160	23	गोजरी वणर्माला का सातवाँ अक		گوجری ونرمالا کا ساتواں اک		pass1_kept
p0160:L28	160	28	जु		ج		pass1_kept
p0161:L8	161	8	भूगोल		بھوگول		pass1_kept
p0161:L24	161	24	वाक्य		واکی		pass1_kept
p0161:L27	161	27	जुरर्त	jurat	جررت	nf:Courage	pass1_kept
p0161:L31	161	31	जुवड़नु	juwarhNu	جوڑن	Bind	pass1_kept
p0162:L13	162	13	जे		جے		pass1_kept
p0162:L14	162	14	ज		ج	As	pass1_kept
p0163:L3	163	3	जो		جو		pass1_kept
p0163:L16	163	16	बकरी के बालों क		بکری کے بالوں ک		pass1_kept
p0164:L12	164	12	ज़ईफ़	zayeef	زئیف	Weak	pass1_kept
p0164:L13	164	13	ज़कात	zakaat	زکات	A	pass1_kept
p0164:L15	164	15	ज़कात		زکات		pass1_kept
p0164:L16	164	16	ज़ख्म	zakham	زکھم		pass1_kept
p0164:L17	164	17	ज़ख्मी	zakhmi	زکھمی	Injured	pass1_kept
p0164:L18	164	18	ज़खीरो	zakheero	زکھیرو	nm:Stock	pass1_kept
p0164:L19	164	19	ज़ंग	zang	زنگ	n:Rust;corrosion;oxidation;decay	pass1_kept
p0164:L20	164	20	ज़ंगार	zangaar	زنگار	Rust	pass1_kept
p0164:L21	164	21	ज़ंजीर	zanjeer	زنجیر	n:Chain;shackle;filament;cable	pass1_kept
p0164:L22	164	22	ज़ंजीरी	zanjeeri	زنجیری	Chain	pass1_kept
p0164:L23	164	23	ज़द	zad	زد	Accessability	pass1_kept
p0164:L24	164	24	ज़न	zaN	زن	P	pass1_kept
p0164:L26	164	26	ज़नाना	zaNaaNaa	زنانا	Faminine	pass1_kept
p0164:L27	164	27	ज़नानी	zaNaaNi	زنانی	Woman	pass1_kept
p0164:L28	164	28	ज़नावर	zaNaawar	زناور	Tiger	pass1_kept
p0164:L29	164	29	ज़नाः	zaNaah	زناہ	A:Rape;extramarital sex;adultery	pass1_kept
p0164:L30	164	30	बलात्कार		بلاتکار		pass1_kept
p0164:L31	164	31	ज़बत	zabat	زبت	Seizure	pass1_kept
p0165:L3	165	3	ज़ब्ती	zabti	زبتی	n:Seizure;forfeiture;capture	pass1_kept
p0165:L4	165	4	ज़बरदस्त	zabardast	زبردست	Strong	pass1_kept
p0165:L5	165	5	ज़बरदस्ती	zabar dasti	زبردستی	Oppression	pass1_kept
p0165:L7	165	7	ज़बाह	zabaa	زباہ	n:Islamic way of slaughtering animals	pass1_kept
p0165:L8	165	8	ज़मानू	zamaanu	زمانو	Present day world	pass1_kept
p0165:L9	165	9	ज़मीन	zameeN	زمین	Earth	pass1_kept
p0165:L10	165	10	ज़मीन्दार	zameeNdaar	زمیندار	Landlord	pass1_kept
p0165:L11	165	11	ज़मीन्दारी	zameeN daari	زمینداری	Tillage	pass1_kept
p0165:L12	165	12	जमींदोज़	zameeN doz	جمیندوز	Underground	pass1_kept
p0165:L13	165	13	ज़मीनी	zameeNi	زمینی	Earthly	pass1_kept
p0165:L14	165	14	ज़दर्	zard	زدر	nm/adj:Yellow;yellow coloured	pass1_kept
p0165:L15	165	15	ज़द		زد	1	pass1_kept
p0165:L17	165	17	ज़बर्	zarb	زبر	1	pass1_kept
p0165:L19	165	19	ज़मानत	zamaaNat	زمانت	nf:surety	pass1_kept
p0165:L20	165	20	ज़मानती	zamaaNti	زمانتی	Security	pass1_kept
p0165:L21	165	21	ज़मीर	zameer	زمیر	n:Conscience	pass1_kept
p0165:L22	165	22	ज़यादती	zeyaadti	زیادتی	E,xcess	pass1_kept
p0165:L23	165	23	ज़यादा	zeyaada	زیادا	Excessive	pass1_kept
p0165:L24	165	24	ज़यारत	zeyaarat	زیارت	nf:Mausoleum	pass1_kept
p0165:L25	165	25	ज़यान	zeyaaN	زیان	Loss	pass1_kept
p0165:L26	165	26	ज़र	zar	زر		pass1_kept
p0165:L27	165	27	ज़रखरीद	zar khareed	زرکھرید	adj;purchased;procured;bounded;acquired	pass1_kept
p0165:L28	165	28	धन देकर खरीदा ह		دھن دیکر کھریدا ہ		pass1_kept
p0165:L29	165	29	ज़रखेज़	zar khez	زرکھیز	Fertile	pass1_kept
p0165:L30	165	30	ज़राअत	zaraat	زراءات	Agriculture	pass1_kept
p0166:L3	166	3	ज़दर्	zard	زدر	Yellow	pass1_kept
p0166:L4	166	4	जदार्लू	zardaalu	جدارلو	A kind of plum fruit	pass1_kept
p0166:L5	166	5	ज़द		زد	Yellowness	pass1_kept
p0166:L7	166	7	ज़फ़र्	zarf	زفر	n:Vessel	pass1_kept
p0166:L8	166	8	ज़रा	zara	زرا	Little	pass1_kept
p0166:L9	166	9	ज़राफ़त	zaraafat	زرافت	Humour	pass1_kept
p0166:L10	166	10	ज़		ز	n:Means	pass1_kept
p0166:L11	166	11	ज़री	zari	زری	Little	pass1_kept
p0166:L12	166	12	ज़रीफ़	zareef	زریف	Humourous	pass1_kept
p0166:L13	166	13	ज़		ز	Certainly	pass1_kept
p0166:L14	166	14	ज़		ز	Need	pass1_kept
p0166:L15	166	15	ज़		ز	Essential;necessary;important	pass1_kept
p0166:L16	166	16	ज़र		زر	Particle	pass1_kept
p0166:L17	166	17	ज़लज़लो	zaLzaLo	زلزلو	Earth quake	pass1_kept
p0166:L18	166	18	ज़ुलैखां	zaLekhaa~	زلیکھاں	'Zulekha'the legendry empress of Egypt	pass1_kept
p0166:L20	166	20	िमस्र के नरेशक		مسر کے نریشک		pass1_kept
p0166:L21	166	21	ज़लालत	zaLaaLat	زلالت	Meanness	pass1_kept
p0166:L22	166	22	ज़लील	zaLeeL	زلیل	Mean	pass1_kept
p0166:L23	166	23	ज़वाल	zawaaL	زوال	Decline	pass1_kept
p0166:L24	166	24	ज़हीन	zaheeN	زہین	Intelligent;genious;sagacious	pass1_kept
p0166:L25	166	25	ज़ाइक़ो	zaaeqo	زائقو	nm:Taste	pass1_kept
p0166:L26	166	26	ज़ात	zaat	زات	nf:1	pass1_kept
p0166:L28	166	28	ज़ात पात	zaat paat	زات پات	Caste system	pass1_kept
p0166:L29	166	29	ज़ाती	zaati	زاتی	Personal	pass1_kept
p0166:L30	166	30	ज़ाबतो	zaabto	زابتو	n:Rule;law;regulation	pass1_kept
p0167:L3	167	3	ज़ामन	zaamaN	ضامن	adj:Security	human_verified
p0167:L4	167	4	ज़ामनी	zaamNi	ضامنی	Security	human_verified
p0167:L5	167	5	ज़ाया	zaaya	ضائع	adj	human_verified
p0167:L6	167	6	ज़ार	zaar	زار	Mourner	human_verified
p0167:L7	167	7	ज़ारी	zaari	زاری	Wailing	human_verified
p0167:L8	167	8	ज़ालम	zaaLam	ظالم	adj	human_verified
p0167:L9	167	9	ज़ाहमत	zahmat	زحمت	Difficulty	human_verified
p0167:L10	167	10	ज़ािहद	zaahid	زاہد	adj	human_verified
p0167:L11	167	11	ज़ािहर	zaaher	ظاہر	adj	human_verified
p0167:L12	167	12	ज़ािहरी	zaaheri	ظاہری	Apparent	human_verified
p0167:L13	167	13	िज़क्र	zikar	ذکر	n:Recital	human_verified
p0167:L14	167	14	िजच्ची	zichi	زچی	Obstinacy	human_verified
p0167:L15	167	15	िज़द	zid	ضد	nf:Obstinacy	human_verified
p0167:L16	167	16	िज़द्दी	zidi	ضدی	Stubborn	human_verified
p0167:L17	167	17	िज़ंदगानी	zind gaaNi	زندگانی	Life	human_verified
p0167:L18	167	18	िज़ंदगी	zindgi	زندگی	Life	human_verified
p0167:L19	167	19	िजंदो	zindo	زندو	Alive	human_verified
p0167:L20	167	20	िज़ंदा िदल	zindadiL	زندہ دل	Active	human_verified
p0167:L21	167	21	एक ऐसा व्यि		ایک ऐसा وی		human_verified
p0167:L22	167	22	िज़मी	zimi	زمی	Earth	pass1_kept
p0167:L23	167	23	िज़ममु	zimmu	زمم	nm:Trust	pass1_kept
p0167:L24	167	24	िज़म्में	zimme	زمیں	Incharge	pass2_refined
p0167:L25	167	25	िज़म्मेदार	zimedaar	زمیدار	1	pass2_refined
p0167:L27	167	27	िज़म्मेदारी	zimmedaari	زمیداری	Responsibality;duty;obligation	pass2_refined
p0167:L28	167	28	िज़म्मेवार	zimme waar	زمیوار	Responsible;accountable; उ°रदाता, जवाबदार	pass2_refined
p0167:L29	167	29	िज़ल्लत	ziLat	زلت	Disgrace	pass2_refined
p0167:L30	167	30	िजलो	ziLo	زلو	District;division;region	pass2_refined
p0167:L31	167	31	ज़ीन	zeeN	زین	n:Saddle;seat for riding animals	pass1_kept
p0168:L3	168	3	ज़ीनू	zeeNu	زینو	Steps	pass1_kept
p0168:L4	168	4	ज़ीरो	zeero	زیرو	Cummin seed	pass1_kept
p0168:L5	168	5	ज़ुकाम	zukaam	زکام	Common cold	pass1_kept
p0168:L6	168	6	ज़ुबान	zubaaN	زبان	Language	pass1_kept
p0168:L8	168	8	ज़ुबान देणी		زبان دینی		pass1_kept
p0168:L9	168	9	ज़ुबानी	zubaaNi	زبانی	Verbal	pass1_kept
p0168:L10	168	10	ज़ुमबो	zumbo	زمبو	Yak	pass1_kept
p0168:L11	168	11	ज़ुमेवारी	zummewaari	زمیواری	Responsibality;duty;obligation	pass1_kept
p0168:L12	168	12	ज़ुल्फ़	zuLf	زلف	Tress	pass1_kept
p0168:L13	168	13	ज़ुल्म	zuLam	زلم	n:Tyranny	pass1_kept
p0168:L14	168	14	ज़ुल्मी	zulmi	زلمی	Merciless;ruthless;opressor	pass1_kept
p0168:L15	168	15	ज़ेहन	zehN	زیہن	nm:Intellect	pass1_kept
p0168:L16	168	16	ज़ेब	zeb	زیب	Beauty	pass1_kept
p0168:L17	168	17	ज़ेबाइश	zebaa esh	زیبائش	Elegance	pass1_kept
p0168:L18	168	18	ज़ेर	zer	زیر	prep	pass1_kept
p0168:L19	168	19	ज़ेवर	zewar	زیور	n:Ornament;jewel;de coration	pass1_kept
p0168:L20	168	20	ज़ैतून	zaitooN	زیتون	n:Olive, tree fruit or its oil	pass1_kept
p0168:L21	168	21	ज़ैहर	zehr	زیہر		pass1_kept
p0168:L23	168	23	ज़ैहर कोड़ो		زیہر کوڑو		pass1_kept
p0168:L24	168	24	ज़ैहरबाद		زیہرباد		pass1_kept
p0168:L25	168	25	ज़ैहर  मोहरो		زیہر  موہرو		pass1_kept
p0168:L26	168	26	ज़ोक	zoq	زوک	Zeal	pass1_kept
p0168:L27	168	27	ज़ोजा	zoja	زوجا	nf:Spouse	pass1_kept
p0168:L28	168	28	ज़ोर	zor	زور	Power	pass1_kept
p0168:L29	168	29	ज़ोर देणु		زور دین		pass1_kept
p0168:L30	168	30	ज़ोरदार	zordaar	زوردار	Powerful	pass1_kept
p0169:L3	169	3	ज़ोरावर	zora war	زوراور	Strong	pass1_kept
p0169:L4	169	4	ज़ोरा वरी		زورا وری		pass1_kept
p0169:L5	169	5	ज़ोरें	zore~	زوریں	Forcibly	pass1_kept
p0169:L6	169	6	जोहफ़	zohf	جوہف	n:Debility;infirmity;trouble	pass1_kept
p0169:L8	169	8	झ		جھ		pass1_kept
p0169:L18	169	18	झग बैसणी		جھگ بیسنی		pass1_kept
p0170:L21	170	21	झल्ली	ch-aLi	جھلی	Lunatic	pass2_refined
p0170:L30	170	30	झाऊ	ch-aau	جھاؤ	A wild medicinal herb	pass1_kept
p0170:L31	170	31	झाबुक		جھابک		pass1_kept
p0172:L7	172	7	जानवर िजसके सींग सीधे आगे क		جانور جسکے سینگ سیدھے آگے ک		pass1_kept
p0172:L21	172	21	झुरकणू	ch-urknu	جھرکنو	Be dejected/dejected/gloomy: मुरझाना, उदास/हताश होना	pass1_kept
p0175:L27	175	27	टप्पो	Tappo	ٹپو	1	pass2_refined
p0175:L31	175	31	टब्बर टीर		ٹبر ٹیر		pass2_refined
p0176:L9	176	9	ट्रक	Trakk	ٹرک	A load carrier	pass1_kept
p0176:L10	176	10	टकर्	Tark	ٹکر	Fart	pass1_kept
p0176:L17	176	17	टरकाऊ	Tarkaau	ٹرکاؤ	Evasive	pass1_kept
p0176:L20	176	20	टररी	Tarri	ٹرری	Chatterbox	pass1_kept
p0176:L21	176	21	टल्ल	TaL	ٹل	Big bell	pass2_refined
p0176:L24	176	24	टल्ला	TaLLaa	ٹلا		pass2_refined
p0177:L31	177	31	िट		ٹ		pass1_kept
p0178:L12	178	12	िटकाई	Tikaai	ٹکائی	Stability	pass1_kept
p0178:L13	178	13	िटकाऊ	Tikaau	ٹکاؤ	Lasting	pass1_kept
p0178:L14	178	14	िटक्क		ٹک	1Tablet	pass2_refined
p0178:L25	178	25	िटड्डो	TiDo	ٹڈو	Grasshopper	pass2_refined
p0179:L16	179	16	टुट पेणी		ٹٹ پینی		pass1_kept
p0179:L17	179	17	टुट पेणू		ٹٹ پینو		pass1_kept
p0179:L25	179	25	टूडें लाग्नु		ٹوڈیں لاگن		pass1_kept
p0180:L5	180	5	गोजरी वणर्माला का पांचवाँ वणर् जो		گوجری ونرمالا کا پانچواں ونر جو		pass1_kept
p0180:L15	180	15	धागे के िलए लकड़ी का भांजनेवाला एक लकड़ी का उपकरण।		دھاگے کے لئے لکڑی کا بھانجنیوالا ایک لکڑی کا اپکرن۔		pass1_kept
p0181:L21	181	21	ठ	Th	ٹھ		pass1_kept
p0182:L3	182	3	शोरबे		شوربے		pass1_kept
p0183:L6	183	6	ठस्सो	Thasso	ٹھسو	Doubt	pass2_refined
p0183:L27	183	27	से चलाने के िलए लकड़ी का छोटा उपकरण		سے چلانے کے لئے لکڑی کا چھوٹا اپکرن		pass1_kept
p0184:L3	184	3	से चलाने के िलए लकड़ी का छोटा उपकरण		سے چلانے کے لئے لکڑی کا چھوٹا اپکرن		pass1_kept
p0185:L3	185	3	ठईं	Thayie~	ٹھئیں	Tinkling sound	pass1_kept
p0185:L5	185	5	ठोक बजा कै		ٹھوک بجا کے		pass1_kept
p0185:L13	185	13	ड		ڈ		pass1_kept
p0185:L25	185	25	नमक मवेिशयों के िलए ज़		نمک مویشیوں کے لئے ز		pass1_kept
p0186:L6	186	6	डंडा कै  ज़ोर		ڈنڈا کے  زور		pass1_kept
p0187:L3	187	3	डफ्फर	Dafar	ڈپھپھر	E	pass1_kept
p0187:L6	187	6	डब्बर	Dabar	ڈبر	E	pass2_refined
p0187:L7	187	7	िमट्टी से िलपाई  वाली टहिनयों		مٹی سے لپائی  والی ٹہنیوں		pass2_refined
p0187:L10	187	10	डब्ब		ڈب	Box	pass2_refined
p0187:L13	187	13	डुबाना		ڈبانا		pass1_kept
p0187:L17	187	17	डम्म	Damh	ڈم	Cautery	pass2_refined
p0187:L18	187	18	डम्मणी	Damhni	ڈمنی	A small wooden rod	pass2_refined
p0188:L6	188	6	डल्लो	DaLo	ڈلو	Puddle	pass2_refined
p0188:L19	188	19	डॉक्टर	DaakTar	ڈاکٹر		pass1_kept
p0188:L20	188	20	डॉक्टरी	daakTri	ڈاکٹری	Medical profession/practice	pass1_kept
p0189:L14	189	14	गोजरी वणर्माला का बारहवां वणर् जो		گوجری ونرمالا کا بارہواں ونر جو		pass1_kept
p0189:L17	189	17	भेंट के		بھینٹ کے		pass1_kept
p0189:L22	189	22	नवजात िशशु		نوجات شش		pass1_kept
p0190:L18	190	18	स्वयं उगने वाला खरपतवार जैसे नागरमोथा		سویں اگنے والا کھرپتوار جیسے ناگرموتھا		pass1_kept
p0190:L25	190	25	डुँघयाई	Dungheyaai	ڈنگھیائی	:Depth	pass1_kept
p0190:L26	190	26	डुँघयल्ल	DunghaL	ڈنگھیل	Depth	pass2_refined
p0191:L4	191	4	डुब्बो	Dubbo	ڈبو	Fold of trousers tucked inside at waist	pass2_refined
p0191:L5	191	5	लंगोटी क		لنگوٹی ک		pass1_kept
p0191:L7	191	7	डुड्डू	DuDu	ڈڈو	Thumb	pass2_refined
p0191:L9	191	9	डुलल्णू	Dulhnu	ڈللنو	Spill out	pass1_kept
p0191:L12	191	12	डुल्ली	Dulhi	ڈلی	Crop-field	pass2_refined
p0191:L30	191	30	जम्मू		جمو		pass2_refined
p0191:L32	191	32	डोगरी भाषा जो जम्मू		ڈوگری بھاشا جو جمو		pass2_refined
p0192:L10	192	10	लौक		لوک		pass1_kept
p0192:L21	192	21	चूल्हे का अगला भाग जहाँ राख एकत्र क		چولہے کا اگلا بھاگ جہاں راکھ ایکتر ک		pass1_kept
p0192:L29	192	29	डोई	Doi	ڈوئی		pass1_kept
p0193:L4	193	4	ढ	Dh/T-h	ڈھ		pass1_kept
p0193:L26	193	26	ढठो	T-haTho	ڈھٹھو	Fell	pass1_kept
p0194:L19	194	19	ढाऊ	T-haau	ڈھاؤ	n:A subcaste of Gujjars	pass1_kept
p0194:L20	194	20	ढाई	T-haai	ڈھائی	n:Two and a half	pass1_kept
p0194:L26	194	26	िढल्लो	T-hiLo	ڈھلو	Lax	pass2_refined
p0195:L4	195	4	ढुस्सी	T-hussi	ڈھسی	n:A kind of Fig tree/fruit	pass2_refined
p0195:L7	195	7	गुजर्रों और राजपूतों क		گجروں اور راجپوتوں ک		pass2_refined
p0195:L15	195	15	आगे क		آگے ک	Fylo	pass1_kept
p0195:L21	195	21	चरागाह		چراگاہ		pass1_kept
p0195:L23	195	23	चराई शुल्क जो जमींदारों को िदया जाता है		چرائی شلک جو جمینداروں کو دیا جاتا ہے		pass1_kept
p0196:L11	196	11	तक़दीर	taqdeer	تقدیر	nf:Destiny	pass1_kept
p0196:L12	196	12	तकब्बर	takabbar	تکبر	n:Arrogance	pass2_refined
p0196:L15	196	15	तक़		تق	nf:Ceremony	pass1_kept
p0196:L16	196	16	तक़		تق	adv	pass1_kept
p0196:L17	196	17	तक़		تق	nf:Speech	pass1_kept
p0196:L18	196	18	तक़		تق	nf:Following someone over a long period	pass1_kept
p0196:L20	196	20	तक़वो	taqwo	تقوو	Fear of God	pass1_kept
p0196:L21	196	21	तक़		تق	n:Division	pass1_kept
p0196:L22	196	22	तक़		تق	n:Fault	pass1_kept
p0196:L27	196	27	तकल्लफ	takaLaf	تکلپھ	nm:Formality	pass2_refined
p0197:L3	197	3	तक़ाज़ो	taqaazo	تقازو	nm:Demand	pass1_kept
p0197:L9	197	9	तख़्त	takht	تخت	A/Pn:Throne;royal seat;dais	pass1_kept
p0197:L11	197	11	तख़्ती	takhti	تختی	A small plank	pass1_kept
p0197:L12	197	12	तख़्तो	takhto	تختو	Board	pass1_kept
p0197:L13	197	13	तख़्मीनू	takhmeeNu	تخمینو	nm:Estimate	pass1_kept
p0197:L14	197	14	तखल्लुस	takhaLas	تکھلس	A poet's surname,Nom-de plume	pass2_refined
p0197:L26	197	26	तज़करो	tazkro	تزکرو	nm:Mention	pass1_kept
p0197:L30	197	30	तजल्ली	tajaLi	تجلی	nf:Lustre	pass2_refined
p0197:L31	197	31	तजवीज़	tajweez	تجویز	nf:Proposal	pass1_kept
p0198:L3	198	3	तज़ाद	tazaad	تزاد	Difference	pass1_kept
p0198:L19	198	19	सताना		ستانا		pass1_kept
p0199:L9	199	9	त		ت	Hot	pass1_kept
p0199:L25	199	25	तनक़		تنق	Criticism	pass1_kept
p0199:L26	199	26	तनख़ाह	taNkhaah	تنخاہ	Salary	pass1_kept
p0199:L27	199	27	तनज़	taNaz	تنز	nf:Satire	pass1_kept
p0199:L29	199	29	तनहाई	taNhaai	تنہائی	Solitude	pass1_kept
p0199:L30	199	30	तनाज़ो	taNaazo	تنازو	Dispute	pass1_kept
p0200:L7	200	7	तफ़तीश	tafteesh	تفتیش	Investigation	pass1_kept
p0200:L8	200	8	तफ़क		تفک	n:Dissension;discord;conflict	pass1_kept
p0200:L9	200	9	तफ़रीक़	tafreeq	تفریق	nf:Subtraction	pass1_kept
p0200:L10	200	10	तफ़रीह	tafreeh	تفریہ	nf:Amusement	pass1_kept
p0200:L11	200	11	तफ़सीर	tafseer	تفسیر	n:Commentry	pass1_kept
p0200:L12	200	12	तफ़सील	tafseeL	تفسیل	n:Details;description	pass1_kept
p0201:L7	201	7	तब्बो	tabbo	تبو	Dented	pass2_refined
p0201:L16	201	16	तमन्ना	tamaNa	تمنا	nf:Desire	pass2_refined
p0201:L22	201	22	तम्मी	tammi	تمی	Trousers for children	pass2_refined
p0201:L23	201	23	तमीज़	tameez	تمیز	Decorum	pass1_kept
p0202:L11	202	11	तरक्क	trak	ترک		pass2_refined
p0202:L13	202	13	तरक़्क़		ترق	Progress	pass2_refined
p0202:L14	202	14	तरक्कणू	traknu	ترکنو	To rot	pass2_refined
p0202:L16	202	16	तरक्कळो	traklo	ترکلو	Spindle axle	pass2_refined
p0202:L23	202	23	तज़र्	tarz	تزر	1	pass1_kept
p0202:L28	202	28	टरटटणू	taraTnu	ٹرٹٹنو	Force sexual activity	pass1_kept
p0203:L6	203	6	तरद्दद	tradad	تردد	Anxiety	pass2_refined
p0203:L10	203	10	तरप्पड़	trapparh	ترپڑ	n:Footwear;used shoes/sandals जूता,पदत्राण	pass2_refined
p0203:L11	203	11	तरप्पणू	trapnu	ترپنو	Leap	pass2_refined
p0203:L18	203	18	तरबूज़	tarbooz	تربوز	n:Watermelon, citrullus vulgaris	pass1_kept
p0203:L22	203	22	तरयया	trayya	ترییا		pass1_kept
p0203:L29	203	29	भैंस जो तीसरे वषर् भी दूध देती है		بھینس جو تیسرے وشر بھی دودھ دیتی ہے		pass1_kept
p0204:L4	204	4	तरह		طرح	n:Seventy three;number 73 ७३,संख्या,ितह°र	pass2_refined
p0204:L10	204	10	रमज़ान के महीने क		رمزان کے مہینے ک		pass1_kept
p0204:L25	204	25	त		ت	A sharp wooden harvesting tool used for	pass1_kept
p0204:L27	204	27	तारीड्डो	triDo	تاریڈو	Grass-hopper	pass2_refined
p0204:L31	204	31	त		ت	Third	pass1_kept
p0205:L13	205	13	पंजाबी भाषा क		پنجابی بھاشا ک		pass1_kept
p0205:L22	205	22	जानवर का समय से पहले जन्मा ह		جانور کا سمی سے پہلے جنما ہ		pass1_kept
p0206:L5	206	5	तरई	trei	ترئی	n:Twenty three;number 23 २३,संख्या,तेईस	pass1_kept
p0206:L15	206	15	तलक़		تلق	Recommendation;suggestion;advice	pass1_kept
p0206:L16	206	16	तलख़	taLakh	تلخ	Bitter	pass1_kept
p0206:L17	206	17	तलख़ी	taLkhi	تلخی	Bitterness	pass1_kept
p0206:L19	206	19	तल्लण	taLan	تلن	Floor area of a room	pass2_refined
p0206:L24	206	24	तलबगार		تلبگار		pass1_kept
p0206:L30	206	30	तलाक़	taLaaq	تلاق	nm:Divorce	pass1_kept
p0207:L4	207	4	तलाफ़		تلاف	Recompense	pass1_kept
p0207:L13	207	13	तल्लै	taLey	تلے	prep	pass2_refined
p0207:L15	207	15	तळो  मुळो		تلو  ملو		pass1_kept
p0207:L16	207	16	तल्लो	taLo	تلو	Strip of grassland	pass2_refined
p0207:L17	207	17	तवक्कल	tawakkaL	توکل	nf:Trust in God/destiny	pass2_refined
p0207:L18	207	18	सांसा		سانسا		pass1_kept
p0207:L19	207	19	तवक्कली	tawakaLi	توکلی	One who trusts destiny	pass2_refined
p0207:L20	207	20	अल्लाह तवक्कली		الاہ توکلی		pass2_refined
p0207:L21	207	21	तवज्जा	tawajja	توجا	nf:Attention	pass2_refined
p0207:L24	207	24	हज यात्रा के दौरान काबा क		ہج یاترا کے دوران کابا ک		pass1_kept
p0207:L28	207	28	तवी नदी		توی ندی		pass1_kept
p0208:L5	208	5	तशख़ीस	tashkhees	تشخیس	nf:Diagnosis	pass1_kept
p0208:L12	208	12	सत्यापन		ستیاپن		pass1_kept
p0208:L15	208	15	तिस्फययो	tasfiyo	تسپھییو	n:Resolution	pass1_kept
p0208:L17	208	17	तसल्ली	tasaLi	تسلی	nf:Satisfaction	pass2_refined
p0208:L20	208	20	भरसक प्रयास करना		بھرسک پریاس کرنا		pass1_kept
p0208:L23	208	23	तसववफ़	tasawaf	تسووف	A:Mysticism;sprituality	pass1_kept
p0208:L24	208	24	तसव्वर	tasawar	تسور	n:Imagination	pass2_refined
p0209:L3	209	3	तहज्जत	tahajjat	تہجت	Wakefulness	pass2_refined
p0209:L4	209	4	तहज्जद		تہجد		pass2_refined
p0209:L9	209	9	तहम्मल	tahammaL	تہمل	nm:Patience	pass2_refined
p0209:L10	209	10	तहययो	tahiyo	تہییو	Resolve	pass1_kept
p0209:L19	209	19	ता		تا		pass1_kept
p0209:L23	209	23	ताँदुओ	taanto	تاندؤ	nm Tongue-tie;lingual cord	pass1_kept
p0209:L28	209	28	तईं	taaie~	تئیں	For this reason	pass1_kept
p0210:L18	210	18	तािज़ययत	taziyat	تئزییت	nf:Condolence	pass1_kept
p0210:L19	210	19	ताज़ीम	taazeem	تازیم	nf:Respect	pass1_kept
p0210:L20	210	20	ताज़ीर	taazeer	تازیر	nf:Penalty	pass1_kept
p0210:L21	210	21	ताज़ो	taajo	تازو	The Gojri folk ballad-Tajo	pass1_kept
p0210:L27	210	27	प्रवाहमय		پرواہمی		pass1_kept
p0211:L6	211	6	दरवाज़े को अंदर से बंद करने के िलए लकड़ी का एक डंडा		دروازے کو اندر سے بند کرنے کے لئے لکڑی کا ایک ڈنڈا		pass1_kept
p0212:L10	212	10	तारीख़	tareekh	تاریخ	1	pass1_kept
p0212:L13	212	13	तारीख़ी	tareekhi	تاریخی	Historical	pass1_kept
p0212:L14	212	14	तारीफ़	taareef	تاریف	nf:Praise	pass1_kept
p0213:L11	213	11	िकसी वस्तु का उपयोग या सेवन करने पर उसका ताित्वक गुण का पड़नेवाला प्रभाव		کسی وست کا اپیوگ یا سیون کرنے پر اسکا تئتوک گن کا پڑنیوالا پربھاو		pass1_kept
p0213:L16	213	16	ताई	taai	تائی	Aunt	pass1_kept
p0213:L17	213	17	ताईद	tayeed	تائید	Support	pass1_kept
p0213:L19	213	19	ताऊन	taooN	تاؤن	Plague	pass1_kept
p0213:L29	213	29	ित		ت	Indian hill partridge	pass1_kept
p0213:L30	213	30	िततर		تتر	Dispersed	pass1_kept
p0214:L3	214	3	ितन्नाँ	tiNaa	تناں	pron	pass2_refined
p0214:L12	214	12	ितम्मर	timar	تمر	Wingleaf prickly ash	pass2_refined
p0214:L14	214	14	िटम		ٹم		pass1_kept
p0214:L15	214	15	ितम्मी	timi	تمی		pass2_refined
p0214:L25	214	25	ितलक	tiLak	تلک	A  mark of sandal paste or vermillion on forehead	pass1_kept
p0214:L26	214	26	शोभा हेतु िघसे चंदन		شوبھا ہیت گھسے چندن		pass1_kept
p0214:L27	214	27	ितलकण	tiLkan	تلکن	Slippery place/path	pass1_kept
p0214:L28	214	28	ितलकणू	tiLknu	تلکنو	To slip	pass1_kept
p0214:L33	214	33	ितल्लेदार		تلیدار	Goldlaced costumes/footwear	pass2_refined
p0215:L7	215	7	तीर होणू	IPP	تیر ہونو	To run away;flee	pass1_kept
p0215:L15	215	15	तईं	taie~	تئیں	adv That is why !,for this reason	pass1_kept
p0215:L21	215	21	तुक्को	tukko	تکو	1	pass2_refined
p0215:L23	215	23	तुख़्म	tukham	تخم	Seed	pass1_kept
p0216:L17	216	17	तुर		تر	n:Crest/plume of turban	pass1_kept
p0216:L23	216	23	तुलाई	tuLaai	تلائی	Act of weighing/assessment	pass1_kept
p0217:L6	217	6	या शाम देश का एक पहाड़ िजस पर मूसा को ई		یا شام دیش کا ایک پہاڑ جس پر موسا کو ای		pass1_kept
p0217:L11	217	11	गोजरी वणर्माला का चौथा वणर् जो		گوجری ونرمالا کا چوتھا ونر جو		pass1_kept
p0217:L13	217	13	तेज़ाब	tezaab	تیزاب	Acid	pass1_kept
p0217:L26	217	26	पेट्रोल		پیٹرول		pass1_kept
p0218:L10	218	10	िकसी बात		کسی بات		pass1_kept
p0218:L11	218	11	तैह्ज़ीब	tehzeeb	تیہزیب	nf:1	pass1_kept
p0219:L3	219	3	तोफ़		توف	n:Ability	pass1_kept
p0219:L5	219	5	घोड़ो के दाना िखलाने हेतु उसके मुँह पर		گھوڑو کے دانا کھلانے ہیت اسکے منہ پر		pass1_kept
p0219:L7	219	7	संकल्प		سنکلپ		pass1_kept
p0219:L9	219	9	तोर तरीक़ा		تور تریقا		pass1_kept
p0219:L11	219	11	टोरा		ٹورا		pass1_kept
p0219:L30	219	30	गोजरी वणर्माला का इक्क		گوجری ونرمالا کا اک		pass2_refined
p0220:L4	220	4	थ	th	تھ		pass1_kept
p0220:L12	220	12	थड़ो	tharho	تھڑو	Seat	pass1_kept
p0221:L6	221	6	थम्मी	thammi	تھمی	A small pillar	pass2_refined
p0221:L11	221	11	थरथल्ली	thar thaLi	تھرتھلی	Commotion	pass2_refined
p0221:L17	221	17	थळो	thalo	تھلو	Platform	pass1_kept
p0221:L18	221	18	थल्लो	thaLo	تھلو	Bottom;basement;plinth;bed;floor	pass2_refined
p0222:L5	222	5	नदी आिद में वह स्थान जहाँ िबना डूबे पॉंव िटक जाए		ندی آد میں وہ ستھان جہاں بنا ڈوبے پانو ٹک جائے		pass1_kept
p0222:L11	222	11	थई	thai	تھئی	A small temporary stack of hay	pass1_kept
p0224:L6	224	6	दज्जाल	dajaaL	دجال	Liar	pass2_refined
p0224:L8	224	8	मुिस्लम मत अनुसार कयामत के पहले जन्म लेकर खुद को खुदा कहने वाला व्यि		مسلم مت انسار کیامت کے پہلے جنم لیکر کھد کو کھدا کہنے والا وی		pass1_kept
p0224:L9	224	9	दज्जी	daji	دجی	Tatter	pass2_refined
p0224:L17	224	17	दड़		دڑ	Plant of sour pomegrenate	pass1_kept
p0224:L18	224	18	दड़		دڑ	Sour pomegrenate	pass1_kept
p0224:L31	224	31	दंदवाई	dand waai	دندوائی	A small metallic file for sharpening sickles	pass1_kept
p0224:L32	224	32	दरांती के दांतों को तेज़ करने के िलए बनाई गयी छोटी धातु क		درانتی کے دانتوں کو تیز کرنے کے لئے بنائی گیی چھوٹی دھات ک		pass1_kept
p0225:L6	225	6	धान के खेतों क		دھان کے کھیتوں ک		pass1_kept
p0225:L9	225	9	अखरोट क		اکھروٹ ک		pass1_kept
p0225:L15	225	15	दंदै लाणु		دندے لان		pass1_kept
p0225:L16	225	16	मौत कै दंदै		موت کے دندے		pass1_kept
p0225:L21	225	21	दफ़तर	daftar	دفتر		pass1_kept
p0225:L22	225	22	दफ़तरी	daftari	دفتری	1	pass1_kept
p0225:L24	225	24	दफ़्न	dafaN	دفن	adj	pass1_kept
p0225:L25	225	25	दफ़्नाणू	dafNaanu	دفنانو	Bury	pass1_kept
p0225:L26	225	26	दफ़ा	dafaa	دفا	n:Repulsion	pass1_kept
p0225:L29	225	29	दफ़ो	dafo	دفو	nm:Section	pass1_kept
p0226:L6	226	6	लकड़ी का एक उपकरण जो फूस क		لکڑی کا ایک اپکرن جو پھوس ک		pass1_kept
p0226:L26	226	26	दयानतदार		دیانتدار	Honest	pass1_kept
p0227:L3	227	3	दरख़्त	drakht	درخت	Tree	pass1_kept
p0227:L4	227	4	दरख़ास	dar khaas	درخاس	Application	pass1_kept
p0227:L5	227	5	दरग्ग	dragg	درگ	n:Material;matter;mud	pass2_refined
p0227:L7	227	7	दरगुज़र	dar guzar	درگزر	Ignore;overlook;pay no attention	pass1_kept
p0227:L14	227	14	द्रडड	draD	درڈڈ	Snub	pass1_kept
p0227:L21	227	21	आवारा		آوارا		pass1_kept
p0227:L26	227	26	दरब्भो	drabho	دربھو	Hen-house	pass2_refined
p0227:L27	227	27	द्रम्मक	dramak	درمک	Shock	pass2_refined
p0229:L25	229	25	दसख़त	daskhat	دسخت	n:Signature;autograph;handwriting	pass1_kept
p0230:L14	230	14	दा		دا		pass1_kept
p0230:L19	230	19	दाखल	daakhaL	داکھل	adj	pass1_kept
p0230:L21	230	21	दाग़	daagh	داغ	Stain	pass1_kept
p0230:L22	230	22	दाग़णू	daagnu	داغنو	To Sear	pass1_kept
p0230:L23	230	23	दाग़दार	daagh daar	داغدار	Tainted;blemished;stained	pass1_kept
p0231:L15	231	15	दादो पड़दादो		دادو پڑدادو		pass1_kept
p0231:L25	231	25	शत्रु पर िवजय पाने के चार कूटनीितक उपायों		شتر پر وجی پانے کے چار کوٹنیتک اپایوں		pass1_kept
p0232:L3	232	3	दाल	daaL	دال	"The 11th letter of Gojri alphabet,sounds as ""D”"	pass1_kept
p0232:L4	232	4	गोजरी वणर्माला का ग्यारहवां वणर् जो		گوجری ونرمالا کا گیارہواں ونر جو		pass1_kept
p0232:L17	232	17	दाई	daai	دائی	Nurse	pass1_kept
p0232:L18	232	18	दाई		دائی		pass1_kept
p0232:L24	232	24	िद		د		pass1_kept
p0233:L18	233	18	िदलसोज़	diLsoz	دلسوز	Pathetic	pass1_kept
p0233:L20	233	20	िदल्ली	diLLi	دلی	Delhi, the capital of India	pass2_refined
p0233:L25	233	25	इस्लाम धमर् क		اسلام دھمر ک		pass1_kept
p0234:L6	234	6	पुण्यात्मा		پنیاتما		pass1_kept
p0234:L10	234	10	जो समूह में रहता है और कागज़		جو سموہ میں رہتا ہے اور کاگز		pass1_kept
p0234:L20	234	20	दीपावली		دیپاولی		pass1_kept
p0234:L29	234	29	दीपक के		دیپک کے		pass1_kept
p0234:L30	234	30	दु		د		pass1_kept
p0235:L3	235	3	दुक्क		دک	Deuce in cards	pass2_refined
p0235:L6	235	6	दुख बंडणू		دکھ بنڈنو		pass1_kept
p0235:L7	235	7	दुख सुख मां		دکھ سکھ ماں		pass1_kept
p0235:L22	235	22	दूध गा दंद		دودھ گا دند		pass1_kept
p0235:L27	235	27	क		ک		pass1_kept
p0235:L28	235	28	होता है		ہوتا ہے		pass1_kept
p0236:L16	236	16	दुम्मी	dummi	دمی	1	pass2_refined
p0236:L21	236	21	दुर		در	Whiplash	pass1_kept
p0236:L26	236	26	िविनमय		ونمی		pass1_kept
p0237:L8	237	8	दीनतापूवर्क िचल्लाकर क		دینتاپوورک چلاکر ک		pass2_refined
p0237:L15	237	15	दूर अंदेश		دور اندیش		pass1_kept
p0237:L26	237	26	देख रेख		دیکھ ریکھ		pass1_kept
p0238:L26	238	26	दोज़ख़	dozakh	دوزخ	Hell	pass1_kept
p0238:L27	238	27	दोज़ख़ी	dozakh	دوزخی		pass1_kept
p0239:L9	239	9	एक वािषर्क पौधा		ایک وئشرک پودھا		pass1_kept
p0240:L23	240	23	ध	dh/t-a	دھ		pass1_kept
p0240:L25	240	25	धक्कड़	t-hakarh	دھکڑ	n:1A  subcaste of Gujjars	pass2_refined
p0241:L3	241	3	धज्ज	t-hajj	دھج	n:Manner;attitude;attire;make-up	pass2_refined
p0242:L11	242	11	धरट्टी	t-hraTi	دھرٹی	Traction	pass2_refined
p0242:L15	242	15	धरफड़	t-harapharh	دھرپھڑ	Skin/nettle rash	pass1_kept
p0242:L19	242	19	धरममड़	t-hramarh	دھرممڑ	Branch	pass1_kept
p0242:L21	242	21	धरस्स	t-harass	دھرس	Skin rash	pass2_refined
p0242:L30	242	30	धवाणू	t-hawanu	دھوانو	To get something washed: धुलवाना, धुलाई  करवाना	pass1_kept
p0243:L27	243	27	धाई	t-haai	دھائی	Race	pass1_kept
p0243:L28	243	28	धाईं	t-haa ie~	دھائیں	n:Husky-rice;paddy;rice plant	pass1_kept
p0244:L27	244	27	धुस्सो	t-husso	دھسو	Woolen blanket	pass2_refined
p0245:L5	245	5	धुहाई	tu haai	دھہائی	1	pass1_kept
p0245:L19	245	19	धोखेबाज़		دھوکھیباز	Deceitful	pass1_kept
p0245:L22	245	22	धोयो धायो वो		دھویو دھایو وو		pass1_kept
p0245:L27	245	27	न		ن		pass1_kept
p0247:L19	247	19	नज़दीक	Nazdeek	نزدیک	Near	pass1_kept
p0247:L20	247	20	नज़म	Nazam	نزم	nf:Poetry	pass1_kept
p0247:L21	247	21	नज़र	Nazar	نزر	1	pass1_kept
p0247:L26	247	26	नज़राड़णू	Nazraarhnu	نزراڑنو	Cast an evil eye	pass1_kept
p0247:L27	247	27	नज़रानू	NazraaNu	نزرانو	Tribute	pass1_kept
p0247:L28	247	28	नज़		نز	n:Point of view;opinion	pass1_kept
p0247:L29	247	29	नज़लो	Nazlo	نزلو	Cattarh	pass1_kept
p0247:L30	247	30	नज़		نز	nf Delicacy;elegance	pass1_kept
p0248:L4	248	4	नज़		نز	Sight	pass1_kept
p0248:L5	248	5	नज़		نز	Near	pass1_kept
p0248:L6	248	6	नज़		نز	Example	pass1_kept
p0248:L8	248	8	नज़		نز	nm:Exodus	pass1_kept
p0248:L21	248	21	न		ن	A leathern cover for milk pots	pass1_kept
p0248:L30	248	30	कमल		کمل		pass1_kept
p0249:L19	249	19	अित		ات		pass1_kept
p0249:L26	249	26	नबज़	Nabaz	نبز	nf:Pulse	pass1_kept
p0249:L28	249	28	नब्बाज़	Nabaaz	نباز	Physician	pass2_refined
p0249:L30	249	30	पैगम्बर		پیگمبر		pass1_kept
p0250:L20	250	20	न्याज़	Neyaaz	نیاز	Offering	pass1_kept
p0250:L27	250	27	नारन्नू	NaraNu	نارنو	Empty(stomach)	pass2_refined
p0250:L31	250	31	नरमी	Narmi	نرمی	Softness;gentleness;leniency	pass1_kept
p0251:L5	251	5	नराज़	Naraaj	نراز	Displeased	pass1_kept
p0251:L6	251	6	नराज़क		نرازک	Displeasue	pass1_kept
p0251:L14	251	14	नवाज़श	Nawaazash	نوازش	Blessing	pass1_kept
p0251:L27	251	27	नशोई	Nashoi	نشوئی	Addict	pass1_kept
p0252:L3	252	3	नस		نس	Somnolent	pass1_kept
p0252:L20	252	20	नेहरो		نیہرو		pass1_kept
p0253:L7	253	7	ना		نا		pass1_kept
p0253:L23	253	23	नाग़ो	Nahgho	ناغو	1	pass1_kept
p0254:L19	254	19	नाफ़ज़	Naafaz	نافز	adj	pass1_kept
p0255:L10	255	10	नाई	Naaie	نائی	Barber	pass1_kept
p0255:L13	255	13	नाउज़ िबल्लाह	Nauz billa	ناؤز بلاہ	intrj	pass2_refined
p0255:L14	255	14	नाऊँ	Naau~	ناؤں	Nine	pass1_kept
p0255:L15	255	15	िन		ن		pass1_kept
p0255:L17	255	17	िनकम्मूं	Nikammu	نکموں	Useless	pass2_refined
p0256:L5	256	5	िनग्गर	Niggar	نگر	adj Solid;hard;strong	pass2_refined
p0257:L4	257	4	नमक हराम		نمک ہرام		pass1_kept
p0257:L9	257	9	िनमाज़	Nimaaz	نماز	Muslim prayer offered five times a day	pass1_kept
p0257:L10	257	10	िनमाज़		نماز		pass1_kept
p0257:L11	257	11	िनमाज़ी	Nimaazi	نمازی	1	pass1_kept
p0257:L16	257	16	िनम्मू झाण		نمو جھان		pass2_refined
p0257:L19	257	19	िनरोयो		نرویو		pass1_kept
p0258:L15	258	15	अमरबेल		امربیل		pass1_kept
p0259:L7	259	7	गोजरी वणर्माला का इकतीसवाँ वणर्		گوجری ونرمالا کا اکتیسواں ونر		pass1_kept
p0259:L12	259	12	प्रिसद्ध गोजरी लोकगीत		پرسدھ گوجری لوکگیت		pass2_refined
p0259:L18	259	18	और पूवर्ज थे		اور پوورج تھے		pass1_kept
p0259:L19	259	19	िजस नाव पर सवार होकर प्राणी बचे उसको नोआ क		جس ناو پر سوار ہوکر پرانی بچے اسکو نوءآ ک		pass1_kept
p0259:L24	259	24	ने		نے		pass1_kept
p0259:L31	259	31	नेज़ो	Nezo	نیزو	1	pass1_kept
p0260:L6	260	6	मंथन क		منتھن ک		pass1_kept
p0260:L10	260	10	पाजामे		پاجامے		pass1_kept
p0260:L25	260	25	नो		نو		pass1_kept
p0261:L19	261	19	पकड़ाई	pakrhaai	پکڑائی	Seizure	pass1_kept
p0261:L20	261	20	पकड़ाई		پکڑائی		pass1_kept
p0261:L24	261	24	पकयाई	pakeyaai	پکیائی	Strength;confirmation	pass1_kept
p0261:L27	261	27	प्कहम्म	pak-hamm	پکہم	Earthquake	pass2_refined
p0262:L3	262	3	पक्क		پک		pass2_refined
p0262:L4	262	4	पक्क		پک		pass2_refined
p0263:L5	263	5	पचह		پچہ	n:Seventy five;number 75 ७५,संख्या,पचह°र	pass1_kept
p0263:L7	263	7	न्याय करने के िलए चुने गए पाँच मनुष्यों का समुदाय		نیای کرنے کے لئے چنے گئے پانچ منشیوں کا سمدای		pass1_kept
p0263:L9	263	9	मण्डली		منڈلی		pass1_kept
p0263:L14	263	14	पचची	pachi	پچچی	Strip	pass1_kept
p0263:L19	263	19	पछुन्नू	pachh uNNu	پچھنو	Unworthy	pass2_refined
p0263:L22	263	22	िबना मुड़े पीछे क		بنا مڑے پیچھے ک		pass1_kept
p0264:L9	264	9	रंग िबरंगे		رنگ برنگے		pass1_kept
p0264:L14	264	14	पंजाबी		پنجابی		pass1_kept
p0264:L20	264	20	पि		پ		pass1_kept
p0264:L22	264	22	जेली		جیلی		pass1_kept
p0265:L19	265	19	पट्टी	paTee	پٹی	1	pass2_refined
p0265:L22	265	22	पट्ट		پٹ	A coarse woolen blanket	pass2_refined
p0265:L24	265	24	पट्टो	paTo	پٹو	1	pass2_refined
p0266:L28	266	28	एक सपाट पत्थर िजसपर स्तंभ खड़ा िकया गया हो		ایک سپاٹ پتھر جسپر ستنبھ کھڑا کیا گیا ہو		pass2_refined
p0267:L22	267	22	पढाई	parhaai	پڈھائی	nStudy;tuition;teaching	pass1_kept
p0268:L4	268	4	प		پ	Leaf	pass1_kept
p0268:L5	268	5	प		پ		pass1_kept
p0268:L6	268	6	प		پ		pass1_kept
p0268:L10	268	10	धान नसर्री में प्रयु		دھان نسری میں پری		pass2_refined
p0268:L12	268	12	ग्रहों क		گرہوں ک		pass1_kept
p0268:L14	268	14	ज़हरीली जड़ी बूिटयों क		زہریلی جڑی بوٹیوں ک		pass1_kept
p0269:L7	269	7	पथरी क		پتھری ک		pass1_kept
p0269:L8	269	8	िप		پ		pass1_kept
p0269:L12	269	12	मलद्वार से वायु िनकालना		ملدوار سے وای نکالنا		pass1_kept
p0269:L17	269	17	जल सम्बन्धी		جل سمبندھی		pass1_kept
p0269:L21	269	21	पन्नूं	paNoo	پنوں	Skin, leather, texture	pass2_refined
p0269:L26	269	26	काले रंग का प		کالے رنگ کا پ		pass1_kept
p0269:L29	269	29	पंप	pamp	پنپ	E	pass1_kept
p0269:L30	269	30	पम्बी	pambi	پمبی	Husk of grain removed by winnowing	pass1_kept
p0269:L31	269	31	प्याज़	peyaaz	پیاز	Onion	pass1_kept
p0270:L3	270	3	प्यार	peyaar	پیار	Affection	pass1_kept
p0270:L6	270	6	प्यारी	peyari	پیاری	Dear	pass1_kept
p0270:L7	270	7	प्याळ	peyaal	پیال	A kind of spade	pass1_kept
p0270:L20	270	20	नाली		نالی		pass1_kept
p0271:L5	271	5	परताल	partaal	پرتال	Examination	pass1_kept
p0271:L17	271	17	परमटटो	parmhaTo	پرمٹٹو	Eye-brow	pass1_kept
p0271:L24	271	24	परवाज़	parwaaz	پرواز	Flight	pass1_kept
p0272:L3	272	3	बीते ह		بیتے ہ		pass1_kept
p0272:L6	272	6	थक जाना		تھک جانا		pass1_kept
p0272:L7	272	7	परहेज़	par hej	پرہیز	Abstinence	pass1_kept
p0272:L22	272	22	पराई	paraai	پرائی	Belonging to someone else	pass1_kept
p0273:L9	273	9	कपड़े टाँगने के िलए प्रयोग क		کپڑے ٹانگنے کے لئے پریوگ ک		pass1_kept
p0273:L21	273	21	पल्लर	paLar	پلر	Seedless grain of paddy	pass2_refined
p0273:L28	273	28	पल्ला	paLLaa	پلا		pass2_refined
p0274:L16	274	16	अदजल गगरी छलकत जाए		ادجل گگری چھلکت جائے		pass1_kept
p0274:L22	274	22	एक प्राचीन आयर् भाषा जो भारत क		ایک پراچین آیر بھاشا جو بھارت ک		pass1_kept
p0274:L31	274	31	हड्डी पसळी इक्साँ करनी		ہڈی پسلی اکساں کرنی		pass2_refined
p0275:L7	275	7	पस्सी	passee	پسی	1	pass2_refined
p0275:L11	275	11	पस्सो	passo	پسو	Stack/mound  of paddy	pass2_refined
p0275:L23	275	23	वह व्यि		وہ وی		pass1_kept
p0276:L10	276	10	पई	paie	پئی	Lying	pass1_kept
p0276:L30	276	30	पाँच का एक गुच्छा		پانچ کا ایک گچھا		pass2_refined
p0278:L3	278	3	आलू		آلو		pass1_kept
p0278:L4	278	4	पापड़ बेलना		پاپڑ بیلنا		pass1_kept
p0278:L12	278	12	धान से भूसी िनकालने वाली मूसल		دھان سے بھوسی نکالنے والی موسل		pass1_kept
p0278:L25	278	25	एक प्रकार का किल्पत पत्थर िजसके स्पशर् मात्र से लोहा भी सोना हो जाता है		ایک پرکار کا کلپت پتھر جسکے سپشر ماتر سے لوہا بھی سونا ہو جاتا ہے		pass2_refined
p0278:L28	278	28	जरथु		جرتھ		pass1_kept
p0279:L19	279	19	करने के िलए िवपरीत पल्ले में बाँधा गया पत्थर आिद का छोटा टुकड़ा।		کرنے کے لئے وپریت پلے میں باندھا گیا پتھر آد کا چھوٹا ٹکڑا۔		pass2_refined
p0279:L28	279	28	पाई	paai	پائی	1	pass1_kept
p0279:L30	279	30	िप		پ		pass1_kept
p0280:L3	280	3	िपछ पैरी	pichh peri	پچھ پیری	Slut	pass1_kept
p0280:L12	280	12	िपछै	pichhey	پچھے	Behind	pass1_kept
p0280:L13	280	13	पीछे क		پیچھے ک		pass1_kept
p0280:L31	280	31	मातम		ماتم		pass1_kept
p0280:L32	280	32	िपटाई	piTaai	پٹائی	Beating	pass1_kept
p0281:L11	281	11	भारत के ग्रामीण		بھارت کے گرامین		pass1_kept
p0281:L19	281	19	िपततो  मारनु		پتتو  مارن		pass1_kept
p0281:L22	281	22	िपद्दी	pidee	پدی	Wheatear	pass2_refined
p0281:L27	281	27	िपन्नी	piNi	پنی	1	pass2_refined
p0281:L29	281	29	िपन्नू	piNu	پنو	1	pass2_refined
p0282:L3	282	3	मवेिशयों को पानी िपलाने के िलए बुलाये जाने वाली एक ध्विन		مویشیوں کو پانی پلانے کے لئے بلایے جانے والی ایک دھون		pass1_kept
p0282:L19	282	19	िपसाई	pisaai	پسائی	Act or wages of grinding grains	pass1_kept
p0282:L20	282	20	िपस्सूं	pissu~	پسوں	Flea	pass2_refined
p0283:L13	283	13	पीलयाईं	peelyaaien	پیلیائیں	Yellowness	pass1_kept
p0283:L19	283	19	पु		پ		pass1_kept
p0283:L20	283	20	पुख़्तो	pukhto	پختو	Ripe	pass1_kept
p0284:L11	284	11	पु		پ	Son	pass1_kept
p0284:L15	284	15	पुज़		پز	nPiece;part;chit;device;instrument	pass1_kept
p0284:L24	284	24	जो कई पीिढ़यों से चला आ रहा हो		جو کئی پیڑھیوں سے چلا آ رہا ہو		pass1_kept
p0285:L23	285	23	पे		پے		pass1_kept
p0285:L25	285	25	गोजरी वणर्माला का तीसरा वणर् जो		گوجری ونرمالا کا تیسرا ونر جو		pass1_kept
p0285:L28	285	28	पेिचश		پیچش		pass1_kept
p0286:L32	286	32	ई		ای		pass1_kept
p0287:L16	287	16	पैर िछकणा		پیر چھکنا		pass1_kept
p0287:L24	287	24	पो		پو		pass1_kept
p0289:L25	289	25	फाल्गुन		پھالگن		pass1_kept
p0289:L28	289	28	स्फिटक		سپھٹک		pass1_kept
p0289:L29	289	29	फटकड़ी फुल होणी		پھٹکڑی پھل ہونی		pass1_kept
p0290:L12	290	12	तख्ता		تکھتا		pass1_kept
p0290:L16	290	16	गाय या भैंस जो दूध देना बंद कर दे		گای یا بھینس جو دودھ دینا بند کر دے		pass1_kept
p0290:L22	290	22	फड्को	pharhko	پھڈکو	Sheet of paper;strict order	pass1_kept
p0291:L18	291	18	एक बड़ी पत्थर क		ایک بڑی پتھر ک		pass2_refined
p0291:L25	291	25	लोमड़ी		لومڑی		pass1_kept
p0291:L28	291	28	फा		پھا		pass1_kept
p0292:L4	292	4	एक बंदीगृह जो आवारा		ایک بندیگرہ جو آوارا		pass1_kept
p0292:L18	292	18	फावड़ा		پھاوڑا		pass1_kept
p0292:L23	292	23	िफक्कर	phikar	پھکر	Chip	pass2_refined
p0294:L6	294	6	पेड़ पौधे आिद में फूल लगना		پیڑ پودھے آد میں پھول لگنا		pass1_kept
p0294:L21	294	21	फूईं	phooie~	پھوئیں	Droplet	pass1_kept
p0294:L27	294	27	िफरितयाँ का फेर		پھرتیاں کا پھیر		pass1_kept
p0295:L15	295	15	फ़		ف	Simply	pass1_kept
p0295:L16	295	16	फ़		ف	Hermit	pass1_kept
p0295:L17	295	17	फ़		ف	Seclusion	pass1_kept
p0295:L18	295	18	फ़ख़र	fakhar	فخر	n:Pride;honour;dignity	pass1_kept
p0295:L19	295	19	फ़		ف	Dawn	pass1_kept
p0295:L20	295	20	फ़		ف	nm:Favour	pass1_kept
p0295:L21	295	21	फ़		ف	adj	pass1_kept
p0295:L22	295	22	फ़		ف	Immediately	pass1_kept
p0295:L23	295	23	फ़		ف	E	pass1_kept
p0295:L24	295	24	फ़		ف	n:A  decree,or judgement in Islamic law	pass1_kept
p0295:L25	295	25	धमर्  संबंधी िकसी िववादास्पद बात के संबंध में िदया ह		دھمر  سنبندھی کسی وواداسپد بات کے سنبندھ میں دیا ہ		pass1_kept
p0295:L26	295	26	फ़		ف	Victory	pass1_kept
p0295:L27	295	27	फ़		ف	nm:Defect	pass1_kept
p0295:L28	295	28	फ़		ف	Mutineer	pass1_kept
p0295:L29	295	29	फ़		ف	nm:Skill	pass1_kept
p0295:L30	295	30	फ़		ف	Artisan	pass1_kept
p0295:L31	295	31	फ़		ف	n/adj	pass1_kept
p0296:L5	296	5	फ़क़र्	farq	فقر	nm:Diference	pass1_kept
p0296:L6	296	6	फ़क़र्		فقر		pass1_kept
p0296:L7	296	7	फ़क़र्		فقر		pass1_kept
p0296:L8	296	8	फ़क़र्		فقر		pass1_kept
p0296:L9	296	9	फ़क़र्		فقر		pass1_kept
p0296:L10	296	10	फ़		ف	Englishman	pass1_kept
p0296:L11	296	11	फ़		ف	nm:Duty	pass1_kept
p0296:L13	296	13	फ़		ف	Son	pass1_kept
p0296:L14	296	14	फ़		ف	Supposed	pass1_kept
p0296:L15	296	15	फ़		ف	E	pass1_kept
p0296:L16	296	16	फ़		ف	Evenly	pass1_kept
p0296:L17	296	17	फ़		ف	Fluently	pass1_kept
p0296:L18	296	18	फ़		ف	Fat	pass1_kept
p0296:L19	296	19	फ़		ف	Royal order,command	pass1_kept
p0296:L20	296	20	अिधका		ادھکا		pass1_kept
p0296:L21	296	21	फ़		ف	To order,command,direct	pass1_kept
p0296:L22	296	22	फ़		ف	Obedient	pass1_kept
p0296:L23	296	23	फ़		ف	Obedienace;compliance	pass1_kept
p0296:L24	296	24	फ़		ف	Demand;request;memorandum	pass1_kept
p0296:L25	296	25	फ़		ف	On request/demand	pass1_kept
p0296:L26	296	26	फ़		ف	Mold/mould	pass1_kept
p0296:L27	296	27	फ़		ف	Appeal;request;petition;complaint	pass1_kept
p0296:L28	296	28	फ़		ف	A distance of 220 yards	pass1_kept
p0296:L29	296	29	दूरी क		دوری ک		pass1_kept
p0296:L30	296	30	फ़		ف		pass1_kept
p0296:L31	296	31	फ़		ف	Floor	pass1_kept
p0297:L3	297	3	फ़		ف	Of the floor	pass1_kept
p0297:L5	297	5	वह सलाम		وہ سلام		pass1_kept
p0297:L6	297	6	फ़		ف	"Farhad, the hero of love-legend ""Shirien-"	pass1_kept
p0297:L9	297	9	प्रेमकथा का एक नायक िजसने अपनी प्रेिमका िशरी के आदेश पर पहाड़ काटकर नहर बनाई थी		پریمکتھا کا ایک نایک جسنے اپنی پریمکا شری کے آدیش پر پہاڑ کاٹکر نہر بنائی تھی		pass1_kept
p0297:L10	297	10	फ़		ف	E	pass1_kept
p0297:L11	297	11	फ़		ف		pass1_kept
p0297:L12	297	12	फ़		ف		pass1_kept
p0297:L13	297	13	फ़		ف	P	pass1_kept
p0297:L14	297	14	फ़		ف	1	pass1_kept
p0297:L16	297	16	फ़		ف	adj Wandering;stray;vagabond	pass1_kept
p0297:L17	297	17	फ़		ف	List	pass1_kept
p0297:L18	297	18	फ़		ف	nm:Party	pass1_kept
p0297:L19	297	19	फ़		ف	n:Fraud;deceit;fantacy;mirage	pass1_kept
p0297:L20	297	20	फ़		ف	Fraudulent	pass1_kept
p0297:L21	297	21	फ़		ف	Angel	pass1_kept
p0297:L23	297	23	फ़		ف		pass1_kept
p0297:L24	297	24	फ़		ف	Development	pass1_kept
p0297:L25	297	25	फ़		ف	Seller	pass1_kept
p0297:L26	297	26	फ़		ف	n:Sky;heaven;firmament;fortune	pass1_kept
p0297:L27	297	27	फ़		ف		pass1_kept
p0297:L28	297	28	फ़		ف	Such and such;this and that	pass1_kept
p0297:L29	297	29	फ़		ف	Such as one	pass1_kept
p0297:L30	297	30	फ़		ف	First-class;excellent	pass1_kept
p0297:L31	297	31	फ़		ف	E	pass1_kept
p0298:L3	298	3	फ़		ف	Phlebotomy	pass1_kept
p0298:L4	298	4	फ़		ف	nf:Crop	pass1_kept
p0298:L5	298	5	फ़		ف		pass1_kept
p0298:L6	298	6	फ़		ف	nm:Disturbance	pass1_kept
p0298:L7	298	7	फ़		ف		pass1_kept
p0298:L8	298	8	फ़		ف	Riotous	pass1_kept
p0298:L9	298	9	फ़		ف	Understanding;comprehension	pass1_kept
p0298:L10	298	10	फ़		ف	nm:Act	pass1_kept
p0298:L11	298	11	फ़ाक़ा कशी	faaqa kashi	فاقا کشی	Starvation	pass1_kept
p0298:L12	298	12	फ़		ف	Fasting	pass1_kept
p0298:L13	298	13	फ़		ف	Deprivation	pass1_kept
p0298:L14	298	14	फ़		ف	1	pass1_kept
p0298:L17	298	17	फ़		ف	Vagabond	pass1_kept
p0298:L18	298	18	फ़		ف	adj	pass1_kept
p0298:L19	298	19	फ़		ف	Divorce	pass1_kept
p0298:L20	298	20	फ़		ف	adj	pass1_kept
p0298:L21	298	21	फ़		ف	E	pass1_kept
p0298:L22	298	22	फ़		ف		pass1_kept
p0298:L23	298	23	फ़		ف	Persian language	pass1_kept
p0298:L24	298	24	फ़		ف	n:Omen	pass1_kept
p0298:L25	298	25	फ़		ف	nm:Paralysis	pass1_kept
p0298:L26	298	26	फ़		ف	Spare	pass1_kept
p0298:L27	298	27	फ़		ف		pass1_kept
p0298:L28	298	28	फ़		ف	A	pass1_kept
p0298:L29	298	29	फ़		ف	nm:Profit	pass1_kept
p0298:L30	298	30	फ़		ف	Useful	pass1_kept
p0299:L3	299	3	फ़		ف	E	pass1_kept
p0299:L4	299	4	फ़		ف		pass1_kept
p0299:L5	299	5	िफ़क्र	fikar	فکر	n:Worry	pass1_kept
p0299:L6	299	6	िफ़क्र पेणू		فکر پینو		pass1_kept
p0299:L7	299	7	िफ़क्र करणू		فکر کرنو		pass1_kept
p0299:L8	299	8	िफ़		ف	nm Sentence;a meaningful liguistic unit	pass1_kept
p0299:L9	299	9	िफ़		ف	Fit	pass1_kept
p0299:L11	299	11	िफ़		ف	n:Fie;shame;curse	pass1_kept
p0299:L12	299	12	िफ़		ف	nm:Sedition	pass1_kept
p0299:L15	299	15	िफ़		ف	nf:Nature	pass1_kept
p0299:L16	299	16	िफ़		ف	Naturally	pass1_kept
p0299:L17	299	17	िफ़		ف	n:Alms given to poor at the end of Fasting month	pass1_kept
p0299:L18	299	18	वो खैरात जो साधन संपन्न लोग ईद से पहले आिथर्क		وو کھیرات جو سادھن سنپن لوگ اید سے پہلے آتھرک		pass2_refined
p0299:L19	299	19	िफ़		ف	Mischievous	pass1_kept
p0299:L20	299	20	िफ़		ف	Sacrificial victim	pass1_kept
p0299:L21	299	21	आस		آس		pass1_kept
p0299:L22	299	22	िफ़		ف	Pulley	pass1_kept
p0299:L23	299	23	िफ़		ف	n:Sect;faction;religeous group	pass1_kept
p0299:L24	299	24	िफ़		ف	Sweet dish	pass1_kept
p0299:L25	299	25	िफ़		ف	nm:Separation anxiety	pass1_kept
p0299:L26	299	26	िफ़		ف	Pharaohs	pass1_kept
p0299:L28	299	28	िफ़		ف	E	pass1_kept
p0299:L29	299	29	िफ़		ف	E	pass1_kept
p0299:L30	299	30	फ़		ف	prep 1	pass1_kept
p0300:L3	300	3	फ़		ف		pass1_kept
p0300:L7	300	7	फ़		ف	Ribbon	pass1_kept
p0300:L8	300	8	फ़		ف	Sweet dish	pass1_kept
p0300:L9	300	9	फ़		ف		pass1_kept
p0300:L10	300	10	फ़ुट	FuT	فٹ	Foot	pass1_kept
p0300:L11	300	11	फ़ुट		فٹ	E	pass1_kept
p0300:L12	300	12	फ़ुट		فٹ	A  foot-rule measuring 2 inches	pass1_kept
p0300:L13	300	13	फ़ु		ف	Leisure	pass1_kept
p0300:L14	300	14	फ़		ف		pass1_kept
p0300:L15	300	15	फ़े	fe	فے	The 25th	pass1_kept
p0300:L16	300	16	गोजरी वणर्माला का पचीसवाँ वणर् जो		گوجری ونرمالا کا پچیسواں ونر جو		pass1_kept
p0300:L17	300	17	फ़े		فے	nm:Act	pass1_kept
p0300:L18	300	18	फ़े		فے	Again;once more;then;next;later	pass1_kept
p0300:L19	300	19	फ़ेहम		فیہم		pass1_kept
p0300:L20	300	20	फ़े		فے	E	pass1_kept
p0300:L21	300	21	फ़ै		فے		pass1_kept
p0300:L22	300	22	फ़ैज़	faiz	فیز	nm:Favour	pass1_kept
p0300:L23	300	23	फ़ै		فے	n	pass1_kept
p0300:L24	300	24	फ़ोज	foj	فوج	nf:Army	pass1_kept
p0300:L25	300	25	फ़ोज		فوج	Breach of peace	pass1_kept
p0300:L26	300	26	वह न्यायालय जहाँ आपरािधक मामलों		وہ نیایالی جہاں آپرئدھک ماملوں		pass1_kept
p0300:L27	300	27	फ़ोजी	foji	فوجی	Soldier	pass1_kept
p0300:L29	300	29	फ़ो		فو	E	pass1_kept
p0300:L30	300	30	फ़ो		فو	adj	pass1_kept
p0300:L31	300	31	फ़ो		فو	adv	pass1_kept
p0301:L3	301	3	फ़ो		فو	Immediate	pass1_kept
p0301:L4	301	4	फ़ो		فو	E	pass1_kept
p0301:L5	301	5	फ़ो		فو	nm:Steel	pass1_kept
p0301:L6	301	6	फ़ो		فو	1	pass1_kept
p0301:L10	301	10	ब		ب		pass1_kept
p0302:L24	302	24	बक़ाया	baqaaya	بقایا	Balance	pass1_kept
p0304:L24	304	24	बज़ाज़	bazaaz	بزاز	A cloth merchant	pass1_kept
p0305:L17	305	17	पदपायर्		پدپایر		pass1_kept
p0305:L23	305	23	िमटटी का ढेला िजससे मूत्र क		مٹٹی کا ڈھیلا جسسے موتر ک		pass1_kept
p0306:L7	306	7	बड्याई	baDyaai	بڈیائی	Praise	pass1_kept
p0306:L26	306	26	बनवाई	banwaai	بنوائی	Wages for making something	pass1_kept
p0307:L8	307	8	ब		ب	Wetness of earth	pass1_kept
p0308:L5	308	5	बद्दल	baddal	بدل	Rain;rainfall;pour;rainwater	pass2_refined
p0309:L15	309	15	बन्नू	baNu	بنو	Boundry	pass2_refined
p0309:L24	309	24	एक प्रकार क		ایک پرکار ک		pass1_kept
p0311:L8	311	8	प्रिसद्ध गोजरी कथा बारस्यो का नायक		پرسدھ گوجری کتھا بارسیو کا نایک		pass2_refined
p0311:L24	311	24	बराईं	baraaiein	برائیں	n:An oak tree;Quercus sp सदाबहार शाहबलूक का वृ±	pass1_kept
p0312:L12	312	12	बळतोई	balToi	بلتوئی	n:Brass vessel;a large cooking  pot	pass1_kept
p0312:L17	312	17	जाल		جال		pass1_kept
p0312:L22	312	22	मवेशी		مویشی		pass1_kept
p0312:L25	312	25	ऐसा मवेशी िजसके िसर पर सफेद धब्बा हो		ایسا مویشی جسکے سر پر سپھید دھبا ہو		pass2_refined
p0312:L32	312	32	कसमसाना		کسمسانا		pass1_kept
p0313:L22	313	22	बस्ती लाणी		بستی لانی		pass1_kept
p0314:L8	314	8	ग्रीष्म ऋतू के समय गुजर्रों का मैदानी		گریشم رتو کے سمی گجروں کا میدانی		pass2_refined
p0314:L21	314	21	बहारी िफरनी		بہاری پھرنی		pass1_kept
p0315:L7	315	7	बा		با		pass1_kept
p0315:L20	315	20	बान्दै बाछड़		باندے باچھڑ		pass1_kept
p0316:L25	316	25	बाजी	baaji	باجی		pass1_kept
p0316:L29	316	29	बाहज़		باہز	Some	pass1_kept
p0316:L30	316	30	बाहज़		باہز	Sometimes	pass1_kept
p0318:L30	318	30	दीवार में िमट्टी क		دیوار میں مٹی ک		pass2_refined
p0319:L9	319	9	एक लंबी किवता िजसमें हर एक छंद सौर मास के नाम से शु		ایک لنبی کوتا جسمیں ہر ایک چھند سور ماس کے نام سے ش		pass1_kept
p0319:L14	319	14	लगने से भड़क उठता है और िजससे तोप		لگنے سے بھڑک اٹھتا ہے اور جسسے توپ		pass1_kept
p0320:L31	320	31	बाई	baai	بائی	Twenty two	pass1_kept
p0321:L3	321	3	िबकाऊ	bikaau	بکاؤ	For sale	pass1_kept
p0321:L25	321	25	फसल उगाने के िलए बीज बोने क		پھسل اگانے کے لئے بیج بونے ک		pass1_kept
p0321:L31	321	31	िबढ़नू	birhNu	بڑھنو	To counter-attack	pass1_kept
p0322:L7	322	7	धमर् में कोई ऐसी बात करना		دھمر میں کوئی ایسی بات کرنا		pass1_kept
p0322:L27	322	27	िबलाशक		بلاشک		pass1_kept
p0323:L4	323	4	िबल्ली	biLi	بلی	1	pass2_refined
p0323:L6	323	6	िबल्लो	biLo	بلو	Tom-cat	pass2_refined
p0323:L15	323	15	अल्लाह		اللہ		pass2_refined
p0323:L19	323	19	िहंदी महीनों में वह महीना जो चैत के बाद और जेठ से पहले आता है		ہندی مہینوں میں وہ مہینا جو چیت کے باد اور جیٹھ سے پہلے آتا ہے		pass1_kept
p0324:L12	324	12	बु		ب		pass1_kept
p0324:L13	324	13	बुक	buk	بک	Handful	pass1_kept
p0324:L16	324	16	पहलू		پہلو		pass1_kept
p0324:L17	324	17	बुख़ल	bukhaL	بخل	nm	pass1_kept
p0324:L22	324	22	एक पत्थर		ایک پتھر		pass2_refined
p0325:L13	325	13	बुणाई	bunaai	بنائی	Act,art or wages of knitting/weaving	pass1_kept
p0325:L27	325	27	बुशर्	bursh	بشر		pass1_kept
p0325:L28	325	28	बुराई	buraai	برائی	Evil	pass1_kept
p0326:L29	326	29	गोजरी वणर्माला का दूसरा वणर् जो		گوجری ونرمالا کا دوسرا ونر جو		pass1_kept
p0328:L17	328	17	अिधक अच्छा		ادھک اچھا		pass2_refined
p0328:L26	328	26	बै	baiy	بے	Sale	pass1_kept
p0328:L29	328	29	बैठाँ बैठाँ		بیٹھاں بیٹھاں		pass1_kept
p0329:L9	329	9	जंदर बैसणू		جندر بیسنو		pass1_kept
p0329:L11	329	11	गुजर्रों का ग्रीष्म ऋतू में रहने का िनवास स्थान जहाँ वह अपने मवेिशयों को ले जाते हैं ।		گجروں کا گریشم رتو میں رہنے کا نواس ستھان جہاں وہ اپنے مویشیوں کو لے جاتے ہیں ۔		pass2_refined
p0329:L14	329	14	बो		بو		pass1_kept
p0329:L15	329	15	बो	bo	بو	Foul/unpleasant smell	pass1_kept
p0330:L22	330	22	भ		بھ		pass1_kept
p0330:L26	330	26	भख़णूँ	p-hakhnu	بھخنوں	Get excited	pass1_kept
p0330:L28	330	28	भख़ाणूँ	p-hakhaanu	بھخانوں	To excite	pass1_kept
p0331:L11	331	11	भट्टी	p-haTi	بھٹی	n:A  subcaste of Gujjars/Rajputs	pass2_refined
p0331:L21	331	21	भड़कणूं	p-harhknu	بھڑکنوں	To get excited/inflamed	pass1_kept
p0331:L22	331	22	भड़काणूं	p-harhkaanu	بھڑکانوں	To excite	pass1_kept
p0332:L17	332	17	एक प्रकार का िखलौना		ایک پرکار کا کھلونا		pass1_kept
p0332:L20	332	20	भरजाई	p-harjaai	بھرجائی	Brother's wife	pass1_kept
p0332:L23	332	23	भथर्	p-harth	بھتھر	Wild Himalayan cherry	pass1_kept
p0333:L3	333	3	भराई	p-haraai	بھرائی	Act of filling a cavity/hole/space	pass1_kept
p0333:L16	333	16	भलाई	p-haLaai	بھلائی	Virtue	pass1_kept
p0333:L23	333	23	भा		بھا		pass1_kept
p0333:L24	333	24	भा	p-haa	بھا	Rate	pass1_kept
p0333:L25	333	25	भाख	p-haakh	بھاکھ	Aquaintance	pass1_kept
p0334:L11	334	11	टोक		ٹوک		pass1_kept
p0336:L16	336	16	तीतरएक तरह का प		تیترئیک ترہ کا پ		pass1_kept
p0338:L26	338	26	मक़द्दमू	maqad mu	مقدمو	Case	pass2_refined
p0339:L3	339	3	मक़		مق	Intention	pass1_kept
p0339:L11	339	11	मक्खण	makhan	مکھن	Butter	pass2_refined
p0339:L14	339	14	मख़मल	makh maL	مخمل	n:Velvet;a soft fabric	pass1_kept
p0339:L15	339	15	मख़लूक	makhLook	مخلوک	Creature	pass1_kept
p0339:L16	339	16	मख़सूस	makhsoos	مخسوس	Specific	pass1_kept
p0339:L17	339	17	मख़ाल्फ		مخالپھ	Opposition	pass1_kept
p0339:L18	339	18	मक्खी	makhi	مکھی	Fly	pass2_refined
p0339:L19	339	19	मक्खी		مکھی		pass2_refined
p0340:L12	340	12	एक समझौते का पालन करने से इनकार करने पर लगाया जाने वाला अथर्दंड		ایک سمجھوتے کا پالن کرنے سے انکار کرنے پر لگایا جانے والا اتھردنڈ		pass1_kept
p0340:L17	340	17	मच्छर दाणी		مچھر دانی		pass2_refined
p0340:L23	340	23	जोती ह		جوتی ہ		pass1_kept
p0340:L28	340	28	प्रिसद्ध लोककथा लैला		پرسدھ لوککتھا لیلا	Lovelorn	pass2_refined
p0340:L32	340	32	मज़म्मत	mazammat	مزمت	Disapproval	pass2_refined
p0341:L13	341	13	मज़ाक़	mazaaq	مزاق	nm:Humour	pass1_kept
p0341:L14	341	14	मज़ाक़रो	mazaakro	مزاقرو	Discussion	pass1_kept
p0341:L16	341	16	मज़ाज	mazaaj	مزاج	Temprament	pass1_kept
p0341:L17	341	17	मजाज़	majaaz	مجاز	Authorised	pass1_kept
p0341:L18	341	18	स		س		pass1_kept
p0341:L19	341	19	मजाज़ी	majaazi	مجازی	Imaginary	pass1_kept
p0341:L22	341	22	मजीद	majeed	مجید	adj	pass1_kept
p0341:L23	341	23	मज़ीद	mazeed	مزید	Further	pass1_kept
p0341:L24	341	24	मज़ेदार	maze daar	مزیدار	Tasty	pass1_kept
p0341:L27	341	27	मज़ो	mazo	مزو	Relish	pass1_kept
p0342:L3	342	3	मट्टी	maTi	مٹی	1	pass2_refined
p0342:L7	342	7	मठयाईं	maTheyaai~	مٹھیائیں	Sweets	pass1_kept
p0342:L8	342	8	मठाई	maThaai	مٹھائی	Sweetmeat	pass1_kept
p0342:L19	342	19	रेख में रखना		ریکھ میں رکھنا		pass1_kept
p0342:L20	342	20	मढ़ी	marhi	مڑھی	Hen-house	pass1_kept
p0342:L22	342	22	मढ़		مڑھ	Hen-house	pass1_kept
p0342:L23	342	23	मढ़ो	marho	مڑھو	adj Weak;frail;fragile;emeciated	pass1_kept
p0343:L9	343	9	म		م	1	pass1_kept
p0343:L11	343	11	म		م	Insane	pass1_kept
p0343:L20	343	20	मदाख़लत	madaakhLat	مداخلت	n:Interference;intervention	pass1_kept
p0343:L30	343	30	मदीना		مدینا		pass1_kept
p0344:L9	344	9	मनज़र	maNzar	منزر	Scene	pass1_kept
p0344:L10	344	10	मनज़ल	maNzal	منزل	nf:1	pass1_kept
p0344:L12	344	12	मनज़ूम	maNzoom	منزوم	adj	pass1_kept
p0344:L13	344	13	रचना		رچنا		pass1_kept
p0344:L14	344	14	मनज़ूर	maNzoor	منزور	Sanctioned	pass1_kept
p0344:L15	344	15	मनज़ूरी	maNzoori	منزوری	Approval	pass1_kept
p0344:L19	344	19	मन्नत	maNat	منت	Vow	pass2_refined
p0344:L22	344	22	बड़ी दुकान िजसमें श्रृंगार क		بڑی دکان جسمیں شرنگار ک		pass2_refined
p0344:L24	344	24	मन्सूख़	maNsookh	منسوخ	Cancelled	pass1_kept
p0344:L29	344	29	हल्लाज  िजन्होंने पारम्प		ہلاج  جنہوننے پارمپ		pass2_refined
p0345:L6	345	6	मनाफ़क़	maNaafaq	منافق	adj	pass1_kept
p0345:L7	345	7	दोहरे च		دوہرے چ		pass1_kept
p0345:L8	345	8	मनाफ़ो	maNaa fo	منافو	Gain	pass1_kept
p0346:L9	346	9	मरम्मत	marammat	مرمت	nf:Repair	pass2_refined
p0346:L13	346	13	ज़मीन को मापने क		زمین کو ماپنے ک		pass1_kept
p0346:L25	346	25	मर		مر	1	pass1_kept
p0347:L19	347	19	मलम्मू	maLammu	ملمو	Gilt	pass2_refined
p0347:L20	347	20	रासायिनक प्रिक्रया से चढ़ाई ह		راساینک پرکریا سے چڑھائی ہ		pass1_kept
p0347:L29	347	29	मळाई	malaai	ملائی	Cream	pass1_kept
p0348:L5	348	5	मशक़्क़त	mashaqat	مشقت	Hardwork	pass2_refined
p0349:L5	349	5	मसल्ली	masaLi	مسلی	Hide	pass2_refined
p0349:L9	349	9	मसल्लो	masaLo	مسلو	nm:Prayer carpet of muslims	pass2_refined
p0349:L18	349	18	िमट्टी		مٹی		pass2_refined
p0349:L24	349	24	ईसामसीह		ایسامسیہ		pass1_kept
p0349:L31	349	31	महंगाई	mehngaai	مہنگائی	Dearness	pass1_kept
p0350:L4	350	4	महंढी	mehnDi	مہنڈھی	Braid	pass1_kept
p0350:L7	350	7	िहना		ہنا		pass1_kept
p0350:L22	350	22	महल्लो	mahaLo	مہلو	Ward	pass2_refined
p0350:L28	350	28	महाज़	mahaaz	مہاز	Frontier	pass1_kept
p0351:L19	351	19	मई	maiee	مئی	n:The month of May	pass1_kept
p0351:L20	351	20	मा		ما		pass1_kept
p0351:L30	351	30	माज़रत	maazrat	مازرت	Apology	pass1_kept
p0352:L3	352	3	माज़ी	maazi	مازی		pass1_kept
p0352:L5	352	5	माज़ूर	maazoor	مازور	Helpless	pass1_kept
p0352:L22	352	22	मातरेरो	maatrero	ماتریرو	Step motherly	pass1_kept
p0353:L3	353	3	माण	maaN	مان	Respect	pass1_kept
p0353:L4	353	4	माण रख्नू		مان رکھنو		pass1_kept
p0353:L5	353	5	माफ़	maaf	ماف	adj Pardoned;acqitted;forgiven	pass1_kept
p0353:L6	353	6	माफ़क़	maa faq	مافق	Suitable	pass1_kept
p0353:L7	353	7	माफ़		ماف	Forgiveness	pass1_kept
p0353:L25	353	25	फूस के बने घर में दीवारों और छत के बीच छोटे		پھوس کے بنے گھر میں دیواروں اور چھت کے بیچ چھوٹے		pass1_kept
p0353:L28	353	28	मारख़ोर	maar khor	مارخور	Himalayan antelope/musk deer	pass1_kept
p0353:L29	353	29	बह		بہ		pass1_kept
p0354:L30	354	30	ग्यारहवां चंद्र मास जो पौष के बाद और फाल्गुन से पहले पड़ता है		گیارہواں چندر ماس جو پوش کے باد اور پھالگن سے پہلے پڑتا ہے		pass1_kept
p0355:L9	355	9	माहवारी		ماہواری		pass1_kept
p0355:L12	355	12	एक प्रिसद्ध पंजाबी		ایک پرسدھ پنجابی		pass2_refined
p0355:L20	355	20	माई	maaie	مائی	Mother	pass1_kept
p0355:L21	355	21	माईं	maayie~	مائیں	A custom of keeping bride/groom without bath	pass1_kept
p0355:L23	355	23	िजसमें शादी से कुछ िदन पहले दुल्हन को घर में उबटन लगाकर घर में बैठा िदया जाता है ।		جسمیں شادی سے کچھ دن پہلے دلہن کو گھر میں ابٹن لگاکر گھر میں بیٹھا دیا جاتا ہے ۔		pass1_kept
p0355:L26	355	26	िम		م		pass1_kept
p0356:L4	356	4	िमट्टी	miTi	مٹی	Earth	pass2_refined
p0356:L7	356	7	िमठो	miTho	مٹھو		pass1_kept
p0356:L15	356	15	िमनत	miNat	منت	nf:Earnest desire	pass1_kept
p0356:L26	356	26	िमरज़ाई	mirzaai	مرزائی	n:Follower of Mirza Ghulam Ahmad Qadyani	pass1_kept
p0356:L27	356	27	िमज़ार् गुलाम अहमद काद्यानी को मानने वाले		مزار گلام اہمد کادیانی کو ماننے والے		pass1_kept
p0357:L5	357	5	िमल्लत	miLat	ملت	Nation	pass2_refined
p0357:L7	357	7	एक ही धमर्		ایک ہی دھمر		pass1_kept
p0357:L9	357	9	िववाह के समय क		وواہ کے سمی ک		pass1_kept
p0357:L18	357	18	हस्तिलिप के िलए कागज़ िजसपर सतरें बनाने के िलए डोरे लगा देते हैं।		ہستلپ کے لئے کاگز جسپر ستریں بنانے کے لئے ڈورے لگا دیتے ہیں۔		pass1_kept
p0357:L27	357	27	मुलायम िसरे वाली वृ		ملایم سرے والی ور		pass1_kept
p0358:L3	358	3	मीज़ान	meezaan	میزان	nm:Sum	pass1_kept
p0358:L8	358	8	गोजरी वणर्माला का तीसवां वणर् जो		گوجری ونرمالا کا تیسواں ونر جو		pass1_kept
p0358:L12	358	12	मु		م		pass1_kept
p0358:L13	358	13	मुअज़ज़	muazaz	مءازز	adj	pass1_kept
p0358:L14	358	14	मुअ		مءا	adj	pass1_kept
p0358:L19	358	19	मुकरर्र	mukarar	مکرر	Encore	pass2_refined
p0358:L20	358	20	मुक़रर्र	muqarr	مقرر	adj Fixed;settled;preset	pass2_refined
p0358:L21	358	21	मुक़द्दर	muqadar	مقدر	Destiny	pass2_refined
p0358:L23	358	23	मुकम्मल	mukamaL	مکمل	Perfect	pass2_refined
p0358:L28	358	28	मुकाबला		مکابلا		pass1_kept
p0359:L15	359	15	मंगोल देश का िनवासी		منگول دیش کا نواسی		pass1_kept
p0360:L13	360	13	दूसरी िदशा को घूमना		دوسری دشا کو گھومنا		pass1_kept
p0360:L16	360	16	मु		م	Convinced	pass1_kept
p0360:L20	360	20	मु		م	Cork	pass1_kept
p0360:L23	360	23	मुद्दत	mudat	مدت	Interval	pass2_refined
p0360:L27	360	27	मुदई	mudaie	مدئی	Claimant	pass1_kept
p0360:L31	360	31	मुनसफ़	muNsaf	منسف	nm Judge;magistrate;arbiter	pass1_kept
p0361:L3	361	3	मुन्नाँ	muNa	مناں		pass2_refined
p0361:L5	361	5	मुन्नुं	muNu	منں	Support/stake of a spinning wheel	pass2_refined
p0361:L6	361	6	मुफ़त	muft	مفت	For nothing	pass1_kept
p0361:L7	361	7	मुफ़्ती	mufti	مفتی	Ecclesiastic	pass1_kept
p0361:L8	361	8	मुसलमानों का वह धमर्शा		مسلمانوں کا وہ دھمرشا		pass1_kept
p0361:L9	361	9	मुफ़लस	muf Las	مفلس	Poor	pass1_kept
p0361:L10	361	10	मफ़ाद	mufaad	مفاد	Gain	pass1_kept
p0361:L11	361	11	मुफ़		مف	Useful	pass1_kept
p0361:L28	361	28	मुरव्वत	murwat	مروت	Politeness	pass2_refined
p0362:L5	362	5	मुलख़	muLkh	ملخ	Country	pass1_kept
p0362:L21	362	21	मुश्कल कुशा		مشکل کشا		pass1_kept
p0362:L30	362	30	मुिस्लम		مسلم		pass1_kept
p0363:L5	363	5	मुसव्वर	musawwar	مسور	nm:Artist	pass2_refined
p0363:L8	363	8	मुहब्बत	muhabat	مہبت	nf:Love	pass2_refined
p0363:L9	363	9	मुहब्बती	muhabti	مہبتی	Affectionate	pass2_refined
p0363:L10	363	10	मुहम्मद	Muhammad	مہمد	nm Muhammad (pbuh)the prophet	pass2_refined
p0363:L14	363	14	इस्लामी वषर् का पहला महीना		اسلامی وشر کا پہلا مہینا		pass1_kept
p0363:L22	363	22	मूरख	moorakh	مورکھ	Foolish	pass1_kept
p0364:L11	364	11	मे		مے		pass1_kept
p0364:L16	364	16	मेज़	mez	میز	Table	pass1_kept
p0364:L20	364	20	मेथी		میتھی		pass1_kept
p0364:L28	364	28	रस्म िजसमें सभी		رسم جسمیں سبھی		pass1_kept
p0365:L21	365	21	मुअ		مءا	Historian	pass1_kept
p0365:L22	365	22	मुअस्सर	mo asar	مءاسر	Effective	pass2_refined
p0365:L23	365	23	मो		مو	Nipple	pass1_kept
p0365:L32	365	32	लकड़ी का बना गोल		لکڑی کا بنا گول		pass1_kept
p0366:L12	366	12	मोज़ूं	mozu~	موزوں	Suitable	pass1_kept
p0366:L15	366	15	मोज़ूह	mozooh	موزوہ	Topic	pass1_kept
p0367:L19	367	19	मौहज्ज़ो	mohjzo	موہجزو	Wonder	pass1_kept
p0368:L29	368	29	याजूज और माजूज क		یاجوج اور ماجوج ک		pass1_kept
p0369:L18	369	18	महाद्वीप में िस्थत एक देश जो प्राचीन सभ्यता से प्रभािवत है		مہادویپ میں ستھت ایک دیش جو پراچین سبھیتا سے پربھاوت ہے		pass1_kept
p0370:L10	370	10	रंग लान		رنگ لان		pass1_kept
p0370:L19	370	19	रंगवाई	rangwaai	رنگوائی	Act or wages of dying	pass1_kept
p0370:L20	370	20	रंगाई	rangaai	رنگائی	Act/charges/wages of dying	pass1_kept
p0370:L25	370	25	बलूत का फल		بلوت کا پھل		pass1_kept
p0371:L4	371	4	रंदाई	randaai	رندائی	Act of smoothening wood with a plane	pass1_kept
p0371:L5	371	5	लकड़ी क		لکڑی ک		pass1_kept
p0371:L11	371	11	इस्लाम में नमाज़ क		اسلام میں نماز ک		pass1_kept
p0371:L18	371	18	र		ر		pass1_kept
p0371:L20	371	20	रख़नू	rakhNu	رخنو	Crack	pass1_kept
p0371:L27	371	27	रग़बत	ragbat	رغبت	nf:Inclination	pass1_kept
p0372:L4	372	4	रज़गार	razgaar	رزگار	Employment	pass1_kept
p0372:L7	372	7	रज़ा	razaa	رزا	Assent	pass1_kept
p0372:L9	372	9	रज़ाक़	razaaq	رزاق	A	pass1_kept
p0372:L11	372	11	रज़ाई	razaai	رزائی	Quilt	pass1_kept
p0372:L12	372	12	रज़ील	razeeL	رزیل	Mean	pass1_kept
p0372:L25	372	25	एक जंगली पौधा		ایک جنگلی پودھا		pass1_kept
p0372:L30	372	30	छोटी छोटी बातें बड़ा बदलाव लाती हैं		چھوٹی چھوٹی باتیں بڑا بدلاو لاتی ہیں		pass1_kept
p0373:L3	373	3	र		ر		pass1_kept
p0373:L17	373	17	रफ़्तार	raftaar	رفتار	Speed	pass1_kept
p0373:L18	373	18	रफ़्ल	rafaL	رفل		pass1_kept
p0373:L19	373	19	रफ़ादफ़ा	rafa dafa	رفادفا	Far	pass1_kept
p0373:L20	373	20	रफ़ू	rafu	رفو	n:Darn	pass1_kept
p0373:L21	373	21	रफ़ूजी	rafooji	رفوجی		pass1_kept
p0373:L22	373	22	रफ़ूचक्र	rafoo chakar	رفوچکر	n:Escape;steal off;evasion	pass1_kept
p0373:L24	373	24	रब सबबी		رب سببی	By the grace of God	pass1_kept
p0373:L28	373	28	रमज़	ramaz	رمز	nf:Enigma	pass1_kept
p0373:L29	373	29	रमज़ान	ramzaan	رمزان	The month of fasts in Islamic calender	pass1_kept
p0373:L30	373	30	इस्लामी वषर् का नौवाँ मिहना िजसमे मुस्लमान रोज़ा रखते हैं		اسلامی وشر کا نوواں مہنا جسمے مسلمان روزا رکھتے ہیں		pass1_kept
p0373:L31	373	31	रम्बी	rambi	رمبی	Dibber	pass1_kept
p0374:L3	374	3	रम्बो	rambo	رمبو	Hoe	pass1_kept
p0374:L10	374	10	रयाज़त	reyaazat	ریازت	nDevotion;dedication	pass1_kept
p0374:L11	374	11	रयाज़ी	reyaazi	ریازی	n:Mathematics;calculation;statistics	pass1_kept
p0374:L20	374	20	रल्लो बुल्लो	raLobuLo	رلو بلو	Chat;tete-a-tete;conversation	pass2_refined
p0375:L9	375	9	रस्म	rasam	رسم	nf:Custom	pass1_kept
p0375:L16	375	16	रस्सा	rassa	رسا		pass2_refined
p0375:L18	375	18	इच्छा करना		اچھا کرنا		pass2_refined
p0375:L21	375	21	रसाई	rasaai	رسائی	Access	pass1_kept
p0375:L22	375	22	रस्सी	rassi	رسی	1	pass2_refined
p0375:L26	375	26	रसूख़	rasookh	رسوخ	Influence	pass1_kept
p0375:L29	375	29	ई		ای		pass1_kept
p0375:L31	375	31	इस्लामी धमर् के संस्थापक पैगम्बर मोहम्मद क		اسلامی دھمر کے سنستھاپک پیگمبر موہمد ک		pass2_refined
p0375:L32	375	32	रस्सो	rasso	رسو	Rope	pass2_refined
p0376:L4	376	4	रसोई	rasoi	رسوئی	Kitchen	pass1_kept
p0376:L18	376	18	रहाई	rehaai	رہائی	Acquittance	pass1_kept
p0376:L20	376	20	रईस	rayees	رئیس	Rich	pass1_kept
p0376:L21	376	21	रा		را		pass1_kept
p0376:L24	376	24	राखी		راکھی		pass1_kept
p0376:L31	376	31	राज़	raaz	راز	Secret	pass1_kept
p0377:L3	377	3	राज़दार	raazdaar	رازدار	Intimate	pass1_kept
p0377:L5	377	5	मुख्यालय		مکھیالی		pass1_kept
p0377:L10	377	10	राज़ी ख़ुशी	raazi	رازی خشی	adj	pass1_kept
p0377:L11	377	11	राज़ी ख़ुशी		رازی خشی		pass1_kept
p0377:L12	377	12	राज़ी नामू		رازی نامو		pass1_kept
p0377:L15	377	15	पंजाब क		پنجاب ک		pass1_kept
p0377:L17	377	17	राँझा		رانجھا		pass1_kept
p0377:L21	377	21	राजस्थान का एक प्रिसद्ध राजवंश		راجستھان کا ایک پرسدھ راجونش		pass2_refined
p0378:L6	378	6	रावी		راوی		pass1_kept
p0378:L26	378	26	राई	raaie	رائی	Black mustard	pass1_kept
p0378:L27	378	27	राईं	raaie~	رائیں	Antelope	pass1_kept
p0378:L30	378	30	राए शुमारी		رائے شماری		pass1_kept
p0379:L25	379	25	िकसी के		کسی کے		pass1_kept
p0380:L24	380	24	उदूर् और फारसी काव्य में चार िमसरों का एक छंद		ادور اور پھارسی کاوی میں چار مسروں کا ایک چھند		pass1_kept
p0381:L21	381	21	रे		رے		pass1_kept
p0381:L22	381	22	गोजरी वणर्माला का चौदहवां वणर् जो		گوجری ونرمالا کا چودہواں ونر جو		pass1_kept
p0381:L26	381	26	रेज़	rez	ریز	Line	pass1_kept
p0381:L27	381	27	रेज़ो	rezo	ریزو		pass1_kept
p0381:L28	381	28	रेज़ा रेज़ा		ریزا ریزا		pass1_kept
p0382:L27	382	27	रो		رو		pass1_kept
p0382:L28	382	28	रो	ro	رو	Face	pass1_kept
p0383:L8	383	8	रोज़	roz	روز	Day	pass1_kept
p0383:L10	383	10	रोज़गार	rozgaar	روزگار	Employment	pass1_kept
p0383:L11	383	11	रोज़ाना	rozaaNa	روزانا	Daily	pass1_kept
p0383:L12	383	12	रोज़ी	rozi	روزی	Food	pass1_kept
p0383:L13	383	13	रोज़ेदार	rozedaar	روزیدار	Fasting person	pass1_kept
p0383:L14	383	14	रोज़ो	rozo	روزو	Fast	pass1_kept
p0384:L13	384	13	रोशनी	roshNi	روشنی	Light	pass1_kept
p0384:L29	384	29	लख़णूं	Lakhnu	لخنوں	To diagnose	pass1_kept
p0384:L31	384	31	अकाल		اکال		pass1_kept
p0385:L3	385	3	लख़त	Lakht	لخت	Piece	pass1_kept
p0385:L4	385	4	लक्खाँ	Lakhaa~	لکھاں		pass2_refined
p0385:L5	385	5	लग़्ज़श	Lagzash	لغزش	Slip up	pass1_kept
p0386:L7	386	7	लज़्ज़त	Lazat	لزت	Taste	pass2_refined
p0386:L9	386	9	लज़ीज़	Lazeez	لزیز	Sweet	pass1_kept
p0386:L18	386	18	पटवा		پٹوا		pass1_kept
p0386:L20	386	20	लड्डू	LaDoo	لڈو	A kind of sweetmeat/confectionery	pass2_refined
p0387:L3	387	3	लड़ाई	Larhaai	لڑائی	Quarrel	pass1_kept
p0387:L10	387	10	ल		ل		pass1_kept
p0387:L12	387	12	लतीफ़ो	Lateefo	لتیفو	nm:Witty remark	pass1_kept
p0387:L13	387	13	ल		ل	Clothe	pass1_kept
p0387:L17	387	17	लफ़ंगो	Lafango	لفنگو	Vagabond	pass1_kept
p0387:L18	387	18	लफ़्ज़	Lafaz	لفز	nm:Word	pass1_kept
p0387:L19	387	19	लफ़्ज़ी	Lafzi	لفزی	Literal	pass1_kept
p0387:L22	387	22	लफ़णू	Lafnu	لفنو	To bend under pressure	pass1_kept
p0388:L10	388	10	लरज़श	Larzash	لرزش	Vibration	pass1_kept
p0388:L11	388	11	लरज़णू	Larznu	لرزنو	To tremble	pass1_kept
p0388:L12	388	12	लरज़ो	Larzo	لرزو	n:Vibration;tremor;quiver	pass1_kept
p0388:L23	388	23	दुधा		ددھا		pass1_kept
p0389:L5	389	5	लस्सी	Lassi	لسی	Butter-milk	pass2_refined
p0389:L7	389	7	लहज़ो	Lehzo	لہزو	nm:Moment	pass1_kept
p0389:L13	389	13	लहंदा भाषा जो पि		لہندا بھاشا جو پ		pass1_kept
p0389:L24	389	24	लई	Laie	لئی	Adhesive	pass1_kept
p0390:L3	390	3	लाख़	Laakh	لاخ	Sealing wax	pass1_kept
p0390:L9	390	9	लॉग़र	Laagar	لاغر	Emeciated	pass1_kept
p0390:L19	390	19	लाज़मी	Laazmi	لازمی	Compulsory	pass1_kept
p0390:L31	390	31	लादना		لادنا		pass1_kept
p0391:L6	391	6	लादू		لادو		pass1_kept
p0391:L11	391	11	गोजरी वणर्माला का उनतीसवां वणर् जो		گوجری ونرمالا کا انتیسواں ونر جو		pass1_kept
p0392:L27	392	27	लाऊ	Laau	لاؤ	A hay-stack made on trees	pass1_kept
p0393:L8	393	8	िलखाई	Likhaai	لکھائی	Writing,handwriting	pass1_kept
p0393:L22	393	22	िलफ़ाफ़ो	Lifaafo	لفافو	nm:Wrapper	pass1_kept
p0393:L25	393	25	िलल्लाह	LiLah	للاہ	For God's sake;in the name of God	pass2_refined
p0393:L27	393	27	िलस्सी	Lissi	لسی	Emeciated	pass2_refined
p0393:L28	393	28	िलस्सो	Lisso	لسو	Emeciated	pass2_refined
p0393:L29	393	29	िलहाज़	Lihaaz	لہاز	Consideration	pass1_kept
p0393:L30	393	30	िलहाज़ा	Li haza	لہازا	adv	pass1_kept
p0394:L13	394	13	पनचक्क		پنچک		pass2_refined
p0394:L19	394	19	एक दाशर्िनक और िचिकत्सक पैगम्बर िजसे हक		ایک داشرنک اور چکتسک پیگمبر جسے ہک		pass1_kept
p0394:L30	394	30	लुच्ची	Luchi	لچی	Wicked	pass2_refined
p0395:L8	395	8	लुतफ़	Lutf	لتف	Enjoyment	pass1_kept
p0395:L11	395	11	िगद्ध		گدھ		pass2_refined
p0395:L22	395	22	एक प्रकार का जंगली पौधा िजसका उपयोग लाठी बनाने के िलए िकया जाता है।		ایک پرکار کا جنگلی پودھا جسکا اپیوگ لاٹھی بنانے کے لئے کیا جاتا ہے۔		pass1_kept
p0395:L28	395	28	ले लाणा		لے لانا		pass1_kept
p0396:L4	396	4	एक प्रकार का मीठा भोजन जो मैदे या रवां को घी में भूनकर चाशनी में पकाने से बनती है।		ایک پرکار کا میٹھا بھوجن جو میدے یا رواں کو گھی میں بھونکر چاشنی میں پکانے سے بنتی ہے۔		pass1_kept
p0396:L11	396	11	गांव वालों क		گانو والوں ک		pass1_kept
p0396:L13	396	13	सामािजक काय		سامئجک کای		pass1_kept
p0396:L31	396	31	अरब देश क		ارب دیش ک		pass1_kept
p0397:L3	397	3	लो	Lo	لو	Light	pass1_kept
p0397:L5	397	5	लोक		لوک		pass1_kept
p0397:L16	397	16	लोढ़ी	Lohrhi	لوڑھی	1	pass1_kept
p0397:L18	397	18	उ		ا		pass1_kept
p0397:L27	397	27	बेलौस		بیلوس		pass1_kept
p0398:L10	398	10	उ		ا		pass1_kept
p0398:L25	398	25	वज़न	wazaN	وزن	nm:Weight	pass1_kept
p0398:L27	398	27	वज़ाहत	wazahat	وزاہت	nf:Explanation	pass1_kept
p0399:L7	399	7	वफ़द	wafad	وفد	n:Delegation	pass1_kept
p0399:L8	399	8	वफ़ा	wafaa	وفا	nf:Sincerity	pass1_kept
p0399:L9	399	9	वफ़ात	wafaat	وفات	nf:Death	pass1_kept
p0399:L10	399	10	वफ़ादार	wafadaar	وفادار	Sincere	pass1_kept
p0399:L11	399	11	वफ़ादारी	wafadaari	وفاداری	Loyality	pass1_kept
p0399:L13	399	13	वैि		وی		pass1_kept
p0399:L16	399	16	वरर	warr	ورر		pass1_kept
p0399:L19	399	19	वज़र्श	warzash	وزرش	Physical  exercise	pass1_kept
p0399:L32	399	32	िववाह के प		وواہ کے پ		pass1_kept
p0400:L4	400	4	वसफ़	wasaf	وسف	n:Quality	pass1_kept
p0400:L19	400	19	वा		وا		pass1_kept
p0400:L21	400	21	गोजरी वणर्माला का ब		گوجری ونرمالا کا ب		pass1_kept
p0400:L25	400	25	वाक़्फ़	waaqaf	واقف	Aquainted;familiar;known	pass1_kept
p0400:L26	400	26	वाक़्फ़		واقف	n:Knoweldge;aquaintance;familiarity	pass1_kept
p0400:L27	400	27	वािक़्फ़यत	waaqfiyat	وئقفیت	Aquaintance	pass1_kept
p0400:L28	400	28	वाक़या	waaqea	واقیا	n:Event	pass1_kept
p0400:L29	400	29	वाक़ई	waqei	واقئی	Realy	pass1_kept
p0400:L33	400	33	वाज़या	wazia	وازیا	Clear	pass1_kept
p0401:L18	401	18	लावा		لاوا		pass1_kept
p0402:L7	402	7	िव		و		pass1_kept
p0402:L13	402	13	एक िवशेष प्रकार क		ایک وشیش پرکار ک		pass1_kept
p0402:L23	402	23	वीज़ो	wizo	ویزو	E	pass1_kept
p0402:L24	402	24	वुज़ू	wuzu	وزو	nm:Ablution	pass1_kept
p0403:L8	403	8	िशकंजो कस्णु		شکنجو کسن		pass1_kept
p0403:L14	403	14	देना उसक		دینا اسک		pass1_kept
p0403:L23	403	23	शख़्स	shakhas	شخس	nm:Person	pass1_kept
p0403:L24	403	24	शख़्सी राज		شخسی راج		pass1_kept
p0403:L25	403	25	शिख़्सय्यत	shakh siyat	شخسییت	Personality	pass1_kept
p0403:L26	403	26	व्यि		وی		pass1_kept
p0403:L29	403	29	शगूफ़ो	shagoofo	شگوفو	P	pass1_kept
p0404:L3	404	3	शटल्ला	shaTaLaa	شٹلا		pass2_refined
p0404:L9	404	9	शड़ल्ला	sharhaLa	شڑلا		pass2_refined
p0404:L12	404	12	शड़ईं	sharha ie~	شڑئیں	Tinkle	pass1_kept
p0404:L21	404	21	शनाख़्त	shaNaakhat	شناخت	Identity;identification;character	pass1_kept
p0404:L22	404	22	शनाख़्ती		شناختی	Identifier	pass1_kept
p0404:L29	404	29	शफ़ा	shafaa	شفا	nf:Restoration of health	pass1_kept
p0404:L30	404	30	शफ़ा ख़ानू	shafaakhaaNu	شفا خانو	Hospital	pass1_kept
p0404:L31	404	31	शफ़ाअत	shafaat	شفاءات	nf:Recommendation	pass1_kept
p0405:L4	405	4	मुसलमानों के उपवास महीने रमजान क		مسلمانوں کے اپواس مہینے رمجان ک		pass1_kept
p0405:L6	405	6	उ		ا		pass1_kept
p0405:L8	405	8	िशकार के समय कु		شکار کے سمی ک		pass1_kept
p0405:L16	405	16	शरनाई	shar Naai	شرنائی	Clarionet	pass1_kept
p0406:L12	406	12	ललकारना		للکارنا		pass1_kept
p0406:L14	406	14	चन्द्रकाल सन का दसवाँ महीना िजस क		چندرکال سن کا دسواں مہینا جس ک		pass1_kept
p0406:L16	406	16	शष		شش	Hesitation	pass1_kept
p0406:L18	406	18	शा		شا		pass1_kept
p0407:L31	407	31	जीवनरेखा		جیونریکھا		pass1_kept
p0408:L11	408	11	िश		ش		pass1_kept
p0408:L19	408	19	जुताई के िलए युवा बैलों को िप्रिशि		جتائی کے لئے یوا بیلوں کو پرش		pass1_kept
p0408:L25	408	25	द्वैता		دویتا		pass1_kept
p0408:L31	408	31	िहश		ہش		pass1_kept
p0409:L3	409	3	गोजरी वणर्माला का अठारवां वणर् जो		گوجری ونرمالا کا اٹھارواں ونر جو		pass1_kept
p0409:L11	409	11	शु		ش		pass1_kept
p0409:L19	409	19	शतुरमुगर्		شترمگر		pass1_kept
p0409:L21	409	21	शुफ़ो	shufo	شفو	A	pass1_kept
p0410:L4	410	4	च		چ		pass1_kept
p0410:L8	410	8	शै	shaiy	شے	nf:Thing	pass1_kept
p0410:L9	410	9	शैतान	shai taan	شیتان	nm:Devil	pass1_kept
p0410:L11	410	11	शैल	shaiL	شیل	Nice	pass1_kept
p0410:L12	410	12	शो		شو		pass1_kept
p0410:L23	410	23	बा		با		pass1_kept
p0411:L7	411	7	शंख		شنکھ		pass1_kept
p0412:L6	412	6	संढ़		سنڑھ		pass1_kept
p0412:L28	412	28	सक्को	sakko	سکو	1	pass2_refined
p0412:L32	412	32	सखणूं भांडो		سکھنوں بھانڈو		pass1_kept
p0413:L3	413	3	सख़त	sakhat	سخت	Hard	pass1_kept
p0413:L4	413	4	सख़तयाईं	sakhteyaaien	سختیائیں	Harshness	pass1_kept
p0413:L5	413	5	सख़ती	sakhti	سختی	Hardness	pass1_kept
p0413:L7	413	7	सखल्ल	sakhaL	سکھل		pass2_refined
p0413:L8	413	8	सख़ावत	sakhaawat	سخاوت	nf:Generosity	pass1_kept
p0413:L9	413	9	सख़ी	sakhi	سخی	Generous	pass1_kept
p0413:L25	413	25	सचाई	sachaai	سچائی	Truth	pass1_kept
p0413:L29	413	29	सचो साईं		سچو سائیں		pass1_kept
p0414:L7	414	7	सज़ा	sazaa	سزا	Punishment	pass1_kept
p0414:L23	414	23	सज्जो हथ		سجو ہتھ		pass2_refined
p0414:L28	414	28	िकसी को कोई चीज़ िगराने में प्रवृ		کسی کو کوئی چیز گرانے میں پرور		pass1_kept
p0414:L30	414	30	सट्टो	saTo	سٹو	Forward trade	pass2_refined
p0415:L14	415	14	पटसन		پٹسن		pass1_kept
p0415:L25	415	25	स		س	1	pass1_kept
p0415:L30	415	30	सतह		ستہ	n:Seventy seven;number 77	pass1_kept
p0416:L15	416	15	सती		ستی		pass1_kept
p0417:L10	417	10	१ शताब्दी		۱ شتابدی		pass1_kept
p0417:L15	417	15	िबच्छू बुटी		بچھو بٹی		pass2_refined
p0417:L22	417	22	सनतथो	saNatho	سنتتھو	A plant used as broom	pass1_kept
p0418:L12	418	12	सफ़	saf	سف	nf:Queue	pass1_kept
p0418:L13	418	13	सफ़र	safar	سفر	nm:Journey	pass1_kept
p0418:L14	418	14	सफ़री	safri	سفری	Pertaining to travels and tours	pass1_kept
p0418:L15	418	15	सफ़ल	saphaL	سفل	Fruitful	pass1_kept
p0418:L16	418	16	सफ़हो	safho	سفہو	Page	pass1_kept
p0418:L17	418	17	सफ़ा	safaa	سفا	adj:Pure	pass1_kept
p0418:L18	418	18	सफ़ारश	safaarash	سفارش	nf:Recommendation	pass1_kept
p0418:L19	418	19	सफ़ारशी	safaarshi	سفارشی	Recommended	pass1_kept
p0418:L20	418	20	सफ़ाई	safaai	سفائی	Cleanliness	pass1_kept
p0418:L21	418	21	सिफ़र	safeer	سفر	nm	pass1_kept
p0418:L22	418	22	सफ़ेद	safed	سفید	White	pass1_kept
p0418:L23	418	23	सफ़ेद पोश		سفید پوش		pass1_kept
p0418:L24	418	24	सफ़ेदी	safedi	سفیدی	Whiteness	pass1_kept
p0418:L25	418	25	सफ़ेदो	safedo	سفیدو	Eucalyptus tree or Populus alba	pass1_kept
p0418:L26	418	26	सफ़ोटी	safoTi	سفوٹی	n:Suffocation;asphyxia;smothering	pass1_kept
p0418:L29	418	29	सबज़	sabaz	سبز	Green	pass1_kept
p0418:L30	418	30	सबज़ी	sabzi	سبزی	Vegetable	pass1_kept
p0419:L6	419	6	सबरक		سبرک	Having good capacity;voluminous	pass1_kept
p0419:L7	419	7	सबल्ल	sabaL	سبل	Facility	pass2_refined
p0419:L8	419	8	सबल्लो	sabaLo	سبلو	Convenient	pass2_refined
p0420:L14	420	14	कश्मीर में प्रयोग होने वाला एक अत्यिधक सजाया ह		کشمیر میں پریوگ ہونے والا ایک اتیدھک سجایا ہ		pass1_kept
p0420:L16	420	16	दुल्हन के		دلہن کے		pass1_kept
p0420:L26	420	26	आलू और मैदा से यु		آلو اور میدا سے ی		pass1_kept
p0421:L8	421	8	स्याही चूस		سیاہی چوس		pass1_kept
p0421:L11	421	11	सर	sar	سر	Mountain lake	pass1_kept
p0421:L17	421	17	सरगी खाना		سرگی کھانا		pass1_kept
p0421:L22	421	22	शल्य िचिकत्सक		شلی چکتسک		pass1_kept
p0422:L7	422	7	सरफ़ो	sarfo	سرفو	Saving	pass1_kept
p0422:L8	422	8	सबर्	sarb	سبر	Green	pass1_kept
p0423:L18	423	18	जानकारी िनकालना		جانکاری نکالنا		pass1_kept
p0423:L27	423	27	अिभवादन		ابھوادن		pass1_kept
p0424:L15	424	15	स्कूल या पाठशाला में िलखने के काम आने वाली गहरे भूरे पत्थर क		سکول یا پاٹھشالا میں لکھنے کے کام آنے والی گہرے بھورے پتھر ک		pass2_refined
p0424:L18	424	18	चट्टान का एक गहरा भूरा सफेद टुकड़ा जो तुिलका क		چٹان کا ایک گہرا بھورا سپھید ٹکڑا جو تلکا ک		pass2_refined
p0424:L24	424	24	सल्लो	saLLo	سلو	Armadillo	pass2_refined
p0424:L29	424	29	सवल्लो	sawaLo	سولو	adj Easy;convenient;simple	pass2_refined
p0425:L14	425	14	एक प्रिसद्ध पंजाबी प्रेम कथा		ایک پرسدھ پنجابی پریم کتھا		pass2_refined
p0425:L19	425	19	साह		ساہ		pass1_kept
p0425:L30	425	30	सह		سہ	n:Seventy;70	pass1_kept
p0425:L31	425	31	सह		سہ	Senile	pass1_kept
p0426:L12	426	12	यायावर		یایاور		pass1_kept
p0426:L19	426	19	सहेड़नू	s-herhnu	سہیڑنو	To acquire	pass1_kept
p0426:L24	426	24	सई	sai	سئی	n:Perception;knowledge;experience	pass1_kept
p0427:L7	427	7	साज़	saaz	ساز		pass1_kept
p0427:L9	427	9	साज़बाज़	saaz baaz	سازباز	n:Conspiracy;secret deal	pass1_kept
p0427:L10	427	10	साज़श	saazash	سازش	Conspiracy	pass1_kept
p0427:L27	427	27	साड़ेवाई	saarhe waai	ساڑیوائی	Jealous	pass1_kept
p0429:L14	429	14	तीसरा प		تیسرا پ		pass1_kept
p0430:L12	430	12	पंजाब क		پنجاب ک		pass1_kept
p0430:L23	430	23	बच्चा िसक्का का शासन काल		بچا سکا کا شاسن کال		pass2_refined
p0430:L29	430	29	िसखलाई	sikhLaai	سکھلائی	Apprenticeship	pass1_kept
p0431:L8	431	8	सींग से बनाई जाने वाली एक नली िजस से शरीर का परदुषट लह		سینگ سے بنائی جانے والی ایک نلی جس سے شریر کا پردشٹ لہ		pass1_kept
p0431:L16	431	16	पंजाब		پنجاب		pass1_kept
p0431:L18	431	18	िसड़ाणू	sirhaanu	سڑانو	To get something stitched	pass1_kept
p0431:L29	431	29	िसन्नु	siNu	سن	Wet	pass2_refined
p0432:L5	432	5	िसप्पो	sippo	سپو	Whistle	pass2_refined
p0432:L6	432	6	िसफ़त	sift	سفت	Quality	pass1_kept
p0432:L7	432	7	िसफ़तयनू	sifteyaanu	سفتینو	To admire,exalt,rever	pass1_kept
p0432:L8	432	8	िसफ़र	sifar	سفر	nm:E	pass1_kept
p0432:L11	432	11	िसब्बी	sibbi	سبی	Marsh	pass2_refined
p0432:L13	432	13	िसब्बो	sibbo	سبو	Marsh	pass2_refined
p0432:L17	432	17	िसमक	Simak	سمک	White ants	pass1_kept
p0433:L3	433	3	िसफ़र्	sirf	سفر	adj:Only;merely;simply;barely;just	pass1_kept
p0433:L13	433	13	िसलाई	siLaai	سلائی	Stitching/sewing	pass1_kept
p0433:L25	433	25	सीढ़ी		سیڑھی	Step/rope ladder	pass1_kept
p0433:L28	433	28	गोजरी वणर्माला का सत्रहवां वणर् जो		گوجری ونرمالا کا سترہواں ونر جو		pass1_kept
p0434:L11	434	11	पंजाबी किवता क		پنجابی کوتا ک		pass1_kept
p0434:L14	434	14	गोजरी वणर्माला का उन्नीसवां वणर् जो		گوجری ونرمالا کا انیسواں ونر جو		pass2_refined
p0434:L24	434	24	राख से कपड़े धोने का एक स्वदेशी तरीक़ा		راکھ سے کپڑے دھونے کا ایک سودیشی تریقا		pass1_kept
p0434:L32	434	32	सुखल्लो	sukhaLo	سکھلو	Convenient	pass2_refined
p0435:L7	435	7	तले ह		تلے ہ		pass1_kept
p0435:L8	435	8	सुग़ात	sugaat	سغات	Present	pass1_kept
p0436:L3	436	3	सुधारना		سدھارنا		pass1_kept
p0436:L6	436	6	सुन्नत	suNat	سنت	nf:1	pass2_refined
p0436:L7	436	7	सुन्नत ए रसूल		سنت اے رسول		pass2_refined
p0436:L11	436	11	सुन्नी	suNi	سنی	Mainstream sect of Muslims	pass2_refined
p0436:L13	436	13	सुफ़णू	sufnu	سفنو	Pb Dream	pass1_kept
p0436:L17	436	17	अल्लाह धन्य है या तारीफ उस अल्लाह क		الاہ دھنی ہے یا تاریپھ اس الاہ ک		pass2_refined
p0436:L26	436	26	सुख़र्	surakh	سخر	Red	pass1_kept
p0436:L27	436	27	सुख़र्		سخر		pass1_kept
p0436:L28	436	28	सुरख़ी	surkhi	سرخی	Redness	pass1_kept
p0436:L29	436	29	सुतर्	surt	ستر	Presence of mind	pass1_kept
p0436:L32	436	32	सुरमा रखने क		سرما رکھنے ک		pass1_kept
p0437:L6	437	6	सुराख़		سراخ	Hole	pass1_kept
p0437:L23	437	23	गोजरी वणर्माला का उन्नीसवां वणर् जो		گوجری ونرمالا کا انیسواں ونر جو		pass2_refined
p0437:L30	437	30	सवाल करनु		سوال کرن		pass1_kept
p0438:L12	438	12	सुहािगन		سہئگن		pass1_kept
p0438:L20	438	20	सुई	sooie	سئی	Needle,pin	pass1_kept
p0438:L21	438	21	सुई  को फाल बणाणु		سئی  کو پھال بنان		pass1_kept
p0439:L11	439	11	सूफ़	soof	سوف	A kind of woollen cloth	pass1_kept
p0439:L12	439	12	सूफ़याना	soofiana	سوفیانا	Mystical	pass1_kept
p0439:L13	439	13	सूफ़		سوف	nm:Mystic	pass1_kept
p0439:L30	439	30	गोजरी वणर्माला का छठा वणर् जो		گوجری ونرمالا کا چھٹھا ونر جو		pass1_kept
p0440:L3	440	3	सेऊ	seou	سےؤ	n:Apple,a Eurasian tree/fruit;Malus pumila	pass1_kept
p0440:L10	440	10	सेढ़	sehrh	سیڑھ	A kind of sour apple	pass1_kept
p0440:L14	440	14	गुलाबी रंग का फल जो पकने वाला है		گلابی رنگ کا پھل جو پکنے والا ہے		pass1_kept
p0440:L15	440	15	सेध	sedh	سیدھ	Direction	pass1_kept
p0440:L17	440	17	सेनी करनी		سینی کرنی	Indicate,signal , draw attention to, imply	pass1_kept
p0441:L19	441	19	सोज़	soz	سوز	Passion	pass1_kept
p0441:L20	441	20	सोज़श	sozash	سوزش	Swelling	pass1_kept
p0442:L26	442	26	माल एक तरह का पुआ		مال ایک ترہ کا پءآ		pass1_kept
p0442:L31	442	31	पंजाब क		پنجاب ک		pass1_kept
p0443:L11	443	11	भार सौहाणू		بھار سوہانو	To show vanity/self importance	pass1_kept
p0443:L12	443	12	सौहाई	sohaai	سوہائی	Pleasant	pass1_kept
p0443:L27	443	27	उपचार क		اپچار ک		pass1_kept
p0444:L4	444	4	मलत्याग		ملتیاگ		pass1_kept
p0444:L6	444	6	रीढ़ क		ریڑھ ک		pass1_kept
p0444:L17	444	17	मिहमा		مہما		pass1_kept
p0445:L15	445	15	है िजसमे वह भरा होता है न िक उसका िजस पर वह डाला जाता है		ہے جسمے وہ بھرا ہوتا ہے ن ک اسکا جس پر وہ ڈالا جاتا ہے		pass1_kept
p0445:L22	445	22	एक प्रकार		ایک پرکار		pass1_kept
p0445:L25	445	25	जल्दी से िनगलना		جلدی سے نگلنا		pass1_kept
p0446:L26	446	26	इस्लामी धमर्िवद		اسلامی دھمرود		pass1_kept
p0446:L31	446	31	हफ़्तो	hafto	ہفتو	Week	pass1_kept
p0447:L3	447	3	हफ़		ہف	E	pass1_kept
p0447:L17	447	17	समथर्क		سمتھرک		pass1_kept
p0447:L25	447	25	प्राचीन स्नानागारों का वह  भीतरी क		پراچین سناناگاروں کا وہ  بھیتری ک		pass1_kept
p0447:L31	447	31	िसक्कों या िसक्के के आकार के धातु के गोल टुकड़ों क		سکوں یا سکے کے آکار کے دھات کے گول ٹکڑوں ک		pass2_refined
p0448:L8	448	8	वह जो पत्र आिद िकसी के यहाँ पह		وہ جو پتر آد کسی کے یہاں پہ		pass1_kept
p0448:L26	448	26	हराम क		ہرام ک		pass1_kept
p0448:L28	448	28	नीच		نیچ		pass1_kept
p0449:L3	449	3	कश्मीर का एक प्रिसद्ध स्वादयु		کشمیر کا ایک پرسدھ سوادی		pass2_refined
p0449:L17	449	17	हलफ़	haLaf	ہلف	nm:Oath	pass1_kept
p0449:L18	449	18	हलफ़		ہلف	Affidavit	pass1_kept
p0449:L19	449	19	हलवाई	haLwai	ہلوائی	Confectioner	pass1_kept
p0449:L22	449	22	हल्ला शेरी	haLasheri	ہلا شیری	Inspiration;backing;provocation	pass2_refined
p0449:L26	449	26	बेलों का एक समूह		بیلوں کا ایک سموہ		pass1_kept
p0449:L31	449	31	हिल		ہل	Habit	pass1_kept
p0450:L3	450	3	हल्लो	haLo	ہلو	n:Attack;assault;commotion	pass2_refined
p0450:L10	450	10	हव्वा	Hawwa	ہوا	nf: Eve	pass2_refined
p0450:L11	450	11	धम		دھم		pass1_kept
p0450:L26	450	26	हव्वो	hawo	ہوو	An object of scare	pass2_refined
p0450:L29	450	29	ईसाईयों के अनुसार वह अंितम िदन जब सभी मृत व्यि		ایسائییوں کے انسار وہ اںتم دن جب سبھی مرت وی		pass1_kept
p0450:L30	450	30	खुदा के सामने उपिस्थत होंगे ओर वहाँ उनके कम		کھدا کے سامنے اپستھت ہونگے اور وہاں انکے کم		pass1_kept
p0451:L21	451	21	हाज़मूं	haazmu	ہازموں	nm:Digestion	pass1_kept
p0451:L22	451	22	हाज़र	haazar	ہازر	adj	pass1_kept
p0451:L23	451	23	हाज़र नाज़र		ہازر نازر		pass1_kept
p0451:L24	451	24	हाज़र जवाब		ہازر جواب		pass1_kept
p0451:L25	451	25	हाज़री	haazri	ہازری	nPresence;attendance;roll call	pass1_kept
p0451:L26	451	26	हाज़रीन	hazreen	ہازرین		pass1_kept
p0452:L15	452	15	हाफ़ज़	haafaz	ہافز	1	pass1_kept
p0452:L17	452	17	ऐसा धमर्शील व्यि		ایسا دھمرشیل وی		pass1_kept
p0453:L9	453	9	हल		ہل		pass1_kept
p0453:L12	453	12	मसालों में प्रयोग होने वाली एक झड़ी		مسالوں میں پریوگ ہونے والی ایک جھڑی		pass1_kept
p0453:L14	453	14	खेितहर		کھیتہر		pass1_kept
p0453:L19	453	19	हाई	haaie	ہائی	E	pass1_kept
p0454:L5	454	5	घोड़ों का िहनिहनाना		گھوڑوں کا ہنہنانا		pass1_kept
p0454:L13	454	13	भारत क		بھارت ک	Indian BwriqX nwigRk, ihNdsqwnI	pass1_kept
p0454:L17	454	17	िहफ़ज़	hifaz	ہفز	nf:Protection	pass1_kept
p0454:L19	454	19	िहफ़ाज़त	hifaazat	ہفازت	nf:Supervision	pass1_kept
p0454:L20	454	20	िहब्बौ	hibbo	ہبو	Gift/ grant of immovable property	pass2_refined
p0454:L21	454	21	िहम्मत	himmat	ہمت	Courage	pass2_refined
p0454:L23	454	23	िहसर्	hirs	ہسر	nf:Overambition	pass1_kept
p0454:L24	454	24	िहसर्णू	hirsnu	ہسرنو	Long	pass1_kept
p0455:L13	455	13	पंजाब क		پنجاب ک		pass1_kept
p0455:L16	455	16	हील ह		ہیل ہ	Evasion	pass1_kept
p0455:L23	455	23	ह		ہ	nm:Smoking pipe	pass1_kept
p0455:L24	455	24	तम्बाकू पीने के िलए िवशेष		تمباکو پینے کے لئے وشیش		pass1_kept
p0455:L25	455	25	ह		ہ	nf	pass1_kept
p0455:L29	455	29	ह		ہ	Someone with extra teeth	pass1_kept
p0456:L18	456	18	ह		ہ	n:Stuffiness;humidity	pass1_kept
p0456:L19	456	19	ह		ہ		pass1_kept
p0456:L23	456	23	िजन्होंने यज़ीद का शासन स्वीकार नहीं िकया था िजसके कारण उन्हें कबर्ला के युद्ध में		جنہوننے یزید کا شاسن سویکار نہیں کیا تھا جسکے کارن انہیں کبرلا کے یدھ میں		pass2_refined
p0456:L24	456	24	शहीद िकया गया था।		شہید کیا گیا تھا۔		pass1_kept
p0456:L32	456	32	गोजरी वणर्माला का नौवां		گوجری ونرمالا کا نوواں		pass1_kept
p0457:L14	457	14	हैज़	haiz	ہیز	nm:Menses in women	pass1_kept
p0457:L15	457	15	हैज़ो	haizo	ہیزو	Cholera	pass1_kept
p0458:L17	458	17	भारत में िहन्दुओं के द्वारा मनाया जानेवाला रंगों का त्यौहार		بھارت میں ہندؤں کے دوارا منایا جانیوالا رنگوں کا تیوہار		pass1_kept
p0458:L21	458	21	होळो	holo	ہولو	Light	pass1_kept
p0458:L22	458	22	हौश	hosh	ہوش	Sense	pass1_kept
p0458:L23	458	23	हौशयार	hoshyaar	ہوشیار	Vigilant;aware;alert;clever	pass1_kept
p0458:L24	458	24	हौसलो	hosLo	حوصلو	nm:Courage	pass2_refined
p0458:L25	458	25	हौसला अफ़ज़ाई		ہوسلا افزائی		pass1_kept
