clip	duration[ms]
common_voice_gju_42108600.mp3	2016
common_voice_gju_42106596.mp3	3348
common_voice_gju_42562835.mp3	2700
common_voice_gju_42619803.mp3	4140
common_voice_gju_42167742.mp3	2808
common_voice_gju_42112404.mp3	3816
common_voice_gju_42588257.mp3	3780
common_voice_gju_42109361.mp3	2196
common_voice_gju_42565857.mp3	3996
common_voice_gju_42562710.mp3	4248
common_voice_gju_42476594.mp3	2628
common_voice_gju_42107653.mp3	5076
common_voice_gju_42167245.mp3	2448
common_voice_gju_42565489.mp3	1836
common_voice_gju_42090331.mp3	2448
common_voice_gju_42112466.mp3	2376
common_voice_gju_42537393.mp3	1800
common_voice_gju_42199765.mp3	2520
common_voice_gju_42112506.mp3	3420
common_voice_gju_42613800.mp3	1980
common_voice_gju_42100921.mp3	2160
common_voice_gju_42409026.mp3	2988
common_voice_gju_42195399.mp3	2520
common_voice_gju_42476799.mp3	4320
common_voice_gju_42182701.mp3	2088
common_voice_gju_42587681.mp3	3816
common_voice_gju_42478616.mp3	2556
common_voice_gju_42562141.mp3	5076
common_voice_gju_42565519.mp3	1908
common_voice_gju_42537352.mp3	2628
common_voice_gju_42565545.mp3	4860
common_voice_gju_42601330.mp3	4428
common_voice_gju_42200248.mp3	1980
common_voice_gju_42099659.mp3	3600
common_voice_gju_42565221.mp3	4968
common_voice_gju_42107489.mp3	2916
common_voice_gju_42200464.mp3	3060
common_voice_gju_42101295.mp3	8676
common_voice_gju_42501023.mp3	1908
common_voice_gju_42167589.mp3	5076
common_voice_gju_42565260.mp3	3996
common_voice_gju_42101225.mp3	2916
common_voice_gju_42613536.mp3	3600
common_voice_gju_42121483.mp3	2196
common_voice_gju_42562929.mp3	5688
common_voice_gju_42587999.mp3	1908
common_voice_gju_42087665.mp3	2988
common_voice_gju_42107731.mp3	6516
common_voice_gju_42604198.mp3	4068
common_voice_gju_42409214.mp3	8640
common_voice_gju_42530130.mp3	1980
common_voice_gju_42563224.mp3	3996
common_voice_gju_42562268.mp3	3420
common_voice_gju_42604088.mp3	3168
common_voice_gju_42196231.mp3	1620
common_voice_gju_42601430.mp3	2376
common_voice_gju_42185002.mp3	2160
common_voice_gju_42198636.mp3	2088
common_voice_gju_42199376.mp3	2628
common_voice_gju_42601708.mp3	2088
common_voice_gju_42167701.mp3	1656
common_voice_gju_42107365.mp3	2448
common_voice_gju_42184940.mp3	5760
common_voice_gju_42562673.mp3	3096
common_voice_gju_42637900.mp3	3528
common_voice_gju_42560959.mp3	5076
common_voice_gju_42502451.mp3	5400
common_voice_gju_42587547.mp3	3996
common_voice_gju_42637587.mp3	4860
common_voice_gju_42107845.mp3	2088
common_voice_gju_42111888.mp3	2808
common_voice_gju_42637547.mp3	3528
common_voice_gju_42101800.mp3	3240
common_voice_gju_42182875.mp3	3420
common_voice_gju_42197908.mp3	1440
common_voice_gju_42167346.mp3	3060
common_voice_gju_42537354.mp3	2988
common_voice_gju_42601656.mp3	1836
common_voice_gju_42107695.mp3	2340
common_voice_gju_42476534.mp3	2988
common_voice_gju_42565585.mp3	4716
common_voice_gju_42565533.mp3	2016
common_voice_gju_42462087.mp3	4500
common_voice_gju_42601480.mp3	7308
common_voice_gju_42565390.mp3	1980
common_voice_gju_42087501.mp3	5040
common_voice_gju_42476695.mp3	2016
common_voice_gju_42167235.mp3	5148
common_voice_gju_42187142.mp3	4788
common_voice_gju_42109396.mp3	2736
common_voice_gju_42587902.mp3	2988
common_voice_gju_42121900.mp3	3888
common_voice_gju_42196025.mp3	3060
common_voice_gju_42604104.mp3	6768
common_voice_gju_42637923.mp3	4860
common_voice_gju_42090408.mp3	2808
common_voice_gju_42198543.mp3	1116
common_voice_gju_42562437.mp3	1908
common_voice_gju_42111320.mp3	3816
common_voice_gju_42502459.mp3	3240
common_voice_gju_42562959.mp3	4068
common_voice_gju_42107407.mp3	3276
common_voice_gju_42603744.mp3	5976
common_voice_gju_42601561.mp3	1656
common_voice_gju_42563156.mp3	4140
common_voice_gju_42501073.mp3	2376
common_voice_gju_42100323.mp3	2376
common_voice_gju_42537328.mp3	3780
common_voice_gju_42198153.mp3	1296
common_voice_gju_42481124.mp3	2160
common_voice_gju_42200304.mp3	1656
common_voice_gju_42107904.mp3	6228
common_voice_gju_42199615.mp3	1980
common_voice_gju_42529692.mp3	2808
common_voice_gju_42613485.mp3	2700
common_voice_gju_42121892.mp3	1836
common_voice_gju_42187144.mp3	2088
common_voice_gju_42198283.mp3	3420
common_voice_gju_42604258.mp3	3528
common_voice_gju_42587926.mp3	1656
common_voice_gju_42090040.mp3	3636
common_voice_gju_42563036.mp3	3060
common_voice_gju_42102526.mp3	4860
common_voice_gju_42537276.mp3	5220
common_voice_gju_42476506.mp3	2088
common_voice_gju_42604308.mp3	1836
common_voice_gju_42530040.mp3	1728
common_voice_gju_42476724.mp3	5940
common_voice_gju_42587602.mp3	2808
common_voice_gju_42604477.mp3	1728
common_voice_gju_42601639.mp3	3960
common_voice_gju_42121513.mp3	8028
common_voice_gju_42188169.mp3	2520
common_voice_gju_42091137.mp3	2196
common_voice_gju_42091245.mp3	2196
common_voice_gju_42107484.mp3	1728
common_voice_gju_42087467.mp3	2448
common_voice_gju_42601543.mp3	2808
common_voice_gju_42199814.mp3	1980
common_voice_gju_42184769.mp3	2628
common_voice_gju_42478634.mp3	3636
common_voice_gju_42090328.mp3	3708
common_voice_gju_42612918.mp3	3636
common_voice_gju_42587662.mp3	4320
common_voice_gju_42555992.mp3	2340
common_voice_gju_42409584.mp3	3780
common_voice_gju_42565459.mp3	1620
common_voice_gju_42091377.mp3	5616
common_voice_gju_42612662.mp3	3996
common_voice_gju_42619805.mp3	4140
common_voice_gju_42461247.mp3	2088
common_voice_gju_42529319.mp3	2268
common_voice_gju_42604132.mp3	2880
common_voice_gju_42087468.mp3	2988
common_voice_gju_42107651.mp3	3600
common_voice_gju_42476520.mp3	2160
common_voice_gju_42107403.mp3	1980
common_voice_gju_42100885.mp3	2556
common_voice_gju_42167291.mp3	3168
common_voice_gju_42461658.mp3	3096
common_voice_gju_42100430.mp3	5796
common_voice_gju_42137581.mp3	4608
common_voice_gju_42167506.mp3	3708
common_voice_gju_42562677.mp3	2016
common_voice_gju_42080118.mp3	2088
common_voice_gju_42107595.mp3	9828
common_voice_gju_42107885.mp3	5220
common_voice_gju_42603820.mp3	4680
common_voice_gju_42137221.mp3	4500
common_voice_gju_42603929.mp3	1620
common_voice_gju_42613463.mp3	4428
common_voice_gju_42565490.mp3	3816
common_voice_gju_42107648.mp3	10116
common_voice_gju_42089676.mp3	2988
common_voice_gju_42502480.mp3	3600
common_voice_gju_42613637.mp3	5076
common_voice_gju_42167616.mp3	2268
common_voice_gju_42083767.mp3	4680
common_voice_gju_42460763.mp3	3276
common_voice_gju_42562895.mp3	1728
common_voice_gju_42502461.mp3	3060
common_voice_gju_42109454.mp3	3996
common_voice_gju_42111398.mp3	2520
common_voice_gju_42089654.mp3	5868
common_voice_gju_42476501.mp3	2196
common_voice_gju_42102142.mp3	4320
common_voice_gju_42199326.mp3	2736
common_voice_gju_42462035.mp3	3636
common_voice_gju_42601485.mp3	3780
common_voice_gju_42562824.mp3	3276
common_voice_gju_42461525.mp3	2808
common_voice_gju_42587689.mp3	2088
common_voice_gju_42613622.mp3	1836
common_voice_gju_42195369.mp3	3636
common_voice_gju_42481064.mp3	2088
common_voice_gju_42604127.mp3	4860
common_voice_gju_42106901.mp3	2376
common_voice_gju_42107681.mp3	1908
common_voice_gju_42188283.mp3	3096
common_voice_gju_42638020.mp3	2808
common_voice_gju_42460874.mp3	3096
common_voice_gju_42588073.mp3	6840
common_voice_gju_42562079.mp3	4500
common_voice_gju_42563259.mp3	3240
common_voice_gju_42089999.mp3	15120
common_voice_gju_42167554.mp3	4068
common_voice_gju_42197944.mp3	2556
common_voice_gju_42167165.mp3	3420
common_voice_gju_42121872.mp3	1836
common_voice_gju_42478580.mp3	2628
common_voice_gju_42587522.mp3	4356
common_voice_gju_42080088.mp3	1836
common_voice_gju_42121542.mp3	2376
common_voice_gju_42087612.mp3	7308
common_voice_gju_42462108.mp3	2988
common_voice_gju_42107101.mp3	2736
common_voice_gju_42167226.mp3	2520
common_voice_gju_42497558.mp3	2520
common_voice_gju_42409640.mp3	5580
common_voice_gju_42562418.mp3	1728
common_voice_gju_42167458.mp3	2736
common_voice_gju_42497484.mp3	3456
common_voice_gju_42565336.mp3	2736
common_voice_gju_42108170.mp3	2628
common_voice_gju_42562599.mp3	3240
common_voice_gju_42501199.mp3	2880
common_voice_gju_42562658.mp3	1800
common_voice_gju_42529214.mp3	2160
common_voice_gju_42409132.mp3	3996
common_voice_gju_42613676.mp3	1620
common_voice_gju_42111450.mp3	2376
common_voice_gju_42478688.mp3	4068
common_voice_gju_42100356.mp3	2700
common_voice_gju_42106561.mp3	4068
common_voice_gju_42537267.mp3	7056
common_voice_gju_42565838.mp3	2448
common_voice_gju_42613443.mp3	1908
common_voice_gju_42603968.mp3	2736
common_voice_gju_42102516.mp3	4320
common_voice_gju_42565496.mp3	3528
common_voice_gju_42090816.mp3	6300
common_voice_gju_42107851.mp3	4716
common_voice_gju_42100244.mp3	5256
common_voice_gju_42461265.mp3	2340
common_voice_gju_42604240.mp3	2700
common_voice_gju_42109211.mp3	3060
common_voice_gju_42500863.mp3	2268
common_voice_gju_42089822.mp3	7956
common_voice_gju_42199254.mp3	2196
common_voice_gju_42199820.mp3	2268
common_voice_gju_42188228.mp3	1980
common_voice_gju_42409038.mp3	4860
common_voice_gju_42111931.mp3	3240
common_voice_gju_42090387.mp3	5400
common_voice_gju_42197287.mp3	1260
common_voice_gju_42565827.mp3	3996
common_voice_gju_42089680.mp3	7740
common_voice_gju_42603765.mp3	1908
common_voice_gju_42195290.mp3	2628
common_voice_gju_42087512.mp3	2448
common_voice_gju_42101495.mp3	2088
common_voice_gju_42199463.mp3	1476
common_voice_gju_42080027.mp3	2376
common_voice_gju_42601349.mp3	5976
common_voice_gju_42108208.mp3	1728
common_voice_gju_42112438.mp3	2556
common_voice_gju_42476714.mp3	2556
common_voice_gju_42613787.mp3	3960
common_voice_gju_42167721.mp3	2808
common_voice_gju_42121912.mp3	1908
common_voice_gju_42107820.mp3	6948
common_voice_gju_42108602.mp3	1620
common_voice_gju_42107682.mp3	3240
common_voice_gju_42587556.mp3	4320
common_voice_gju_42587289.mp3	2520
common_voice_gju_42529084.mp3	3420
common_voice_gju_42637870.mp3	1980
common_voice_gju_42100883.mp3	2016
common_voice_gju_42199669.mp3	1440
common_voice_gju_42409726.mp3	4068
common_voice_gju_42112544.mp3	4680
common_voice_gju_42188598.mp3	2016
common_voice_gju_42476801.mp3	2520
common_voice_gju_42594987.mp3	4608
common_voice_gju_42562238.mp3	2448
common_voice_gju_42089621.mp3	3276
common_voice_gju_42108719.mp3	2880
common_voice_gju_42461991.mp3	2448
common_voice_gju_42409786.mp3	3816
common_voice_gju_42461528.mp3	3708
common_voice_gju_42587694.mp3	2808
common_voice_gju_42179870.mp3	4176
common_voice_gju_42107216.mp3	4068
common_voice_gju_42101299.mp3	2016
common_voice_gju_42588181.mp3	2268
common_voice_gju_42587513.mp3	3528
common_voice_gju_42476358.mp3	4788
common_voice_gju_42108454.mp3	2736
common_voice_gju_42529997.mp3	3168
common_voice_gju_42090314.mp3	2880
common_voice_gju_42562215.mp3	4068
common_voice_gju_42613596.mp3	4248
common_voice_gju_42107737.mp3	4536
common_voice_gju_42409333.mp3	4716
common_voice_gju_42612711.mp3	5256
common_voice_gju_42622320.mp3	1800
common_voice_gju_42409406.mp3	2376
common_voice_gju_42565851.mp3	2520
common_voice_gju_42089823.mp3	2880
common_voice_gju_42199952.mp3	2340
common_voice_gju_42179799.mp3	2556
common_voice_gju_42594943.mp3	4356
common_voice_gju_42461602.mp3	2268
common_voice_gju_42167712.mp3	2808
common_voice_gju_42198155.mp3	2268
common_voice_gju_42200441.mp3	1260
common_voice_gju_42587411.mp3	3456
common_voice_gju_42562516.mp3	2448
common_voice_gju_42587470.mp3	2556
common_voice_gju_42111350.mp3	1656
common_voice_gju_42182657.mp3	2016
common_voice_gju_42613921.mp3	2988
common_voice_gju_42622100.mp3	3780
common_voice_gju_42184722.mp3	1368
common_voice_gju_42107051.mp3	6588
common_voice_gju_42121869.mp3	3060
common_voice_gju_42087545.mp3	6840
common_voice_gju_42102745.mp3	3168
common_voice_gju_42476557.mp3	2700
common_voice_gju_42481156.mp3	6120
common_voice_gju_42587319.mp3	3888
common_voice_gju_42109077.mp3	4068
common_voice_gju_42562260.mp3	5256
common_voice_gju_42200112.mp3	3456
common_voice_gju_42604178.mp3	1728
common_voice_gju_42501226.mp3	2520
common_voice_gju_42637556.mp3	2736
common_voice_gju_42604454.mp3	2880
common_voice_gju_42462003.mp3	3600
common_voice_gju_42478694.mp3	4176
common_voice_gju_42102697.mp3	10476
common_voice_gju_42199872.mp3	3096
common_voice_gju_42112493.mp3	5580
common_voice_gju_42108483.mp3	3168
common_voice_gju_42409478.mp3	3816
common_voice_gju_42565891.mp3	2160
common_voice_gju_42198165.mp3	2736
common_voice_gju_42461545.mp3	2700
common_voice_gju_42112352.mp3	7920
common_voice_gju_42199866.mp3	4356
common_voice_gju_42594976.mp3	3636
common_voice_gju_42565774.mp3	3888
common_voice_gju_42587630.mp3	3456
common_voice_gju_42109239.mp3	3816
common_voice_gju_42101137.mp3	6120
common_voice_gju_42100446.mp3	1980
common_voice_gju_42101310.mp3	6480
common_voice_gju_42109201.mp3	3816
common_voice_gju_42087472.mp3	3060
common_voice_gju_42102331.mp3	4500
common_voice_gju_42604326.mp3	2736
common_voice_gju_42603935.mp3	1800
common_voice_gju_42111214.mp3	2988
common_voice_gju_42107739.mp3	2160
common_voice_gju_42565424.mp3	4428
common_voice_gju_42109280.mp3	2160
common_voice_gju_42563126.mp3	3060
common_voice_gju_42091039.mp3	4536
common_voice_gju_42112426.mp3	5616
common_voice_gju_42637690.mp3	2196
common_voice_gju_42111274.mp3	1728
common_voice_gju_42613733.mp3	3456
common_voice_gju_42108103.mp3	3528
common_voice_gju_42107109.mp3	5076
common_voice_gju_42107597.mp3	2880
common_voice_gju_42476432.mp3	4536
common_voice_gju_42481106.mp3	2340
common_voice_gju_42603814.mp3	2016
common_voice_gju_42565462.mp3	2808
common_voice_gju_42604202.mp3	4068
common_voice_gju_42101596.mp3	5076
common_voice_gju_42501061.mp3	2376
common_voice_gju_42562333.mp3	2196
common_voice_gju_42195882.mp3	2160
common_voice_gju_42562570.mp3	4176
common_voice_gju_42197370.mp3	2196
common_voice_gju_42461512.mp3	2376
common_voice_gju_42179889.mp3	1656
common_voice_gju_42601542.mp3	2160
common_voice_gju_42200102.mp3	1656
common_voice_gju_42108455.mp3	2340
common_voice_gju_42198158.mp3	1836
common_voice_gju_42195418.mp3	1728
common_voice_gju_42089677.mp3	3888
common_voice_gju_42195966.mp3	2268
common_voice_gju_42461207.mp3	2916
common_voice_gju_42109129.mp3	4068
common_voice_gju_42409724.mp3	2988
common_voice_gju_42109340.mp3	3960
common_voice_gju_42101779.mp3	3600
common_voice_gju_42476345.mp3	3708
common_voice_gju_42476353.mp3	3636
common_voice_gju_42561058.mp3	1908
common_voice_gju_42587418.mp3	2628
common_voice_gju_42102860.mp3	4500
common_voice_gju_42588173.mp3	3096
common_voice_gju_42601379.mp3	4680
common_voice_gju_42197156.mp3	1620
common_voice_gju_42587738.mp3	3348
common_voice_gju_42565796.mp3	4500
common_voice_gju_42476700.mp3	4680
common_voice_gju_42187171.mp3	1080
common_voice_gju_42594944.mp3	8028
common_voice_gju_42112690.mp3	3528
common_voice_gju_42594986.mp3	6588
common_voice_gju_42197884.mp3	4428
common_voice_gju_42500906.mp3	5580
common_voice_gju_42167244.mp3	5040
common_voice_gju_42087408.mp3	3348
common_voice_gju_42108186.mp3	3096
common_voice_gju_42587711.mp3	4320
common_voice_gju_42408937.mp3	1908
common_voice_gju_42594911.mp3	3600
common_voice_gju_42612956.mp3	3276
common_voice_gju_42612682.mp3	4680
common_voice_gju_42195917.mp3	1728
common_voice_gju_42476433.mp3	2160
common_voice_gju_42089899.mp3	2556
common_voice_gju_42619928.mp3	5400
common_voice_gju_42112600.mp3	4716
common_voice_gju_42408899.mp3	2520
common_voice_gju_42111149.mp3	2016
common_voice_gju_42619915.mp3	3456
common_voice_gju_42587793.mp3	2808
common_voice_gju_42460766.mp3	6336
common_voice_gju_42461633.mp3	2628
common_voice_gju_42112621.mp3	2196
common_voice_gju_42461561.mp3	2808
common_voice_gju_42565794.mp3	4968
common_voice_gju_42587695.mp3	3888
common_voice_gju_42091408.mp3	2340
common_voice_gju_42197374.mp3	1296
common_voice_gju_42601744.mp3	2916
common_voice_gju_42109334.mp3	3456
common_voice_gju_42196039.mp3	1836
common_voice_gju_42184668.mp3	3060
common_voice_gju_42562317.mp3	3348
common_voice_gju_42502460.mp3	3348
common_voice_gju_42108224.mp3	3348
common_voice_gju_42601408.mp3	4248
common_voice_gju_42588113.mp3	2376
common_voice_gju_42587373.mp3	3528
common_voice_gju_42565637.mp3	1980
common_voice_gju_42502431.mp3	3528
common_voice_gju_42612916.mp3	5976
common_voice_gju_42565568.mp3	6048
common_voice_gju_42409010.mp3	4176
common_voice_gju_42409578.mp3	7020
common_voice_gju_42198046.mp3	1800
common_voice_gju_42478528.mp3	1800
common_voice_gju_42199683.mp3	1728
common_voice_gju_42111281.mp3	3060
common_voice_gju_42409021.mp3	3888
common_voice_gju_42563171.mp3	4140
common_voice_gju_42478549.mp3	6120
common_voice_gju_42197157.mp3	1368
common_voice_gju_42107707.mp3	3780
common_voice_gju_42091215.mp3	2016
common_voice_gju_42108092.mp3	2916
common_voice_gju_42476357.mp3	2700
common_voice_gju_42198066.mp3	1800
common_voice_gju_42562843.mp3	2556
common_voice_gju_42612826.mp3	2196
common_voice_gju_42188161.mp3	2988
common_voice_gju_42195362.mp3	1800
common_voice_gju_42562439.mp3	1980
common_voice_gju_42565429.mp3	4860
common_voice_gju_42612666.mp3	4320
common_voice_gju_42101481.mp3	6768
common_voice_gju_42109327.mp3	3420
common_voice_gju_42529289.mp3	7776
common_voice_gju_42637751.mp3	2016
common_voice_gju_42588056.mp3	2880
common_voice_gju_42587311.mp3	4788
common_voice_gju_42195908.mp3	1656
common_voice_gju_42565272.mp3	3780
common_voice_gju_42530115.mp3	2340
common_voice_gju_42101649.mp3	4320
common_voice_gju_42188520.mp3	1296
common_voice_gju_42565261.mp3	2700
common_voice_gju_42090846.mp3	4968
common_voice_gju_42108572.mp3	3096
common_voice_gju_42200341.mp3	1260
common_voice_gju_42601627.mp3	2808
common_voice_gju_42112491.mp3	3780
common_voice_gju_42107304.mp3	3168
common_voice_gju_42601740.mp3	1800
common_voice_gju_42565326.mp3	2988
common_voice_gju_42107459.mp3	3420
common_voice_gju_42562870.mp3	1656
common_voice_gju_42182689.mp3	2736
common_voice_gju_42476460.mp3	6768
common_voice_gju_42112405.mp3	2196
common_voice_gju_42613677.mp3	1980
common_voice_gju_42107520.mp3	2268
common_voice_gju_42461272.mp3	3528
common_voice_gju_42565413.mp3	3636
common_voice_gju_42637801.mp3	2376
common_voice_gju_42565749.mp3	3420
common_voice_gju_42199160.mp3	2448
common_voice_gju_42121888.mp3	2340
common_voice_gju_42197181.mp3	1476
common_voice_gju_42537314.mp3	1980
common_voice_gju_42184690.mp3	3996
common_voice_gju_42107828.mp3	2160
common_voice_gju_42476409.mp3	3636
common_voice_gju_42107408.mp3	4860
common_voice_gju_42562860.mp3	4608
common_voice_gju_42587288.mp3	3528
common_voice_gju_42476373.mp3	2556
common_voice_gju_42167166.mp3	1908
common_voice_gju_42103260.mp3	4716
common_voice_gju_42562237.mp3	2376
common_voice_gju_42461526.mp3	1908
common_voice_gju_42562214.mp3	3636
common_voice_gju_42563118.mp3	5400
common_voice_gju_42409725.mp3	1908
common_voice_gju_42613489.mp3	1800
common_voice_gju_42108259.mp3	2916
common_voice_gju_42107898.mp3	1908
common_voice_gju_42476811.mp3	2448
common_voice_gju_42087589.mp3	2628
common_voice_gju_42565324.mp3	3816
common_voice_gju_42476586.mp3	5868
common_voice_gju_42565661.mp3	3636
common_voice_gju_42107827.mp3	4140
common_voice_gju_42107450.mp3	4356
common_voice_gju_42562273.mp3	5040
common_voice_gju_42478648.mp3	1908
common_voice_gju_42199133.mp3	3168
common_voice_gju_42199443.mp3	1836
common_voice_gju_42537361.mp3	9756
common_voice_gju_42476568.mp3	4968
common_voice_gju_42461970.mp3	4176
common_voice_gju_42478520.mp3	2340
common_voice_gju_42562647.mp3	4860
common_voice_gju_42587448.mp3	2880
common_voice_gju_42562346.mp3	3348
common_voice_gju_42637726.mp3	2196
common_voice_gju_42588178.mp3	2628
common_voice_gju_42107314.mp3	4860
common_voice_gju_42612919.mp3	3600
common_voice_gju_42137594.mp3	2988
common_voice_gju_42108456.mp3	4968
common_voice_gju_42565651.mp3	2268
common_voice_gju_42620295.mp3	5400
common_voice_gju_42537383.mp3	4176
common_voice_gju_42111182.mp3	2448
common_voice_gju_42184306.mp3	2268
common_voice_gju_42101311.mp3	3780
common_voice_gju_42198366.mp3	2196
common_voice_gju_42565361.mp3	3060
common_voice_gju_42460880.mp3	4716
common_voice_gju_42106924.mp3	3276
common_voice_gju_42565290.mp3	5868
common_voice_gju_42612868.mp3	3168
common_voice_gju_42612815.mp3	4428
common_voice_gju_42107436.mp3	2628
common_voice_gju_42179858.mp3	2340
common_voice_gju_42137220.mp3	4716
common_voice_gju_42588019.mp3	5040
common_voice_gju_42500923.mp3	2016
common_voice_gju_42179802.mp3	1656
common_voice_gju_42409364.mp3	4356
common_voice_gju_42637953.mp3	6840
common_voice_gju_42091174.mp3	2556
common_voice_gju_42102715.mp3	4320
common_voice_gju_42612840.mp3	3636
common_voice_gju_42108234.mp3	3060
common_voice_gju_42112707.mp3	7416
common_voice_gju_42587780.mp3	1908
common_voice_gju_42107650.mp3	5940
common_voice_gju_42109108.mp3	3636
common_voice_gju_42200517.mp3	1476
common_voice_gju_42478546.mp3	6228
common_voice_gju_42409190.mp3	2448
common_voice_gju_42111858.mp3	2556
common_voice_gju_42612957.mp3	3708
common_voice_gju_42107348.mp3	7020
common_voice_gju_42478594.mp3	4608
common_voice_gju_42409436.mp3	2448
common_voice_gju_42199924.mp3	1980
common_voice_gju_42112284.mp3	1656
common_voice_gju_42565617.mp3	2628
common_voice_gju_42112560.mp3	2988
common_voice_gju_42180025.mp3	2628
common_voice_gju_42476580.mp3	3348
common_voice_gju_42199619.mp3	1836
common_voice_gju_42167509.mp3	2628
common_voice_gju_42461986.mp3	3708
common_voice_gju_42188698.mp3	1800
common_voice_gju_42587876.mp3	3888
common_voice_gju_42091184.mp3	2088
common_voice_gju_42500876.mp3	2448
common_voice_gju_42562236.mp3	3276
common_voice_gju_42562750.mp3	4428
common_voice_gju_42603755.mp3	1728
common_voice_gju_42198642.mp3	1980
common_voice_gju_42588269.mp3	1620
common_voice_gju_42604222.mp3	2700
common_voice_gju_42637922.mp3	2160
common_voice_gju_42137590.mp3	3276
common_voice_gju_42090361.mp3	4068
common_voice_gju_42188262.mp3	5580
common_voice_gju_42594935.mp3	3528
common_voice_gju_42476679.mp3	5760
common_voice_gju_42637675.mp3	2736
common_voice_gju_42499623.mp3	2196
common_voice_gju_42090497.mp3	2088
common_voice_gju_42565908.mp3	2196
common_voice_gju_42604358.mp3	7236
common_voice_gju_42137437.mp3	4788
common_voice_gju_42562125.mp3	3420
common_voice_gju_42530011.mp3	2376
common_voice_gju_42200179.mp3	2340
common_voice_gju_42197915.mp3	1980
common_voice_gju_42101951.mp3	3060
common_voice_gju_42562893.mp3	3240
common_voice_gju_42137179.mp3	1836
common_voice_gju_42197405.mp3	1188
common_voice_gju_42111272.mp3	3816
common_voice_gju_42409160.mp3	3348
common_voice_gju_42604351.mp3	3348
common_voice_gju_42478608.mp3	3780
common_voice_gju_42106810.mp3	12888
common_voice_gju_42637812.mp3	2880
common_voice_gju_42587658.mp3	2628
common_voice_gju_42188664.mp3	1440
common_voice_gju_42102432.mp3	4356
common_voice_gju_42409385.mp3	2808
common_voice_gju_42197344.mp3	1908
common_voice_gju_42481096.mp3	3096
common_voice_gju_42197122.mp3	1476
common_voice_gju_42587725.mp3	2520
common_voice_gju_42109021.mp3	2196
common_voice_gju_42529595.mp3	2700
common_voice_gju_42100559.mp3	8460
common_voice_gju_42588049.mp3	2808
common_voice_gju_42476327.mp3	5436
common_voice_gju_42476459.mp3	4788
common_voice_gju_42179960.mp3	1548
common_voice_gju_42112251.mp3	2808
common_voice_gju_42476418.mp3	2376
common_voice_gju_42601471.mp3	2196
common_voice_gju_42099689.mp3	3276
common_voice_gju_42080190.mp3	1728
common_voice_gju_42562109.mp3	2988
common_voice_gju_42196009.mp3	1836
common_voice_gju_42108965.mp3	3636
common_voice_gju_42112721.mp3	6156
common_voice_gju_42121481.mp3	5148
common_voice_gju_42476609.mp3	2088
common_voice_gju_42637830.mp3	3708
common_voice_gju_42476598.mp3	3528
common_voice_gju_42565687.mp3	1980
common_voice_gju_42562574.mp3	3240
common_voice_gju_42562347.mp3	4140
common_voice_gju_42613857.mp3	5688
common_voice_gju_42612685.mp3	4176
common_voice_gju_42112441.mp3	3528
common_voice_gju_42199149.mp3	1476
common_voice_gju_42409586.mp3	3708
common_voice_gju_42537378.mp3	2196
common_voice_gju_42501187.mp3	3420
common_voice_gju_42198305.mp3	2736
common_voice_gju_42089633.mp3	2268
common_voice_gju_42478637.mp3	2088
common_voice_gju_42603906.mp3	5076
common_voice_gju_42408935.mp3	1728
common_voice_gju_42537289.mp3	3168
common_voice_gju_42619987.mp3	3060
common_voice_gju_42106922.mp3	3816
common_voice_gju_42500872.mp3	1908
common_voice_gju_42622259.mp3	4248
common_voice_gju_42562394.mp3	4968
common_voice_gju_42200173.mp3	2376
common_voice_gju_42090449.mp3	2808
common_voice_gju_42565419.mp3	3960
common_voice_gju_42613788.mp3	3168
common_voice_gju_42167697.mp3	4248
common_voice_gju_42112276.mp3	2628
common_voice_gju_42137687.mp3	4716
common_voice_gju_42613790.mp3	1800
common_voice_gju_42588189.mp3	1980
common_voice_gju_42187290.mp3	4500
common_voice_gju_42460877.mp3	3888
common_voice_gju_42080068.mp3	1908
common_voice_gju_42478721.mp3	3816
common_voice_gju_42476756.mp3	2988
common_voice_gju_42121427.mp3	2700
common_voice_gju_42179869.mp3	1980
common_voice_gju_42111835.mp3	3240
common_voice_gju_42612944.mp3	2880
common_voice_gju_42107322.mp3	2160
common_voice_gju_42188216.mp3	2088
common_voice_gju_42106560.mp3	4500
common_voice_gju_42102554.mp3	2880
common_voice_gju_42502538.mp3	3528
common_voice_gju_42111275.mp3	1980
common_voice_gju_42198660.mp3	2088
common_voice_gju_42090620.mp3	3276
common_voice_gju_42537301.mp3	3780
common_voice_gju_42588139.mp3	3276
common_voice_gju_42409386.mp3	2016
common_voice_gju_42198285.mp3	1980
common_voice_gju_42537295.mp3	2556
common_voice_gju_42587276.mp3	4140
common_voice_gju_42199839.mp3	2448
common_voice_gju_42565752.mp3	4176
common_voice_gju_42565602.mp3	2160
common_voice_gju_42102007.mp3	3600
common_voice_gju_42107440.mp3	1656
common_voice_gju_42195266.mp3	1728
common_voice_gju_42179785.mp3	2340
common_voice_gju_42601714.mp3	2016
common_voice_gju_42562357.mp3	1728
common_voice_gju_42529720.mp3	5040
common_voice_gju_42108168.mp3	3168
common_voice_gju_42565299.mp3	3060
common_voice_gju_42612727.mp3	3276
common_voice_gju_42102738.mp3	6516
common_voice_gju_42197219.mp3	1656
common_voice_gju_42603763.mp3	1728
common_voice_gju_42481134.mp3	7560
common_voice_gju_42619860.mp3	3780
common_voice_gju_42096600.mp3	3276
common_voice_gju_42195424.mp3	2196
common_voice_gju_42197201.mp3	1476
common_voice_gju_42080089.mp3	3096
common_voice_gju_42601754.mp3	2520
common_voice_gju_42108258.mp3	2628
common_voice_gju_42613507.mp3	2556
common_voice_gju_42102378.mp3	3276
common_voice_gju_42562815.mp3	2520
common_voice_gju_42588067.mp3	2268
common_voice_gju_42537333.mp3	2520
common_voice_gju_42107497.mp3	1728
common_voice_gju_42638018.mp3	2016
common_voice_gju_42102282.mp3	2916
common_voice_gju_42087469.mp3	3060
common_voice_gju_42108742.mp3	5076
common_voice_gju_42106495.mp3	5076
common_voice_gju_42565693.mp3	2556
common_voice_gju_42588072.mp3	3420
common_voice_gju_42184296.mp3	2376
common_voice_gju_42565822.mp3	2700
common_voice_gju_42478665.mp3	2376
common_voice_gju_42103257.mp3	8748
common_voice_gju_42601483.mp3	2700
common_voice_gju_42109326.mp3	3636
common_voice_gju_42182911.mp3	2700
common_voice_gju_42196028.mp3	3096
common_voice_gju_42196797.mp3	2700
common_voice_gju_42107901.mp3	3276
common_voice_gju_42188672.mp3	1260
common_voice_gju_42409413.mp3	3780
common_voice_gju_42187313.mp3	3528
common_voice_gju_42089715.mp3	3960
common_voice_gju_42101483.mp3	2160
common_voice_gju_42409348.mp3	2088
common_voice_gju_42101014.mp3	6588
common_voice_gju_42167714.mp3	5868
common_voice_gju_42565529.mp3	2268
common_voice_gju_42200220.mp3	3240
common_voice_gju_42108151.mp3	4608
common_voice_gju_42199607.mp3	1836
common_voice_gju_42565833.mp3	3888
common_voice_gju_42111156.mp3	3636
common_voice_gju_42476471.mp3	2340
common_voice_gju_42102628.mp3	4068
common_voice_gju_42502515.mp3	5220
common_voice_gju_42195484.mp3	1296
common_voice_gju_42476518.mp3	2736
common_voice_gju_42188360.mp3	2196
common_voice_gju_42562554.mp3	2556
common_voice_gju_42099691.mp3	3816
common_voice_gju_42091380.mp3	2808
common_voice_gju_42476630.mp3	6228
common_voice_gju_42565420.mp3	5040
common_voice_gju_42563037.mp3	1980
common_voice_gju_42080192.mp3	1548
common_voice_gju_42637573.mp3	3276
common_voice_gju_42091429.mp3	2736
common_voice_gju_42091164.mp3	2160
common_voice_gju_42111832.mp3	3996
common_voice_gju_42561022.mp3	2700
common_voice_gju_42562814.mp3	5400
common_voice_gju_42197529.mp3	1908
common_voice_gju_42613573.mp3	4716
common_voice_gju_42529560.mp3	2988
common_voice_gju_42537269.mp3	2700
common_voice_gju_42565909.mp3	2808
common_voice_gju_42112619.mp3	3780
common_voice_gju_42185001.mp3	3168
common_voice_gju_42109386.mp3	4896
common_voice_gju_42476567.mp3	2268
common_voice_gju_42562316.mp3	4860
common_voice_gju_42102260.mp3	4428
common_voice_gju_42197106.mp3	1980
common_voice_gju_42108596.mp3	2160
common_voice_gju_42461627.mp3	3600
common_voice_gju_42497745.mp3	3816
common_voice_gju_42563102.mp3	6768
common_voice_gju_42199954.mp3	2520
common_voice_gju_42588281.mp3	4320
common_voice_gju_42613669.mp3	4608
common_voice_gju_42200143.mp3	1548
common_voice_gju_42562793.mp3	6948
common_voice_gju_42563117.mp3	6336
common_voice_gju_42563164.mp3	2016
common_voice_gju_42587610.mp3	1836
common_voice_gju_42563101.mp3	3168
common_voice_gju_42587552.mp3	5760
common_voice_gju_42188668.mp3	2340
common_voice_gju_42529682.mp3	3348
common_voice_gju_42090761.mp3	4248
common_voice_gju_42476391.mp3	2556
common_voice_gju_42565363.mp3	3276
common_voice_gju_42500959.mp3	4140
common_voice_gju_42111255.mp3	3420
common_voice_gju_42587717.mp3	6300
common_voice_gju_42107754.mp3	3060
common_voice_gju_42562667.mp3	3420
common_voice_gju_42199195.mp3	2268
common_voice_gju_42619959.mp3	3060
common_voice_gju_42180085.mp3	1980
common_voice_gju_42089611.mp3	2268
common_voice_gju_42100271.mp3	7128
common_voice_gju_42107332.mp3	1728
common_voice_gju_42102859.mp3	4860
common_voice_gju_42537374.mp3	2988
common_voice_gju_42476742.mp3	3096
common_voice_gju_42565333.mp3	4068
common_voice_gju_42637736.mp3	2916
common_voice_gju_42601343.mp3	1836
common_voice_gju_42111234.mp3	6588
common_voice_gju_42083768.mp3	4176
common_voice_gju_42100331.mp3	1800
common_voice_gju_42501208.mp3	2808
common_voice_gju_42195992.mp3	2808
common_voice_gju_42182640.mp3	5580
common_voice_gju_42476349.mp3	3168
common_voice_gju_42565610.mp3	3420
common_voice_gju_42199603.mp3	3096
common_voice_gju_42461524.mp3	2340
common_voice_gju_42108127.mp3	2700
common_voice_gju_42101423.mp3	3060
common_voice_gju_42565751.mp3	4356
common_voice_gju_42090630.mp3	11160
common_voice_gju_42612909.mp3	3456
common_voice_gju_42090594.mp3	5148
common_voice_gju_42501219.mp3	2340
common_voice_gju_42101680.mp3	7488
common_voice_gju_42112220.mp3	4176
common_voice_gju_42501113.mp3	2376
common_voice_gju_42100801.mp3	5760
common_voice_gju_42562931.mp3	2340
common_voice_gju_42587355.mp3	4716
common_voice_gju_42167327.mp3	2988
common_voice_gju_42562374.mp3	2088
common_voice_gju_42196026.mp3	1548
common_voice_gju_42565772.mp3	4788
common_voice_gju_42111152.mp3	3096
common_voice_gju_42501010.mp3	2520
common_voice_gju_42500957.mp3	2556
common_voice_gju_42121865.mp3	2088
common_voice_gju_42101140.mp3	1836
common_voice_gju_42199322.mp3	1440
common_voice_gju_42408900.mp3	2556
common_voice_gju_42537287.mp3	3240
common_voice_gju_42588028.mp3	3060
common_voice_gju_42107053.mp3	5436
common_voice_gju_42409178.mp3	2808
common_voice_gju_42112552.mp3	3600
common_voice_gju_42109308.mp3	4140
common_voice_gju_42196226.mp3	2700
common_voice_gju_42637588.mp3	4356
common_voice_gju_42179819.mp3	3888
common_voice_gju_42198350.mp3	1836
common_voice_gju_42409105.mp3	1980
common_voice_gju_42108767.mp3	3096
common_voice_gju_42121454.mp3	2016
common_voice_gju_42619899.mp3	2196
common_voice_gju_42108102.mp3	2376
common_voice_gju_42562915.mp3	2268
common_voice_gju_42461248.mp3	2700
common_voice_gju_42107293.mp3	2016
common_voice_gju_42587745.mp3	2160
common_voice_gju_42461276.mp3	3168
common_voice_gju_42478768.mp3	3888
common_voice_gju_42601545.mp3	2880
common_voice_gju_42087591.mp3	8496
common_voice_gju_42090595.mp3	2556
common_voice_gju_42622324.mp3	1620
common_voice_gju_42167382.mp3	2988
common_voice_gju_42565421.mp3	1800
common_voice_gju_42562717.mp3	3528
common_voice_gju_42200134.mp3	1296
common_voice_gju_42108185.mp3	5436
common_voice_gju_42565603.mp3	1800
common_voice_gju_42499648.mp3	2736
common_voice_gju_42198044.mp3	2988
common_voice_gju_42604476.mp3	2916
common_voice_gju_42612893.mp3	3168
common_voice_gju_42530073.mp3	2016
common_voice_gju_42476378.mp3	2880
common_voice_gju_42565492.mp3	2880
common_voice_gju_42460818.mp3	2988
common_voice_gju_42102314.mp3	2988
common_voice_gju_42476728.mp3	1800
common_voice_gju_42478624.mp3	2196
common_voice_gju_42562503.mp3	2448
common_voice_gju_42184691.mp3	1620
common_voice_gju_42478735.mp3	4428
common_voice_gju_42196225.mp3	3420
common_voice_gju_42529290.mp3	3420
common_voice_gju_42096593.mp3	3780
common_voice_gju_42090716.mp3	2448
common_voice_gju_42501201.mp3	2916
common_voice_gju_42562073.mp3	4248
common_voice_gju_42502479.mp3	3708
common_voice_gju_42107094.mp3	4248
common_voice_gju_42637820.mp3	3420
common_voice_gju_42199862.mp3	1440
common_voice_gju_42476549.mp3	5328
common_voice_gju_42603931.mp3	2520
common_voice_gju_42562389.mp3	2448
common_voice_gju_42179734.mp3	2988
common_voice_gju_42563064.mp3	3420
common_voice_gju_42565328.mp3	3960
common_voice_gju_42530039.mp3	1800
common_voice_gju_42565878.mp3	4248
common_voice_gju_42102487.mp3	3636
common_voice_gju_42102823.mp3	3888
common_voice_gju_42107866.mp3	5400
common_voice_gju_42612870.mp3	3528
common_voice_gju_42182672.mp3	3636
common_voice_gju_42601735.mp3	3096
common_voice_gju_42603786.mp3	2556
common_voice_gju_42200215.mp3	1836
common_voice_gju_42102360.mp3	1800
common_voice_gju_42562358.mp3	2808
common_voice_gju_42530050.mp3	2448
common_voice_gju_42588091.mp3	4716
common_voice_gju_42565638.mp3	2160
common_voice_gju_42562995.mp3	4176
common_voice_gju_42529551.mp3	2808
common_voice_gju_42562784.mp3	1620
common_voice_gju_42184333.mp3	2340
common_voice_gju_42594940.mp3	3276
common_voice_gju_42476356.mp3	3168
common_voice_gju_42101410.mp3	2628
common_voice_gju_42604204.mp3	2268
common_voice_gju_42090376.mp3	2340
common_voice_gju_42089886.mp3	2448
common_voice_gju_42121444.mp3	3276
common_voice_gju_42100703.mp3	2376
common_voice_gju_42087491.mp3	3636
common_voice_gju_42199508.mp3	2988
common_voice_gju_42100344.mp3	3240
common_voice_gju_42499672.mp3	2340
common_voice_gju_42481175.mp3	2448
common_voice_gju_42100620.mp3	2268
common_voice_gju_42107647.mp3	2880
common_voice_gju_42601586.mp3	2808
common_voice_gju_42101945.mp3	6156
common_voice_gju_42562556.mp3	1836
common_voice_gju_42613691.mp3	5220
common_voice_gju_42112536.mp3	1908
common_voice_gju_42562924.mp3	3816
common_voice_gju_42637764.mp3	3276
common_voice_gju_42530018.mp3	3528
common_voice_gju_42409215.mp3	2700
common_voice_gju_42565658.mp3	4536
common_voice_gju_42565734.mp3	3636
common_voice_gju_42587765.mp3	3960
common_voice_gju_42481126.mp3	2808
common_voice_gju_42562910.mp3	6300
common_voice_gju_42108613.mp3	5040
common_voice_gju_42500881.mp3	4428
common_voice_gju_42622283.mp3	1908
common_voice_gju_42565714.mp3	8460
common_voice_gju_42101799.mp3	3996
common_voice_gju_42502429.mp3	2448
common_voice_gju_42199163.mp3	1476
common_voice_gju_42107401.mp3	7056
common_voice_gju_42409677.mp3	2880
common_voice_gju_42182738.mp3	2448
common_voice_gju_42476600.mp3	5688
common_voice_gju_42588256.mp3	3420
common_voice_gju_42587437.mp3	3060
common_voice_gju_42537371.mp3	2016
common_voice_gju_42476765.mp3	3888
common_voice_gju_42198268.mp3	2196
common_voice_gju_42100322.mp3	4320
common_voice_gju_42563161.mp3	2628
common_voice_gju_42184269.mp3	1728
common_voice_gju_42102403.mp3	2376
common_voice_gju_42587412.mp3	1836
common_voice_gju_42409471.mp3	3456
common_voice_gju_42089827.mp3	6768
common_voice_gju_42562247.mp3	4428
common_voice_gju_42562336.mp3	2808
common_voice_gju_42601395.mp3	2340
common_voice_gju_42107618.mp3	2160
common_voice_gju_42107860.mp3	2016
common_voice_gju_42637669.mp3	3960
common_voice_gju_42603754.mp3	2520
common_voice_gju_42109258.mp3	2916
common_voice_gju_42460863.mp3	2448
common_voice_gju_42103199.mp3	3636
common_voice_gju_42408905.mp3	3348
common_voice_gju_42637939.mp3	3168
common_voice_gju_42196054.mp3	1908
common_voice_gju_42197192.mp3	1728
common_voice_gju_42476805.mp3	4788
common_voice_gju_42198559.mp3	2268
common_voice_gju_42184783.mp3	2196
common_voice_gju_42106506.mp3	4608
common_voice_gju_42637602.mp3	4176
common_voice_gju_42195890.mp3	2268
common_voice_gju_42102524.mp3	5328
common_voice_gju_42109451.mp3	2520
common_voice_gju_42612750.mp3	2556
common_voice_gju_42537291.mp3	2628
common_voice_gju_42102872.mp3	2556
common_voice_gju_42613634.mp3	3636
common_voice_gju_42200189.mp3	2268
common_voice_gju_42461506.mp3	2448
common_voice_gju_42500838.mp3	3240
common_voice_gju_42587673.mp3	1728
common_voice_gju_42167289.mp3	5508
common_voice_gju_42108756.mp3	2916
common_voice_gju_42102735.mp3	6300
common_voice_gju_42562155.mp3	2736
common_voice_gju_42562786.mp3	2268
common_voice_gju_42461544.mp3	2448
common_voice_gju_42197298.mp3	1836
common_voice_gju_42106562.mp3	5220
common_voice_gju_42087543.mp3	4068
common_voice_gju_42619815.mp3	2736
common_voice_gju_42603817.mp3	1656
common_voice_gju_42409423.mp3	6336
common_voice_gju_42565259.mp3	3780
common_voice_gju_42637890.mp3	3708
common_voice_gju_42087620.mp3	7668
common_voice_gju_42562790.mp3	1800
common_voice_gju_42200153.mp3	1620
common_voice_gju_42182644.mp3	3780
common_voice_gju_42562968.mp3	3420
common_voice_gju_42587333.mp3	2376
common_voice_gju_42100497.mp3	2520
common_voice_gju_42481178.mp3	5220
common_voice_gju_42462091.mp3	3888
common_voice_gju_42622296.mp3	1656
common_voice_gju_42563063.mp3	1800
common_voice_gju_42179902.mp3	2376
common_voice_gju_42604251.mp3	2196
common_voice_gju_42603930.mp3	2376
common_voice_gju_48742525.mp3	3888
common_voice_gju_42137570.mp3	1980
common_voice_gju_42112023.mp3	4176
common_voice_gju_42601569.mp3	2340
common_voice_gju_42476495.mp3	4248
common_voice_gju_42637710.mp3	2700
common_voice_gju_42562816.mp3	5436
common_voice_gju_42478601.mp3	5328
common_voice_gju_42530085.mp3	2628
common_voice_gju_42501094.mp3	2556
common_voice_gju_42091186.mp3	3168
common_voice_gju_42620066.mp3	4428
common_voice_gju_42089580.mp3	2988
common_voice_gju_42121918.mp3	2016
common_voice_gju_42101188.mp3	5400
common_voice_gju_42409011.mp3	2916
common_voice_gju_42461586.mp3	3060
common_voice_gju_42529375.mp3	2880
common_voice_gju_42478766.mp3	2628
common_voice_gju_42182671.mp3	2088
common_voice_gju_42197206.mp3	2088
common_voice_gju_42565249.mp3	2916
common_voice_gju_42499625.mp3	1908
common_voice_gju_42562837.mp3	2196
common_voice_gju_42587400.mp3	1908
common_voice_gju_42109309.mp3	4536
common_voice_gju_42096596.mp3	2880
common_voice_gju_42090332.mp3	3060
common_voice_gju_42563187.mp3	2196
common_voice_gju_42565470.mp3	3168
common_voice_gju_42089853.mp3	9396
common_voice_gju_42109441.mp3	2700
common_voice_gju_42121867.mp3	2520
common_voice_gju_42588127.mp3	2700
common_voice_gju_42500896.mp3	3420
common_voice_gju_42090431.mp3	5220
common_voice_gju_42107402.mp3	3240
common_voice_gju_42107549.mp3	2808
common_voice_gju_42619903.mp3	2376
common_voice_gju_42562614.mp3	3096
common_voice_gju_42197886.mp3	2628
common_voice_gju_42587709.mp3	2340
common_voice_gju_42478662.mp3	3168
common_voice_gju_42102278.mp3	3096
common_voice_gju_42587957.mp3	2628
common_voice_gju_42167344.mp3	6516
common_voice_gju_42562320.mp3	3420
common_voice_gju_42588088.mp3	9216
common_voice_gju_42620039.mp3	3168
common_voice_gju_42601594.mp3	4680
common_voice_gju_42562285.mp3	4680
common_voice_gju_42478698.mp3	4320
common_voice_gju_42102538.mp3	1836
common_voice_gju_42121457.mp3	2268
common_voice_gju_42089905.mp3	2376
common_voice_gju_42167598.mp3	2556
common_voice_gju_42111261.mp3	1836
common_voice_gju_42561288.mp3	3456
common_voice_gju_42476417.mp3	3960
common_voice_gju_42562611.mp3	1980
common_voice_gju_42476809.mp3	3528
common_voice_gju_42476593.mp3	2340
common_voice_gju_42112598.mp3	3528
common_voice_gju_42603773.mp3	3240
common_voice_gju_42601581.mp3	3060
common_voice_gju_42101260.mp3	5076
common_voice_gju_42107671.mp3	2160
common_voice_gju_42637963.mp3	4716
common_voice_gju_42565615.mp3	3276
common_voice_gju_42613584.mp3	6660
common_voice_gju_42107430.mp3	2988
common_voice_gju_42565799.mp3	2088
common_voice_gju_42622116.mp3	2088
common_voice_gju_42179898.mp3	2196
common_voice_gju_42620047.mp3	3528
common_voice_gju_42476803.mp3	3060
common_voice_gju_42108205.mp3	1620
common_voice_gju_42622241.mp3	3996
common_voice_gju_42562332.mp3	3348
common_voice_gju_42565649.mp3	3060
common_voice_gju_42537316.mp3	2988
common_voice_gju_42562871.mp3	2736
common_voice_gju_42562838.mp3	3240
common_voice_gju_42199273.mp3	2736
common_voice_gju_42167728.mp3	2700
common_voice_gju_42108236.mp3	1728
common_voice_gju_42122020.mp3	1836
common_voice_gju_42565597.mp3	1908
common_voice_gju_42107215.mp3	3348
common_voice_gju_42167164.mp3	4896
common_voice_gju_42612688.mp3	4968
common_voice_gju_42109382.mp3	3096
common_voice_gju_42637843.mp3	5040
common_voice_gju_42080066.mp3	2340
common_voice_gju_42594998.mp3	5436
common_voice_gju_42612901.mp3	3708
common_voice_gju_42107915.mp3	3528
common_voice_gju_42111195.mp3	4788
common_voice_gju_42620288.mp3	2916
common_voice_gju_42587493.mp3	1620
common_voice_gju_42594971.mp3	3636
common_voice_gju_42188376.mp3	1548
common_voice_gju_42179699.mp3	4608
common_voice_gju_42502475.mp3	2808
common_voice_gju_42563231.mp3	1656
common_voice_gju_42198092.mp3	2340
common_voice_gju_42588218.mp3	4608
common_voice_gju_42597245.mp3	4176
common_voice_gju_42195916.mp3	2196
common_voice_gju_42107212.mp3	2700
common_voice_gju_42101492.mp3	1800
common_voice_gju_42109469.mp3	2988
common_voice_gju_42090624.mp3	2628
common_voice_gju_42199446.mp3	1728
common_voice_gju_42089985.mp3	4608
common_voice_gju_42091172.mp3	2988
common_voice_gju_42565502.mp3	2196
common_voice_gju_42565264.mp3	3096
common_voice_gju_42461606.mp3	2700
common_voice_gju_42613535.mp3	3456
common_voice_gju_42476626.mp3	3780
common_voice_gju_42107783.mp3	3096
common_voice_gju_42619794.mp3	5796
common_voice_gju_42180092.mp3	5796
common_voice_gju_42500948.mp3	3636
common_voice_gju_42604197.mp3	1980
common_voice_gju_42106767.mp3	6480
common_voice_gju_42603904.mp3	4176
common_voice_gju_42111852.mp3	3420
common_voice_gju_42106925.mp3	4536
common_voice_gju_42562789.mp3	1800
common_voice_gju_42101947.mp3	5508
common_voice_gju_42106895.mp3	3708
common_voice_gju_42529592.mp3	3816
common_voice_gju_42537346.mp3	2736
common_voice_gju_42197285.mp3	2700
common_voice_gju_42184682.mp3	1836
common_voice_gju_42622344.mp3	1800
common_voice_gju_42198168.mp3	1260
common_voice_gju_42563019.mp3	2628
common_voice_gju_42601772.mp3	2196
common_voice_gju_42101738.mp3	4248
common_voice_gju_42603842.mp3	3096
common_voice_gju_42565586.mp3	2736
common_voice_gju_42199942.mp3	1656
common_voice_gju_42612939.mp3	3528
common_voice_gju_42100296.mp3	2340
common_voice_gju_42108775.mp3	2916
common_voice_gju_42565785.mp3	1908
common_voice_gju_42563197.mp3	1656
common_voice_gju_42198017.mp3	2088
common_voice_gju_42597261.mp3	4248
common_voice_gju_42107388.mp3	2556
common_voice_gju_42197249.mp3	1440
common_voice_gju_42089644.mp3	4320
common_voice_gju_42091194.mp3	1620
common_voice_gju_42502584.mp3	3888
common_voice_gju_42587391.mp3	2736
common_voice_gju_42197906.mp3	3600
common_voice_gju_42195397.mp3	1296
common_voice_gju_42198128.mp3	2700
common_voice_gju_42612802.mp3	9360
common_voice_gju_42109383.mp3	1800
common_voice_gju_42565786.mp3	6408
common_voice_gju_42562441.mp3	4248
common_voice_gju_42594951.mp3	4356
common_voice_gju_42612801.mp3	10008
common_voice_gju_42502532.mp3	4140
common_voice_gju_42409676.mp3	2196
common_voice_gju_42604253.mp3	1980
common_voice_gju_42601525.mp3	2556
common_voice_gju_42112282.mp3	2916
common_voice_gju_42137227.mp3	2376
common_voice_gju_42565806.mp3	2628
common_voice_gju_42109356.mp3	2376
common_voice_gju_42613504.mp3	2448
common_voice_gju_42476802.mp3	2016
common_voice_gju_42613920.mp3	2916
common_voice_gju_42200193.mp3	2628
common_voice_gju_42529345.mp3	2160
common_voice_gju_42565839.mp3	3348
common_voice_gju_42565604.mp3	2700
common_voice_gju_42529492.mp3	6516
common_voice_gju_42180100.mp3	3240
common_voice_gju_42478656.mp3	2736
common_voice_gju_42565813.mp3	2700
common_voice_gju_42499611.mp3	3096
common_voice_gju_42587713.mp3	1908
common_voice_gju_42613445.mp3	2448
common_voice_gju_42476480.mp3	3168
common_voice_gju_42622388.mp3	2916
common_voice_gju_42107617.mp3	2628
common_voice_gju_42622334.mp3	1980
common_voice_gju_42198534.mp3	2196
common_voice_gju_42188355.mp3	2160
common_voice_gju_42083753.mp3	3636
common_voice_gju_42619868.mp3	3276
common_voice_gju_42565524.mp3	3780
common_voice_gju_42102111.mp3	3420
common_voice_gju_42199339.mp3	1980
common_voice_gju_42601617.mp3	4428
common_voice_gju_42409521.mp3	2880
common_voice_gju_42197392.mp3	1080
common_voice_gju_42109346.mp3	2088
common_voice_gju_42090596.mp3	2916
common_voice_gju_42199445.mp3	1440
common_voice_gju_42167516.mp3	3348
common_voice_gju_42188385.mp3	1116
common_voice_gju_42198351.mp3	1656
common_voice_gju_42563088.mp3	3168
common_voice_gju_42481073.mp3	2196
common_voice_gju_42529596.mp3	2088
common_voice_gju_42101275.mp3	6156
common_voice_gju_42091323.mp3	2268
common_voice_gju_42562940.mp3	1908
common_voice_gju_42476402.mp3	2880
common_voice_gju_42108967.mp3	4068
common_voice_gju_42613620.mp3	2988
common_voice_gju_42180089.mp3	2160
common_voice_gju_42529927.mp3	2196
common_voice_gju_42500686.mp3	3420
common_voice_gju_42108715.mp3	2340
common_voice_gju_42565897.mp3	5220
common_voice_gju_42601619.mp3	2376
common_voice_gju_42563031.mp3	1980
common_voice_gju_42195420.mp3	6048
common_voice_gju_42102064.mp3	4248
common_voice_gju_42200413.mp3	5328
common_voice_gju_42090451.mp3	2268
common_voice_gju_42612915.mp3	3348
common_voice_gju_42565885.mp3	2988
common_voice_gju_42587869.mp3	2088
common_voice_gju_42184721.mp3	1980
common_voice_gju_42103063.mp3	3096
common_voice_gju_42537282.mp3	2916
common_voice_gju_42179709.mp3	2556
common_voice_gju_42588297.mp3	2520
common_voice_gju_42597237.mp3	2808
common_voice_gju_42409271.mp3	3240
common_voice_gju_42179990.mp3	1980
common_voice_gju_42107266.mp3	6408
common_voice_gju_42588299.mp3	3060
common_voice_gju_42501040.mp3	3636
common_voice_gju_42530072.mp3	2736
common_voice_gju_42102518.mp3	3528
common_voice_gju_42588184.mp3	2520
common_voice_gju_42537305.mp3	1800
common_voice_gju_42121455.mp3	2376
common_voice_gju_42637941.mp3	2736
common_voice_gju_42562889.mp3	4068
common_voice_gju_42476416.mp3	3456
common_voice_gju_42107883.mp3	8460
common_voice_gju_42478618.mp3	2988
common_voice_gju_42461621.mp3	2736
common_voice_gju_42555997.mp3	2088
common_voice_gju_42103060.mp3	3420
common_voice_gju_42565444.mp3	5220
common_voice_gju_42187291.mp3	2700
common_voice_gju_42565737.mp3	3420
common_voice_gju_42100878.mp3	3240
common_voice_gju_42603839.mp3	2268
common_voice_gju_42101257.mp3	2340
common_voice_gju_42612793.mp3	5436
common_voice_gju_42080146.mp3	2016
common_voice_gju_42587536.mp3	6300
common_voice_gju_42090367.mp3	3096
common_voice_gju_42109324.mp3	4320
common_voice_gju_42565738.mp3	3456
common_voice_gju_42199488.mp3	1908
common_voice_gju_42565767.mp3	3528
common_voice_gju_42478667.mp3	2520
common_voice_gju_42530055.mp3	4536
common_voice_gju_42107693.mp3	3276
common_voice_gju_42563158.mp3	2880
common_voice_gju_42478666.mp3	1908
common_voice_gju_42563198.mp3	4788
common_voice_gju_42612895.mp3	3780
common_voice_gju_42601567.mp3	2556
common_voice_gju_42108023.mp3	4356
common_voice_gju_42587444.mp3	2340
common_voice_gju_42604187.mp3	2520
common_voice_gju_42089711.mp3	2808
common_voice_gju_42537348.mp3	2016
common_voice_gju_42622311.mp3	2628
common_voice_gju_42619792.mp3	7740
common_voice_gju_42478590.mp3	3348
common_voice_gju_42107361.mp3	2736
common_voice_gju_42565654.mp3	6228
common_voice_gju_42476419.mp3	2880
common_voice_gju_42100798.mp3	2916
common_voice_gju_42091125.mp3	2736
common_voice_gju_42604373.mp3	5436
common_voice_gju_42565866.mp3	2736
common_voice_gju_42562158.mp3	1908
common_voice_gju_42476762.mp3	2520
common_voice_gju_42478730.mp3	2808
common_voice_gju_42613521.mp3	2160
common_voice_gju_42613607.mp3	1836
common_voice_gju_42562760.mp3	2088
common_voice_gju_42100499.mp3	3168
common_voice_gju_42091160.mp3	2988
common_voice_gju_42108774.mp3	3420
common_voice_gju_42565234.mp3	4716
common_voice_gju_42101355.mp3	3996
common_voice_gju_42461675.mp3	3996
common_voice_gju_42107313.mp3	1800
common_voice_gju_42409119.mp3	3780
common_voice_gju_42100918.mp3	2520
common_voice_gju_42604337.mp3	4680
common_voice_gju_42601468.mp3	2448
common_voice_gju_42199373.mp3	4320
common_voice_gju_42102564.mp3	3276
common_voice_gju_42637983.mp3	2808
common_voice_gju_42637640.mp3	2556
common_voice_gju_42497560.mp3	2376
common_voice_gju_42622065.mp3	7236
common_voice_gju_42612925.mp3	2196
common_voice_gju_42530074.mp3	2808
common_voice_gju_42107594.mp3	2700
common_voice_gju_42198637.mp3	1620
common_voice_gju_42101134.mp3	4068
common_voice_gju_42198093.mp3	1620
common_voice_gju_42497622.mp3	3636
common_voice_gju_42198333.mp3	1800
common_voice_gju_42112701.mp3	1656
common_voice_gju_42108488.mp3	2340
common_voice_gju_42103170.mp3	3636
common_voice_gju_42102184.mp3	6660
common_voice_gju_42637672.mp3	3096
common_voice_gju_42637818.mp3	2376
common_voice_gju_42529948.mp3	2808
common_voice_gju_42622098.mp3	2700
common_voice_gju_42529871.mp3	2808
common_voice_gju_42565522.mp3	3996
common_voice_gju_42587806.mp3	2340
common_voice_gju_42604279.mp3	2016
common_voice_gju_42107654.mp3	2268
common_voice_gju_42109221.mp3	2520
common_voice_gju_42476319.mp3	2988
common_voice_gju_42184659.mp3	1260
common_voice_gju_42196796.mp3	2808
common_voice_gju_42137224.mp3	2700
common_voice_gju_42199665.mp3	3456
common_voice_gju_42199135.mp3	6660
common_voice_gju_42089682.mp3	6300
common_voice_gju_42637660.mp3	3276
common_voice_gju_42101381.mp3	3600
common_voice_gju_42091076.mp3	2088
common_voice_gju_42409329.mp3	2556
common_voice_gju_42502535.mp3	2196
common_voice_gju_42478650.mp3	4248
common_voice_gju_42182699.mp3	2160
common_voice_gju_42476366.mp3	4968
common_voice_gju_42100769.mp3	2376
common_voice_gju_42198402.mp3	2556
common_voice_gju_42184693.mp3	1476
common_voice_gju_42601344.mp3	4896
common_voice_gju_42529287.mp3	3888
common_voice_gju_42476498.mp3	3096
common_voice_gju_42087642.mp3	4248
common_voice_gju_42563221.mp3	1980
common_voice_gju_42090298.mp3	3636
common_voice_gju_42501206.mp3	2700
common_voice_gju_42188669.mp3	1800
common_voice_gju_42112608.mp3	2160
common_voice_gju_42461641.mp3	2736
common_voice_gju_42198379.mp3	2448
common_voice_gju_42461989.mp3	3096
common_voice_gju_42199630.mp3	2628
common_voice_gju_42501227.mp3	2700
common_voice_gju_42587797.mp3	1728
common_voice_gju_42199145.mp3	2340
common_voice_gju_42601450.mp3	4176
common_voice_gju_42109208.mp3	3996
common_voice_gju_42481186.mp3	1728
common_voice_gju_42562187.mp3	7020
common_voice_gju_42180081.mp3	5400
common_voice_gju_42565308.mp3	5148
common_voice_gju_42112606.mp3	2196
common_voice_gju_42565437.mp3	2376
common_voice_gju_42476425.mp3	6948
common_voice_gju_42612689.mp3	5940
common_voice_gju_42612873.mp3	2880
common_voice_gju_42188519.mp3	2016
common_voice_gju_42090874.mp3	2520
common_voice_gju_42461236.mp3	3960
common_voice_gju_42107439.mp3	2160
common_voice_gju_42619865.mp3	2808
common_voice_gju_42121490.mp3	2448
common_voice_gju_42481070.mp3	2088
common_voice_gju_42565548.mp3	3996
common_voice_gju_42601596.mp3	1800
common_voice_gju_42108744.mp3	2376
common_voice_gju_42409158.mp3	5076
common_voice_gju_42108734.mp3	4428
common_voice_gju_42565599.mp3	2556
common_voice_gju_42588011.mp3	4068
common_voice_gju_42080090.mp3	3348
common_voice_gju_42562527.mp3	2556
common_voice_gju_42565552.mp3	4536
common_voice_gju_42601578.mp3	4788
common_voice_gju_42601750.mp3	2520
common_voice_gju_42091256.mp3	3528
common_voice_gju_42604095.mp3	2088
common_voice_gju_42530113.mp3	1836
common_voice_gju_42111384.mp3	3528
common_voice_gju_42619866.mp3	2376
common_voice_gju_42087502.mp3	7128
common_voice_gju_42476405.mp3	6300
common_voice_gju_42102949.mp3	3348
common_voice_gju_42112238.mp3	2628
common_voice_gju_42601743.mp3	2628
common_voice_gju_42179924.mp3	2340
common_voice_gju_42562383.mp3	4608
common_voice_gju_42108573.mp3	1800
common_voice_gju_42090764.mp3	7740
common_voice_gju_42562861.mp3	3240
common_voice_gju_42597243.mp3	2916
common_voice_gju_42481068.mp3	1980
common_voice_gju_42409675.mp3	2340
common_voice_gju_42112388.mp3	1800
common_voice_gju_42460826.mp3	2448
common_voice_gju_42529388.mp3	2700
common_voice_gju_42588117.mp3	2556
common_voice_gju_42091062.mp3	2988
common_voice_gju_42612663.mp3	5040
common_voice_gju_42409447.mp3	4428
common_voice_gju_42109230.mp3	4248
common_voice_gju_42562170.mp3	3888
common_voice_gju_42112576.mp3	4428
common_voice_gju_42089825.mp3	11088
common_voice_gju_42481052.mp3	2268
common_voice_gju_42603840.mp3	5796
common_voice_gju_42198676.mp3	1368
common_voice_gju_42107969.mp3	4716
common_voice_gju_42461992.mp3	3888
common_voice_gju_42137278.mp3	1980
common_voice_gju_42090760.mp3	2340
common_voice_gju_42476548.mp3	3780
common_voice_gju_42562380.mp3	2556
common_voice_gju_42562535.mp3	3060
common_voice_gju_42184295.mp3	1800
common_voice_gju_42200066.mp3	1728
common_voice_gju_42478720.mp3	4536
common_voice_gju_42179991.mp3	1908
common_voice_gju_42587297.mp3	2916
common_voice_gju_42109338.mp3	3960
common_voice_gju_42476363.mp3	2520
common_voice_gju_42637651.mp3	3996
common_voice_gju_42529975.mp3	4968
common_voice_gju_42107550.mp3	1980
common_voice_gju_42109373.mp3	6300
common_voice_gju_42080053.mp3	3060
common_voice_gju_42107877.mp3	3888
common_voice_gju_42603824.mp3	3420
common_voice_gju_42565622.mp3	4788
common_voice_gju_42409269.mp3	2988
common_voice_gju_42476362.mp3	2268
common_voice_gju_42481050.mp3	1800
common_voice_gju_42087357.mp3	3888
common_voice_gju_42107347.mp3	3168
common_voice_gju_42587756.mp3	1836
common_voice_gju_42179926.mp3	1980
common_voice_gju_42501225.mp3	4176
common_voice_gju_42107507.mp3	2088
common_voice_gju_42613595.mp3	2088
common_voice_gju_42091455.mp3	5436
common_voice_gju_42529946.mp3	4536
common_voice_gju_42478746.mp3	4716
common_voice_gju_42107659.mp3	3780
common_voice_gju_42565750.mp3	1980
common_voice_gju_42090774.mp3	2808
common_voice_gju_42199340.mp3	2196
common_voice_gju_42603943.mp3	1656
common_voice_gju_42182702.mp3	1440
common_voice_gju_42188357.mp3	2016
common_voice_gju_42562177.mp3	1620
common_voice_gju_42638001.mp3	5256
common_voice_gju_42087462.mp3	2808
common_voice_gju_42112037.mp3	3060
common_voice_gju_42562652.mp3	3708
common_voice_gju_42101482.mp3	2340
common_voice_gju_42101190.mp3	2016
common_voice_gju_42529333.mp3	4428
common_voice_gju_42478527.mp3	1836
common_voice_gju_42102925.mp3	2016
common_voice_gju_42109443.mp3	3960
common_voice_gju_42195405.mp3	2376
common_voice_gju_42199711.mp3	1800
common_voice_gju_42601510.mp3	1728
common_voice_gju_42612770.mp3	7920
common_voice_gju_42562539.mp3	2916
common_voice_gju_42198020.mp3	1296
common_voice_gju_42195907.mp3	2880
common_voice_gju_42565337.mp3	1728
common_voice_gju_42537384.mp3	3996
common_voice_gju_42184680.mp3	2088
common_voice_gju_42613798.mp3	3636
common_voice_gju_42588066.mp3	1728
common_voice_gju_42195980.mp3	1620
common_voice_gju_42091309.mp3	1836
common_voice_gju_42195968.mp3	4860
common_voice_gju_42588252.mp3	4068
common_voice_gju_42587827.mp3	3780
common_voice_gju_42200154.mp3	1836
common_voice_gju_42604249.mp3	3240
common_voice_gju_42198574.mp3	3240
common_voice_gju_42500802.mp3	2088
common_voice_gju_42100403.mp3	2520
common_voice_gju_42565884.mp3	2196
common_voice_gju_42121543.mp3	2556
common_voice_gju_42461530.mp3	2196
common_voice_gju_42198307.mp3	1836
common_voice_gju_42090787.mp3	2088
common_voice_gju_42481072.mp3	2088
common_voice_gju_42409134.mp3	2160
common_voice_gju_42478558.mp3	1908
common_voice_gju_42200520.mp3	1188
common_voice_gju_42562713.mp3	3096
common_voice_gju_42107335.mp3	3636
common_voice_gju_42106625.mp3	3996
common_voice_gju_42100874.mp3	2736
common_voice_gju_42565268.mp3	3780
common_voice_gju_42476675.mp3	3780
common_voice_gju_42622250.mp3	1980
common_voice_gju_42199890.mp3	2520
common_voice_gju_42101969.mp3	6948
common_voice_gju_42167297.mp3	3348
common_voice_gju_42619793.mp3	2916
common_voice_gju_42613657.mp3	3420
common_voice_gju_42103193.mp3	3996
common_voice_gju_42091407.mp3	3420
common_voice_gju_42091065.mp3	3960
common_voice_gju_42476384.mp3	2988
common_voice_gju_42502426.mp3	2196
common_voice_gju_42197525.mp3	1440
common_voice_gju_42565565.mp3	2196
common_voice_gju_42565555.mp3	2448
common_voice_gju_42091162.mp3	2160
common_voice_gju_42562640.mp3	3600
common_voice_gju_42199571.mp3	1656
common_voice_gju_42562434.mp3	2376
common_voice_gju_42409498.mp3	4896
common_voice_gju_42565702.mp3	2340
common_voice_gju_42601637.mp3	2556
common_voice_gju_42112553.mp3	2736
common_voice_gju_42587476.mp3	2880
common_voice_gju_42107289.mp3	3420
common_voice_gju_42103165.mp3	5400
common_voice_gju_42107300.mp3	3348
common_voice_gju_42565472.mp3	2196
common_voice_gju_42562948.mp3	4248
common_voice_gju_42613551.mp3	2520
common_voice_gju_42587544.mp3	2736
common_voice_gju_42562671.mp3	3888
common_voice_gju_42563090.mp3	1836
common_voice_gju_42562406.mp3	2988
common_voice_gju_42409120.mp3	3096
common_voice_gju_42478628.mp3	6840
common_voice_gju_42476678.mp3	1620
common_voice_gju_42100752.mp3	2700
common_voice_gju_42612981.mp3	3888
common_voice_gju_42100421.mp3	2088
common_voice_gju_42478533.mp3	4176
common_voice_gju_42612774.mp3	9900
common_voice_gju_42637548.mp3	4896
common_voice_gju_42108554.mp3	2736
common_voice_gju_42409137.mp3	4140
common_voice_gju_42100346.mp3	1908
common_voice_gju_42101276.mp3	2520
common_voice_gju_42565428.mp3	2160
common_voice_gju_42622057.mp3	2736
common_voice_gju_42562727.mp3	3420
common_voice_gju_42587768.mp3	7200
common_voice_gju_42562670.mp3	3888
common_voice_gju_42637799.mp3	3276
common_voice_gju_42184987.mp3	2700
common_voice_gju_42079945.mp3	2808
common_voice_gju_42100871.mp3	2916
common_voice_gju_42562146.mp3	4428
common_voice_gju_42121933.mp3	3096
common_voice_gju_42461595.mp3	1980
common_voice_gju_42601420.mp3	7380
common_voice_gju_42565514.mp3	1728
common_voice_gju_42137551.mp3	2340
common_voice_gju_42622114.mp3	3276
common_voice_gju_42604149.mp3	3456
common_voice_gju_42199595.mp3	3960
common_voice_gju_42620019.mp3	3960
common_voice_gju_42476488.mp3	2016
common_voice_gju_42108187.mp3	3888
common_voice_gju_42619990.mp3	3456
common_voice_gju_42107256.mp3	2736
common_voice_gju_42409176.mp3	2448
common_voice_gju_42587463.mp3	1620
common_voice_gju_42137612.mp3	2520
common_voice_gju_42476334.mp3	2160
common_voice_gju_42588020.mp3	3060
common_voice_gju_42501085.mp3	1728
common_voice_gju_42612813.mp3	3708
common_voice_gju_42137469.mp3	3096
common_voice_gju_42587555.mp3	2340
common_voice_gju_42601591.mp3	2016
common_voice_gju_42637761.mp3	4788
common_voice_gju_42109375.mp3	2376
common_voice_gju_42562179.mp3	1908
common_voice_gju_42562758.mp3	3276
common_voice_gju_42562241.mp3	2088
common_voice_gju_42182693.mp3	1620
common_voice_gju_42476771.mp3	4500
common_voice_gju_42612854.mp3	3708
common_voice_gju_42108171.mp3	1548
common_voice_gju_42638048.mp3	2448
common_voice_gju_42476583.mp3	2088
common_voice_gju_42562540.mp3	5148
common_voice_gju_42101646.mp3	4536
common_voice_gju_42565683.mp3	3276
common_voice_gju_42108964.mp3	12528
common_voice_gju_42100573.mp3	2196
common_voice_gju_42565571.mp3	3348
common_voice_gju_42562850.mp3	3996
common_voice_gju_42476350.mp3	1800
common_voice_gju_42409294.mp3	6408
common_voice_gju_42476408.mp3	3636
common_voice_gju_42562489.mp3	2340
common_voice_gju_42588186.mp3	8316
common_voice_gju_42613604.mp3	6228
common_voice_gju_42111385.mp3	2160
common_voice_gju_42087418.mp3	3528
common_voice_gju_42594937.mp3	2736
common_voice_gju_42100983.mp3	1908
common_voice_gju_42108567.mp3	3636
common_voice_gju_42565832.mp3	3636
common_voice_gju_42408984.mp3	3420
common_voice_gju_42090535.mp3	2880
common_voice_gju_42107512.mp3	3888
common_voice_gju_42476581.mp3	4968
common_voice_gju_42089615.mp3	2916
common_voice_gju_42565755.mp3	2448
common_voice_gju_42107762.mp3	2628
common_voice_gju_42562693.mp3	1836
common_voice_gju_42179700.mp3	4356
common_voice_gju_42102205.mp3	6588
common_voice_gju_42109318.mp3	3096
common_voice_gju_42478561.mp3	2196
common_voice_gju_42478609.mp3	8856
common_voice_gju_42079895.mp3	5688
common_voice_gju_42106893.mp3	6660
common_voice_gju_42637782.mp3	2628
common_voice_gju_42099660.mp3	7308
common_voice_gju_42587404.mp3	2196
common_voice_gju_42409174.mp3	2700
common_voice_gju_42184789.mp3	2700
common_voice_gju_42100745.mp3	3456
common_voice_gju_42565378.mp3	3060
common_voice_gju_42478737.mp3	2916
common_voice_gju_42197532.mp3	2556
common_voice_gju_42530172.mp3	2160
common_voice_gju_42597252.mp3	6768
common_voice_gju_42179788.mp3	2376
common_voice_gju_42502582.mp3	4068
common_voice_gju_42200192.mp3	1548
common_voice_gju_42101626.mp3	2916
common_voice_gju_42179711.mp3	3348
common_voice_gju_42199940.mp3	3348
common_voice_gju_42087669.mp3	2628
common_voice_gju_42604136.mp3	2448
common_voice_gju_42121530.mp3	2160
common_voice_gju_42184708.mp3	2016
common_voice_gju_42529234.mp3	2700
common_voice_gju_42587346.mp3	5400
common_voice_gju_42460786.mp3	4428
common_voice_gju_42109085.mp3	1800
common_voice_gju_42197914.mp3	2736
common_voice_gju_42196853.mp3	2088
common_voice_gju_42100747.mp3	2556
common_voice_gju_42199635.mp3	1116
common_voice_gju_42188516.mp3	3816
common_voice_gju_42588040.mp3	2556
common_voice_gju_42460770.mp3	1980
common_voice_gju_42587558.mp3	2376
common_voice_gju_42501067.mp3	2916
common_voice_gju_42613623.mp3	3240
common_voice_gju_42529838.mp3	4536
common_voice_gju_42107782.mp3	4248
common_voice_gju_42197538.mp3	2088
common_voice_gju_42565498.mp3	2448
common_voice_gju_42200397.mp3	1260
common_voice_gju_42481130.mp3	4860
common_voice_gju_42103175.mp3	4788
common_voice_gju_42563027.mp3	6408
common_voice_gju_42102694.mp3	7560
common_voice_gju_42476819.mp3	3096
common_voice_gju_42200500.mp3	1728
common_voice_gju_42499646.mp3	3456
common_voice_gju_42195948.mp3	1836
common_voice_gju_42111211.mp3	4140
common_voice_gju_42089599.mp3	3420
common_voice_gju_42529578.mp3	4716
common_voice_gju_42200412.mp3	3888
common_voice_gju_42562573.mp3	3168
common_voice_gju_42562497.mp3	2376
common_voice_gju_42198619.mp3	2808
common_voice_gju_42588110.mp3	2556
common_voice_gju_42530036.mp3	1980
common_voice_gju_42090386.mp3	4896
common_voice_gju_42481088.mp3	3420
common_voice_gju_42637576.mp3	3456
common_voice_gju_42197395.mp3	2376
common_voice_gju_42112341.mp3	3420
common_voice_gju_42530099.mp3	5436
common_voice_gju_42565808.mp3	8640
common_voice_gju_42197118.mp3	2196
common_voice_gju_42588163.mp3	4428
common_voice_gju_42562827.mp3	5508
common_voice_gju_42565439.mp3	1620
common_voice_gju_42565352.mp3	2448
common_voice_gju_42102490.mp3	1728
common_voice_gju_42561024.mp3	2196
common_voice_gju_42108574.mp3	2088
common_voice_gju_42195425.mp3	2160
common_voice_gju_42612712.mp3	4068
common_voice_gju_42112429.mp3	2700
common_voice_gju_42499689.mp3	2880
common_voice_gju_42188526.mp3	2448
common_voice_gju_42562762.mp3	2520
common_voice_gju_42100986.mp3	1656
common_voice_gju_42188231.mp3	1836
common_voice_gju_42102365.mp3	2556
common_voice_gju_42587517.mp3	1908
common_voice_gju_42102666.mp3	3888
common_voice_gju_42107473.mp3	2196
common_voice_gju_42200374.mp3	2160
common_voice_gju_42409118.mp3	5328
common_voice_gju_42101016.mp3	2916
common_voice_gju_42100399.mp3	2520
common_voice_gju_42112221.mp3	3960
common_voice_gju_42562950.mp3	1836
common_voice_gju_42613503.mp3	1836
common_voice_gju_42100911.mp3	2736
common_voice_gju_42597265.mp3	3420
common_voice_gju_42476770.mp3	3636
common_voice_gju_42101785.mp3	2088
common_voice_gju_42101553.mp3	2340
common_voice_gju_42196798.mp3	4860
common_voice_gju_42613838.mp3	3096
common_voice_gju_42408856.mp3	2376
common_voice_gju_42089647.mp3	2628
common_voice_gju_42613520.mp3	2556
common_voice_gju_42198556.mp3	2088
common_voice_gju_42199811.mp3	1296
common_voice_gju_42565219.mp3	6876
common_voice_gju_42198270.mp3	2376
common_voice_gju_42476545.mp3	4176
common_voice_gju_42562580.mp3	2988
common_voice_gju_42461614.mp3	3420
common_voice_gju_42587349.mp3	2088
common_voice_gju_42587351.mp3	3060
common_voice_gju_42107331.mp3	2700
common_voice_gju_42200370.mp3	2340
common_voice_gju_42499655.mp3	2556
common_voice_gju_42109093.mp3	2556
common_voice_gju_42612822.mp3	3888
common_voice_gju_42461646.mp3	4248
common_voice_gju_42090856.mp3	1980
common_voice_gju_42529495.mp3	3600
common_voice_gju_42500828.mp3	2376
common_voice_gju_42476788.mp3	2268
common_voice_gju_42199938.mp3	1188
common_voice_gju_42637975.mp3	2376
common_voice_gju_42109333.mp3	7740
common_voice_gju_42476519.mp3	2088
common_voice_gju_42409742.mp3	4860
common_voice_gju_42476672.mp3	2196
common_voice_gju_42089986.mp3	2880
common_voice_gju_42087458.mp3	2556
common_voice_gju_42111137.mp3	4356
common_voice_gju_42612929.mp3	4176
common_voice_gju_42090852.mp3	4680
common_voice_gju_42562608.mp3	4428
common_voice_gju_42409497.mp3	4716
common_voice_gju_42601719.mp3	1656
common_voice_gju_42107415.mp3	1980
common_voice_gju_42109059.mp3	2196
common_voice_gju_42136835.mp3	3276
common_voice_gju_42502516.mp3	2736
common_voice_gju_42199284.mp3	1548
common_voice_gju_42587405.mp3	2916
common_voice_gju_42537343.mp3	1980
common_voice_gju_42089718.mp3	5076
common_voice_gju_42198062.mp3	2808
common_voice_gju_42179801.mp3	1800
common_voice_gju_42100962.mp3	2088
common_voice_gju_42090653.mp3	2340
common_voice_gju_42090398.mp3	2988
common_voice_gju_42080228.mp3	2160
common_voice_gju_42461523.mp3	2376
common_voice_gju_42562625.mp3	3420
common_voice_gju_42613780.mp3	2916
common_voice_gju_42109300.mp3	4968
common_voice_gju_42112622.mp3	2628
common_voice_gju_42497609.mp3	2628
common_voice_gju_42079980.mp3	2088
common_voice_gju_42108581.mp3	1656
common_voice_gju_42500911.mp3	5796
common_voice_gju_42137277.mp3	1908
common_voice_gju_42612837.mp3	2916
common_voice_gju_42562483.mp3	1656
common_voice_gju_42613452.mp3	2088
common_voice_gju_42603781.mp3	3996
common_voice_gju_42613539.mp3	1980
common_voice_gju_42107099.mp3	4788
common_voice_gju_42091132.mp3	4320
common_voice_gju_42478692.mp3	1800
common_voice_gju_42112223.mp3	3096
common_voice_gju_42612966.mp3	4248
common_voice_gju_42108492.mp3	2160
common_voice_gju_42091036.mp3	7596
common_voice_gju_42613547.mp3	1800
common_voice_gju_42612783.mp3	14868
common_voice_gju_42500805.mp3	2736
common_voice_gju_42587690.mp3	4860
common_voice_gju_42500981.mp3	5040
common_voice_gju_42613885.mp3	2628
common_voice_gju_42112578.mp3	5400
common_voice_gju_42500977.mp3	2628
common_voice_gju_42106645.mp3	3348
common_voice_gju_42107319.mp3	3060
common_voice_gju_42587554.mp3	4536
common_voice_gju_42101922.mp3	3600
common_voice_gju_42199419.mp3	1656
common_voice_gju_42090934.mp3	4320
common_voice_gju_42612977.mp3	4320
common_voice_gju_42604357.mp3	1980
common_voice_gju_42637654.mp3	2988
common_voice_gju_42565644.mp3	2556
common_voice_gju_42121469.mp3	2700
common_voice_gju_42562432.mp3	1656
common_voice_gju_42196819.mp3	1728
common_voice_gju_42537321.mp3	3348
common_voice_gju_42109466.mp3	4536
common_voice_gju_42108204.mp3	5976
common_voice_gju_42108845.mp3	2376
common_voice_gju_42100614.mp3	2988
common_voice_gju_42099713.mp3	4356
common_voice_gju_42603873.mp3	2268
common_voice_gju_42601431.mp3	3456
common_voice_gju_42409486.mp3	5256
common_voice_gju_42167498.mp3	5148
common_voice_gju_42604086.mp3	2340
common_voice_gju_42601421.mp3	2916
common_voice_gju_42588191.mp3	2556
common_voice_gju_42565499.mp3	2160
common_voice_gju_42199539.mp3	2196
common_voice_gju_42502544.mp3	3348
common_voice_gju_42565623.mp3	2376
common_voice_gju_42638050.mp3	4320
common_voice_gju_42199382.mp3	1656
common_voice_gju_42091216.mp3	1800
common_voice_gju_42101297.mp3	4428
common_voice_gju_42529976.mp3	1980
common_voice_gju_42107881.mp3	1728
common_voice_gju_42108745.mp3	2916
common_voice_gju_42196794.mp3	3348
common_voice_gju_42562928.mp3	4608
common_voice_gju_42195315.mp3	4608
common_voice_gju_42587865.mp3	2556
common_voice_gju_42409654.mp3	2520
common_voice_gju_42565715.mp3	3528
common_voice_gju_42565220.mp3	2520
common_voice_gju_42112618.mp3	6480
common_voice_gju_42089889.mp3	2988
common_voice_gju_42102372.mp3	2016
common_voice_gju_42476775.mp3	3456
common_voice_gju_42188663.mp3	1260
common_voice_gju_42409191.mp3	3960
common_voice_gju_42188426.mp3	1656
common_voice_gju_42603816.mp3	1980
common_voice_gju_42601580.mp3	2448
common_voice_gju_42537318.mp3	4500
common_voice_gju_42167727.mp3	2916
common_voice_gju_42199706.mp3	2700
common_voice_gju_42108486.mp3	3996
common_voice_gju_42562905.mp3	2556
common_voice_gju_42198526.mp3	1908
common_voice_gju_42476496.mp3	8640
common_voice_gju_42601623.mp3	3780
common_voice_gju_42638078.mp3	4068
common_voice_gju_42107481.mp3	4788
common_voice_gju_42565572.mp3	2196
common_voice_gju_42530048.mp3	2268
common_voice_gju_42195264.mp3	1800
common_voice_gju_42102405.mp3	1836
common_voice_gju_42462043.mp3	4248
common_voice_gju_42637899.mp3	3420
common_voice_gju_42565795.mp3	5400
common_voice_gju_42637770.mp3	2196
common_voice_gju_42603863.mp3	2880
common_voice_gju_42603936.mp3	2340
common_voice_gju_42565671.mp3	5148
common_voice_gju_42587518.mp3	2700
common_voice_gju_42179950.mp3	5580
common_voice_gju_42089666.mp3	2016
common_voice_gju_42637758.mp3	3096
common_voice_gju_42197393.mp3	1440
common_voice_gju_42198415.mp3	1728
common_voice_gju_42198295.mp3	2160
common_voice_gju_42587461.mp3	2340
common_voice_gju_42409412.mp3	3096
common_voice_gju_42200371.mp3	1656
common_voice_gju_42200191.mp3	1548
common_voice_gju_42091441.mp3	1656
common_voice_gju_42198608.mp3	2448
common_voice_gju_42112573.mp3	4716
common_voice_gju_42562203.mp3	5040
common_voice_gju_42198590.mp3	1620
common_voice_gju_42461262.mp3	2340
common_voice_gju_42109222.mp3	3420
common_voice_gju_42476587.mp3	3636
common_voice_gju_42137552.mp3	2196
common_voice_gju_42188373.mp3	2700
common_voice_gju_42195392.mp3	1548
common_voice_gju_42090667.mp3	5796
common_voice_gju_42179818.mp3	2556
common_voice_gju_42562605.mp3	1728
common_voice_gju_42587939.mp3	3240
common_voice_gju_42188572.mp3	5256
common_voice_gju_42409227.mp3	5220
common_voice_gju_42107623.mp3	6120
common_voice_gju_42588123.mp3	4536
common_voice_gju_42500912.mp3	2196
common_voice_gju_42601644.mp3	2808
common_voice_gju_42179860.mp3	1656
common_voice_gju_42102139.mp3	3060
common_voice_gju_42179780.mp3	2628
common_voice_gju_42106849.mp3	3816
common_voice_gju_42102552.mp3	3888
common_voice_gju_42588143.mp3	6696
common_voice_gju_42587887.mp3	2628
common_voice_gju_42588030.mp3	3348
common_voice_gju_42562668.mp3	1656
common_voice_gju_42562321.mp3	5076
common_voice_gju_42587345.mp3	2628
common_voice_gju_42200263.mp3	1800
common_voice_gju_42565701.mp3	3276
common_voice_gju_42529751.mp3	2196
common_voice_gju_42108746.mp3	2808
common_voice_gju_42601625.mp3	4176
common_voice_gju_42588133.mp3	1980
common_voice_gju_42562782.mp3	3996
common_voice_gju_42107757.mp3	4248
common_voice_gju_42588131.mp3	5760
common_voice_gju_42565517.mp3	5076
common_voice_gju_42604069.mp3	3456
common_voice_gju_42106610.mp3	4320
common_voice_gju_42199774.mp3	2916
common_voice_gju_42613581.mp3	1548
common_voice_gju_42476406.mp3	2808
common_voice_gju_42102912.mp3	2700
common_voice_gju_42603760.mp3	2808
common_voice_gju_42102202.mp3	3276
common_voice_gju_42200414.mp3	1260
common_voice_gju_42620037.mp3	5076
common_voice_gju_42565569.mp3	2880
common_voice_gju_42637815.mp3	2808
common_voice_gju_42197175.mp3	3420
common_voice_gju_42478612.mp3	2376
common_voice_gju_42099934.mp3	4896
common_voice_gju_42562972.mp3	6228
common_voice_gju_42107373.mp3	3060
common_voice_gju_42195277.mp3	2808
common_voice_gju_42107752.mp3	4536
common_voice_gju_42109321.mp3	6516
common_voice_gju_42112279.mp3	2160
common_voice_gju_42565875.mp3	1980
common_voice_gju_42460819.mp3	3096
common_voice_gju_42638045.mp3	2160
common_voice_gju_42108472.mp3	1908
common_voice_gju_42565416.mp3	1836
common_voice_gju_42461611.mp3	4320
common_voice_gju_42562920.mp3	1836
common_voice_gju_42199147.mp3	1800
common_voice_gju_42587277.mp3	3636
common_voice_gju_42613909.mp3	3348
common_voice_gju_42198634.mp3	1908
common_voice_gju_42102357.mp3	3636
common_voice_gju_42167583.mp3	2808
common_voice_gju_42102670.mp3	7920
common_voice_gju_42198045.mp3	1800
common_voice_gju_42562532.mp3	4860
common_voice_gju_42197263.mp3	1800
common_voice_gju_42112319.mp3	2160
common_voice_gju_42112447.mp3	3096
common_voice_gju_42587331.mp3	2988
common_voice_gju_42565379.mp3	2700
common_voice_gju_42613723.mp3	2376
common_voice_gju_42613700.mp3	1620
common_voice_gju_42409270.mp3	2808
common_voice_gju_42109202.mp3	4536
common_voice_gju_42408868.mp3	3708
common_voice_gju_42200041.mp3	2340
common_voice_gju_42529870.mp3	3528
common_voice_gju_42108617.mp3	2088
common_voice_gju_42111254.mp3	5328
common_voice_gju_42409477.mp3	4788
common_voice_gju_42199140.mp3	3708
common_voice_gju_42604304.mp3	3456
common_voice_gju_42481133.mp3	1800
common_voice_gju_42179681.mp3	4356
common_voice_gju_42604354.mp3	2268
common_voice_gju_42109186.mp3	5760
common_voice_gju_42198016.mp3	2448
common_voice_gju_42622342.mp3	2016
common_voice_gju_42565860.mp3	2520
common_voice_gju_42112570.mp3	2556
common_voice_gju_42111179.mp3	1620
common_voice_gju_42587607.mp3	3960
common_voice_gju_42184724.mp3	1620
common_voice_gju_42637664.mp3	8568
common_voice_gju_42099690.mp3	8028
common_voice_gju_42562184.mp3	1656
common_voice_gju_42481051.mp3	2268
common_voice_gju_42500886.mp3	3996
common_voice_gju_42409727.mp3	3420
common_voice_gju_42106496.mp3	4680
common_voice_gju_42562245.mp3	3636
common_voice_gju_42107239.mp3	4176
common_voice_gju_42562812.mp3	2088
common_voice_gju_42101228.mp3	2340
common_voice_gju_42197369.mp3	1296
common_voice_gju_42137698.mp3	2808
common_voice_gju_42199609.mp3	1116
common_voice_gju_42137656.mp3	3420
common_voice_gju_42107692.mp3	2880
common_voice_gju_42562862.mp3	2736
common_voice_gju_42612899.mp3	2628
common_voice_gju_42529223.mp3	2556
common_voice_gju_42476720.mp3	3600
common_voice_gju_42197528.mp3	3420
common_voice_gju_42109284.mp3	6840
common_voice_gju_42500883.mp3	3060
common_voice_gju_42108770.mp3	3456
common_voice_gju_42109240.mp3	1728
common_voice_gju_42198484.mp3	3528
common_voice_gju_42184309.mp3	2628
common_voice_gju_42188284.mp3	3888
common_voice_gju_42562978.mp3	2088
common_voice_gju_42499658.mp3	2916
common_voice_gju_42197960.mp3	1296
common_voice_gju_42087372.mp3	3600
common_voice_gju_42562849.mp3	3348
common_voice_gju_42478557.mp3	1800
common_voice_gju_42613910.mp3	2880
common_voice_gju_42565841.mp3	2268
common_voice_gju_42613458.mp3	2520
common_voice_gju_42199395.mp3	1980
common_voice_gju_42090814.mp3	2628
common_voice_gju_42565883.mp3	4068
common_voice_gju_42603780.mp3	2088
common_voice_gju_42476365.mp3	5868
common_voice_gju_42461252.mp3	2016
common_voice_gju_42099907.mp3	2700
common_voice_gju_42188705.mp3	3600
common_voice_gju_42530176.mp3	2916
common_voice_gju_42562519.mp3	2700
common_voice_gju_42409104.mp3	3600
common_voice_gju_42089619.mp3	4716
common_voice_gju_42109445.mp3	6516
common_voice_gju_42195318.mp3	3528
common_voice_gju_42619804.mp3	4248
common_voice_gju_42107382.mp3	2556
common_voice_gju_42409272.mp3	2880
common_voice_gju_42200100.mp3	2376
common_voice_gju_42198127.mp3	1836
common_voice_gju_42562803.mp3	6480
common_voice_gju_42612767.mp3	2628
common_voice_gju_42179737.mp3	2160
common_voice_gju_42200217.mp3	1836
common_voice_gju_42537368.mp3	2160
common_voice_gju_42476577.mp3	5148
common_voice_gju_42565432.mp3	2160
common_voice_gju_42100461.mp3	2268
common_voice_gju_42601597.mp3	2988
common_voice_gju_42604179.mp3	1620
common_voice_gju_42612852.mp3	3888
common_voice_gju_42195278.mp3	2628
common_voice_gju_42409175.mp3	2340
common_voice_gju_42108618.mp3	3060
common_voice_gju_42137161.mp3	2556
common_voice_gju_42408998.mp3	2196
common_voice_gju_42090810.mp3	3456
common_voice_gju_42612954.mp3	2088
common_voice_gju_42101677.mp3	1980
common_voice_gju_42612863.mp3	3708
common_voice_gju_42562847.mp3	3636
common_voice_gju_42112711.mp3	3528
common_voice_gju_42562975.mp3	4140
common_voice_gju_42601659.mp3	2700
common_voice_gju_42601698.mp3	5616
common_voice_gju_42478744.mp3	3816
common_voice_gju_42587989.mp3	3996
common_voice_gju_42588071.mp3	1908
common_voice_gju_42587359.mp3	2160
common_voice_gju_42622316.mp3	2628
common_voice_gju_42409485.mp3	2736
common_voice_gju_42197934.mp3	1368
common_voice_gju_42565426.mp3	2736
common_voice_gju_42476553.mp3	2160
common_voice_gju_42102107.mp3	3708
common_voice_gju_42090483.mp3	2880
common_voice_gju_42121870.mp3	2628
common_voice_gju_42565321.mp3	3096
common_voice_gju_42102900.mp3	2376
common_voice_gju_42530222.mp3	4176
common_voice_gju_42481098.mp3	2088
common_voice_gju_42612719.mp3	2808
common_voice_gju_42478658.mp3	2880
common_voice_gju_42562231.mp3	2556
common_voice_gju_42112620.mp3	2376
common_voice_gju_42562627.mp3	4500
common_voice_gju_42587668.mp3	5616
common_voice_gju_42461268.mp3	2448
common_voice_gju_42562565.mp3	2916
common_voice_gju_42100315.mp3	5256
common_voice_gju_42167482.mp3	3420
common_voice_gju_42099714.mp3	4248
common_voice_gju_42409738.mp3	2520
common_voice_gju_42537293.mp3	6228
common_voice_gju_42501070.mp3	2556
common_voice_gju_42622222.mp3	1836
common_voice_gju_42587304.mp3	3060
common_voice_gju_42197104.mp3	1548
common_voice_gju_42091097.mp3	5076
common_voice_gju_42562880.mp3	2196
common_voice_gju_42408925.mp3	1836
common_voice_gju_42137578.mp3	2808
common_voice_gju_42612733.mp3	3888
common_voice_gju_42612739.mp3	3636
common_voice_gju_42613702.mp3	1908
common_voice_gju_42562538.mp3	2196
common_voice_gju_42409087.mp3	5508
common_voice_gju_42108250.mp3	4860
common_voice_gju_42588272.mp3	1836
common_voice_gju_42622318.mp3	2700
common_voice_gju_42613442.mp3	6048
common_voice_gju_42637656.mp3	2520
common_voice_gju_42604053.mp3	4140
common_voice_gju_42565659.mp3	5040
common_voice_gju_42561051.mp3	3600
common_voice_gju_42108508.mp3	2700
common_voice_gju_42462034.mp3	2160
common_voice_gju_42562219.mp3	3348
common_voice_gju_42588274.mp3	1800
common_voice_gju_42530026.mp3	2880
common_voice_gju_42562356.mp3	2880
common_voice_gju_42481053.mp3	3960
common_voice_gju_42562946.mp3	4176
common_voice_gju_42603803.mp3	3348
common_voice_gju_42501092.mp3	3996
common_voice_gju_42562475.mp3	2268
common_voice_gju_42199269.mp3	2016
common_voice_gju_42476336.mp3	3168
common_voice_gju_42409715.mp3	1800
common_voice_gju_42087614.mp3	3276
common_voice_gju_42500998.mp3	4536
common_voice_gju_42200452.mp3	1476
common_voice_gju_42180102.mp3	1728
common_voice_gju_42197371.mp3	1908
common_voice_gju_42199201.mp3	1836
common_voice_gju_42529117.mp3	2736
common_voice_gju_42612970.mp3	2088
common_voice_gju_42562502.mp3	3528
common_voice_gju_42562314.mp3	2556
common_voice_gju_42601711.mp3	3816
common_voice_gju_42111327.mp3	3348
common_voice_gju_42106881.mp3	5220
common_voice_gju_42565865.mp3	1836
common_voice_gju_42188145.mp3	1800
common_voice_gju_42499621.mp3	3168
common_voice_gju_42462062.mp3	1980
common_voice_gju_42601564.mp3	2556
common_voice_gju_42461253.mp3	2268
common_voice_gju_42603926.mp3	3060
common_voice_gju_42562421.mp3	2088
common_voice_gju_42167468.mp3	2340
common_voice_gju_42612729.mp3	2268
common_voice_gju_42587414.mp3	2340
common_voice_gju_42587383.mp3	2448
common_voice_gju_42562859.mp3	4536
common_voice_gju_42461206.mp3	2340
common_voice_gju_42565202.mp3	2916
common_voice_gju_42107706.mp3	1620
common_voice_gju_42604128.mp3	2016
common_voice_gju_42619995.mp3	7056
common_voice_gju_42167496.mp3	2628
common_voice_gju_42199864.mp3	2016
common_voice_gju_42121522.mp3	4320
common_voice_gju_42537363.mp3	3600
common_voice_gju_42478603.mp3	2340
common_voice_gju_42179927.mp3	2628
common_voice_gju_42562193.mp3	1980
common_voice_gju_42529910.mp3	5148
common_voice_gju_42087564.mp3	3060
common_voice_gju_42601696.mp3	4608
common_voice_gju_42184654.mp3	1980
common_voice_gju_42637860.mp3	4320
common_voice_gju_42102108.mp3	4536
common_voice_gju_42103174.mp3	3168
common_voice_gju_42111877.mp3	1836
common_voice_gju_42637822.mp3	3240
common_voice_gju_42604297.mp3	3348
common_voice_gju_42478657.mp3	2700
common_voice_gju_42108068.mp3	2160
common_voice_gju_42603885.mp3	1800
common_voice_gju_42565262.mp3	2448
common_voice_gju_42587466.mp3	3276
common_voice_gju_42101631.mp3	3888
common_voice_gju_42111346.mp3	2376
common_voice_gju_42562324.mp3	1800
common_voice_gju_42111207.mp3	3276
common_voice_gju_42137533.mp3	2268
common_voice_gju_42481086.mp3	3996
common_voice_gju_42107700.mp3	2448
common_voice_gju_42612697.mp3	4248
common_voice_gju_42108120.mp3	4176
common_voice_gju_42106671.mp3	6660
common_voice_gju_42620038.mp3	3276
common_voice_gju_42121419.mp3	4716
common_voice_gju_42565563.mp3	3060
common_voice_gju_42179680.mp3	5148
common_voice_gju_42537338.mp3	2700
common_voice_gju_42112401.mp3	2916
common_voice_gju_42112244.mp3	1836
common_voice_gju_42107360.mp3	2196
common_voice_gju_42111411.mp3	3600
common_voice_gju_42562689.mp3	4320
common_voice_gju_42604252.mp3	1908
common_voice_gju_42622327.mp3	2736
common_voice_gju_42587848.mp3	2880
common_voice_gju_42565454.mp3	3996
common_voice_gju_42587912.mp3	2268
common_voice_gju_42102258.mp3	1620
common_voice_gju_42109072.mp3	2916
common_voice_gju_42476482.mp3	4176
common_voice_gju_42562289.mp3	3420
common_voice_gju_42587559.mp3	2088
common_voice_gju_42587718.mp3	4176
common_voice_gju_42107886.mp3	4176
common_voice_gju_42637553.mp3	2808
common_voice_gju_42199134.mp3	2016
common_voice_gju_42087513.mp3	2268
common_voice_gju_42565292.mp3	2808
common_voice_gju_42481132.mp3	2016
common_voice_gju_42620059.mp3	5328
common_voice_gju_42106923.mp3	4068
common_voice_gju_42565224.mp3	1548
common_voice_gju_42408871.mp3	2808
common_voice_gju_42565792.mp3	13500
common_voice_gju_42587683.mp3	2808
common_voice_gju_42500811.mp3	2808
common_voice_gju_42188430.mp3	1188
common_voice_gju_42478591.mp3	2196
common_voice_gju_42587343.mp3	2700
common_voice_gju_42565606.mp3	2196
common_voice_gju_42601649.mp3	1728
common_voice_gju_42182779.mp3	2556
common_voice_gju_42501026.mp3	2088
common_voice_gju_42476808.mp3	1800
common_voice_gju_42182913.mp3	2916
common_voice_gju_42167590.mp3	4176
common_voice_gju_42478706.mp3	3780
common_voice_gju_42461475.mp3	4428
common_voice_gju_42409193.mp3	3096
common_voice_gju_42565266.mp3	3420
common_voice_gju_42200085.mp3	2376
common_voice_gju_42562298.mp3	3168
common_voice_gju_42612790.mp3	4320
common_voice_gju_42529928.mp3	2376
common_voice_gju_42476671.mp3	1800
common_voice_gju_42121891.mp3	2268
common_voice_gju_42102484.mp3	3096
common_voice_gju_42612684.mp3	3456
common_voice_gju_42637927.mp3	3816
common_voice_gju_42137411.mp3	6048
common_voice_gju_42622228.mp3	2520
common_voice_gju_42601434.mp3	3456
common_voice_gju_42476578.mp3	2088
common_voice_gju_42109395.mp3	2916
common_voice_gju_42108776.mp3	3708
common_voice_gju_42080113.mp3	2520
common_voice_gju_42101931.mp3	3456
common_voice_gju_42199770.mp3	3636
common_voice_gju_42565549.mp3	2988
common_voice_gju_42107301.mp3	1908
common_voice_gju_42612853.mp3	2700
common_voice_gju_42565289.mp3	6228
common_voice_gju_42476377.mp3	2628
common_voice_gju_42197959.mp3	1980
common_voice_gju_42562896.mp3	4176
common_voice_gju_42562831.mp3	4176
common_voice_gju_42476620.mp3	2736
common_voice_gju_42090696.mp3	7488
common_voice_gju_42090695.mp3	1728
common_voice_gju_42100705.mp3	2376
common_voice_gju_42112460.mp3	4320
common_voice_gju_42199423.mp3	4356
common_voice_gju_42587421.mp3	2556
common_voice_gju_42108489.mp3	2268
common_voice_gju_42107230.mp3	2916
common_voice_gju_42587541.mp3	2520
common_voice_gju_42106611.mp3	4140
common_voice_gju_42199870.mp3	2808
common_voice_gju_42637844.mp3	7488
common_voice_gju_42109290.mp3	2016
common_voice_gju_42497583.mp3	2556
common_voice_gju_42090732.mp3	3420
common_voice_gju_42087432.mp3	2916
common_voice_gju_42409484.mp3	3528
common_voice_gju_42562095.mp3	4248
common_voice_gju_42090568.mp3	3456
common_voice_gju_42198535.mp3	1800
common_voice_gju_42109470.mp3	1980
common_voice_gju_42478524.mp3	2196
common_voice_gju_42461604.mp3	2160
common_voice_gju_42537331.mp3	2016
common_voice_gju_42106899.mp3	11520
common_voice_gju_42101186.mp3	3276
common_voice_gju_42112709.mp3	2736
common_voice_gju_42107320.mp3	3060
common_voice_gju_42197946.mp3	2916
common_voice_gju_42409296.mp3	4428
common_voice_gju_42109307.mp3	1656
common_voice_gju_42565559.mp3	2448
common_voice_gju_42565574.mp3	2700
common_voice_gju_42613904.mp3	2268
common_voice_gju_42612715.mp3	3168
common_voice_gju_42537332.mp3	5688
common_voice_gju_42476777.mp3	3060
common_voice_gju_42497549.mp3	4968
common_voice_gju_42481082.mp3	4680
common_voice_gju_42565588.mp3	2340
common_voice_gju_42604157.mp3	2268
common_voice_gju_42603751.mp3	3528
common_voice_gju_42637700.mp3	2916
common_voice_gju_42167258.mp3	3456
common_voice_gju_42108056.mp3	4176
common_voice_gju_42565754.mp3	5940
common_voice_gju_42136855.mp3	4140
common_voice_gju_42409077.mp3	2088
common_voice_gju_42112321.mp3	2628
common_voice_gju_42195353.mp3	2268
common_voice_gju_42109114.mp3	3348
common_voice_gju_42121438.mp3	4068
common_voice_gju_42179879.mp3	3600
common_voice_gju_42637552.mp3	2988
common_voice_gju_42478767.mp3	1800
common_voice_gju_42562258.mp3	2628
common_voice_gju_42198304.mp3	2196
common_voice_gju_42197302.mp3	1296
common_voice_gju_42476633.mp3	2016
common_voice_gju_42195395.mp3	1368
common_voice_gju_42619917.mp3	4680
common_voice_gju_42612687.mp3	3168
common_voice_gju_42409769.mp3	2880
common_voice_gju_42601540.mp3	3780
common_voice_gju_42462052.mp3	1836
common_voice_gju_42121449.mp3	2160
common_voice_gju_42167255.mp3	3960
common_voice_gju_42197211.mp3	2088
common_voice_gju_42478556.mp3	2196
common_voice_gju_42461562.mp3	1728
common_voice_gju_42080191.mp3	2808
common_voice_gju_42613911.mp3	2916
common_voice_gju_42199507.mp3	1188
common_voice_gju_42588216.mp3	2880
common_voice_gju_42499635.mp3	3708
common_voice_gju_42197279.mp3	1800
common_voice_gju_42529523.mp3	3636
common_voice_gju_42537306.mp3	2448
common_voice_gju_42121947.mp3	2808
common_voice_gju_42091452.mp3	7488
common_voice_gju_42199279.mp3	1908
common_voice_gju_42612913.mp3	3420
common_voice_gju_42529521.mp3	2160
common_voice_gju_42601566.mp3	5868
common_voice_gju_42476629.mp3	4176
common_voice_gju_42476621.mp3	3636
common_voice_gju_42108593.mp3	2160
common_voice_gju_42594989.mp3	3168
common_voice_gju_42481149.mp3	2700
common_voice_gju_42188427.mp3	1800
common_voice_gju_42112686.mp3	2016
common_voice_gju_42197225.mp3	1188
common_voice_gju_42197280.mp3	2376
common_voice_gju_42481080.mp3	2700
common_voice_gju_42588183.mp3	2088
common_voice_gju_42529746.mp3	2736
common_voice_gju_42111513.mp3	2268
common_voice_gju_42565410.mp3	2628
common_voice_gju_42137659.mp3	1980
common_voice_gju_42587708.mp3	2808
common_voice_gju_42182739.mp3	1656
common_voice_gju_42409122.mp3	2736
common_voice_gju_42563144.mp3	1728
common_voice_gju_42565486.mp3	4356
common_voice_gju_42109302.mp3	2628
common_voice_gju_42111215.mp3	1908
common_voice_gju_42101047.mp3	3636
common_voice_gju_42111399.mp3	2988
common_voice_gju_42555999.mp3	2016
common_voice_gju_42112692.mp3	1656
common_voice_gju_42101759.mp3	3060
common_voice_gju_42199257.mp3	1548
common_voice_gju_42501096.mp3	2880
common_voice_gju_42530059.mp3	2916
common_voice_gju_42638047.mp3	3528
common_voice_gju_42112424.mp3	6048
common_voice_gju_42565882.mp3	3060
common_voice_gju_42587535.mp3	2880
common_voice_gju_42499610.mp3	3420
common_voice_gju_42565488.mp3	2376
common_voice_gju_42562212.mp3	2880
common_voice_gju_42622310.mp3	1620
common_voice_gju_42102873.mp3	2556
common_voice_gju_42562121.mp3	3168
common_voice_gju_42198080.mp3	1980
common_voice_gju_42622335.mp3	3636
common_voice_gju_42612720.mp3	2556
common_voice_gju_42111921.mp3	7488
common_voice_gju_42587523.mp3	2196
common_voice_gju_42476316.mp3	5436
common_voice_gju_42478645.mp3	2376
common_voice_gju_42620016.mp3	3996
common_voice_gju_42100256.mp3	2520
common_voice_gju_42461656.mp3	3096
common_voice_gju_42587384.mp3	2268
common_voice_gju_42499613.mp3	1980
common_voice_gju_42612900.mp3	2808
common_voice_gju_42612805.mp3	3420
common_voice_gju_42562427.mp3	1908
common_voice_gju_42588226.mp3	2088
common_voice_gju_42409361.mp3	2196
common_voice_gju_42107391.mp3	3528
common_voice_gju_42563116.mp3	3420
common_voice_gju_42101023.mp3	2376
common_voice_gju_42087370.mp3	5580
common_voice_gju_42613545.mp3	2268
common_voice_gju_42562230.mp3	3276
common_voice_gju_42102404.mp3	4536
common_voice_gju_42409387.mp3	4680
common_voice_gju_42111484.mp3	2808
common_voice_gju_42565665.mp3	3420
common_voice_gju_42587299.mp3	5868
common_voice_gju_42562645.mp3	3636
common_voice_gju_42481118.mp3	1656
common_voice_gju_42565627.mp3	2088
common_voice_gju_42601547.mp3	4356
common_voice_gju_42562766.mp3	4500
common_voice_gju_42502549.mp3	2880
common_voice_gju_42588116.mp3	2520
common_voice_gju_42197905.mp3	3528
common_voice_gju_42461987.mp3	2916
common_voice_gju_42637785.mp3	5148
common_voice_gju_42197937.mp3	1728
common_voice_gju_42409389.mp3	1800
common_voice_gju_42604205.mp3	2448
common_voice_gju_42462013.mp3	3996
common_voice_gju_42619867.mp3	5256
common_voice_gju_42199936.mp3	2160
common_voice_gju_42112507.mp3	2736
common_voice_gju_42613918.mp3	5616
common_voice_gju_42199612.mp3	1548
common_voice_gju_42112611.mp3	4356
common_voice_gju_42622343.mp3	2376
common_voice_gju_42091308.mp3	2628
common_voice_gju_42619791.mp3	3240
common_voice_gju_42112329.mp3	2736
common_voice_gju_42620027.mp3	3420
common_voice_gju_42111511.mp3	3528
common_voice_gju_42167466.mp3	3420
common_voice_gju_42101930.mp3	5148
common_voice_gju_42612690.mp3	2268
common_voice_gju_42481061.mp3	1728
common_voice_gju_42200420.mp3	3240
common_voice_gju_42100721.mp3	4680
common_voice_gju_42200427.mp3	1260
common_voice_gju_42199251.mp3	2268
common_voice_gju_42604427.mp3	4176
common_voice_gju_42603959.mp3	3096
common_voice_gju_42198497.mp3	1836
common_voice_gju_42188433.mp3	2700
common_voice_gju_42179851.mp3	1980
common_voice_gju_42561011.mp3	3996
common_voice_gju_42500877.mp3	3420
common_voice_gju_42622238.mp3	2376
common_voice_gju_42613697.mp3	3528
common_voice_gju_42091064.mp3	2016
common_voice_gju_42562172.mp3	2196
common_voice_gju_42476465.mp3	2880
common_voice_gju_42461625.mp3	2268
common_voice_gju_42563080.mp3	3888
common_voice_gju_42197452.mp3	3888
common_voice_gju_42099662.mp3	2556
common_voice_gju_42087471.mp3	3708
common_voice_gju_42184986.mp3	2196
common_voice_gju_42409699.mp3	4140
common_voice_gju_42409535.mp3	5148
common_voice_gju_42637563.mp3	5688
common_voice_gju_42100652.mp3	3240
common_voice_gju_42476486.mp3	2808
common_voice_gju_42478626.mp3	3348
common_voice_gju_42562272.mp3	2268
common_voice_gju_42200204.mp3	2736
common_voice_gju_42565608.mp3	3960
common_voice_gju_42109199.mp3	1980
common_voice_gju_42167555.mp3	4536
common_voice_gju_42184748.mp3	2088
common_voice_gju_42565526.mp3	3600
common_voice_gju_42562571.mp3	3780
common_voice_gju_42622370.mp3	2988
common_voice_gju_42565723.mp3	4248
common_voice_gju_42594992.mp3	3240
common_voice_gju_42622392.mp3	4788
common_voice_gju_42562120.mp3	5076
common_voice_gju_42111415.mp3	1620
common_voice_gju_42195442.mp3	2880
common_voice_gju_42619807.mp3	2880
common_voice_gju_42529346.mp3	1836
common_voice_gju_42481190.mp3	2376
common_voice_gju_42121916.mp3	4968
common_voice_gju_42461647.mp3	3780
common_voice_gju_42199393.mp3	2448
common_voice_gju_42136854.mp3	3168
common_voice_gju_42460871.mp3	2268
common_voice_gju_42537270.mp3	3060
common_voice_gju_42167343.mp3	2700
common_voice_gju_42102431.mp3	5760
common_voice_gju_42613779.mp3	2160
common_voice_gju_42461972.mp3	2628
common_voice_gju_42100607.mp3	4428
common_voice_gju_42612691.mp3	3816
common_voice_gju_42107245.mp3	2448
common_voice_gju_42478751.mp3	1728
common_voice_gju_42109130.mp3	3888
common_voice_gju_42102779.mp3	3168
common_voice_gju_42199907.mp3	3168
common_voice_gju_42562584.mp3	6480
common_voice_gju_42613724.mp3	1800
common_voice_gju_42101528.mp3	3888
common_voice_gju_42562480.mp3	2268
common_voice_gju_42091398.mp3	2016
common_voice_gju_42565287.mp3	6480
common_voice_gju_42565900.mp3	1800
common_voice_gju_42200396.mp3	2736
common_voice_gju_42563006.mp3	2520
common_voice_gju_42612880.mp3	3996
common_voice_gju_42460771.mp3	4356
common_voice_gju_42562436.mp3	3456
common_voice_gju_42198536.mp3	3348
common_voice_gju_42637657.mp3	2556
common_voice_gju_42565907.mp3	5508
common_voice_gju_42101379.mp3	3600
common_voice_gju_42587318.mp3	2808
common_voice_gju_42107213.mp3	4176
common_voice_gju_42562725.mp3	4896
common_voice_gju_42099931.mp3	7056
common_voice_gju_42107108.mp3	5328
common_voice_gju_42619790.mp3	6408
common_voice_gju_42102763.mp3	4248
common_voice_gju_42612668.mp3	4176
common_voice_gju_42562299.mp3	3996
common_voice_gju_42107696.mp3	2088
common_voice_gju_42199894.mp3	2268
common_voice_gju_42478725.mp3	7380
common_voice_gju_42090375.mp3	2880
common_voice_gju_42188354.mp3	2160
common_voice_gju_42601757.mp3	4536
common_voice_gju_42112314.mp3	2988
common_voice_gju_42107180.mp3	2556
common_voice_gju_42529840.mp3	1980
common_voice_gju_42108947.mp3	8748
common_voice_gju_42500999.mp3	2340
common_voice_gju_42637780.mp3	3456
common_voice_gju_42197164.mp3	2808
common_voice_gju_42167440.mp3	4140
common_voice_gju_42637580.mp3	5040
common_voice_gju_42530066.mp3	3096
common_voice_gju_42107560.mp3	2448
common_voice_gju_42091075.mp3	3600
common_voice_gju_42196019.mp3	2016
common_voice_gju_42089618.mp3	3816
common_voice_gju_42184793.mp3	1800
common_voice_gju_42565458.mp3	2016
common_voice_gju_42476428.mp3	4536
common_voice_gju_42601456.mp3	3456
common_voice_gju_42562685.mp3	5760
common_voice_gju_42563078.mp3	1836
common_voice_gju_42587485.mp3	3276
common_voice_gju_42182796.mp3	1620
common_voice_gju_42460788.mp3	2448
common_voice_gju_42562773.mp3	2016
common_voice_gju_42107104.mp3	5148
common_voice_gju_42478664.mp3	3636
common_voice_gju_42136856.mp3	3996
common_voice_gju_42108177.mp3	2808
common_voice_gju_42107262.mp3	2016
common_voice_gju_42461279.mp3	3240
common_voice_gju_42102511.mp3	2736
common_voice_gju_42408926.mp3	1908
common_voice_gju_42565392.mp3	2700
common_voice_gju_42562392.mp3	4968
common_voice_gju_42562451.mp3	4788
common_voice_gju_42101821.mp3	1800
common_voice_gju_42622356.mp3	3420
common_voice_gju_42111512.mp3	4860
common_voice_gju_42594942.mp3	3456
common_voice_gju_42111184.mp3	3060
common_voice_gju_42587959.mp3	3528
common_voice_gju_42476707.mp3	7596
common_voice_gju_42612872.mp3	3600
common_voice_gju_42594990.mp3	2448
common_voice_gju_42408870.mp3	2808
common_voice_gju_42109399.mp3	5256
common_voice_gju_42102957.mp3	4068
common_voice_gju_42565843.mp3	2736
common_voice_gju_42107829.mp3	2196
common_voice_gju_42112492.mp3	2916
common_voice_gju_42102815.mp3	3060
common_voice_gju_42601788.mp3	2268
common_voice_gju_42588258.mp3	1800
common_voice_gju_42091266.mp3	5256
common_voice_gju_42101313.mp3	2088
common_voice_gju_42476525.mp3	2340
common_voice_gju_42537369.mp3	6948
common_voice_gju_42481079.mp3	2160
common_voice_gju_42476566.mp3	2088
common_voice_gju_42108026.mp3	4500
common_voice_gju_42594952.mp3	4788
common_voice_gju_42102454.mp3	2160
common_voice_gju_42562701.mp3	2880
common_voice_gju_42409467.mp3	2520
common_voice_gju_42613534.mp3	1836
common_voice_gju_42565759.mp3	4968
common_voice_gju_42476515.mp3	2556
common_voice_gju_42107246.mp3	4320
common_voice_gju_42612950.mp3	3096
common_voice_gju_42587550.mp3	2016
common_voice_gju_42562661.mp3	6336
common_voice_gju_42637546.mp3	2448
common_voice_gju_42167571.mp3	4140
common_voice_gju_42612878.mp3	3636
common_voice_gju_42603870.mp3	1836
common_voice_gju_42462110.mp3	4896
common_voice_gju_42136857.mp3	2880
common_voice_gju_42612924.mp3	3528
common_voice_gju_42587489.mp3	2448
common_voice_gju_42562733.mp3	4788
common_voice_gju_42587287.mp3	4176
common_voice_gju_42195476.mp3	1800
common_voice_gju_42537294.mp3	3780
common_voice_gju_42588219.mp3	1836
common_voice_gju_42613621.mp3	4500
common_voice_gju_42612877.mp3	4968
common_voice_gju_42090631.mp3	2376
common_voice_gju_42476806.mp3	3600
common_voice_gju_42500866.mp3	2340
common_voice_gju_42530114.mp3	3060
common_voice_gju_42619806.mp3	5076
common_voice_gju_42565246.mp3	2088
common_voice_gju_42565237.mp3	2016
common_voice_gju_42622371.mp3	2556
common_voice_gju_42112687.mp3	2520
common_voice_gju_42613483.mp3	5508
common_voice_gju_42565587.mp3	2916
common_voice_gju_42199871.mp3	2880
common_voice_gju_42108739.mp3	2340
common_voice_gju_42613851.mp3	1728
common_voice_gju_42561023.mp3	5040
common_voice_gju_42613436.mp3	3996
common_voice_gju_42090021.mp3	2340
common_voice_gju_42604110.mp3	2808
common_voice_gju_42588081.mp3	1836
common_voice_gju_42587924.mp3	2160
common_voice_gju_42461980.mp3	2448
common_voice_gju_42103282.mp3	5616
common_voice_gju_42121496.mp3	3348
common_voice_gju_42613618.mp3	2736
common_voice_gju_42197887.mp3	3276
common_voice_gju_42100245.mp3	2448
common_voice_gju_42562875.mp3	4500
common_voice_gju_42537264.mp3	3060
common_voice_gju_42184229.mp3	1656
common_voice_gju_42562730.mp3	3960
common_voice_gju_42091098.mp3	3096
common_voice_gju_42612969.mp3	3420
common_voice_gju_42198129.mp3	2160
common_voice_gju_42478611.mp3	2448
common_voice_gju_42409655.mp3	1800
common_voice_gju_42107938.mp3	4896
common_voice_gju_42501222.mp3	2196
common_voice_gju_42108844.mp3	7596
common_voice_gju_42107222.mp3	2556
common_voice_gju_42096428.mp3	4860
common_voice_gju_42112597.mp3	2736
common_voice_gju_42200133.mp3	2016
common_voice_gju_42197259.mp3	2160
common_voice_gju_42102551.mp3	2808
common_voice_gju_42562211.mp3	2988
common_voice_gju_42200042.mp3	2448
common_voice_gju_42090786.mp3	3528
common_voice_gju_42137530.mp3	2736
common_voice_gju_42562266.mp3	3636
common_voice_gju_42603869.mp3	3060
common_voice_gju_42613464.mp3	2268
common_voice_gju_42102324.mp3	5976
common_voice_gju_42587983.mp3	2160
common_voice_gju_42108733.mp3	4176
common_voice_gju_42195865.mp3	2520
common_voice_gju_42555998.mp3	2736
common_voice_gju_42476516.mp3	2700
common_voice_gju_42502481.mp3	3240
common_voice_gju_42612798.mp3	4428
common_voice_gju_42612740.mp3	3996
common_voice_gju_42460842.mp3	3240
common_voice_gju_42101443.mp3	1980
common_voice_gju_42562678.mp3	1980
common_voice_gju_42622249.mp3	2556
common_voice_gju_42137503.mp3	3168
common_voice_gju_42588230.mp3	1800
common_voice_gju_42562129.mp3	5076
common_voice_gju_42187143.mp3	7776
common_voice_gju_42594993.mp3	5400
common_voice_gju_42481113.mp3	1836
common_voice_gju_42588255.mp3	8028
common_voice_gju_42102952.mp3	1620
common_voice_gju_42612865.mp3	6408
common_voice_gju_42087290.mp3	8316
common_voice_gju_42185005.mp3	1476
common_voice_gju_42499616.mp3	2808
common_voice_gju_42197945.mp3	2340
common_voice_gju_42562143.mp3	2268
common_voice_gju_42476723.mp3	2520
common_voice_gju_42460832.mp3	2088
common_voice_gju_42102914.mp3	3276
common_voice_gju_42562091.mp3	3096
common_voice_gju_42102528.mp3	2448
common_voice_gju_42195317.mp3	2520
common_voice_gju_42587655.mp3	1728
common_voice_gju_42109323.mp3	1908
common_voice_gju_42409208.mp3	2700
common_voice_gju_42563077.mp3	6120
common_voice_gju_42462111.mp3	2520
common_voice_gju_42100797.mp3	4536
common_voice_gju_42588242.mp3	2520
common_voice_gju_42103100.mp3	5256
common_voice_gju_42561039.mp3	3636
common_voice_gju_42409023.mp3	3240
common_voice_gju_42476371.mp3	2628
common_voice_gju_42529924.mp3	2808
common_voice_gju_42562585.mp3	2880
common_voice_gju_42529884.mp3	2556
common_voice_gju_42200124.mp3	2808
common_voice_gju_42409253.mp3	3060
common_voice_gju_42089579.mp3	7020
common_voice_gju_42565503.mp3	2448
common_voice_gju_42478553.mp3	3996
common_voice_gju_42196817.mp3	1368
common_voice_gju_42107437.mp3	3096
common_voice_gju_42562840.mp3	1836
common_voice_gju_42106507.mp3	4176
common_voice_gju_42112713.mp3	2340
common_voice_gju_42476426.mp3	2340
common_voice_gju_42089661.mp3	4860
common_voice_gju_42197948.mp3	2448
common_voice_gju_42587927.mp3	2988
common_voice_gju_42562660.mp3	2196
common_voice_gju_42476400.mp3	5040
common_voice_gju_42476431.mp3	6516
common_voice_gju_42562128.mp3	3060
common_voice_gju_42188431.mp3	3780
common_voice_gju_42198006.mp3	2340
common_voice_gju_42500990.mp3	2700
common_voice_gju_42563103.mp3	5508
common_voice_gju_42109042.mp3	3240
common_voice_gju_42476754.mp3	2448
common_voice_gju_42101547.mp3	2700
common_voice_gju_42476355.mp3	2448
common_voice_gju_42637982.mp3	2736
common_voice_gju_42481055.mp3	3276
common_voice_gju_42090023.mp3	3168
common_voice_gju_42560971.mp3	3780
common_voice_gju_42529561.mp3	2268
common_voice_gju_42565501.mp3	7560
common_voice_gju_42565636.mp3	1908
common_voice_gju_42198039.mp3	2376
common_voice_gju_42562534.mp3	2448
common_voice_gju_42107669.mp3	3348
common_voice_gju_42612982.mp3	3420
common_voice_gju_42198047.mp3	1548
common_voice_gju_42601609.mp3	3348
common_voice_gju_42100750.mp3	5220
common_voice_gju_42101520.mp3	5976
common_voice_gju_42476332.mp3	2448
common_voice_gju_42562291.mp3	2160
common_voice_gju_42200518.mp3	4860
common_voice_gju_42594945.mp3	4140
common_voice_gju_42099703.mp3	3708
common_voice_gju_42497607.mp3	2448
common_voice_gju_42137097.mp3	2700
common_voice_gju_42101699.mp3	7776
common_voice_gju_42587515.mp3	2700
common_voice_gju_42461968.mp3	2700
common_voice_gju_42101529.mp3	2340
common_voice_gju_42563141.mp3	1980
common_voice_gju_42588084.mp3	2916
common_voice_gju_42090464.mp3	4608
common_voice_gju_42195941.mp3	2448
common_voice_gju_42476343.mp3	2916
common_voice_gju_42478629.mp3	3636
common_voice_gju_42136832.mp3	2340
common_voice_gju_42562108.mp3	3420
common_voice_gju_42106902.mp3	3600
common_voice_gju_42529580.mp3	6120
common_voice_gju_42562575.mp3	2736
common_voice_gju_42137550.mp3	4140
common_voice_gju_42497543.mp3	1728
common_voice_gju_42563119.mp3	4608
common_voice_gju_42587678.mp3	5688
common_voice_gju_42109293.mp3	2340
common_voice_gju_42090307.mp3	6696
common_voice_gju_42106764.mp3	5508
common_voice_gju_42562377.mp3	19980
common_voice_gju_42637752.mp3	4428
common_voice_gju_42087402.mp3	3348
common_voice_gju_42565283.mp3	3168
common_voice_gju_42565816.mp3	2520
common_voice_gju_42197450.mp3	2808
common_voice_gju_42461273.mp3	2268
common_voice_gju_42409040.mp3	2988
common_voice_gju_42091192.mp3	2340
common_voice_gju_42587644.mp3	1836
common_voice_gju_42195863.mp3	3096
common_voice_gju_42137226.mp3	1980
common_voice_gju_42529115.mp3	3528
common_voice_gju_42121421.mp3	7128
common_voice_gju_42199397.mp3	1980
common_voice_gju_42562649.mp3	4716
common_voice_gju_42182723.mp3	2160
common_voice_gju_42603742.mp3	6480
common_voice_gju_42562352.mp3	3456
common_voice_gju_42184228.mp3	2916
common_voice_gju_42107257.mp3	1800
common_voice_gju_42199467.mp3	2268
common_voice_gju_42529245.mp3	3528
common_voice_gju_42587651.mp3	2808
common_voice_gju_42476776.mp3	4248
common_voice_gju_42102423.mp3	4608
common_voice_gju_42409534.mp3	2808
common_voice_gju_42594994.mp3	7308
common_voice_gju_42182643.mp3	3780
common_voice_gju_42462007.mp3	2916
common_voice_gju_42562375.mp3	3636
common_voice_gju_42500961.mp3	2448
common_voice_gju_42613868.mp3	6588
common_voice_gju_42091208.mp3	2556
common_voice_gju_42460873.mp3	2628
common_voice_gju_42563089.mp3	3276
common_voice_gju_42196227.mp3	2016
common_voice_gju_42587514.mp3	1836
common_voice_gju_42619931.mp3	3636
common_voice_gju_42565556.mp3	3276
common_voice_gju_42500837.mp3	3888
common_voice_gju_42478548.mp3	3276
common_voice_gju_42622380.mp3	2376
common_voice_gju_42594968.mp3	3996
common_voice_gju_42107689.mp3	5220
common_voice_gju_42529859.mp3	3636
common_voice_gju_42179871.mp3	2268
common_voice_gju_42478745.mp3	2268
common_voice_gju_42200125.mp3	4140
common_voice_gju_42565901.mp3	2268
common_voice_gju_42613517.mp3	2340
common_voice_gju_42107482.mp3	2448
common_voice_gju_42091340.mp3	3420
common_voice_gju_42108604.mp3	2448
common_voice_gju_42476434.mp3	4860
common_voice_gju_42195969.mp3	1548
common_voice_gju_42501011.mp3	4140
common_voice_gju_42478552.mp3	2088
common_voice_gju_42478771.mp3	2340
common_voice_gju_42502519.mp3	2448
common_voice_gju_42111397.mp3	2088
common_voice_gju_42613449.mp3	3240
common_voice_gju_42087400.mp3	3528
common_voice_gju_42112339.mp3	3168
common_voice_gju_42612897.mp3	4176
common_voice_gju_42500806.mp3	3960
common_voice_gju_42409351.mp3	3960
common_voice_gju_42562294.mp3	1800
common_voice_gju_42100511.mp3	2556
common_voice_gju_42102718.mp3	4356
common_voice_gju_42195984.mp3	2448
common_voice_gju_42102994.mp3	4356
common_voice_gju_42587571.mp3	2880
common_voice_gju_42587442.mp3	2340
common_voice_gju_42530025.mp3	4248
common_voice_gju_42562330.mp3	3708
common_voice_gju_42109354.mp3	3996
common_voice_gju_42198059.mp3	2340
common_voice_gju_42476773.mp3	4248
common_voice_gju_42199418.mp3	1188
common_voice_gju_42107610.mp3	3276
common_voice_gju_42408985.mp3	2196
common_voice_gju_42179979.mp3	2268
common_voice_gju_42409102.mp3	2808
common_voice_gju_42587660.mp3	2268
common_voice_gju_42478550.mp3	3420
common_voice_gju_42594912.mp3	2808
common_voice_gju_42478696.mp3	3888
common_voice_gju_42587650.mp3	1836
common_voice_gju_42167234.mp3	3816
common_voice_gju_42200302.mp3	5220
common_voice_gju_42565475.mp3	6660
common_voice_gju_42562420.mp3	2160
common_voice_gju_42102127.mp3	4608
common_voice_gju_42112589.mp3	3708
common_voice_gju_42587857.mp3	3456
common_voice_gju_42481095.mp3	1836
common_voice_gju_42200498.mp3	3456
common_voice_gju_42478583.mp3	2016
common_voice_gju_42112723.mp3	3456
common_voice_gju_42587281.mp3	7056
common_voice_gju_42562687.mp3	3960
common_voice_gju_42478733.mp3	2736
common_voice_gju_42167426.mp3	3960
common_voice_gju_42500803.mp3	1908
common_voice_gju_42587478.mp3	2448
common_voice_gju_42565407.mp3	4356
common_voice_gju_42622394.mp3	2016
common_voice_gju_42138290.mp3	2268
common_voice_gju_42613875.mp3	1908
common_voice_gju_42588149.mp3	2916
common_voice_gju_42195906.mp3	2988
common_voice_gju_42179738.mp3	1980
common_voice_gju_42408986.mp3	4680
common_voice_gju_42637673.mp3	2376
common_voice_gju_42604057.mp3	2736
common_voice_gju_42476485.mp3	3240
common_voice_gju_42638067.mp3	2808
common_voice_gju_42101762.mp3	2340
common_voice_gju_42199403.mp3	3636
common_voice_gju_42460806.mp3	2916
common_voice_gju_42461662.mp3	2268
common_voice_gju_42089739.mp3	2988
common_voice_gju_42200231.mp3	1908
common_voice_gju_42529716.mp3	2628
common_voice_gju_42090516.mp3	2880
common_voice_gju_42109175.mp3	7236
common_voice_gju_42587434.mp3	1908
common_voice_gju_42199810.mp3	3060
common_voice_gju_42563200.mp3	2340
common_voice_gju_42500721.mp3	3240
common_voice_gju_42106848.mp3	4248
common_voice_gju_42565787.mp3	3096
common_voice_gju_42112468.mp3	2088
common_voice_gju_42563243.mp3	3708
common_voice_gju_42198353.mp3	2088
common_voice_gju_42167629.mp3	5148
common_voice_gju_42562520.mp3	2160
common_voice_gju_42107428.mp3	1728
common_voice_gju_42107451.mp3	1980
common_voice_gju_42619817.mp3	7596
common_voice_gju_42107416.mp3	5508
common_voice_gju_42587822.mp3	1728
common_voice_gju_42562557.mp3	1728
common_voice_gju_42565776.mp3	2880
common_voice_gju_42197514.mp3	1656
common_voice_gju_42476335.mp3	3420
common_voice_gju_42107372.mp3	2916
common_voice_gju_42588095.mp3	1908
common_voice_gju_42102726.mp3	3636
common_voice_gju_42198586.mp3	1836
common_voice_gju_42565810.mp3	1908
common_voice_gju_42478729.mp3	2808
common_voice_gju_42102437.mp3	6336
common_voice_gju_42188518.mp3	2016
common_voice_gju_42565540.mp3	7596
common_voice_gju_42622393.mp3	2736
common_voice_gju_42637863.mp3	1800
common_voice_gju_42476721.mp3	2880
common_voice_gju_42594957.mp3	2808
common_voice_gju_42604035.mp3	1908
common_voice_gju_42565541.mp3	3168
common_voice_gju_42603961.mp3	2088
common_voice_gju_42107336.mp3	3168
common_voice_gju_42613583.mp3	3636
common_voice_gju_42197989.mp3	2556
common_voice_gju_42603853.mp3	2088
common_voice_gju_42198096.mp3	1656
common_voice_gju_42481099.mp3	2556
common_voice_gju_42500808.mp3	3276
common_voice_gju_42102277.mp3	3960
common_voice_gju_42184778.mp3	2628
common_voice_gju_42107711.mp3	2160
common_voice_gju_42101806.mp3	1800
common_voice_gju_42100333.mp3	1728
common_voice_gju_42090729.mp3	3348
common_voice_gju_42184307.mp3	1728
common_voice_gju_42179911.mp3	4320
common_voice_gju_42108507.mp3	2916
common_voice_gju_42179952.mp3	2376
common_voice_gju_42107745.mp3	2988
common_voice_gju_42529979.mp3	2808
common_voice_gju_42102556.mp3	5436
common_voice_gju_42588237.mp3	3240
common_voice_gju_42184692.mp3	4248
common_voice_gju_42604363.mp3	2916
common_voice_gju_42604137.mp3	2520
common_voice_gju_42167442.mp3	2268
common_voice_gju_42409469.mp3	3168
common_voice_gju_42197127.mp3	1368
common_voice_gju_42099910.mp3	3168
common_voice_gju_42197970.mp3	1260
common_voice_gju_42182880.mp3	5400
common_voice_gju_42188293.mp3	2448
common_voice_gju_42101740.mp3	3348
common_voice_gju_42587692.mp3	3456
common_voice_gju_42195363.mp3	3348
common_voice_gju_42481107.mp3	1908
common_voice_gju_42409424.mp3	4896
common_voice_gju_42637850.mp3	4248
common_voice_gju_42200516.mp3	3348
common_voice_gju_42529912.mp3	2376
common_voice_gju_42106938.mp3	4608
common_voice_gju_42089834.mp3	4500
common_voice_gju_42107679.mp3	2340
common_voice_gju_42106961.mp3	5868
common_voice_gju_42197907.mp3	1656
common_voice_gju_42167774.mp3	1908
common_voice_gju_42100823.mp3	3708
common_voice_gju_42100822.mp3	2268
common_voice_gju_42563241.mp3	2736
common_voice_gju_42121448.mp3	2448
common_voice_gju_42107758.mp3	4176
common_voice_gju_42622322.mp3	1836
common_voice_gju_42167455.mp3	2880
common_voice_gju_42179820.mp3	1548
common_voice_gju_42111843.mp3	2160
common_voice_gju_42601622.mp3	2988
common_voice_gju_42111379.mp3	2700
common_voice_gju_42188372.mp3	2736
common_voice_gju_42195354.mp3	3240
common_voice_gju_42200423.mp3	2916
common_voice_gju_42112694.mp3	2160
common_voice_gju_42167415.mp3	2880
common_voice_gju_42622362.mp3	2088
common_voice_gju_42565347.mp3	4500
common_voice_gju_42587795.mp3	2016
common_voice_gju_42090485.mp3	1836
common_voice_gju_42182807.mp3	4536
common_voice_gju_42111347.mp3	5400
common_voice_gju_42537345.mp3	2160
common_voice_gju_42108233.mp3	2736
common_voice_gju_42588279.mp3	2088
common_voice_gju_42198064.mp3	1620
common_voice_gju_42087333.mp3	4176
common_voice_gju_42587454.mp3	2880
common_voice_gju_42460783.mp3	2916
common_voice_gju_42476370.mp3	4896
common_voice_gju_42200268.mp3	2160
common_voice_gju_42167443.mp3	3636
common_voice_gju_42501127.mp3	2556
common_voice_gju_42537362.mp3	3780
common_voice_gju_42107267.mp3	4248
common_voice_gju_42112596.mp3	1800
common_voice_gju_42565211.mp3	2448
common_voice_gju_42587482.mp3	4140
common_voice_gju_42501224.mp3	3060
common_voice_gju_42588266.mp3	2916
common_voice_gju_42111377.mp3	2016
common_voice_gju_42587964.mp3	2556
common_voice_gju_42562148.mp3	3780
common_voice_gju_42107710.mp3	1836
common_voice_gju_42601560.mp3	2340
common_voice_gju_42562415.mp3	1620
common_voice_gju_42603946.mp3	1620
common_voice_gju_42109231.mp3	2448
common_voice_gju_42195482.mp3	3168
common_voice_gju_42604163.mp3	1656
common_voice_gju_42109116.mp3	1836
common_voice_gju_42562078.mp3	3168
common_voice_gju_42562566.mp3	3276
common_voice_gju_42476388.mp3	2160
common_voice_gju_42195368.mp3	2340
common_voice_gju_42184681.mp3	2736
common_voice_gju_42565706.mp3	2628
common_voice_gju_42087581.mp3	3168
common_voice_gju_42588083.mp3	3168
common_voice_gju_42198269.mp3	1800
common_voice_gju_42476306.mp3	7128
common_voice_gju_42112510.mp3	1836
common_voice_gju_42563018.mp3	2556
common_voice_gju_42195949.mp3	3168
common_voice_gju_42478598.mp3	2160
common_voice_gju_42199596.mp3	2736
common_voice_gju_42199426.mp3	1476
common_voice_gju_42588107.mp3	1980
common_voice_gju_42620018.mp3	3780
common_voice_gju_42478646.mp3	1656
common_voice_gju_42612732.mp3	2088
common_voice_gju_42597254.mp3	3600
common_voice_gju_42107317.mp3	2448
common_voice_gju_42198380.mp3	1908
common_voice_gju_42562553.mp3	2556
common_voice_gju_42637567.mp3	2160
common_voice_gju_42111253.mp3	8496
common_voice_gju_42601548.mp3	1908
common_voice_gju_42565405.mp3	2880
common_voice_gju_42107288.mp3	3060
common_voice_gju_42562798.mp3	5688
common_voice_gju_42409085.mp3	4320
common_voice_gju_42613862.mp3	4716
common_voice_gju_42091419.mp3	1980
common_voice_gju_42476315.mp3	3240
common_voice_gju_42107460.mp3	4500
common_voice_gju_42537372.mp3	1800
common_voice_gju_42102603.mp3	2700
common_voice_gju_42102517.mp3	4068
common_voice_gju_42111467.mp3	1728
common_voice_gju_42198624.mp3	4140
common_voice_gju_42102177.mp3	2916
common_voice_gju_42604378.mp3	2628
common_voice_gju_42102549.mp3	3276
common_voice_gju_42613735.mp3	2088
common_voice_gju_42562676.mp3	4896
common_voice_gju_42111500.mp3	5580
common_voice_gju_42588259.mp3	1908
common_voice_gju_42136830.mp3	2736
common_voice_gju_42587691.mp3	2808
common_voice_gju_42603859.mp3	2556
common_voice_gju_42562161.mp3	2916
common_voice_gju_42562569.mp3	5940
common_voice_gju_42565584.mp3	3240
common_voice_gju_42612963.mp3	3060
common_voice_gju_42112445.mp3	9720
common_voice_gju_42090500.mp3	2880
common_voice_gju_42499615.mp3	5580
common_voice_gju_42476786.mp3	1620
common_voice_gju_42476475.mp3	3168
common_voice_gju_42179880.mp3	3060
common_voice_gju_42461271.mp3	3060
common_voice_gju_42604070.mp3	4608
common_voice_gju_42638037.mp3	2268
common_voice_gju_42198517.mp3	3456
common_voice_gju_42461659.mp3	2556
common_voice_gju_42108530.mp3	3096
common_voice_gju_42409558.mp3	3168
common_voice_gju_42502432.mp3	2988
common_voice_gju_42109019.mp3	2700
common_voice_gju_42476813.mp3	3456
common_voice_gju_42501058.mp3	1980
common_voice_gju_42604158.mp3	3060
common_voice_gju_42108607.mp3	4968
common_voice_gju_42604147.mp3	2376
common_voice_gju_42563145.mp3	2376
common_voice_gju_42502513.mp3	5400
common_voice_gju_42476579.mp3	2088
common_voice_gju_42087611.mp3	7776
common_voice_gju_42180097.mp3	3528
common_voice_gju_42619825.mp3	3240
common_voice_gju_42112542.mp3	1908
common_voice_gju_42603892.mp3	1836
common_voice_gju_42613876.mp3	1980
common_voice_gju_42563220.mp3	4176
common_voice_gju_42565732.mp3	3816
common_voice_gju_42409108.mp3	3456
common_voice_gju_42107417.mp3	3240
common_voice_gju_42565807.mp3	2556
common_voice_gju_42198335.mp3	1908
common_voice_gju_42604345.mp3	1980
common_voice_gju_42087439.mp3	3096
common_voice_gju_42562490.mp3	2556
common_voice_gju_42089566.mp3	2556
common_voice_gju_42604061.mp3	4356
common_voice_gju_42587312.mp3	3996
common_voice_gju_42200144.mp3	2916
common_voice_gju_42565244.mp3	3348
common_voice_gju_42500830.mp3	2376
common_voice_gju_42637604.mp3	2376
common_voice_gju_42102547.mp3	2880
common_voice_gju_42101550.mp3	2376
common_voice_gju_42601707.mp3	1836
common_voice_gju_42111208.mp3	2556
common_voice_gju_42500839.mp3	2196
common_voice_gju_42613689.mp3	3600
common_voice_gju_42408906.mp3	2916
common_voice_gju_42501021.mp3	2088
common_voice_gju_42102746.mp3	3528
common_voice_gju_42102136.mp3	4176
common_voice_gju_42613908.mp3	2700
common_voice_gju_42188241.mp3	1728
common_voice_gju_42612935.mp3	4788
common_voice_gju_42562907.mp3	4320
common_voice_gju_42091335.mp3	3096
common_voice_gju_42167699.mp3	5436
common_voice_gju_42637674.mp3	2160
common_voice_gju_42198394.mp3	2340
common_voice_gju_42562550.mp3	2160
common_voice_gju_42083754.mp3	2700
common_voice_gju_42587451.mp3	3348
common_voice_gju_42613919.mp3	3816
common_voice_gju_42100886.mp3	2160
common_voice_gju_42588080.mp3	4248
common_voice_gju_42103283.mp3	5508
common_voice_gju_42103197.mp3	5220
common_voice_gju_42199666.mp3	1260
common_voice_gju_42499634.mp3	4068
common_voice_gju_42198325.mp3	1908
common_voice_gju_42087431.mp3	3780
common_voice_gju_42587856.mp3	1656
common_voice_gju_42562288.mp3	10368
common_voice_gju_42613860.mp3	3636
common_voice_gju_42107376.mp3	2448
common_voice_gju_42613563.mp3	2340
common_voice_gju_42604087.mp3	4716
common_voice_gju_42601494.mp3	1728
common_voice_gju_42594978.mp3	3780
common_voice_gju_42613749.mp3	2556
common_voice_gju_42588153.mp3	2016
common_voice_gju_42195300.mp3	1800
common_voice_gju_42562650.mp3	3816
common_voice_gju_42198518.mp3	1368
common_voice_gju_42637938.mp3	4320
common_voice_gju_42612788.mp3	2556
common_voice_gju_42587621.mp3	4896
common_voice_gju_42089836.mp3	4608
common_voice_gju_42478673.mp3	1980
common_voice_gju_42562592.mp3	3060
common_voice_gju_42199708.mp3	3240
common_voice_gju_42188165.mp3	1368
common_voice_gju_42107504.mp3	1800
common_voice_gju_42562734.mp3	2448
common_voice_gju_42090769.mp3	2880
common_voice_gju_42408987.mp3	2700
common_voice_gju_42563029.mp3	4248
common_voice_gju_42562300.mp3	2808
common_voice_gju_42188514.mp3	5868
common_voice_gju_42637918.mp3	2160
common_voice_gju_42409074.mp3	4248
common_voice_gju_42187292.mp3	2808
common_voice_gju_42562718.mp3	2700
common_voice_gju_42565760.mp3	2700
common_voice_gju_42619891.mp3	4716
common_voice_gju_42565351.mp3	2016
common_voice_gju_42604203.mp3	2268
common_voice_gju_42199241.mp3	2700
common_voice_gju_42408855.mp3	3240
common_voice_gju_42107558.mp3	7596
common_voice_gju_42612676.mp3	4248
common_voice_gju_42101258.mp3	9288
common_voice_gju_42562233.mp3	3996
common_voice_gju_42612674.mp3	10008
common_voice_gju_42091127.mp3	3816
common_voice_gju_42613570.mp3	3816
common_voice_gju_42101187.mp3	8028
common_voice_gju_42622234.mp3	1980
common_voice_gju_42089564.mp3	5400
common_voice_gju_42476611.mp3	4068
common_voice_gju_42107410.mp3	11160
common_voice_gju_42102284.mp3	3096
common_voice_gju_42604469.mp3	7056
common_voice_gju_42107511.mp3	3780
common_voice_gju_42562431.mp3	3888
common_voice_gju_42112509.mp3	4788
common_voice_gju_42199141.mp3	1908
common_voice_gju_42604141.mp3	4716
common_voice_gju_42502585.mp3	2700
common_voice_gju_42478654.mp3	1980
common_voice_gju_42102318.mp3	3276
common_voice_gju_42460833.mp3	2448
common_voice_gju_42587429.mp3	2088
common_voice_gju_42594984.mp3	2808
common_voice_gju_42100227.mp3	2808
common_voice_gju_42565880.mp3	3420
common_voice_gju_42588247.mp3	1908
common_voice_gju_42199838.mp3	3168
common_voice_gju_42102539.mp3	5940
common_voice_gju_42587460.mp3	2628
common_voice_gju_42102762.mp3	3816
common_voice_gju_42529996.mp3	3060
common_voice_gju_42199220.mp3	3600
common_voice_gju_42195289.mp3	2016
common_voice_gju_42080140.mp3	1656
common_voice_gju_42101427.mp3	2628
common_voice_gju_42195263.mp3	2700
common_voice_gju_42501008.mp3	4248
common_voice_gju_42587524.mp3	2268
common_voice_gju_42101107.mp3	3996
common_voice_gju_42565546.mp3	4428
common_voice_gju_42107753.mp3	3420
common_voice_gju_42476422.mp3	1980
common_voice_gju_42497601.mp3	4068
common_voice_gju_42604465.mp3	2916
common_voice_gju_42537292.mp3	2736
common_voice_gju_42565898.mp3	3348
common_voice_gju_42100411.mp3	4716
common_voice_gju_42565616.mp3	2700
common_voice_gju_42409542.mp3	4608
common_voice_gju_42637603.mp3	3456
common_voice_gju_42102761.mp3	2628
common_voice_gju_42187158.mp3	1980
common_voice_gju_42200451.mp3	2016
common_voice_gju_42188654.mp3	2628
common_voice_gju_42101651.mp3	11988
common_voice_gju_42107252.mp3	1836
common_voice_gju_42565859.mp3	3168
common_voice_gju_42188530.mp3	1908
common_voice_gju_42622232.mp3	2808
common_voice_gju_42179978.mp3	4860
common_voice_gju_42200142.mp3	1836
common_voice_gju_42107229.mp3	2448
common_voice_gju_42587440.mp3	2700
common_voice_gju_42137181.mp3	2268
common_voice_gju_42565210.mp3	3276
common_voice_gju_42478627.mp3	1980
common_voice_gju_42478539.mp3	3708
common_voice_gju_42102255.mp3	4176
common_voice_gju_42461241.mp3	2808
common_voice_gju_42587468.mp3	3096
common_voice_gju_42565518.mp3	4248
common_voice_gju_42604344.mp3	3960
common_voice_gju_42587818.mp3	2340
common_voice_gju_42184650.mp3	4680
common_voice_gju_42111252.mp3	3816
common_voice_gju_42108538.mp3	4536
common_voice_gju_42107217.mp3	4356
common_voice_gju_42462078.mp3	1908
common_voice_gju_42500880.mp3	2916
common_voice_gju_42565886.mp3	6660
common_voice_gju_42121524.mp3	2016
common_voice_gju_42478691.mp3	4068
common_voice_gju_42111844.mp3	2448
common_voice_gju_42167179.mp3	3276
common_voice_gju_42481097.mp3	4500
common_voice_gju_42529320.mp3	4428
common_voice_gju_42109031.mp3	2808
common_voice_gju_42476367.mp3	4896
common_voice_gju_42501188.mp3	4248
common_voice_gju_42612985.mp3	4500
common_voice_gju_42121470.mp3	1800
common_voice_gju_42613482.mp3	2268
common_voice_gju_42604190.mp3	2016
common_voice_gju_42108517.mp3	2700
common_voice_gju_42497746.mp3	2196
common_voice_gju_42462117.mp3	3240
common_voice_gju_42500882.mp3	7308
common_voice_gju_42102667.mp3	5508
common_voice_gju_42537313.mp3	2700
common_voice_gju_42200449.mp3	1800
common_voice_gju_42562623.mp3	2160
common_voice_gju_42198589.mp3	1836
common_voice_gju_42199935.mp3	2268
common_voice_gju_42562265.mp3	3600
common_voice_gju_42200311.mp3	1296
common_voice_gju_42102179.mp3	3780
common_voice_gju_42619889.mp3	2520
common_voice_gju_42121498.mp3	4680
common_voice_gju_42199892.mp3	3708
common_voice_gju_42112532.mp3	2160
common_voice_gju_42565231.mp3	2916
common_voice_gju_42613441.mp3	2556
common_voice_gju_42087583.mp3	4860
common_voice_gju_42613640.mp3	3816
common_voice_gju_42612989.mp3	5256
common_voice_gju_42198377.mp3	2088
common_voice_gju_42565870.mp3	2160
common_voice_gju_42565223.mp3	3600
common_voice_gju_42565460.mp3	4860
common_voice_gju_42179791.mp3	2448
common_voice_gju_42091095.mp3	6228
common_voice_gju_42562312.mp3	4896
common_voice_gju_42102279.mp3	5220
common_voice_gju_42537325.mp3	2700
common_voice_gju_42529335.mp3	3276
common_voice_gju_42100512.mp3	2520
common_voice_gju_42612934.mp3	6336
common_voice_gju_42595000.mp3	3240
common_voice_gju_42562722.mp3	3816
common_voice_gju_42478660.mp3	2340
common_voice_gju_42090813.mp3	4680
common_voice_gju_42103263.mp3	3960
common_voice_gju_42562371.mp3	2268
common_voice_gju_42587449.mp3	2448
common_voice_gju_42091474.mp3	2376
common_voice_gju_42562487.mp3	3240
common_voice_gju_42476528.mp3	2880
common_voice_gju_42188527.mp3	2448
common_voice_gju_42091232.mp3	9360
common_voice_gju_42102766.mp3	3096
common_voice_gju_42481163.mp3	2448
common_voice_gju_42476722.mp3	6948
common_voice_gju_42612904.mp3	8820
common_voice_gju_42112480.mp3	1656
common_voice_gju_42136853.mp3	5616
common_voice_gju_42087358.mp3	3276
common_voice_gju_42601610.mp3	2520
common_voice_gju_42604302.mp3	3996
common_voice_gju_42637893.mp3	6876
common_voice_gju_42112639.mp3	1908
common_voice_gju_42090880.mp3	3456
common_voice_gju_42200151.mp3	2268
common_voice_gju_42089984.mp3	13176
common_voice_gju_42137532.mp3	3240
common_voice_gju_42619916.mp3	2088
common_voice_gju_42101780.mp3	2520
common_voice_gju_42199769.mp3	1728
common_voice_gju_42588201.mp3	2160
common_voice_gju_42637768.mp3	3060
common_voice_gju_42619930.mp3	3996
common_voice_gju_42087442.mp3	5076
common_voice_gju_42102042.mp3	5976
common_voice_gju_42588121.mp3	2700
common_voice_gju_42112729.mp3	4680
common_voice_gju_42587676.mp3	2520
common_voice_gju_42588262.mp3	2556
common_voice_gju_42587328.mp3	3636
common_voice_gju_42565209.mp3	2988
common_voice_gju_42637821.mp3	3816
common_voice_gju_42197343.mp3	2880
common_voice_gju_42637638.mp3	1836
common_voice_gju_42594996.mp3	6120
common_voice_gju_42587778.mp3	2520
common_voice_gju_42562853.mp3	1836
common_voice_gju_42476538.mp3	2808
common_voice_gju_42199222.mp3	1908
common_voice_gju_42100246.mp3	4500
common_voice_gju_42167380.mp3	6156
common_voice_gju_42565382.mp3	4140
common_voice_gju_42565614.mp3	2916
common_voice_gju_42565815.mp3	2088
common_voice_gju_42601720.mp3	1980
common_voice_gju_42478715.mp3	3528
common_voice_gju_42565358.mp3	3276
common_voice_gju_42107500.mp3	2916
common_voice_gju_42588038.mp3	3060
common_voice_gju_42612821.mp3	2268
common_voice_gju_42476447.mp3	2916
common_voice_gju_42603896.mp3	3420
common_voice_gju_42604238.mp3	5508
common_voice_gju_42612807.mp3	3240
common_voice_gju_42562218.mp3	2628
common_voice_gju_42195419.mp3	3060
common_voice_gju_42107545.mp3	4716
common_voice_gju_42197250.mp3	4320
common_voice_gju_42090618.mp3	3420
common_voice_gju_42529995.mp3	2448
common_voice_gju_42106957.mp3	4356
common_voice_gju_42529353.mp3	2196
common_voice_gju_42587300.mp3	3240
common_voice_gju_42613725.mp3	1656
common_voice_gju_42112750.mp3	2196
common_voice_gju_42080055.mp3	1656
common_voice_gju_42537339.mp3	2088
common_voice_gju_42612672.mp3	4068
common_voice_gju_42612990.mp3	5256
common_voice_gju_42562715.mp3	3420
common_voice_gju_42478695.mp3	3348
common_voice_gju_42188701.mp3	1260
common_voice_gju_42478687.mp3	2556
common_voice_gju_42565598.mp3	2736
common_voice_gju_42587456.mp3	2376
common_voice_gju_42167236.mp3	2340
common_voice_gju_42565228.mp3	2340
common_voice_gju_42137701.mp3	2736
common_voice_gju_42096420.mp3	3060
common_voice_gju_42604037.mp3	1620
common_voice_gju_42108603.mp3	4356
common_voice_gju_42107210.mp3	6696
common_voice_gju_42108057.mp3	2448
common_voice_gju_42565711.mp3	1800
common_voice_gju_42199849.mp3	1620
common_voice_gju_42478597.mp3	3348
common_voice_gju_42107232.mp3	3960
common_voice_gju_42601663.mp3	1980
common_voice_gju_42087667.mp3	3636
common_voice_gju_42502547.mp3	3600
common_voice_gju_42562603.mp3	4500
common_voice_gju_42106626.mp3	4428
common_voice_gju_42562388.mp3	2016
common_voice_gju_42612867.mp3	4356
common_voice_gju_42179891.mp3	1620
common_voice_gju_42101741.mp3	4320
common_voice_gju_42180037.mp3	2160
common_voice_gju_42565790.mp3	6660
common_voice_gju_42409797.mp3	2160
common_voice_gju_42460803.mp3	3600
common_voice_gju_42562331.mp3	3708
common_voice_gju_42200181.mp3	2700
common_voice_gju_42461275.mp3	4500
common_voice_gju_42102540.mp3	2736
common_voice_gju_42461575.mp3	3708
common_voice_gju_42111221.mp3	2520
common_voice_gju_42187302.mp3	2556
common_voice_gju_42112446.mp3	2268
common_voice_gju_42188577.mp3	1980
common_voice_gju_42195439.mp3	1980
common_voice_gju_42200424.mp3	3456
common_voice_gju_42100825.mp3	2628
common_voice_gju_42587450.mp3	1800
common_voice_gju_42502477.mp3	2556
common_voice_gju_42461504.mp3	3240
common_voice_gju_42588089.mp3	2808
common_voice_gju_42587487.mp3	3096
common_voice_gju_42478638.mp3	5868
common_voice_gju_42529305.mp3	3780
common_voice_gju_42106958.mp3	4608
common_voice_gju_42188377.mp3	1620
common_voice_gju_42622395.mp3	7488
common_voice_gju_42562318.mp3	2628
common_voice_gju_42562690.mp3	3168
common_voice_gju_42500855.mp3	3276
common_voice_gju_42461527.mp3	2448
common_voice_gju_42112025.mp3	4320
common_voice_gju_42476758.mp3	2916
common_voice_gju_42461267.mp3	2376
common_voice_gju_42121541.mp3	1728
common_voice_gju_42112511.mp3	3348
common_voice_gju_42562698.mp3	2376
common_voice_gju_42184709.mp3	1980
common_voice_gju_42594972.mp3	2628
common_voice_gju_42529652.mp3	2880
common_voice_gju_42622115.mp3	3636
common_voice_gju_42179965.mp3	2376
common_voice_gju_42622387.mp3	3276
common_voice_gju_42109357.mp3	1728
common_voice_gju_42501009.mp3	3636
common_voice_gju_42565367.mp3	2556
common_voice_gju_42476396.mp3	4428
common_voice_gju_42481192.mp3	6408
common_voice_gju_42500878.mp3	2088
common_voice_gju_42107357.mp3	1728
common_voice_gju_42121924.mp3	1908
common_voice_gju_42112637.mp3	2196
common_voice_gju_42197535.mp3	3276
common_voice_gju_42107226.mp3	2448
common_voice_gju_42530226.mp3	1908
common_voice_gju_42112672.mp3	2016
common_voice_gju_42588045.mp3	3348
common_voice_gju_42587543.mp3	2196
common_voice_gju_42565835.mp3	2736
common_voice_gju_42409449.mp3	2988
common_voice_gju_42198095.mp3	2016
common_voice_gju_42167773.mp3	2880
common_voice_gju_42476619.mp3	3096
common_voice_gju_42112607.mp3	2160
common_voice_gju_42601526.mp3	2556
common_voice_gju_42562974.mp3	6156
common_voice_gju_42200448.mp3	1548
common_voice_gju_42102133.mp3	4320
common_voice_gju_42478682.mp3	3996
common_voice_gju_42200207.mp3	3348
common_voice_gju_42565567.mp3	2160
common_voice_gju_42107260.mp3	3420
common_voice_gju_42108536.mp3	3996
common_voice_gju_42180065.mp3	4248
common_voice_gju_42565743.mp3	2700
common_voice_gju_42107852.mp3	1728
common_voice_gju_42529307.mp3	3780
common_voice_gju_42108599.mp3	3060
common_voice_gju_42637902.mp3	1908
common_voice_gju_42090684.mp3	2448
common_voice_gju_42588103.mp3	2268
common_voice_gju_42637693.mp3	3060
common_voice_gju_42184739.mp3	1368
common_voice_gju_42409574.mp3	3348
common_voice_gju_42562911.mp3	3636
common_voice_gju_42107321.mp3	1656
common_voice_gju_42501204.mp3	4428
common_voice_gju_42167238.mp3	2556
common_voice_gju_42565669.mp3	3096
common_voice_gju_42195510.mp3	2916
common_voice_gju_42565464.mp3	2160
common_voice_gju_42594973.mp3	6300
common_voice_gju_42102894.mp3	2880
common_voice_gju_42637920.mp3	3168
common_voice_gju_42613480.mp3	2808
common_voice_gju_42637543.mp3	10908
common_voice_gju_42091099.mp3	3600
common_voice_gju_42603932.mp3	1980
common_voice_gju_42563254.mp3	3600
common_voice_gju_42108036.mp3	2880
common_voice_gju_42182655.mp3	1800
common_voice_gju_42562942.mp3	2556
common_voice_gju_42587315.mp3	2808
common_voice_gju_42587640.mp3	1908
common_voice_gju_42478672.mp3	1620
common_voice_gju_42198306.mp3	3456
common_voice_gju_42562224.mp3	2556
common_voice_gju_42091363.mp3	2016
common_voice_gju_42109223.mp3	5868
common_voice_gju_42087535.mp3	3060
common_voice_gju_42198137.mp3	2376
common_voice_gju_42601579.mp3	3456
common_voice_gju_42478613.mp3	3348
common_voice_gju_42587605.mp3	2520
common_voice_gju_42409415.mp3	4068
common_voice_gju_42091161.mp3	2196
common_voice_gju_42090655.mp3	5508
common_voice_gju_42601406.mp3	3060
common_voice_gju_42537366.mp3	2880
common_voice_gju_42601598.mp3	1980
common_voice_gju_42100329.mp3	3276
common_voice_gju_42195265.mp3	1656
common_voice_gju_42409216.mp3	2988
common_voice_gju_42529942.mp3	2340
common_voice_gju_42109210.mp3	2736
common_voice_gju_42565612.mp3	2376
common_voice_gju_42619972.mp3	8676
common_voice_gju_42111177.mp3	3240
common_voice_gju_42107785.mp3	3600
common_voice_gju_42096670.mp3	5040
common_voice_gju_42199558.mp3	2988
common_voice_gju_42195358.mp3	2268
common_voice_gju_42613912.mp3	5616
common_voice_gju_42137095.mp3	2376
common_voice_gju_42476764.mp3	2880
common_voice_gju_42562448.mp3	3420
common_voice_gju_42529842.mp3	2880
common_voice_gju_42100574.mp3	5868
common_voice_gju_42529341.mp3	2736
common_voice_gju_42109272.mp3	3060
common_voice_gju_42476393.mp3	2088
common_voice_gju_42476603.mp3	5580
common_voice_gju_42199893.mp3	3060
common_voice_gju_42481078.mp3	4428
common_voice_gju_42187174.mp3	1440
common_voice_gju_42167368.mp3	4356
common_voice_gju_42481087.mp3	1836
common_voice_gju_42476810.mp3	4140
common_voice_gju_42195994.mp3	1260
common_voice_gju_42562242.mp3	2268
common_voice_gju_42565626.mp3	1656
common_voice_gju_42562954.mp3	1728
common_voice_gju_42108188.mp3	3240
common_voice_gju_42622245.mp3	3600
common_voice_gju_42112436.mp3	2808
common_voice_gju_42478689.mp3	2016
common_voice_gju_42179988.mp3	2556
common_voice_gju_42100228.mp3	3528
common_voice_gju_42111222.mp3	4500
common_voice_gju_42461474.mp3	5688
common_voice_gju_42622216.mp3	2700
common_voice_gju_42562738.mp3	3276
common_voice_gju_42107341.mp3	3456
common_voice_gju_42481108.mp3	2988
common_voice_gju_42409283.mp3	3708
common_voice_gju_42090785.mp3	3600
common_voice_gju_42562879.mp3	2268
common_voice_gju_42198656.mp3	2016
common_voice_gju_42601655.mp3	4788
common_voice_gju_42563188.mp3	2160
common_voice_gju_42107276.mp3	2808
common_voice_gju_42199223.mp3	6156
common_voice_gju_42478587.mp3	1980
common_voice_gju_42481131.mp3	4860
common_voice_gju_42112403.mp3	1800
common_voice_gju_42481049.mp3	4248
common_voice_gju_42529342.mp3	1908
common_voice_gju_42200303.mp3	1656
common_voice_gju_42200519.mp3	3420
common_voice_gju_42109348.mp3	2916
common_voice_gju_42112411.mp3	3960
common_voice_gju_42587874.mp3	1800
common_voice_gju_42562624.mp3	2628
common_voice_gju_42091275.mp3	3276
common_voice_gju_42198156.mp3	1728
common_voice_gju_42500864.mp3	2988
common_voice_gju_42197510.mp3	1260
common_voice_gju_42497753.mp3	3348
common_voice_gju_42180094.mp3	2880
common_voice_gju_42530097.mp3	5688
common_voice_gju_42562909.mp3	5256
common_voice_gju_42089831.mp3	7308
common_voice_gju_42103169.mp3	3240
common_voice_gju_42107165.mp3	4788
common_voice_gju_42195438.mp3	2880
common_voice_gju_42612677.mp3	6876
common_voice_gju_42476692.mp3	3780
common_voice_gju_42179892.mp3	5076
common_voice_gju_42099716.mp3	2736
common_voice_gju_42476344.mp3	1836
common_voice_gju_42409799.mp3	1548
common_voice_gju_42109337.mp3	5580
common_voice_gju_42108544.mp3	3996
common_voice_gju_42565466.mp3	2448
common_voice_gju_42188665.mp3	1260
common_voice_gju_42090417.mp3	3240
common_voice_gju_42562234.mp3	2376
common_voice_gju_42199602.mp3	1620
common_voice_gju_42107334.mp3	4428
common_voice_gju_42100799.mp3	3456
common_voice_gju_42138288.mp3	3636
common_voice_gju_42637622.mp3	4176
common_voice_gju_42604328.mp3	1728
common_voice_gju_42562518.mp3	2340
common_voice_gju_42109304.mp3	10476
common_voice_gju_42476348.mp3	6156
common_voice_gju_42179829.mp3	1908
common_voice_gju_42613742.mp3	8316
common_voice_gju_42588166.mp3	4176
common_voice_gju_42588248.mp3	3060
common_voice_gju_42195262.mp3	1620
common_voice_gju_42478562.mp3	2196
common_voice_gju_42100938.mp3	2340
common_voice_gju_42107738.mp3	3168
common_voice_gju_42461657.mp3	2988
common_voice_gju_42200027.mp3	3996
common_voice_gju_42409083.mp3	3456
common_voice_gju_42561287.mp3	3348
common_voice_gju_42461552.mp3	2700
common_voice_gju_42594981.mp3	4500
common_voice_gju_42587483.mp3	2916
common_voice_gju_42565595.mp3	3780
common_voice_gju_42179839.mp3	2376
common_voice_gju_42101480.mp3	6300
common_voice_gju_42588238.mp3	1728
common_voice_gju_42101761.mp3	2520
common_voice_gju_42588120.mp3	3096
common_voice_gju_42197301.mp3	4500
common_voice_gju_42529888.mp3	2700
common_voice_gju_42565230.mp3	1800
common_voice_gju_42409037.mp3	2700
common_voice_gju_42107394.mp3	2988
common_voice_gju_42622054.mp3	2340
common_voice_gju_42461655.mp3	3780
common_voice_gju_42562797.mp3	3456
common_voice_gju_42107994.mp3	9396
common_voice_gju_42622360.mp3	2628
common_voice_gju_42604219.mp3	2196
common_voice_gju_42179760.mp3	2016
common_voice_gju_42179828.mp3	2160
common_voice_gju_42603843.mp3	2376
common_voice_gju_42188580.mp3	3600
common_voice_gju_42112476.mp3	2448
common_voice_gju_42478734.mp3	3708
common_voice_gju_42587382.mp3	1800
common_voice_gju_42637637.mp3	2268
common_voice_gju_42562181.mp3	2448
common_voice_gju_42588099.mp3	2088
common_voice_gju_42199280.mp3	1548
common_voice_gju_42565896.mp3	4428
common_voice_gju_42613506.mp3	2340
common_voice_gju_42167667.mp3	4536
common_voice_gju_42089716.mp3	2736
common_voice_gju_42112301.mp3	3816
common_voice_gju_42409273.mp3	3420
common_voice_gju_42537304.mp3	5760
common_voice_gju_42612883.mp3	5868
common_voice_gju_42182656.mp3	1836
common_voice_gju_42109367.mp3	2988
common_voice_gju_42109289.mp3	3240
common_voice_gju_42476318.mp3	5508
common_voice_gju_42587728.mp3	4140
common_voice_gju_42565580.mp3	4068
common_voice_gju_42637965.mp3	2196
common_voice_gju_42588054.mp3	3816
common_voice_gju_42612769.mp3	4320
common_voice_gju_42481060.mp3	2016
common_voice_gju_42601332.mp3	4248
common_voice_gju_42100723.mp3	2160
common_voice_gju_42107792.mp3	7416
common_voice_gju_42167210.mp3	3780
common_voice_gju_42613650.mp3	2916
common_voice_gju_42603833.mp3	2808
common_voice_gju_42562577.mp3	3420
common_voice_gju_42530132.mp3	3168
common_voice_gju_42111864.mp3	1800
common_voice_gju_42195287.mp3	1980
common_voice_gju_42529728.mp3	1908
common_voice_gju_42500867.mp3	4140
common_voice_gju_42613777.mp3	4176
common_voice_gju_42601767.mp3	2376
common_voice_gju_42603903.mp3	3420
common_voice_gju_42622104.mp3	1800
common_voice_gju_42107097.mp3	4320
common_voice_gju_42107444.mp3	2520
common_voice_gju_42562477.mp3	1836
common_voice_gju_42199824.mp3	1368
common_voice_gju_42408983.mp3	2736
common_voice_gju_42601601.mp3	4500
common_voice_gju_42481094.mp3	3816
common_voice_gju_42537319.mp3	2160
common_voice_gju_42196018.mp3	2196
common_voice_gju_42409790.mp3	2016
common_voice_gju_42612844.mp3	5076
common_voice_gju_42588090.mp3	2448
common_voice_gju_42200123.mp3	1908
common_voice_gju_42111312.mp3	1836
common_voice_gju_42565641.mp3	2520
common_voice_gju_42601604.mp3	2880
common_voice_gju_42107724.mp3	2916
common_voice_gju_42537322.mp3	2340
common_voice_gju_42588098.mp3	3456
common_voice_gju_42476499.mp3	3888
common_voice_gju_42102316.mp3	6336
common_voice_gju_42612917.mp3	3060
common_voice_gju_42121422.mp3	2340
common_voice_gju_42200399.mp3	1800
common_voice_gju_42637956.mp3	2196
common_voice_gju_42622276.mp3	1620
common_voice_gju_42107794.mp3	3888
common_voice_gju_42500968.mp3	5436
common_voice_gju_42587846.mp3	2556
common_voice_gju_42562385.mp3	3456
common_voice_gju_42108176.mp3	1908
common_voice_gju_42481056.mp3	1908
common_voice_gju_42106898.mp3	5148
common_voice_gju_42090031.mp3	3060
common_voice_gju_42476382.mp3	3060
common_voice_gju_42087531.mp3	4428
common_voice_gju_42587653.mp3	1656
common_voice_gju_42462069.mp3	5580
common_voice_gju_42100693.mp3	3636
common_voice_gju_42112464.mp3	2268
common_voice_gju_42603792.mp3	2520
common_voice_gju_42100472.mp3	3060
common_voice_gju_42080189.mp3	2268
common_voice_gju_42101650.mp3	3816
common_voice_gju_42529834.mp3	4896
common_voice_gju_42184658.mp3	1980
common_voice_gju_42604225.mp3	3600
common_voice_gju_42101586.mp3	3600
common_voice_gju_42107353.mp3	2628
common_voice_gju_42562222.mp3	2088
common_voice_gju_42562302.mp3	4680
common_voice_gju_42561050.mp3	3996
common_voice_gju_42501230.mp3	2736
common_voice_gju_42108510.mp3	1620
common_voice_gju_42108124.mp3	2520
common_voice_gju_42198641.mp3	1620
common_voice_gju_42195360.mp3	5076
common_voice_gju_42089612.mp3	8100
common_voice_gju_42638015.mp3	2340
common_voice_gju_42603969.mp3	3996
common_voice_gju_42102714.mp3	4428
common_voice_gju_42107324.mp3	2088
common_voice_gju_42111845.mp3	2520
common_voice_gju_42167180.mp3	3600
common_voice_gju_42613484.mp3	2196
common_voice_gju_42562799.mp3	2700
common_voice_gju_42601423.mp3	4356
common_voice_gju_42587357.mp3	2376
common_voice_gju_42637741.mp3	2196
common_voice_gju_42197218.mp3	2016
common_voice_gju_42111178.mp3	1656
common_voice_gju_42107865.mp3	8928
common_voice_gju_42108772.mp3	5148
common_voice_gju_42601752.mp3	2088
common_voice_gju_42637925.mp3	3816
common_voice_gju_42537285.mp3	2556
common_voice_gju_42099698.mp3	6408
common_voice_gju_42476436.mp3	6048
common_voice_gju_42587324.mp3	2448
common_voice_gju_42476696.mp3	3996
common_voice_gju_42461277.mp3	3816
common_voice_gju_42565889.mp3	3600
common_voice_gju_42562074.mp3	3348
common_voice_gju_42560962.mp3	5040
common_voice_gju_42409713.mp3	3420
common_voice_gju_42108167.mp3	2808
common_voice_gju_42587622.mp3	2340
common_voice_gju_42476333.mp3	2808
common_voice_gju_42613582.mp3	2628
common_voice_gju_42587403.mp3	1980
common_voice_gju_42107720.mp3	1620
common_voice_gju_42622046.mp3	4716
common_voice_gju_42562416.mp3	2880
common_voice_gju_42622337.mp3	3960
common_voice_gju_42587292.mp3	4860
common_voice_gju_42111329.mp3	4176
common_voice_gju_42565768.mp3	3888
common_voice_gju_42091248.mp3	2196
common_voice_gju_42112448.mp3	6048
common_voice_gju_42587702.mp3	1800
common_voice_gju_42529321.mp3	3600
common_voice_gju_42638002.mp3	4248
common_voice_gju_42198649.mp3	3240
common_voice_gju_42500940.mp3	1908
common_voice_gju_42588170.mp3	1836
common_voice_gju_42087480.mp3	3888
common_voice_gju_42562492.mp3	5256
common_voice_gju_42090654.mp3	7380
common_voice_gju_42182971.mp3	2448
common_voice_gju_42476796.mp3	2196
common_voice_gju_42500969.mp3	3888
common_voice_gju_42603890.mp3	1620
common_voice_gju_42198662.mp3	2340
common_voice_gju_42101081.mp3	2808
common_voice_gju_42565509.mp3	2808
common_voice_gju_42108966.mp3	4176
common_voice_gju_42637954.mp3	2088
common_voice_gju_42089641.mp3	2340
common_voice_gju_42604298.mp3	2196
common_voice_gju_42107274.mp3	1908
common_voice_gju_42108601.mp3	3240
common_voice_gju_42588254.mp3	3168
common_voice_gju_42409659.mp3	2016
common_voice_gju_42476401.mp3	1908
common_voice_gju_42101273.mp3	1908
common_voice_gju_42476747.mp3	2016
common_voice_gju_42102332.mp3	4248
common_voice_gju_42121453.mp3	2880
common_voice_gju_42530012.mp3	4428
common_voice_gju_42637554.mp3	4968
common_voice_gju_42565779.mp3	2376
common_voice_gju_42112039.mp3	2376
common_voice_gju_42199667.mp3	2088
common_voice_gju_42195991.mp3	2016
common_voice_gju_42562373.mp3	3816
common_voice_gju_42087588.mp3	3420
common_voice_gju_42619971.mp3	4356
common_voice_gju_42121893.mp3	1980
common_voice_gju_42562552.mp3	2880
common_voice_gju_42107544.mp3	2448
common_voice_gju_42565802.mp3	3240
common_voice_gju_42601331.mp3	4356
common_voice_gju_42562558.mp3	2088
common_voice_gju_42604261.mp3	1908
common_voice_gju_42562788.mp3	6408
common_voice_gju_42612975.mp3	6336
common_voice_gju_42195372.mp3	2376
common_voice_gju_42167744.mp3	2556
common_voice_gju_42603789.mp3	2088
common_voice_gju_42637771.mp3	2088
common_voice_gju_42137613.mp3	2700
common_voice_gju_42179850.mp3	2988
common_voice_gju_42109086.mp3	2880
common_voice_gju_42101961.mp3	6156
common_voice_gju_42106972.mp3	3276
common_voice_gju_42107884.mp3	11736
common_voice_gju_42091295.mp3	2520
common_voice_gju_42565728.mp3	4176
common_voice_gju_42111209.mp3	7920
common_voice_gju_42091002.mp3	2988
common_voice_gju_42622315.mp3	1980
common_voice_gju_42476478.mp3	6048
common_voice_gju_42612800.mp3	3276
common_voice_gju_42196833.mp3	1836
common_voice_gju_42620287.mp3	4140
common_voice_gju_42112704.mp3	2376
common_voice_gju_42587790.mp3	2268
common_voice_gju_42188528.mp3	1728
common_voice_gju_42502476.mp3	3780
common_voice_gju_42100319.mp3	4068
common_voice_gju_42107855.mp3	2340
common_voice_gju_42409465.mp3	2988
common_voice_gju_42112595.mp3	2700
common_voice_gju_42478674.mp3	2808
common_voice_gju_42613638.mp3	2880
common_voice_gju_42090494.mp3	4068
common_voice_gju_42184738.mp3	1656
common_voice_gju_42565404.mp3	7380
common_voice_gju_42099699.mp3	4068
common_voice_gju_42195947.mp3	2196
common_voice_gju_42137230.mp3	1728
common_voice_gju_42099926.mp3	5868
common_voice_gju_42638056.mp3	4680
common_voice_gju_42502548.mp3	3420
common_voice_gju_42197354.mp3	1368
common_voice_gju_42100655.mp3	3780
common_voice_gju_42087443.mp3	8460
common_voice_gju_42588204.mp3	5796
common_voice_gju_42199597.mp3	3636
common_voice_gju_42096637.mp3	4716
common_voice_gju_42476508.mp3	3276
common_voice_gju_42601442.mp3	4968
common_voice_gju_42622309.mp3	2340
common_voice_gju_42167614.mp3	3600
common_voice_gju_42101523.mp3	2736
common_voice_gju_42108559.mp3	3600
common_voice_gju_42565828.mp3	3168
common_voice_gju_42090686.mp3	2556
common_voice_gju_42562342.mp3	2700
common_voice_gju_42601706.mp3	5328
common_voice_gju_42565689.mp3	3096
common_voice_gju_42499637.mp3	3456
common_voice_gju_42197454.mp3	4716
common_voice_gju_42529231.mp3	2556
common_voice_gju_42588209.mp3	1908
common_voice_gju_42103280.mp3	4248
common_voice_gju_42637659.mp3	2160
common_voice_gju_42102048.mp3	6120
common_voice_gju_42111263.mp3	3528
common_voice_gju_42089660.mp3	3060
common_voice_gju_42622225.mp3	3780
common_voice_gju_42409001.mp3	1800
common_voice_gju_42091294.mp3	2160
common_voice_gju_42563157.mp3	4068
common_voice_gju_42087616.mp3	2340
common_voice_gju_42109111.mp3	3096
common_voice_gju_42198152.mp3	1836
common_voice_gju_42109306.mp3	1980
common_voice_gju_42613672.mp3	3168
common_voice_gju_42091210.mp3	2556
common_voice_gju_42087617.mp3	4680
common_voice_gju_42601477.mp3	1836
common_voice_gju_42167775.mp3	3600
common_voice_gju_42101802.mp3	2700
common_voice_gju_42565360.mp3	3168
common_voice_gju_42199819.mp3	2628
common_voice_gju_42587698.mp3	2088
common_voice_gju_42198418.mp3	1980
common_voice_gju_42622339.mp3	1656
common_voice_gju_42462100.mp3	2268
common_voice_gju_42167441.mp3	2988
common_voice_gju_42620035.mp3	3240
common_voice_gju_42102485.mp3	9396
common_voice_gju_42637605.mp3	3276
common_voice_gju_42102824.mp3	4896
common_voice_gju_42622254.mp3	1620
common_voice_gju_42108029.mp3	3960
common_voice_gju_42594941.mp3	4176
common_voice_gju_42200172.mp3	1476
common_voice_gju_42537387.mp3	2016
common_voice_gju_42587293.mp3	2628
common_voice_gju_42537326.mp3	1980
common_voice_gju_42530223.mp3	3240
common_voice_gju_42103195.mp3	5976
common_voice_gju_42500924.mp3	3600
common_voice_gju_42408898.mp3	4608
common_voice_gju_42613636.mp3	2736
common_voice_gju_42619968.mp3	3096
common_voice_gju_42108491.mp3	3240
common_voice_gju_42476726.mp3	2088
common_voice_gju_42090312.mp3	3096
common_voice_gju_42107730.mp3	1908
common_voice_gju_42108249.mp3	2700
common_voice_gju_42109368.mp3	3636
common_voice_gju_42200132.mp3	1656
common_voice_gju_42537389.mp3	3168
common_voice_gju_42200499.mp3	2736
common_voice_gju_42529112.mp3	3816
common_voice_gju_42562977.mp3	1836
common_voice_gju_42108754.mp3	4788
common_voice_gju_42089678.mp3	4716
common_voice_gju_42502493.mp3	2340
common_voice_gju_42619862.mp3	3060
common_voice_gju_42409346.mp3	5616
common_voice_gju_42565376.mp3	1836
common_voice_gju_42200040.mp3	1656
common_voice_gju_42107819.mp3	3060
common_voice_gju_42107680.mp3	2016
common_voice_gju_42112222.mp3	3096
common_voice_gju_42108039.mp3	2628
common_voice_gju_42112708.mp3	5796
common_voice_gju_42102767.mp3	3348
common_voice_gju_42565389.mp3	3060
common_voice_gju_42100456.mp3	2448
common_voice_gju_42478620.mp3	4896
common_voice_gju_42562621.mp3	2520
common_voice_gju_42091376.mp3	3240
common_voice_gju_42481171.mp3	2448
common_voice_gju_42529863.mp3	5436
common_voice_gju_42565438.mp3	2808
common_voice_gju_42087482.mp3	3060
common_voice_gju_42101897.mp3	4176
common_voice_gju_42460804.mp3	4500
common_voice_gju_42107487.mp3	2016
common_voice_gju_42409432.mp3	3996
common_voice_gju_42601475.mp3	2196
common_voice_gju_42612955.mp3	2988
common_voice_gju_42478541.mp3	2088
common_voice_gju_42603922.mp3	2988
common_voice_gju_42588167.mp3	2196
common_voice_gju_42409009.mp3	4068
common_voice_gju_42108529.mp3	11736
common_voice_gju_42565609.mp3	2556
common_voice_gju_42565500.mp3	3168
common_voice_gju_42180110.mp3	2160
common_voice_gju_42601712.mp3	6516
common_voice_gju_42562429.mp3	3168
common_voice_gju_42108512.mp3	3276
common_voice_gju_42481167.mp3	1980
common_voice_gju_42188703.mp3	2088
common_voice_gju_42199736.mp3	1980
common_voice_gju_42587727.mp3	3348
common_voice_gju_42198611.mp3	1800
common_voice_gju_42500840.mp3	4428
common_voice_gju_42102134.mp3	4248
common_voice_gju_42112526.mp3	4428
common_voice_gju_42101708.mp3	3816
common_voice_gju_42620064.mp3	3960
common_voice_gju_42562256.mp3	2808
common_voice_gju_42476804.mp3	4896
common_voice_gju_42102606.mp3	3780
common_voice_gju_42179740.mp3	2988
common_voice_gju_42108054.mp3	3456
common_voice_gju_42087428.mp3	3060
common_voice_gju_42476739.mp3	2916
common_voice_gju_42112355.mp3	2160
common_voice_gju_42476820.mp3	3996
common_voice_gju_42102450.mp3	2880
common_voice_gju_42087580.mp3	2088
common_voice_gju_42563143.mp3	3456
common_voice_gju_42461274.mp3	3600
common_voice_gju_42197971.mp3	1260
common_voice_gju_42537335.mp3	5436
common_voice_gju_42562547.mp3	4608
common_voice_gju_42613625.mp3	1728
common_voice_gju_42565309.mp3	4140
common_voice_gju_42562491.mp3	4140
common_voice_gju_42562962.mp3	2556
common_voice_gju_42478728.mp3	2520
common_voice_gju_42537340.mp3	2808
common_voice_gju_42537359.mp3	1620
common_voice_gju_42481085.mp3	2160
common_voice_gju_42121890.mp3	5580
common_voice_gju_42091273.mp3	4716
common_voice_gju_42199599.mp3	1548
common_voice_gju_42565374.mp3	5616
common_voice_gju_42603747.mp3	1728
common_voice_gju_42197353.mp3	2088
common_voice_gju_42601737.mp3	2016
common_voice_gju_42612771.mp3	3096
common_voice_gju_42478703.mp3	2196
common_voice_gju_42089982.mp3	7020
common_voice_gju_42562761.mp3	1656
common_voice_gju_42587477.mp3	2016
common_voice_gju_42089626.mp3	4140
common_voice_gju_42167399.mp3	3348
common_voice_gju_42167588.mp3	2520
common_voice_gju_42461502.mp3	2520
common_voice_gju_42197451.mp3	4428
common_voice_gju_42107712.mp3	1980
common_voice_gju_42107113.mp3	3960
common_voice_gju_42587393.mp3	3600
common_voice_gju_42563257.mp3	5148
common_voice_gju_42200320.mp3	1296
common_voice_gju_42121471.mp3	7056
common_voice_gju_42612984.mp3	2916
common_voice_gju_42196052.mp3	3996
common_voice_gju_42613624.mp3	2916
common_voice_gju_42107311.mp3	3636
common_voice_gju_42603740.mp3	4716
common_voice_gju_42102058.mp3	5328
common_voice_gju_42409204.mp3	2088
common_voice_gju_42587628.mp3	1656
common_voice_gju_42613561.mp3	1836
common_voice_gju_42100274.mp3	7056
common_voice_gju_42565850.mp3	2808
common_voice_gju_42604355.mp3	3780
common_voice_gju_42090889.mp3	3060
common_voice_gju_42196818.mp3	2340
common_voice_gju_42090448.mp3	2988
common_voice_gju_42200101.mp3	2016
common_voice_gju_42200029.mp3	4968
common_voice_gju_42108541.mp3	1728
common_voice_gju_42601539.mp3	3348
common_voice_gju_42179961.mp3	1260
common_voice_gju_42112331.mp3	4176
common_voice_gju_42476330.mp3	2196
common_voice_gju_42087396.mp3	4680
common_voice_gju_42587661.mp3	3276
common_voice_gju_42184683.mp3	2448
common_voice_gju_42102919.mp3	4356
common_voice_gju_42199533.mp3	5580
common_voice_gju_42565699.mp3	1656
common_voice_gju_42499690.mp3	3996
common_voice_gju_42562322.mp3	4500
common_voice_gju_42184780.mp3	1800
common_voice_gju_42089865.mp3	2088
common_voice_gju_42200163.mp3	1620
common_voice_gju_42565803.mp3	3060
common_voice_gju_42195483.mp3	2628
common_voice_gju_42198652.mp3	1620
common_voice_gju_42478568.mp3	2700
common_voice_gju_42601350.mp3	2448
common_voice_gju_42136834.mp3	2700
common_voice_gju_42560973.mp3	2808
common_voice_gju_42107405.mp3	4356
common_voice_gju_42460809.mp3	2340
common_voice_gju_42537266.mp3	1800
common_voice_gju_42122016.mp3	3888
common_voice_gju_42200177.mp3	2268
common_voice_gju_42199249.mp3	1836
common_voice_gju_42090486.mp3	8640
common_voice_gju_42613470.mp3	2988
common_voice_gju_42565408.mp3	1656
common_voice_gju_42200247.mp3	1476
common_voice_gju_42090879.mp3	3636
common_voice_gju_42637737.mp3	1836
common_voice_gju_42460870.mp3	2916
common_voice_gju_42562610.mp3	2196
common_voice_gju_42107281.mp3	4968
common_voice_gju_42619808.mp3	2196
common_voice_gju_42604243.mp3	2556
common_voice_gju_42199323.mp3	1836
common_voice_gju_42587409.mp3	2556
common_voice_gju_42091430.mp3	3060
common_voice_gju_42565625.mp3	5040
common_voice_gju_42562264.mp3	1800
common_voice_gju_42198686.mp3	2268
common_voice_gju_42604365.mp3	1980
common_voice_gju_42200229.mp3	3816
common_voice_gju_42102489.mp3	2556
common_voice_gju_42604094.mp3	1836
common_voice_gju_42587911.mp3	4680
common_voice_gju_42537300.mp3	3420
common_voice_gju_42184990.mp3	2376
common_voice_gju_42197221.mp3	2196
common_voice_gju_42167630.mp3	6228
common_voice_gju_42637996.mp3	3528
common_voice_gju_42562290.mp3	5076
common_voice_gju_42562126.mp3	2556
common_voice_gju_42087291.mp3	4860
common_voice_gju_42478592.mp3	2916
common_voice_gju_42112337.mp3	5436
common_voice_gju_42089600.mp3	3528
common_voice_gju_42601563.mp3	2988
common_voice_gju_42409110.mp3	3276
common_voice_gju_42587574.mp3	2556
common_voice_gju_42112591.mp3	1800
common_voice_gju_42109083.mp3	2736
common_voice_gju_42102741.mp3	3816
common_voice_gju_42090788.mp3	2340
common_voice_gju_42500947.mp3	5436
common_voice_gju_42199851.mp3	3996
common_voice_gju_42100425.mp3	11448
common_voice_gju_42622107.mp3	2988
common_voice_gju_42565300.mp3	1836
common_voice_gju_42109347.mp3	2736
common_voice_gju_42612838.mp3	4428
common_voice_gju_42565840.mp3	2016
common_voice_gju_42460828.mp3	2376
common_voice_gju_42198578.mp3	1800
common_voice_gju_42188358.mp3	2880
common_voice_gju_42101579.mp3	5076
common_voice_gju_42622055.mp3	4068
common_voice_gju_42612752.mp3	7056
common_voice_gju_42196232.mp3	7308
common_voice_gju_42478702.mp3	2736
common_voice_gju_42102635.mp3	4356
common_voice_gju_42476708.mp3	3780
common_voice_gju_42622353.mp3	2196
common_voice_gju_42476821.mp3	3348
common_voice_gju_42476435.mp3	3708
common_voice_gju_42565198.mp3	3816
common_voice_gju_42112569.mp3	3096
common_voice_gju_42101886.mp3	2808
common_voice_gju_42604085.mp3	1620
common_voice_gju_42107722.mp3	10980
common_voice_gju_42604176.mp3	2088
common_voice_gju_42090436.mp3	7740
common_voice_gju_42200081.mp3	1908
common_voice_gju_42087549.mp3	3888
common_voice_gju_42199651.mp3	2268
common_voice_gju_42613671.mp3	2448
common_voice_gju_42167256.mp3	3276
common_voice_gju_42601658.mp3	2556
common_voice_gju_42587533.mp3	2988
common_voice_gju_42102729.mp3	5040
common_voice_gju_42462005.mp3	4140
common_voice_gju_42121441.mp3	3636
common_voice_gju_42200131.mp3	4248
common_voice_gju_42565461.mp3	3276
common_voice_gju_42184745.mp3	4140
common_voice_gju_42089906.mp3	2016
common_voice_gju_42137228.mp3	1800
common_voice_gju_42200069.mp3	1656
common_voice_gju_42108083.mp3	2700
common_voice_gju_42179748.mp3	5076
common_voice_gju_42481179.mp3	7056
common_voice_gju_42529954.mp3	3420
common_voice_gju_42197534.mp3	2700
common_voice_gju_42198407.mp3	1728
common_voice_gju_42197962.mp3	2736
common_voice_gju_42108245.mp3	2268
common_voice_gju_42565735.mp3	2376
common_voice_gju_42530091.mp3	1980
common_voice_gju_42604135.mp3	3996
common_voice_gju_42109312.mp3	3528
common_voice_gju_42562745.mp3	2556
common_voice_gju_42622314.mp3	3060
common_voice_gju_42622312.mp3	2016
common_voice_gju_42587771.mp3	2700
common_voice_gju_42476705.mp3	1800
common_voice_gju_42102971.mp3	2736
common_voice_gju_42637715.mp3	2448
common_voice_gju_42478758.mp3	3060
common_voice_gju_42198018.mp3	3348
common_voice_gju_42565547.mp3	3096
common_voice_gju_42562752.mp3	2556
common_voice_gju_42500820.mp3	2520
common_voice_gju_42562634.mp3	4176
common_voice_gju_42529961.mp3	3060
common_voice_gju_42109254.mp3	1980
common_voice_gju_42184684.mp3	2268
common_voice_gju_42612884.mp3	3780
common_voice_gju_42481047.mp3	4788
common_voice_gju_42090715.mp3	3636
common_voice_gju_42461264.mp3	5976
common_voice_gju_42603759.mp3	2340
common_voice_gju_42108546.mp3	2448
common_voice_gju_42620057.mp3	3708
common_voice_gju_42100848.mp3	4356
common_voice_gju_42597262.mp3	2700
common_voice_gju_42107908.mp3	5076
common_voice_gju_42137702.mp3	1908
common_voice_gju_42594962.mp3	3276
common_voice_gju_42587568.mp3	2700
common_voice_gju_42603881.mp3	3888
common_voice_gju_42476376.mp3	2628
common_voice_gju_42587776.mp3	2880
common_voice_gju_42587955.mp3	2880
common_voice_gju_42101484.mp3	4896
common_voice_gju_42501072.mp3	1980
common_voice_gju_42563222.mp3	3276
common_voice_gju_42108159.mp3	3528
common_voice_gju_42090893.mp3	3276
common_voice_gju_42197165.mp3	1476
common_voice_gju_42637702.mp3	1908
common_voice_gju_42502505.mp3	4680
common_voice_gju_42604335.mp3	6300
common_voice_gju_42612961.mp3	2160
common_voice_gju_42461529.mp3	3168
common_voice_gju_42620296.mp3	4500
common_voice_gju_42461674.mp3	2808
common_voice_gju_42476387.mp3	2700
common_voice_gju_42107880.mp3	2916
common_voice_gju_42198369.mp3	2628
common_voice_gju_42187172.mp3	3060
common_voice_gju_42620048.mp3	4680
common_voice_gju_42562239.mp3	2448
common_voice_gju_42101804.mp3	2628
common_voice_gju_42476769.mp3	4140
common_voice_gju_42601496.mp3	1908
common_voice_gju_42588273.mp3	1980
common_voice_gju_42601657.mp3	1800
common_voice_gju_42603752.mp3	2196
common_voice_gju_42537380.mp3	2268
common_voice_gju_42121472.mp3	2448
common_voice_gju_42603748.mp3	1800
common_voice_gju_42199146.mp3	1296
common_voice_gju_42107338.mp3	2628
common_voice_gju_42112577.mp3	1908
common_voice_gju_42107522.mp3	2268
common_voice_gju_42562748.mp3	2016
common_voice_gju_42108114.mp3	1800
common_voice_gju_42137442.mp3	2628
common_voice_gju_42497744.mp3	2916
common_voice_gju_42594905.mp3	4140
common_voice_gju_42179789.mp3	4176
common_voice_gju_42198588.mp3	3816
common_voice_gju_42476523.mp3	2916
common_voice_gju_42587368.mp3	4140
common_voice_gju_42188164.mp3	4788
common_voice_gju_42481063.mp3	2268
common_voice_gju_42613437.mp3	2160
common_voice_gju_42622248.mp3	2088
common_voice_gju_42102505.mp3	2376
common_voice_gju_42107547.mp3	2736
common_voice_gju_42461576.mp3	2268
common_voice_gju_42107656.mp3	6048
common_voice_gju_42562913.mp3	3096
common_voice_gju_42478641.mp3	1908
common_voice_gju_42102610.mp3	2736
common_voice_gju_42200308.mp3	3420
common_voice_gju_42099712.mp3	3708
common_voice_gju_42565478.mp3	2556
common_voice_gju_42601638.mp3	5328
common_voice_gju_42106827.mp3	4500
common_voice_gju_42604449.mp3	2808
common_voice_gju_42102401.mp3	2916
common_voice_gju_42090438.mp3	2016
common_voice_gju_42195423.mp3	1836
common_voice_gju_42198398.mp3	1908
common_voice_gju_42167481.mp3	3528
common_voice_gju_42108201.mp3	1908
common_voice_gju_42112356.mp3	5148
common_voice_gju_42112520.mp3	5256
common_voice_gju_42619985.mp3	3060
common_voice_gju_42102732.mp3	3600
common_voice_gju_42111468.mp3	2808
common_voice_gju_42562521.mp3	1620
common_voice_gju_42102367.mp3	5796
common_voice_gju_42102530.mp3	1836
common_voice_gju_42562844.mp3	5508
common_voice_gju_42180036.mp3	1656
common_voice_gju_42529493.mp3	5256
common_voice_gju_42195507.mp3	3096
common_voice_gju_42199447.mp3	1836
common_voice_gju_42102045.mp3	2340
common_voice_gju_42091475.mp3	5580
common_voice_gju_42198528.mp3	1476
common_voice_gju_42182769.mp3	4716
common_voice_gju_42587459.mp3	7236
common_voice_gju_42565628.mp3	2268
common_voice_gju_42603802.mp3	3780
common_voice_gju_42565605.mp3	6228
common_voice_gju_42090383.mp3	2196
common_voice_gju_42080025.mp3	2808
common_voice_gju_42198286.mp3	2520
common_voice_gju_42107868.mp3	2268
common_voice_gju_42112636.mp3	4968
common_voice_gju_42107406.mp3	2196
common_voice_gju_42537349.mp3	2448
common_voice_gju_42090415.mp3	5400
common_voice_gju_42107374.mp3	2160
common_voice_gju_42108755.mp3	4608
common_voice_gju_42091314.mp3	3888
common_voice_gju_42603908.mp3	2520
common_voice_gju_42100354.mp3	3816
common_voice_gju_42476624.mp3	5940
common_voice_gju_42563232.mp3	2088
common_voice_gju_42637606.mp3	2196
common_voice_gju_42565672.mp3	2268
common_voice_gju_42102274.mp3	5220
common_voice_gju_42102797.mp3	5868
common_voice_gju_42478752.mp3	3456
common_voice_gju_42529654.mp3	3096
common_voice_gju_42587794.mp3	4716
common_voice_gju_42182881.mp3	3276
common_voice_gju_42555990.mp3	2736
common_voice_gju_42137258.mp3	5148
common_voice_gju_42562780.mp3	2880
common_voice_gju_42501129.mp3	3960
common_voice_gju_42184673.mp3	3420
common_voice_gju_42198161.mp3	1656
common_voice_gju_42604306.mp3	1836
common_voice_gju_42121903.mp3	2340
common_voice_gju_42500895.mp3	2268
common_voice_gju_42637872.mp3	5040
common_voice_gju_42497730.mp3	3420
common_voice_gju_42476634.mp3	2988
common_voice_gju_42409716.mp3	2700
common_voice_gju_42137548.mp3	1980
common_voice_gju_42622119.mp3	1980
common_voice_gju_42612979.mp3	2988
common_voice_gju_42594932.mp3	7056
common_voice_gju_42562430.mp3	4068
common_voice_gju_42199613.mp3	3960
common_voice_gju_42501109.mp3	2520
common_voice_gju_42198332.mp3	2520
common_voice_gju_42502458.mp3	3600
common_voice_gju_42619879.mp3	3420
common_voice_gju_42476527.mp3	3168
common_voice_gju_42612773.mp3	4860
common_voice_gju_42199850.mp3	1368
common_voice_gju_42476424.mp3	2016
common_voice_gju_42565804.mp3	5760
common_voice_gju_42500915.mp3	2160
common_voice_gju_42637864.mp3	2808
common_voice_gju_42500818.mp3	5940
common_voice_gju_42102361.mp3	4860
common_voice_gju_42107309.mp3	2448
common_voice_gju_42460808.mp3	4536
common_voice_gju_42409723.mp3	2448
common_voice_gju_42460767.mp3	3456
common_voice_gju_42102602.mp3	3708
common_voice_gju_42476676.mp3	3996
common_voice_gju_42565495.mp3	3348
common_voice_gju_42501115.mp3	2880
common_voice_gju_42476509.mp3	2160
common_voice_gju_42091450.mp3	3708
common_voice_gju_42481054.mp3	2088
common_voice_gju_42478668.mp3	1656
common_voice_gju_42197108.mp3	2988
common_voice_gju_42100674.mp3	7380
common_voice_gju_42102724.mp3	4536
common_voice_gju_42200213.mp3	2448
common_voice_gju_42108515.mp3	2628
common_voice_gju_42195402.mp3	2340
common_voice_gju_42188204.mp3	2160
common_voice_gju_42461577.mp3	2808
common_voice_gju_42481104.mp3	1728
common_voice_gju_42612714.mp3	3420
common_voice_gju_42409569.mp3	4320
common_voice_gju_42587480.mp3	4536
common_voice_gju_42089848.mp3	5256
common_voice_gju_42106504.mp3	7488
common_voice_gju_42167345.mp3	3168
common_voice_gju_42620045.mp3	4716
common_voice_gju_42613574.mp3	1980
common_voice_gju_42102890.mp3	4068
common_voice_gju_42604364.mp3	2736
common_voice_gju_42409656.mp3	2988
common_voice_gju_42638038.mp3	2088
common_voice_gju_42109060.mp3	2808
common_voice_gju_42562093.mp3	5580
common_voice_gju_42499638.mp3	3276
common_voice_gju_42587706.mp3	3708
common_voice_gju_42529715.mp3	3816
common_voice_gju_42197885.mp3	2808
common_voice_gju_42182797.mp3	4608
common_voice_gju_42195477.mp3	1296
common_voice_gju_42476740.mp3	2016
common_voice_gju_42637809.mp3	2160
common_voice_gju_42109325.mp3	2088
common_voice_gju_42112412.mp3	2700
common_voice_gju_42481112.mp3	1908
common_voice_gju_42601382.mp3	4248
common_voice_gju_42622262.mp3	3420
common_voice_gju_42638059.mp3	1836
common_voice_gju_42199240.mp3	2916
common_voice_gju_42562960.mp3	2520
common_voice_gju_42612862.mp3	4500
common_voice_gju_42199522.mp3	4068
common_voice_gju_42103099.mp3	3060
common_voice_gju_42461573.mp3	4068
common_voice_gju_42089824.mp3	6336
common_voice_gju_42587317.mp3	3168
common_voice_gju_42562240.mp3	3348
common_voice_gju_42562452.mp3	3348
common_voice_gju_42601709.mp3	5976
common_voice_gju_42108771.mp3	4176
common_voice_gju_42184226.mp3	2268
common_voice_gju_42476588.mp3	4140
common_voice_gju_42100420.mp3	2520
common_voice_gju_42187196.mp3	1296
common_voice_gju_42167745.mp3	2340
common_voice_gju_42603924.mp3	1980
common_voice_gju_42563155.mp3	3420
common_voice_gju_42111414.mp3	2088
common_voice_gju_42197947.mp3	2700
common_voice_gju_42409568.mp3	3276
common_voice_gju_42107102.mp3	4680
common_voice_gju_42112689.mp3	1908
common_voice_gju_42180103.mp3	3276
common_voice_gju_42561290.mp3	3240
common_voice_gju_42109365.mp3	2088
common_voice_gju_42565431.mp3	1620
common_voice_gju_42409053.mp3	4716
common_voice_gju_42408911.mp3	1800
common_voice_gju_42461239.mp3	5580
common_voice_gju_42099908.mp3	2808
common_voice_gju_42613508.mp3	3096
common_voice_gju_42111318.mp3	6408
common_voice_gju_42594995.mp3	3708
common_voice_gju_42529650.mp3	2268
common_voice_gju_42200087.mp3	1620
common_voice_gju_42099663.mp3	3636
common_voice_gju_42100755.mp3	2916
common_voice_gju_42409619.mp3	3636
common_voice_gju_42587843.mp3	2196
common_voice_gju_42200104.mp3	2268
common_voice_gju_42565487.mp3	2448
common_voice_gju_42087294.mp3	3240
common_voice_gju_42197107.mp3	2808
common_voice_gju_42409226.mp3	2700
common_voice_gju_42199131.mp3	6048
common_voice_gju_42087481.mp3	3240
common_voice_gju_42562885.mp3	1980
common_voice_gju_42537297.mp3	3780
common_voice_gju_42562447.mp3	2196
common_voice_gju_42107571.mp3	1800
common_voice_gju_42184989.mp3	1368
common_voice_gju_42108714.mp3	4248
common_voice_gju_42594967.mp3	3780
common_voice_gju_42111181.mp3	1800
common_voice_gju_42101647.mp3	3168
common_voice_gju_42102858.mp3	5616
common_voice_gju_42167483.mp3	5580
common_voice_gju_42562183.mp3	2088
common_voice_gju_42112533.mp3	1980
common_voice_gju_42112609.mp3	2628
common_voice_gju_42601440.mp3	3096
common_voice_gju_42107412.mp3	2340
common_voice_gju_42089828.mp3	5940
common_voice_gju_42106494.mp3	4140
common_voice_gju_42409754.mp3	2376
common_voice_gju_42476616.mp3	2340
common_voice_gju_42613453.mp3	2700
common_voice_gju_42601351.mp3	3708
common_voice_gju_42529552.mp3	6516
common_voice_gju_42481105.mp3	3996
common_voice_gju_42461555.mp3	2520
common_voice_gju_42188636.mp3	1908
common_voice_gju_42562159.mp3	2376
common_voice_gju_42462004.mp3	1908
common_voice_gju_42107759.mp3	3456
common_voice_gju_42198373.mp3	2916
common_voice_gju_42102969.mp3	2268
common_voice_gju_42537311.mp3	2088
common_voice_gju_42080070.mp3	2196
common_voice_gju_42107326.mp3	2376
common_voice_gju_42561042.mp3	2556
common_voice_gju_42478652.mp3	2808
common_voice_gju_42137098.mp3	1800
common_voice_gju_42107728.mp3	3420
common_voice_gju_42188649.mp3	2268
common_voice_gju_42530145.mp3	2340
common_voice_gju_42562638.mp3	2268
common_voice_gju_42637653.mp3	2160
common_voice_gju_42107740.mp3	3456
common_voice_gju_42102973.mp3	2376
common_voice_gju_42604371.mp3	4968
common_voice_gju_42638028.mp3	5256
common_voice_gju_42112535.mp3	3708
common_voice_gju_42537275.mp3	2628
common_voice_gju_42198094.mp3	1836
common_voice_gju_42604374.mp3	3096
common_voice_gju_42167299.mp3	4788
common_voice_gju_42637692.mp3	3960
common_voice_gju_42565269.mp3	3060
common_voice_gju_42562473.mp3	3276
common_voice_gju_42604450.mp3	3060
common_voice_gju_42111155.mp3	2700
common_voice_gju_42604285.mp3	4716
common_voice_gju_42562732.mp3	3240
common_voice_gju_42198061.mp3	1800
common_voice_gju_42198639.mp3	1908
common_voice_gju_42587599.mp3	2556
common_voice_gju_42112443.mp3	1980
common_voice_gju_42481176.mp3	3276
common_voice_gju_42619998.mp3	3420
common_voice_gju_42167497.mp3	8280
common_voice_gju_42587446.mp3	3276
common_voice_gju_42638029.mp3	2268
common_voice_gju_42109447.mp3	2880
common_voice_gju_42501112.mp3	2340
common_voice_gju_42121936.mp3	3168
common_voice_gju_42199863.mp3	2880
common_voice_gju_42107434.mp3	4716
common_voice_gju_42537334.mp3	3888
common_voice_gju_42497732.mp3	5220
common_voice_gju_42107447.mp3	3528
common_voice_gju_42107272.mp3	2736
common_voice_gju_42565773.mp3	2376
common_voice_gju_42502520.mp3	3240
common_voice_gju_42197352.mp3	1656
common_voice_gju_42197524.mp3	2088
common_voice_gju_42409623.mp3	2808
common_voice_gju_42107435.mp3	3960
common_voice_gju_42108143.mp3	1908
common_voice_gju_42604071.mp3	2628
common_voice_gju_42199250.mp3	4536
common_voice_gju_42103172.mp3	7128
common_voice_gju_42184657.mp3	1476
common_voice_gju_42409567.mp3	3708
common_voice_gju_42603753.mp3	2736
common_voice_gju_42587636.mp3	2700
common_voice_gju_42537308.mp3	1980
common_voice_gju_42587693.mp3	3456
common_voice_gju_42137409.mp3	4320
common_voice_gju_42587680.mp3	1908
common_voice_gju_42108209.mp3	2736
common_voice_gju_42179980.mp3	2988
common_voice_gju_42604109.mp3	3060
common_voice_gju_42587701.mp3	2916
common_voice_gju_42089981.mp3	3996
common_voice_gju_42481057.mp3	2880
common_voice_gju_42167651.mp3	2376
common_voice_gju_42601729.mp3	2556
common_voice_gju_42613471.mp3	1836
common_voice_gju_42604106.mp3	2808
common_voice_gju_42619996.mp3	2988
common_voice_gju_42565482.mp3	6588
common_voice_gju_42108122.mp3	2340
common_voice_gju_42091229.mp3	6408
common_voice_gju_42530076.mp3	2988
common_voice_gju_42197918.mp3	1368
common_voice_gju_42562714.mp3	2376
common_voice_gju_42565730.mp3	3456
common_voice_gju_42091252.mp3	3888
common_voice_gju_42106643.mp3	6228
common_voice_gju_42481048.mp3	3816
common_voice_gju_42198138.mp3	3816
common_voice_gju_42100345.mp3	3420
common_voice_gju_42565543.mp3	1908
common_voice_gju_42408936.mp3	2448
common_voice_gju_42502531.mp3	5796
common_voice_gju_42637641.mp3	2700
common_voice_gju_42090561.mp3	4068
common_voice_gju_42197340.mp3	2016
common_voice_gju_42562654.mp3	2268
common_voice_gju_42199402.mp3	2880
common_voice_gju_42565235.mp3	3348
common_voice_gju_42603774.mp3	1980
common_voice_gju_42562933.mp3	4140
common_voice_gju_42101269.mp3	2340
common_voice_gju_42100270.mp3	1980
common_voice_gju_42167379.mp3	4356
common_voice_gju_42101743.mp3	2160
common_voice_gju_42112605.mp3	3780
common_voice_gju_42091418.mp3	7056
common_voice_gju_42565697.mp3	2448
common_voice_gju_42530173.mp3	3240
common_voice_gju_42601378.mp3	8280
common_voice_gju_42109359.mp3	2628
common_voice_gju_42502540.mp3	3420
common_voice_gju_42562297.mp3	2880
common_voice_gju_42565483.mp3	2160
common_voice_gju_42196029.mp3	1188
common_voice_gju_42476716.mp3	3528
common_voice_gju_42112379.mp3	1908
common_voice_gju_42112354.mp3	1800
common_voice_gju_42562583.mp3	1620
common_voice_gju_42478716.mp3	3060
common_voice_gju_42090789.mp3	4680
common_voice_gju_42587928.mp3	2196
common_voice_gju_42167731.mp3	2196
common_voice_gju_42108113.mp3	2160
common_voice_gju_42461979.mp3	2556
common_voice_gju_42587847.mp3	1908
common_voice_gju_42100243.mp3	3780
common_voice_gju_42198019.mp3	2448
common_voice_gju_42091276.mp3	2016
common_voice_gju_42565784.mp3	5076
common_voice_gju_42409501.mp3	2448
common_voice_gju_42195999.mp3	1476
common_voice_gju_42562617.mp3	4500
common_voice_gju_42637728.mp3	3096
common_voice_gju_42408927.mp3	5796
common_voice_gju_42460831.mp3	2628
common_voice_gju_42107633.mp3	1836
common_voice_gju_42613748.mp3	5220
common_voice_gju_42102550.mp3	1980
common_voice_gju_42087440.mp3	3060
common_voice_gju_42112617.mp3	6696
common_voice_gju_42083770.mp3	5256
common_voice_gju_42111376.mp3	2556
common_voice_gju_42103265.mp3	7020
common_voice_gju_42090482.mp3	4716
common_voice_gju_42108095.mp3	3060
common_voice_gju_42197256.mp3	2556
common_voice_gju_42108846.mp3	2448
common_voice_gju_42587380.mp3	2628
common_voice_gju_42180087.mp3	1440
common_voice_gju_42562555.mp3	4176
common_voice_gju_42622382.mp3	4608
common_voice_gju_42460796.mp3	2520
common_voice_gju_42112277.mp3	6156
common_voice_gju_42637686.mp3	2088
common_voice_gju_42565236.mp3	2628
common_voice_gju_42087626.mp3	2088
common_voice_gju_42562301.mp3	2016
common_voice_gju_42529318.mp3	4608
common_voice_gju_42562255.mp3	2880
common_voice_gju_42562917.mp3	1980
common_voice_gju_42587941.mp3	1980
common_voice_gju_42476421.mp3	1656
common_voice_gju_42080225.mp3	1908
common_voice_gju_42594959.mp3	2916
common_voice_gju_42587642.mp3	2520
common_voice_gju_42112035.mp3	4896
common_voice_gju_42108153.mp3	4356
common_voice_gju_42101505.mp3	2880
common_voice_gju_42637750.mp3	1980
common_voice_gju_42565232.mp3	3960
common_voice_gju_42587410.mp3	2376
common_voice_gju_42100443.mp3	4248
common_voice_gju_42478543.mp3	2556
common_voice_gju_42107306.mp3	2340
common_voice_gju_42195967.mp3	5940
common_voice_gju_42500987.mp3	3708
common_voice_gju_42478753.mp3	4356
common_voice_gju_42197119.mp3	1260
common_voice_gju_42089617.mp3	2880
common_voice_gju_42100531.mp3	3996
common_voice_gju_42198557.mp3	1620
common_voice_gju_42601570.mp3	1836
common_voice_gju_42200214.mp3	2448
common_voice_gju_42588283.mp3	2016
common_voice_gju_42111273.mp3	8100
common_voice_gju_42604055.mp3	1656
common_voice_gju_42107743.mp3	3276
common_voice_gju_42529302.mp3	2700
common_voice_gju_42612669.mp3	4248
common_voice_gju_42409588.mp3	3168
common_voice_gju_42587850.mp3	1980
common_voice_gju_42588043.mp3	2808
common_voice_gju_42111378.mp3	5328
common_voice_gju_42196228.mp3	2520
common_voice_gju_42595001.mp3	2376
common_voice_gju_42565346.mp3	2196
common_voice_gju_42529288.mp3	4860
common_voice_gju_42587301.mp3	3096
common_voice_gju_42091176.mp3	2916
common_voice_gju_42184768.mp3	1800
common_voice_gju_42537277.mp3	9360
common_voice_gju_42562808.mp3	1620
common_voice_gju_42619816.mp3	2736
common_voice_gju_42481046.mp3	3528
common_voice_gju_42565447.mp3	2916
common_voice_gju_42588199.mp3	1980
common_voice_gju_42613447.mp3	3060
common_voice_gju_42562156.mp3	7020
common_voice_gju_42409138.mp3	2520
common_voice_gju_42604151.mp3	4536
common_voice_gju_42562323.mp3	2736
common_voice_gju_42090542.mp3	3420
common_voice_gju_42502440.mp3	3240
common_voice_gju_42179763.mp3	3168
common_voice_gju_42499628.mp3	4716
common_voice_gju_42199953.mp3	1908
common_voice_gju_42481117.mp3	2376
common_voice_gju_42460829.mp3	3348
common_voice_gju_42612768.mp3	7560
common_voice_gju_42137593.mp3	3348
common_voice_gju_42111282.mp3	3420
common_voice_gju_42200176.mp3	1656
common_voice_gju_42087511.mp3	3600
common_voice_gju_42200121.mp3	2808
common_voice_gju_42529562.mp3	2988
common_voice_gju_42537388.mp3	1836
common_voice_gju_42200152.mp3	1656
common_voice_gju_42112580.mp3	1908
common_voice_gju_42478569.mp3	6660
common_voice_gju_42103261.mp3	5796
common_voice_gju_42565729.mp3	2736
common_voice_gju_42107268.mp3	5400
common_voice_gju_42107678.mp3	5076
common_voice_gju_42562669.mp3	1800
common_voice_gju_42091148.mp3	2448
common_voice_gju_42594930.mp3	2628
common_voice_gju_42112470.mp3	2088
common_voice_gju_42109127.mp3	6768
common_voice_gju_42604113.mp3	5148
common_voice_gju_42102320.mp3	5220
common_voice_gju_42481092.mp3	2268
common_voice_gju_42604467.mp3	2448
common_voice_gju_42090001.mp3	2376
common_voice_gju_42481137.mp3	5148
common_voice_gju_42102782.mp3	2520
common_voice_gju_42091175.mp3	2448
common_voice_gju_42107368.mp3	2196
common_voice_gju_42102128.mp3	3168
common_voice_gju_42612724.mp3	2556
common_voice_gju_42562944.mp3	4068
common_voice_gju_42101521.mp3	4500
common_voice_gju_42562991.mp3	1908
common_voice_gju_42530144.mp3	3276
common_voice_gju_42619859.mp3	3240
common_voice_gju_42565532.mp3	10548
common_voice_gju_42619818.mp3	3960
common_voice_gju_42167668.mp3	2340
common_voice_gju_42500841.mp3	2520
common_voice_gju_42112462.mp3	2088
common_voice_gju_42100556.mp3	3708
common_voice_gju_42107583.mp3	1620
common_voice_gju_42199813.mp3	3276
common_voice_gju_42107386.mp3	1908
common_voice_gju_42588093.mp3	2376
common_voice_gju_42107590.mp3	3960
common_voice_gju_42167670.mp3	2700
common_voice_gju_42565712.mp3	2160
common_voice_gju_42096672.mp3	5760
common_voice_gju_42612675.mp3	5508
common_voice_gju_42101509.mp3	3456
common_voice_gju_42090447.mp3	3456
common_voice_gju_42195426.mp3	3816
common_voice_gju_42111876.mp3	2340
common_voice_gju_42620056.mp3	4896
common_voice_gju_42612952.mp3	3060
common_voice_gju_42622303.mp3	2088
common_voice_gju_42167615.mp3	3780
common_voice_gju_42101893.mp3	4536
common_voice_gju_42109092.mp3	4176
common_voice_gju_42199230.mp3	2520
common_voice_gju_42481066.mp3	2916
common_voice_gju_42622381.mp3	6336
common_voice_gju_42101376.mp3	3780
common_voice_gju_42501220.mp3	2520
common_voice_gju_42562952.mp3	1836
common_voice_gju_42622235.mp3	2160
common_voice_gju_42565736.mp3	4176
common_voice_gju_42188356.mp3	3420
common_voice_gju_42091456.mp3	3060
common_voice_gju_42107742.mp3	4896
common_voice_gju_42199781.mp3	1728
common_voice_gju_42619988.mp3	2340
common_voice_gju_42460878.mp3	5040
common_voice_gju_42562251.mp3	5256
common_voice_gju_42461639.mp3	2340
common_voice_gju_42562081.mp3	1908
common_voice_gju_42562144.mp3	2196
common_voice_gju_42481058.mp3	4356
common_voice_gju_42502504.mp3	3348
common_voice_gju_42603850.mp3	2628
common_voice_gju_42111448.mp3	5868
common_voice_gju_42167761.mp3	3600
common_voice_gju_42604091.mp3	1980
common_voice_gju_42198516.mp3	2556
common_voice_gju_42604153.mp3	3060
common_voice_gju_42587395.mp3	2916
common_voice_gju_42409450.mp3	2340
common_voice_gju_42195284.mp3	1980
common_voice_gju_42622345.mp3	5220
common_voice_gju_42601651.mp3	2556
common_voice_gju_42137476.mp3	3600
common_voice_gju_42109310.mp3	5148
common_voice_gju_42199410.mp3	2988
common_voice_gju_42502533.mp3	2916
common_voice_gju_42501186.mp3	3708
common_voice_gju_42529687.mp3	3888
common_voice_gju_42107903.mp3	1800
common_voice_gju_42167186.mp3	3420
common_voice_gju_42563255.mp3	2340
common_voice_gju_42562615.mp3	2448
common_voice_gju_42562340.mp3	8676
common_voice_gju_42587474.mp3	2160
common_voice_gju_42563105.mp3	2808
common_voice_gju_42500854.mp3	4320
common_voice_gju_42594954.mp3	7740
common_voice_gju_42587805.mp3	2268
common_voice_gju_42409281.mp3	2556
common_voice_gju_42637691.mp3	2196
common_voice_gju_42588188.mp3	2448
common_voice_gju_42107250.mp3	5328
common_voice_gju_42137569.mp3	1980
common_voice_gju_42587813.mp3	2520
common_voice_gju_42107593.mp3	4356
common_voice_gju_42091133.mp3	2340
common_voice_gju_42200395.mp3	2268
common_voice_gju_42481125.mp3	5760
common_voice_gju_42500870.mp3	2268
common_voice_gju_42529887.mp3	2520
common_voice_gju_42604349.mp3	2088
common_voice_gju_42197992.mp3	1440
common_voice_gju_42588078.mp3	4680
common_voice_gju_42476727.mp3	2088
common_voice_gju_42100807.mp3	3888
common_voice_gju_42562817.mp3	1980
common_voice_gju_42461617.mp3	3600
common_voice_gju_42622270.mp3	2376
common_voice_gju_42087641.mp3	2556
common_voice_gju_42587481.mp3	3240
common_voice_gju_42637564.mp3	2880
common_voice_gju_42461605.mp3	2340
common_voice_gju_42121436.mp3	7560
common_voice_gju_42137257.mp3	1656
common_voice_gju_42587457.mp3	2988
common_voice_gju_42089708.mp3	3456
common_voice_gju_42199923.mp3	2196
common_voice_gju_42408910.mp3	1800
common_voice_gju_42587659.mp3	2700
common_voice_gju_42102535.mp3	4140
common_voice_gju_42188240.mp3	1548
common_voice_gju_42604387.mp3	1620
common_voice_gju_42108587.mp3	2916
common_voice_gju_42107098.mp3	3600
common_voice_gju_42408888.mp3	3888
common_voice_gju_42461516.mp3	2700
common_voice_gju_42637711.mp3	3060
common_voice_gju_42502443.mp3	4788
common_voice_gju_42409554.mp3	3960
common_voice_gju_42107755.mp3	2700
common_voice_gju_42462080.mp3	4176
common_voice_gju_42090300.mp3	3996
common_voice_gju_42612710.mp3	4608
common_voice_gju_42109220.mp3	3600
common_voice_gju_42562096.mp3	5868
common_voice_gju_42409600.mp3	3420
common_voice_gju_42562536.mp3	4716
common_voice_gju_42121856.mp3	2520
common_voice_gju_42107833.mp3	3636
common_voice_gju_42112534.mp3	1656
common_voice_gju_42537367.mp3	5400
common_voice_gju_42197917.mp3	3996
common_voice_gju_42500967.mp3	4248
common_voice_gju_42501130.mp3	2376
common_voice_gju_42188213.mp3	2556
common_voice_gju_42537296.mp3	3060
common_voice_gju_42562110.mp3	4068
common_voice_gju_42107048.mp3	3708
common_voice_gju_42562500.mp3	3096
common_voice_gju_42587531.mp3	3708
common_voice_gju_42613716.mp3	1800
common_voice_gju_42562351.mp3	2880
common_voice_gju_42476314.mp3	2268
common_voice_gju_42101748.mp3	4068
common_voice_gju_42529925.mp3	2340
common_voice_gju_42107264.mp3	2628
common_voice_gju_42562655.mp3	2268
common_voice_gju_42604246.mp3	4176
common_voice_gju_42529602.mp3	4176
common_voice_gju_42195295.mp3	2196
common_voice_gju_42101078.mp3	1836
common_voice_gju_42555991.mp3	2340
common_voice_gju_42565899.mp3	1800
common_voice_gju_42594965.mp3	3420
common_voice_gju_42601722.mp3	3060
common_voice_gju_42195993.mp3	1656
common_voice_gju_42199763.mp3	1620
common_voice_gju_42481084.mp3	2808
common_voice_gju_42587511.mp3	5796
common_voice_gju_42109128.mp3	1728
common_voice_gju_42101189.mp3	1728
common_voice_gju_42090496.mp3	4500
common_voice_gju_42601671.mp3	1836
common_voice_gju_42112551.mp3	1908
common_voice_gju_42091045.mp3	3600
common_voice_gju_42565399.mp3	5940
common_voice_gju_42481172.mp3	3456
common_voice_gju_42478742.mp3	3456
common_voice_gju_42530083.mp3	3060
common_voice_gju_42108575.mp3	2160
common_voice_gju_42409789.mp3	1980
common_voice_gju_42637719.mp3	5508
common_voice_gju_42613509.mp3	1620
common_voice_gju_42167459.mp3	4608
common_voice_gju_42122014.mp3	5760
common_voice_gju_42501071.mp3	4716
common_voice_gju_42587703.mp3	2376
common_voice_gju_42478724.mp3	2916
common_voice_gju_42594906.mp3	2916
common_voice_gju_42198525.mp3	1980
common_voice_gju_42501194.mp3	2988
common_voice_gju_42107861.mp3	5040
common_voice_gju_42565445.mp3	2160
common_voice_gju_42476697.mp3	2520
common_voice_gju_42409479.mp3	3888
common_voice_gju_42107421.mp3	2628
common_voice_gju_42167416.mp3	2196
common_voice_gju_42461249.mp3	2160
common_voice_gju_42587499.mp3	2160
common_voice_gju_42090000.mp3	5976
common_voice_gju_42182968.mp3	1620
common_voice_gju_42109209.mp3	1908
common_voice_gju_42409630.mp3	2628
common_voice_gju_42476779.mp3	5796
common_voice_gju_42198372.mp3	2736
common_voice_gju_42137229.mp3	1620
common_voice_gju_42501025.mp3	2520
common_voice_gju_42409556.mp3	2988
common_voice_gju_42197916.mp3	2160
common_voice_gju_42101823.mp3	4968
common_voice_gju_42562663.mp3	5760
common_voice_gju_42100509.mp3	2196
common_voice_gju_42562765.mp3	4608
common_voice_gju_42087615.mp3	9756
common_voice_gju_42408890.mp3	1656
common_voice_gju_42100941.mp3	2160
common_voice_gju_42090514.mp3	3600
common_voice_gju_42604145.mp3	2628
common_voice_gju_42588228.mp3	1980
common_voice_gju_42106597.mp3	11448
common_voice_gju_42537315.mp3	2016
common_voice_gju_42188700.mp3	3168
common_voice_gju_42112593.mp3	5148
common_voice_gju_42090891.mp3	7236
common_voice_gju_42612751.mp3	3420
common_voice_gju_42109242.mp3	2088
common_voice_gju_42108531.mp3	1980
common_voice_gju_42107457.mp3	2988
common_voice_gju_42090849.mp3	4716
common_voice_gju_42107652.mp3	2736
common_voice_gju_42565453.mp3	1836
common_voice_gju_42179712.mp3	2160
common_voice_gju_42409332.mp3	3060
common_voice_gju_42199252.mp3	1800
common_voice_gju_42198007.mp3	1620
common_voice_gju_42107163.mp3	4500
common_voice_gju_42107292.mp3	2556
common_voice_gju_42199622.mp3	1548
common_voice_gju_42565449.mp3	3528
common_voice_gju_42112241.mp3	1728
common_voice_gju_42090374.mp3	3096
common_voice_gju_42612716.mp3	2916
common_voice_gju_42637717.mp3	6156
common_voice_gju_42478743.mp3	3276
common_voice_gju_42619941.mp3	3060
common_voice_gju_42587462.mp3	2016
common_voice_gju_42497519.mp3	7200
common_voice_gju_42613562.mp3	2628
common_voice_gju_42198620.mp3	1548
common_voice_gju_42562541.mp3	2268
common_voice_gju_42101168.mp3	3348
common_voice_gju_42461208.mp3	2736
common_voice_gju_42080026.mp3	2268
common_voice_gju_42500922.mp3	2376
common_voice_gju_42565662.mp3	1836
common_voice_gju_42198124.mp3	3528
common_voice_gju_42409678.mp3	2736
common_voice_gju_42184731.mp3	2340
common_voice_gju_42090887.mp3	3168
common_voice_gju_42461560.mp3	2628
common_voice_gju_42478522.mp3	2376
common_voice_gju_42587748.mp3	2016
common_voice_gju_42199372.mp3	1368
common_voice_gju_42102889.mp3	3348
common_voice_gju_42565879.mp3	2376
common_voice_gju_42478773.mp3	3888
common_voice_gju_42197174.mp3	1368
common_voice_gju_42537379.mp3	2016
common_voice_gju_42478739.mp3	4068
common_voice_gju_42107233.mp3	1908
common_voice_gju_42100884.mp3	3096
common_voice_gju_42184672.mp3	2160
common_voice_gju_42478769.mp3	5976
common_voice_gju_42587998.mp3	3600
common_voice_gju_42107419.mp3	2808
common_voice_gju_42562726.mp3	2268
common_voice_gju_42587519.mp3	1980
common_voice_gju_42199783.mp3	1656
common_voice_gju_42478565.mp3	2268
common_voice_gju_42612864.mp3	4248
common_voice_gju_42481110.mp3	3456
common_voice_gju_42587755.mp3	1908
common_voice_gju_42199253.mp3	1656
common_voice_gju_42603864.mp3	2700
common_voice_gju_42613456.mp3	2736
common_voice_gju_42089578.mp3	7308
common_voice_gju_42604321.mp3	1800
common_voice_gju_42565570.mp3	2160
common_voice_gju_42601640.mp3	2808
common_voice_gju_42587747.mp3	3060
common_voice_gju_42197167.mp3	1908
common_voice_gju_42601595.mp3	1728
common_voice_gju_42179951.mp3	2520
common_voice_gju_42197299.mp3	1728
common_voice_gju_42087518.mp3	4716
common_voice_gju_42500978.mp3	1980
common_voice_gju_42188304.mp3	1836
common_voice_gju_42111841.mp3	4428
common_voice_gju_42409008.mp3	2556
common_voice_gju_42107521.mp3	5256
common_voice_gju_42090619.mp3	4320
common_voice_gju_42562656.mp3	1800
common_voice_gju_42587332.mp3	2016
common_voice_gju_42111865.mp3	3276
common_voice_gju_42197120.mp3	1188
common_voice_gju_42195934.mp3	2160
common_voice_gju_42587903.mp3	1800
common_voice_gju_42188406.mp3	1296
common_voice_gju_42587715.mp3	2736
common_voice_gju_42476680.mp3	3996
common_voice_gju_42195866.mp3	4968
common_voice_gju_42107502.mp3	1728
common_voice_gju_42090022.mp3	3276
common_voice_gju_42409632.mp3	3528
common_voice_gju_42565455.mp3	1908
common_voice_gju_42461237.mp3	2700
common_voice_gju_42622244.mp3	1656
common_voice_gju_42565229.mp3	1980
common_voice_gju_42637784.mp3	2160
common_voice_gju_42184252.mp3	1656
common_voice_gju_42109358.mp3	5616
common_voice_gju_42199598.mp3	2700
common_voice_gju_42497561.mp3	2808
common_voice_gju_42637998.mp3	5688
common_voice_gju_42184784.mp3	1440
common_voice_gju_42409362.mp3	2808
common_voice_gju_42199487.mp3	1620
common_voice_gju_42462090.mp3	2088
common_voice_gju_42107112.mp3	10368
common_voice_gju_42603782.mp3	3348
common_voice_gju_42090518.mp3	4608
common_voice_gju_42637753.mp3	4860
common_voice_gju_42613701.mp3	3240
common_voice_gju_42100501.mp3	3996
common_voice_gju_42603898.mp3	4356
common_voice_gju_42603971.mp3	2556
common_voice_gju_42107761.mp3	1728
common_voice_gju_42107218.mp3	5616
common_voice_gju_42112523.mp3	4608
common_voice_gju_42565876.mp3	2160
common_voice_gju_42562792.mp3	2808
common_voice_gju_42565325.mp3	2880
common_voice_gju_42091182.mp3	5256
common_voice_gju_42565848.mp3	2448
common_voice_gju_42199199.mp3	1800
common_voice_gju_42562587.mp3	2556
common_voice_gju_42197126.mp3	1188
common_voice_gju_42530128.mp3	3348
common_voice_gju_42460807.mp3	3096
common_voice_gju_42562412.mp3	5760
common_voice_gju_42089614.mp3	3996
common_voice_gju_42188212.mp3	1548
common_voice_gju_42565296.mp3	2520
common_voice_gju_42587627.mp3	2520
common_voice_gju_42587367.mp3	2088
common_voice_gju_42137155.mp3	2088
common_voice_gju_42101220.mp3	5760
common_voice_gju_42562122.mp3	7020
common_voice_gju_42107143.mp3	7020
common_voice_gju_42530199.mp3	1908
common_voice_gju_42409345.mp3	3096
common_voice_gju_42588212.mp3	1980
common_voice_gju_42476575.mp3	1620
common_voice_gju_42601398.mp3	4068
common_voice_gju_42109264.mp3	4680
common_voice_gju_42497621.mp3	2520
common_voice_gju_42562767.mp3	2988
common_voice_gju_42478574.mp3	3888
common_voice_gju_42107227.mp3	2376
common_voice_gju_42603882.mp3	2448
common_voice_gju_42188573.mp3	3708
common_voice_gju_42565710.mp3	7416
common_voice_gju_42619828.mp3	4680
common_voice_gju_42565748.mp3	5868
common_voice_gju_42478701.mp3	3060
common_voice_gju_42200043.mp3	2376
common_voice_gju_42108207.mp3	4716
common_voice_gju_42604478.mp3	1836
common_voice_gju_42197537.mp3	2700
common_voice_gju_42619882.mp3	2268
common_voice_gju_42530069.mp3	1836
common_voice_gju_42562213.mp3	3060
common_voice_gju_42637926.mp3	2088
common_voice_gju_42500937.mp3	3276
common_voice_gju_42197223.mp3	1800
common_voice_gju_42461522.mp3	2628
common_voice_gju_42179759.mp3	4068
common_voice_gju_42200264.mp3	2628
common_voice_gju_42502497.mp3	2160
common_voice_gju_42087430.mp3	2448
common_voice_gju_42603897.mp3	4068
common_voice_gju_42195361.mp3	5220
common_voice_gju_42090299.mp3	4356
common_voice_gju_42409585.mp3	5868
common_voice_gju_42112718.mp3	2880
common_voice_gju_42109257.mp3	2916
common_voice_gju_42101076.mp3	5616
common_voice_gju_42476423.mp3	2340
common_voice_gju_42090731.mp3	3456
common_voice_gju_42409500.mp3	3456
common_voice_gju_42601742.mp3	1980
common_voice_gju_42622330.mp3	5256
common_voice_gju_42500831.mp3	3636
common_voice_gju_42109020.mp3	2520
common_voice_gju_42167372.mp3	2196
common_voice_gju_42478651.mp3	2160
common_voice_gju_42587886.mp3	2160
common_voice_gju_42107592.mp3	2988
common_voice_gju_42637749.mp3	5940
common_voice_gju_42167585.mp3	3888
common_voice_gju_42588104.mp3	2268
common_voice_gju_42637971.mp3	5616
common_voice_gju_42622379.mp3	5580
common_voice_gju_42107369.mp3	1836
common_voice_gju_42109345.mp3	2808
common_voice_gju_42101888.mp3	2700
common_voice_gju_42601405.mp3	3996
common_voice_gju_42106854.mp3	5508
common_voice_gju_42138292.mp3	7380
common_voice_gju_42594964.mp3	4320
common_voice_gju_42107066.mp3	3780
common_voice_gju_42562173.mp3	2088
common_voice_gju_42087466.mp3	2628
common_voice_gju_42587617.mp3	2340
common_voice_gju_42562863.mp3	5076
common_voice_gju_42106508.mp3	4788
common_voice_gju_42587764.mp3	3528
common_voice_gju_42462057.mp3	2700
common_voice_gju_42562775.mp3	3096
common_voice_gju_42588126.mp3	2160
common_voice_gju_42121447.mp3	3780
common_voice_gju_42587639.mp3	1656
common_voice_gju_42476461.mp3	2376
common_voice_gju_42112038.mp3	2088
common_voice_gju_42107055.mp3	4680
common_voice_gju_42107291.mp3	2448
common_voice_gju_42137222.mp3	1980
common_voice_gju_42108060.mp3	2628
common_voice_gju_42587723.mp3	6300
common_voice_gju_42604370.mp3	1800
common_voice_gju_42603915.mp3	1836
common_voice_gju_42478585.mp3	2736
common_voice_gju_42476505.mp3	5256
common_voice_gju_42090450.mp3	2196
common_voice_gju_42500868.mp3	2520
common_voice_gju_42109073.mp3	3816
common_voice_gju_42102276.mp3	2700
common_voice_gju_42604054.mp3	1728
common_voice_gju_42167574.mp3	2448
common_voice_gju_42476407.mp3	3096
common_voice_gju_42603790.mp3	3060
common_voice_gju_42108051.mp3	3600
common_voice_gju_42167631.mp3	3348
common_voice_gju_42481076.mp3	2880
common_voice_gju_42107513.mp3	1728
common_voice_gju_42588129.mp3	2088
common_voice_gju_42565222.mp3	2160
common_voice_gju_42500844.mp3	3276
common_voice_gju_42502427.mp3	2160
common_voice_gju_42188294.mp3	2268
common_voice_gju_42529956.mp3	2016
common_voice_gju_42476755.mp3	1836
common_voice_gju_42108511.mp3	3096
common_voice_gju_42562082.mp3	2880
common_voice_gju_42080057.mp3	1620
common_voice_gju_42601773.mp3	2268
common_voice_gju_42102825.mp3	2916
common_voice_gju_42167246.mp3	3816
common_voice_gju_42090882.mp3	4356
common_voice_gju_42196223.mp3	5040
common_voice_gju_42461242.mp3	2016
common_voice_gju_42613670.mp3	2520
common_voice_gju_42197180.mp3	4896
common_voice_gju_42478615.mp3	3888
common_voice_gju_42481168.mp3	2808
common_voice_gju_42613603.mp3	2448
common_voice_gju_42604305.mp3	3708
common_voice_gju_42460764.mp3	3780
common_voice_gju_42100599.mp3	3780
common_voice_gju_42100965.mp3	4356
common_voice_gju_42167669.mp3	4140
common_voice_gju_42101581.mp3	3816
common_voice_gju_42200219.mp3	1980
common_voice_gju_42109115.mp3	1656
common_voice_gju_42108588.mp3	2376
common_voice_gju_42107414.mp3	1620
common_voice_gju_42601768.mp3	2520
common_voice_gju_42562435.mp3	3096
common_voice_gju_42562828.mp3	2808
common_voice_gju_42107503.mp3	2700
common_voice_gju_42184782.mp3	2196
common_voice_gju_42612988.mp3	2088
common_voice_gju_42476313.mp3	3780
common_voice_gju_42587646.mp3	3636
common_voice_gju_42622378.mp3	2340
common_voice_gju_42167757.mp3	3276
common_voice_gju_42182770.mp3	7020
common_voice_gju_42100651.mp3	7200
common_voice_gju_42562504.mp3	2628
common_voice_gju_42111249.mp3	2556
common_voice_gju_42408908.mp3	1656
common_voice_gju_42137251.mp3	3096
common_voice_gju_42476372.mp3	4860
common_voice_gju_42109229.mp3	2628
common_voice_gju_42409159.mp3	3600
common_voice_gju_42107046.mp3	7668
common_voice_gju_42112671.mp3	1908
common_voice_gju_42121943.mp3	1656
common_voice_gju_42622252.mp3	3096
common_voice_gju_42537268.mp3	3060
common_voice_gju_42637807.mp3	1908
common_voice_gju_42481158.mp3	1908
common_voice_gju_42080141.mp3	2196
common_voice_gju_42195910.mp3	2628
common_voice_gju_42102555.mp3	2016
common_voice_gju_42529809.mp3	5616
common_voice_gju_42112513.mp3	2196
common_voice_gju_42197105.mp3	2016
common_voice_gju_42562620.mp3	2988
common_voice_gju_42091129.mp3	3456
common_voice_gju_42501059.mp3	2808
common_voice_gju_42112477.mp3	2016
common_voice_gju_42089909.mp3	4356
common_voice_gju_42409019.mp3	3780
common_voice_gju_42601745.mp3	1728
common_voice_gju_42121931.mp3	2160
common_voice_gju_42195919.mp3	1836
common_voice_gju_42497582.mp3	4140
common_voice_gju_42476699.mp3	5076
common_voice_gju_42080229.mp3	1836
common_voice_gju_42603914.mp3	1908
common_voice_gju_42107445.mp3	12276
common_voice_gju_42537288.mp3	5220
common_voice_gju_42195407.mp3	1836
common_voice_gju_42601589.mp3	2700
common_voice_gju_42107377.mp3	3636
common_voice_gju_42587986.mp3	2268
common_voice_gju_42188257.mp3	2016
common_voice_gju_42500988.mp3	5040
common_voice_gju_42562868.mp3	2700
common_voice_gju_42102664.mp3	3600
common_voice_gju_42199617.mp3	2628
common_voice_gju_42587397.mp3	2088
common_voice_gju_42100307.mp3	2448
common_voice_gju_42107343.mp3	4536
common_voice_gju_42089963.mp3	3636
common_voice_gju_42109039.mp3	2376
common_voice_gju_42587321.mp3	5148
common_voice_gju_42107928.mp3	2808
common_voice_gju_42108121.mp3	2376
common_voice_gju_42179798.mp3	2196
common_voice_gju_42167248.mp3	6228
common_voice_gju_42180101.mp3	3456
common_voice_gju_42476703.mp3	2916
common_voice_gju_42109219.mp3	1980
common_voice_gju_42103173.mp3	4716
common_voice_gju_42107726.mp3	3888
common_voice_gju_42562468.mp3	2520
common_voice_gju_42530009.mp3	3420
common_voice_gju_42460827.mp3	2916
common_voice_gju_42501024.mp3	3168
common_voice_gju_42087398.mp3	3096
common_voice_gju_42563039.mp3	1728
common_voice_gju_42478712.mp3	2196
common_voice_gju_42613709.mp3	3600
common_voice_gju_42167181.mp3	2268
common_voice_gju_42637919.mp3	3888
common_voice_gju_42460790.mp3	1980
common_voice_gju_42107255.mp3	2808
common_voice_gju_42587757.mp3	1800
common_voice_gju_42562737.mp3	3456
common_voice_gju_42409803.mp3	1476
common_voice_gju_42562898.mp3	1620
common_voice_gju_42198653.mp3	1440
common_voice_gju_42108843.mp3	5256
common_voice_gju_42529757.mp3	2808
common_voice_gju_42603905.mp3	1620
common_voice_gju_42637676.mp3	2700
common_voice_gju_42182782.mp3	2376
common_voice_gju_42565251.mp3	2016
common_voice_gju_42167430.mp3	3636
common_voice_gju_42087414.mp3	4068
common_voice_gju_42501076.mp3	3636
common_voice_gju_42529491.mp3	4500
common_voice_gju_42478755.mp3	2916
common_voice_gju_42099688.mp3	2628
common_voice_gju_42089826.mp3	7488
common_voice_gju_42476767.mp3	4068
common_voice_gju_42613797.mp3	3348
common_voice_gju_42476701.mp3	2736
common_voice_gju_42111497.mp3	3420
common_voice_gju_42587455.mp3	7668
common_voice_gju_42501114.mp3	2016
common_voice_gju_42200306.mp3	3456
common_voice_gju_42090931.mp3	4176
common_voice_gju_42461654.mp3	4860
common_voice_gju_42103297.mp3	5976
common_voice_gju_42565874.mp3	2268
common_voice_gju_42565704.mp3	2916
common_voice_gju_42530094.mp3	2160
common_voice_gju_42167188.mp3	3996
common_voice_gju_42199710.mp3	1980
common_voice_gju_42613572.mp3	2160
common_voice_gju_42121437.mp3	3600
common_voice_gju_42476415.mp3	6696
common_voice_gju_42562531.mp3	3996
common_voice_gju_42102386.mp3	3096
common_voice_gju_42199234.mp3	1368
common_voice_gju_42587833.mp3	2556
common_voice_gju_42112547.mp3	2340
common_voice_gju_42587981.mp3	12708
common_voice_gju_42179862.mp3	1800
common_voice_gju_42478630.mp3	4788
common_voice_gju_42112494.mp3	4788
common_voice_gju_42107570.mp3	1980
common_voice_gju_42409587.mp3	2196
common_voice_gju_42613792.mp3	1980
common_voice_gju_42107244.mp3	2808
common_voice_gju_42137626.mp3	2808
common_voice_gju_42478705.mp3	3276
common_voice_gju_42087590.mp3	4716
common_voice_gju_42409263.mp3	5868
common_voice_gju_42108162.mp3	3096
common_voice_gju_42502507.mp3	4068
common_voice_gju_42612785.mp3	3348
common_voice_gju_42107510.mp3	2988
common_voice_gju_42612861.mp3	2376
common_voice_gju_42612874.mp3	3060
common_voice_gju_42562839.mp3	2628
common_voice_gju_42603805.mp3	1728
common_voice_gju_42100633.mp3	2556
common_voice_gju_42090663.mp3	3888
common_voice_gju_42195918.mp3	2520
common_voice_gju_42198058.mp3	2448
common_voice_gju_42091285.mp3	4608
common_voice_gju_42530224.mp3	2196
common_voice_gju_42587792.mp3	1728
common_voice_gju_42179925.mp3	1296
common_voice_gju_42109048.mp3	8316
common_voice_gju_42565330.mp3	3240
common_voice_gju_42107472.mp3	2880
common_voice_gju_42587337.mp3	2916
common_voice_gju_42478723.mp3	2556
common_voice_gju_42588193.mp3	4716
common_voice_gju_42199509.mp3	1908
common_voice_gju_42587417.mp3	2376
common_voice_gju_42601602.mp3	2520
common_voice_gju_42462121.mp3	2088
common_voice_gju_42565871.mp3	1728
common_voice_gju_42565740.mp3	7416
common_voice_gju_42100475.mp3	4428
common_voice_gju_42637862.mp3	2016
common_voice_gju_42198078.mp3	3708
common_voice_gju_42167187.mp3	4356
common_voice_gju_42167517.mp3	3996
common_voice_gju_42102504.mp3	2736
common_voice_gju_42562721.mp3	2628
common_voice_gju_42588195.mp3	1980
common_voice_gju_42562372.mp3	2448
common_voice_gju_42594934.mp3	3240
common_voice_gju_42196837.mp3	1656
common_voice_gju_42111330.mp3	2520
common_voice_gju_42601717.mp3	2268
common_voice_gju_42109446.mp3	4680
common_voice_gju_42612730.mp3	5040
common_voice_gju_42099692.mp3	2520
common_voice_gju_42501202.mp3	2340
common_voice_gju_42087355.mp3	3348
common_voice_gju_42199737.mp3	2088
common_voice_gju_42565753.mp3	6336
common_voice_gju_42565667.mp3	2556
common_voice_gju_42107119.mp3	9180
common_voice_gju_42461661.mp3	2376
common_voice_gju_42091397.mp3	2376
common_voice_gju_42587844.mp3	2376
common_voice_gju_42188361.mp3	2160
common_voice_gju_42111138.mp3	4896
common_voice_gju_42565826.mp3	2556
common_voice_gju_42478676.mp3	3888
common_voice_gju_42198405.mp3	2916
common_voice_gju_42107480.mp3	2160
common_voice_gju_42478718.mp3	1728
common_voice_gju_42587342.mp3	3276
common_voice_gju_42637846.mp3	1548
common_voice_gju_42563030.mp3	4536
common_voice_gju_42604360.mp3	2556
common_voice_gju_42102956.mp3	2808
common_voice_gju_42112280.mp3	3708
common_voice_gju_42587379.mp3	2916
common_voice_gju_42565747.mp3	13968
common_voice_gju_42184694.mp3	2016
common_voice_gju_42107280.mp3	2376
common_voice_gju_42562881.mp3	2196
common_voice_gju_42090666.mp3	3420
common_voice_gju_42409652.mp3	2556
common_voice_gju_42604425.mp3	3276
common_voice_gju_42107616.mp3	1800
common_voice_gju_42603832.mp3	2880
common_voice_gju_42476352.mp3	5076
common_voice_gju_42079941.mp3	2340
common_voice_gju_42501084.mp3	2160
common_voice_gju_42497624.mp3	2268
common_voice_gju_42612721.mp3	3348
common_voice_gju_42197373.mp3	1836
common_voice_gju_42111834.mp3	2196
common_voice_gju_42604142.mp3	2700
common_voice_gju_42587677.mp3	2916
common_voice_gju_42408912.mp3	2520
common_voice_gju_42107305.mp3	2196
common_voice_gju_42562548.mp3	3528
common_voice_gju_42478593.mp3	2340
common_voice_gju_42587546.mp3	3708
common_voice_gju_42107243.mp3	2880
common_voice_gju_42603812.mp3	3456
common_voice_gju_42112702.mp3	2520
common_voice_gju_42121487.mp3	2448
common_voice_gju_42199374.mp3	2376
common_voice_gju_42198151.mp3	1908
common_voice_gju_42137219.mp3	4140
common_voice_gju_42100617.mp3	2916
common_voice_gju_42107909.mp3	2340
common_voice_gju_42187169.mp3	1296
common_voice_gju_42562883.mp3	2016
common_voice_gju_42199490.mp3	1728
common_voice_gju_42637625.mp3	3780
common_voice_gju_42409480.mp3	3420
common_voice_gju_42109344.mp3	2988
common_voice_gju_42137660.mp3	1980
common_voice_gju_42637734.mp3	6588
common_voice_gju_42087389.mp3	3708
common_voice_gju_42601506.mp3	3348
common_voice_gju_42587845.mp3	4896
common_voice_gju_42613821.mp3	2808
common_voice_gju_42587438.mp3	1908
common_voice_gju_42562517.mp3	3096
common_voice_gju_42184308.mp3	2268
common_voice_gju_42601527.mp3	2268
common_voice_gju_42597238.mp3	3636
common_voice_gju_42107644.mp3	3960
common_voice_gju_42529872.mp3	2808
common_voice_gju_42637699.mp3	2196
common_voice_gju_42108942.mp3	5616
common_voice_gju_42587491.mp3	2448
common_voice_gju_42179710.mp3	7488
common_voice_gju_42613474.mp3	1620
common_voice_gju_42101747.mp3	3420
common_voice_gju_42101679.mp3	3456
common_voice_gju_42563240.mp3	5328
common_voice_gju_42091043.mp3	9576
common_voice_gju_42107387.mp3	3096
common_voice_gju_42613736.mp3	2916
common_voice_gju_42197154.mp3	2448
common_voice_gju_42597244.mp3	11196
common_voice_gju_42108738.mp3	4716
common_voice_gju_42101497.mp3	1836
common_voice_gju_42087393.mp3	3600
common_voice_gju_42087582.mp3	4140
common_voice_gju_42107611.mp3	2736
common_voice_gju_42461259.mp3	4608
common_voice_gju_42107934.mp3	3816
common_voice_gju_42476574.mp3	1980
common_voice_gju_42622102.mp3	4608
common_voice_gju_42100275.mp3	3600
common_voice_gju_42497690.mp3	2196
common_voice_gju_42100372.mp3	3600
common_voice_gju_42091042.mp3	3240
common_voice_gju_42089961.mp3	4860
common_voice_gju_42588109.mp3	2520
common_voice_gju_42603893.mp3	2160
common_voice_gju_42100242.mp3	6660
common_voice_gju_42478678.mp3	2916
common_voice_gju_42197284.mp3	2268
common_voice_gju_42087654.mp3	6516
common_voice_gju_42603947.mp3	2880
common_voice_gju_42588092.mp3	1980
common_voice_gju_42500892.mp3	2916
common_voice_gju_42087520.mp3	4860
common_voice_gju_42588260.mp3	3168
common_voice_gju_42197375.mp3	1908
common_voice_gju_42102066.mp3	3708
common_voice_gju_42476612.mp3	3060
common_voice_gju_42409739.mp3	2520
common_voice_gju_42101764.mp3	2196
common_voice_gju_42588162.mp3	2448
common_voice_gju_42613639.mp3	1728
common_voice_gju_42476456.mp3	2196
common_voice_gju_42562157.mp3	2916
common_voice_gju_42481059.mp3	1980
common_voice_gju_42108608.mp3	5796
common_voice_gju_42199461.mp3	3456
common_voice_gju_42476438.mp3	2268
common_voice_gju_42199325.mp3	2520
common_voice_gju_42587652.mp3	1836
common_voice_gju_42107658.mp3	6516
common_voice_gju_42179872.mp3	4536
common_voice_gju_42108591.mp3	1800
common_voice_gju_42601505.mp3	1620
common_voice_gju_42587371.mp3	4860
common_voice_gju_42102537.mp3	1908
common_voice_gju_42087534.mp3	2556
common_voice_gju_42612764.mp3	6228
common_voice_gju_42107569.mp3	2916
common_voice_gju_42502518.mp3	3888
common_voice_gju_42565842.mp3	2988
common_voice_gju_42612974.mp3	3060
common_voice_gju_42200034.mp3	2160
common_voice_gju_42588118.mp3	9180
common_voice_gju_42622264.mp3	1908
common_voice_gju_42563004.mp3	4500
common_voice_gju_42091255.mp3	4896
common_voice_gju_42562719.mp3	2736
common_voice_gju_42101653.mp3	2088
common_voice_gju_42462107.mp3	4068
common_voice_gju_42637769.mp3	3276
common_voice_gju_42587637.mp3	1980
common_voice_gju_42612818.mp3	3348
common_voice_gju_42588096.mp3	2268
common_voice_gju_42588085.mp3	2016
common_voice_gju_42565791.mp3	3960
common_voice_gju_42100528.mp3	3528
common_voice_gju_42529336.mp3	4068
common_voice_gju_42587354.mp3	3816
common_voice_gju_42563079.mp3	1980
common_voice_gju_42198688.mp3	1620
common_voice_gju_42476535.mp3	1836
common_voice_gju_42613649.mp3	2556
common_voice_gju_42112518.mp3	2268
common_voice_gju_42481101.mp3	3240
common_voice_gju_42537290.mp3	3888
common_voice_gju_42588232.mp3	2376
common_voice_gju_42637999.mp3	3636
common_voice_gju_42167649.mp3	2088
common_voice_gju_42481128.mp3	1656
common_voice_gju_42121929.mp3	1656
common_voice_gju_42195371.mp3	2016
common_voice_gju_42182795.mp3	3276
common_voice_gju_42090844.mp3	3996
common_voice_gju_42101100.mp3	4140
common_voice_gju_42100255.mp3	4068
common_voice_gju_42184334.mp3	1368
common_voice_gju_42500879.mp3	2196
common_voice_gju_42601682.mp3	2880
common_voice_gju_42100774.mp3	2520
common_voice_gju_42179981.mp3	2916
common_voice_gju_42478607.mp3	2340
common_voice_gju_42107385.mp3	1800
common_voice_gju_42637677.mp3	1908
common_voice_gju_42111381.mp3	5040
common_voice_gju_42604195.mp3	2016
common_voice_gju_42601568.mp3	1620
common_voice_gju_42198008.mp3	2916
common_voice_gju_42108519.mp3	1980
common_voice_gju_42588053.mp3	4536
common_voice_gju_42107263.mp3	3708
common_voice_gju_42111225.mp3	2808
common_voice_gju_42565442.mp3	5400
common_voice_gju_42198635.mp3	1836
common_voice_gju_42100850.mp3	3816
common_voice_gju_42108583.mp3	5220
common_voice_gju_42612938.mp3	3240
common_voice_gju_42588211.mp3	1980
common_voice_gju_42198512.mp3	1656
common_voice_gju_42561286.mp3	5508
common_voice_gju_42562914.mp3	2988
common_voice_gju_42090685.mp3	6300
common_voice_gju_42101745.mp3	4968
common_voice_gju_42108612.mp3	3636
common_voice_gju_42604062.mp3	3528
common_voice_gju_42111232.mp3	1980
common_voice_gju_42100373.mp3	3528
common_voice_gju_42637713.mp3	2808
common_voice_gju_42409248.mp3	2808
common_voice_gju_42109075.mp3	5076
common_voice_gju_42565601.mp3	3996
common_voice_gju_42112540.mp3	2556
common_voice_gju_42637805.mp3	3060
common_voice_gju_42461969.mp3	3888
common_voice_gju_42101102.mp3	2376
common_voice_gju_42107420.mp3	2520
common_voice_gju_42091364.mp3	4176
common_voice_gju_42198271.mp3	1620
common_voice_gju_42500798.mp3	2016
common_voice_gju_42112625.mp3	5508
common_voice_gju_42476746.mp3	2520
common_voice_gju_42604277.mp3	2448
common_voice_gju_42501091.mp3	3168
common_voice_gju_42587563.mp3	2628
common_voice_gju_42587399.mp3	2016
common_voice_gju_42478545.mp3	2016
common_voice_gju_42587296.mp3	3600
common_voice_gju_42565583.mp3	9828
common_voice_gju_42612932.mp3	4248
common_voice_gju_42196015.mp3	1836
common_voice_gju_42091393.mp3	2268
common_voice_gju_42108094.mp3	4176
common_voice_gju_42182805.mp3	2736
common_voice_gju_42562590.mp3	2556
common_voice_gju_42560970.mp3	3600
common_voice_gju_42103281.mp3	7668
common_voice_gju_42637827.mp3	3636
common_voice_gju_42562200.mp3	3060
common_voice_gju_42478713.mp3	7308
common_voice_gju_42562622.mp3	2196
common_voice_gju_42102819.mp3	3420
common_voice_gju_42112546.mp3	1620
common_voice_gju_42199255.mp3	1836
common_voice_gju_42565685.mp3	2916
common_voice_gju_42197282.mp3	2268
common_voice_gju_42108093.mp3	2916
common_voice_gju_42478602.mp3	5508
common_voice_gju_42637545.mp3	3888
common_voice_gju_42188147.mp3	3096
common_voice_gju_42476308.mp3	3528
common_voice_gju_42111499.mp3	2160
common_voice_gju_42090403.mp3	1800
common_voice_gju_42112323.mp3	8640
common_voice_gju_42601523.mp3	4248
common_voice_gju_42109364.mp3	4896
common_voice_gju_42179841.mp3	1620
common_voice_gju_42091406.mp3	6408
common_voice_gju_42409135.mp3	1836
common_voice_gju_42594985.mp3	4320
common_voice_gju_42167650.mp3	6120
common_voice_gju_42108533.mp3	2340
common_voice_gju_42619801.mp3	3636
common_voice_gju_42167183.mp3	3888
common_voice_gju_42409639.mp3	2556
common_voice_gju_42478579.mp3	1620
common_voice_gju_42188167.mp3	1656
common_voice_gju_42476669.mp3	6120
common_voice_gju_42562746.mp3	2196
common_voice_gju_42107889.mp3	1620
common_voice_gju_42537284.mp3	2268
common_voice_gju_42103167.mp3	10908
common_voice_gju_42565579.mp3	2520
common_voice_gju_42103232.mp3	5040
common_voice_gju_42462036.mp3	2808
common_voice_gju_42107542.mp3	3456
common_voice_gju_42199270.mp3	1368
common_voice_gju_42087547.mp3	2268
common_voice_gju_42497517.mp3	2088
common_voice_gju_42409073.mp3	2880
common_voice_gju_42529666.mp3	1836
common_voice_gju_42087605.mp3	2340
common_voice_gju_42100894.mp3	7020
common_voice_gju_42613845.mp3	3060
common_voice_gju_42529730.mp3	1656
common_voice_gju_42087618.mp3	1980
common_voice_gju_42112561.mp3	7380
common_voice_gju_42461270.mp3	4176
common_voice_gju_42594926.mp3	9468
common_voice_gju_42111469.mp3	4680
common_voice_gju_42460879.mp3	6696
common_voice_gju_42091234.mp3	2556
common_voice_gju_42107328.mp3	3888
common_voice_gju_42111432.mp3	2268
common_voice_gju_42619813.mp3	7020
common_voice_gju_42091195.mp3	2556
common_voice_gju_42637997.mp3	4896
common_voice_gju_42102870.mp3	3276
common_voice_gju_42603819.mp3	3240
common_voice_gju_42587714.mp3	4788
common_voice_gju_42107902.mp3	3276
common_voice_gju_42500687.mp3	2808
common_voice_gju_42587867.mp3	1836
common_voice_gju_42195364.mp3	3816
common_voice_gju_42107741.mp3	3420
common_voice_gju_42108125.mp3	5616
common_voice_gju_42102541.mp3	3096
common_voice_gju_42107442.mp3	2016
common_voice_gju_42588060.mp3	2340
common_voice_gju_42565310.mp3	3240
common_voice_gju_42476599.mp3	2808
common_voice_gju_42111243.mp3	2448
common_voice_gju_42476467.mp3	1836
common_voice_gju_42537303.mp3	2268
common_voice_gju_42601577.mp3	3528
common_voice_gju_42108243.mp3	2340
common_voice_gju_42481100.mp3	5256
common_voice_gju_42565430.mp3	3060
common_voice_gju_42409577.mp3	2808
common_voice_gju_42107917.mp3	3060
common_voice_gju_42604327.mp3	2088
common_voice_gju_42612722.mp3	2088
common_voice_gju_42100348.mp3	9036
common_voice_gju_42197924.mp3	2448
common_voice_gju_42090878.mp3	1980
common_voice_gju_42587545.mp3	3888
common_voice_gju_42107247.mp3	3276
common_voice_gju_42108214.mp3	2376
common_voice_gju_42198298.mp3	1980
common_voice_gju_42200178.mp3	1836
common_voice_gju_42497557.mp3	2736
common_voice_gju_42102500.mp3	3096
common_voice_gju_42195357.mp3	2016
common_voice_gju_42587960.mp3	1980
common_voice_gju_42604317.mp3	3456
common_voice_gju_42462014.mp3	2196
common_voice_gju_42537394.mp3	2196
common_voice_gju_42185004.mp3	1800
common_voice_gju_42102893.mp3	3348
common_voice_gju_42197091.mp3	1800
common_voice_gju_42091292.mp3	2880
common_voice_gju_42562633.mp3	2880
common_voice_gju_42109385.mp3	2556
common_voice_gju_42556002.mp3	1440
common_voice_gju_42188134.mp3	3276
common_voice_gju_42102275.mp3	2196
common_voice_gju_42587625.mp3	1980
common_voice_gju_42112559.mp3	2880
common_voice_gju_42109190.mp3	6300
common_voice_gju_42080226.mp3	2160
common_voice_gju_42200307.mp3	2268
common_voice_gju_42601576.mp3	3456
common_voice_gju_42108725.mp3	6408
common_voice_gju_42619800.mp3	4788
common_voice_gju_42565684.mp3	4068
common_voice_gju_42091000.mp3	3780
common_voice_gju_42200276.mp3	1368
common_voice_gju_42198327.mp3	1368
common_voice_gju_42594966.mp3	2736
common_voice_gju_42188661.mp3	1476
common_voice_gju_42461635.mp3	2736
common_voice_gju_42587376.mp3	2520
common_voice_gju_42562337.mp3	2808
common_voice_gju_42562564.mp3	2376
common_voice_gju_42622053.mp3	4248
common_voice_gju_42108547.mp3	1620
common_voice_gju_42107505.mp3	2736
common_voice_gju_42188207.mp3	2016
common_voice_gju_42108565.mp3	1728
common_voice_gju_42563186.mp3	2628
common_voice_gju_42198326.mp3	2196
common_voice_gju_42087650.mp3	2628
common_voice_gju_42167628.mp3	5256
common_voice_gju_42594982.mp3	6300
common_voice_gju_42196855.mp3	1836
common_voice_gju_42089625.mp3	2016
common_voice_gju_42121489.mp3	1908
common_voice_gju_42091440.mp3	3240
common_voice_gju_42562210.mp3	5616
common_voice_gju_42613493.mp3	3420
common_voice_gju_42100332.mp3	1800
common_voice_gju_42613494.mp3	1800
common_voice_gju_42565391.mp3	6876
common_voice_gju_42100297.mp3	5868
common_voice_gju_42107339.mp3	1908
common_voice_gju_42565297.mp3	6120
common_voice_gju_42613820.mp3	3996
common_voice_gju_42612921.mp3	3168
common_voice_gju_42112481.mp3	1728
common_voice_gju_42195319.mp3	1836
common_voice_gju_42476784.mp3	2376
common_voice_gju_42587878.mp3	1836
common_voice_gju_42502550.mp3	2916
common_voice_gju_42108726.mp3	3348
common_voice_gju_42499619.mp3	3240
common_voice_gju_42197207.mp3	1440
common_voice_gju_42613459.mp3	1836
common_voice_gju_42502434.mp3	3240
common_voice_gju_42565417.mp3	2556
common_voice_gju_42562259.mp3	2196
common_voice_gju_42090414.mp3	5868
common_voice_gju_42637778.mp3	4068
common_voice_gju_42109274.mp3	3636
common_voice_gju_42637811.mp3	2340
common_voice_gju_42588300.mp3	1800
common_voice_gju_42555994.mp3	2088
common_voice_gju_42603966.mp3	3348
common_voice_gju_42196005.mp3	2376
common_voice_gju_42562679.mp3	3096
common_voice_gju_42100432.mp3	3168
common_voice_gju_42198687.mp3	3240
common_voice_gju_42613450.mp3	3780
common_voice_gju_42188295.mp3	1548
common_voice_gju_42102778.mp3	5436
common_voice_gju_42109018.mp3	2736
common_voice_gju_42562387.mp3	2340
common_voice_gju_42587525.mp3	1836
common_voice_gju_42537358.mp3	2700
common_voice_gju_42107461.mp3	5400
common_voice_gju_42562496.mp3	3528
common_voice_gju_42587664.mp3	2448
common_voice_gju_42637742.mp3	1800
common_voice_gju_42622045.mp3	3636
common_voice_gju_42462042.mp3	4788
common_voice_gju_42476469.mp3	2736
common_voice_gju_42588042.mp3	3996
common_voice_gju_42409057.mp3	2520
common_voice_gju_42613542.mp3	1620
common_voice_gju_42182694.mp3	2088
common_voice_gju_42529246.mp3	2016
common_voice_gju_42096634.mp3	3528
common_voice_gju_42199164.mp3	1260
common_voice_gju_42087397.mp3	3996
common_voice_gju_42565513.mp3	2160
common_voice_gju_42478704.mp3	4140
common_voice_gju_42587597.mp3	2196
common_voice_gju_42107723.mp3	3348
common_voice_gju_42478551.mp3	2736
common_voice_gju_42562672.mp3	3780
common_voice_gju_42109286.mp3	1728
common_voice_gju_42478588.mp3	1728
common_voice_gju_42108212.mp3	3528
common_voice_gju_42197153.mp3	1368
common_voice_gju_42409157.mp3	5940
common_voice_gju_42167370.mp3	7128
common_voice_gju_42563261.mp3	2376
common_voice_gju_42087631.mp3	5040
common_voice_gju_42587624.mp3	2880
common_voice_gju_42476455.mp3	10116
common_voice_gju_42562579.mp3	7740
common_voice_gju_42102765.mp3	5076
common_voice_gju_42481191.mp3	2160
common_voice_gju_42089664.mp3	4680
common_voice_gju_42199365.mp3	1908
common_voice_gju_42199162.mp3	2520
common_voice_gju_42408934.mp3	1908
common_voice_gju_42137579.mp3	2268
common_voice_gju_42476449.mp3	2448
common_voice_gju_42478532.mp3	2196
common_voice_gju_42476554.mp3	1836
common_voice_gju_42200028.mp3	2160
common_voice_gju_42562568.mp3	4608
common_voice_gju_42111466.mp3	2556
common_voice_gju_42111288.mp3	2808
common_voice_gju_42167700.mp3	2160
common_voice_gju_42112706.mp3	3528
common_voice_gju_42090364.mp3	3168
common_voice_gju_42563242.mp3	3456
common_voice_gju_42619814.mp3	3060
common_voice_gju_42562992.mp3	4176
common_voice_gju_42109400.mp3	2628
common_voice_gju_42197200.mp3	2196
common_voice_gju_42604103.mp3	3060
common_voice_gju_42565491.mp3	4716
common_voice_gju_42109299.mp3	6300
common_voice_gju_42622341.mp3	2448
common_voice_gju_42091139.mp3	2988
common_voice_gju_42478683.mp3	3600
common_voice_gju_42562591.mp3	3456
common_voice_gju_42184767.mp3	1296
common_voice_gju_42622390.mp3	7236
common_voice_gju_42106882.mp3	3888
common_voice_gju_42500684.mp3	4068
common_voice_gju_42096691.mp3	3456
common_voice_gju_42601339.mp3	4356
common_voice_gju_42167428.mp3	3636
common_voice_gju_42565745.mp3	2196
common_voice_gju_42562072.mp3	4680
common_voice_gju_42587398.mp3	2268
common_voice_gju_42587439.mp3	2520
common_voice_gju_42613734.mp3	1908
common_voice_gju_42604250.mp3	2736
common_voice_gju_42137506.mp3	3348
common_voice_gju_42562191.mp3	2376
common_voice_gju_42408933.mp3	3168
common_voice_gju_42107581.mp3	2880
common_voice_gju_42501083.mp3	3420
common_voice_gju_42090892.mp3	2520
common_voice_gju_42588235.mp3	4176
common_voice_gju_42100961.mp3	6948
common_voice_gju_42096690.mp3	5868
common_voice_gju_42622047.mp3	2556
common_voice_gju_42180098.mp3	1908
common_voice_gju_42587435.mp3	1836
common_voice_gju_42107523.mp3	1620
common_voice_gju_42111264.mp3	2268
common_voice_gju_42601341.mp3	4248
common_voice_gju_42180083.mp3	4248
common_voice_gju_42537302.mp3	3276
common_voice_gju_42089663.mp3	3780
common_voice_gju_42102312.mp3	3600
common_voice_gju_42107161.mp3	4716
common_voice_gju_42612847.mp3	3168
common_voice_gju_42565894.mp3	2700
common_voice_gju_42109380.mp3	4176
common_voice_gju_42476794.mp3	3456
common_voice_gju_42200394.mp3	3420
common_voice_gju_42179736.mp3	2016
common_voice_gju_42562643.mp3	2880
common_voice_gju_42184736.mp3	2088
common_voice_gju_42087490.mp3	2880
common_voice_gju_42197376.mp3	2520
common_voice_gju_42562106.mp3	2988
common_voice_gju_42408842.mp3	1908
common_voice_gju_42108195.mp3	3168
common_voice_gju_42112328.mp3	2556
common_voice_gju_42478708.mp3	3996
common_voice_gju_42587623.mp3	2520
common_voice_gju_42179861.mp3	1980
common_voice_gju_42478661.mp3	3096
common_voice_gju_42100719.mp3	3816
common_voice_gju_42409422.mp3	4356
common_voice_gju_42091253.mp3	2448
common_voice_gju_42188574.mp3	2808
common_voice_gju_42481090.mp3	1908
common_voice_gju_42188634.mp3	1296
common_voice_gju_42199788.mp3	2736
common_voice_gju_42562630.mp3	2340
common_voice_gju_42594931.mp3	2880
common_voice_gju_42089655.mp3	1908
common_voice_gju_42184215.mp3	4608
common_voice_gju_42107359.mp3	8748
common_voice_gju_42090033.mp3	2808
common_voice_gju_42200113.mp3	2736
common_voice_gju_42587600.mp3	3168
common_voice_gju_42478519.mp3	3168
common_voice_gju_42197179.mp3	2196
common_voice_gju_42529332.mp3	2808
common_voice_gju_42587626.mp3	2088
common_voice_gju_42182747.mp3	2088
common_voice_gju_42560969.mp3	3348
common_voice_gju_42109022.mp3	2988
common_voice_gju_42090366.mp3	4788
common_voice_gju_42106821.mp3	3456
common_voice_gju_42500914.mp3	1836
common_voice_gju_42565380.mp3	2448
common_voice_gju_42601725.mp3	2088
common_voice_gju_42200261.mp3	1368
common_voice_gju_42090003.mp3	2520
common_voice_gju_42102435.mp3	5940
common_voice_gju_42612775.mp3	4356
common_voice_gju_42182794.mp3	2808
common_voice_gju_42587592.mp3	1800
common_voice_gju_42565887.mp3	5220
common_voice_gju_42107318.mp3	6660
common_voice_gju_42612699.mp3	3096
common_voice_gju_42562769.mp3	4356
common_voice_gju_42197930.mp3	2160
common_voice_gju_42112610.mp3	2196
common_voice_gju_42481177.mp3	4500
common_voice_gju_42478707.mp3	2520
common_voice_gju_42613839.mp3	2376
common_voice_gju_42476744.mp3	2340
common_voice_gju_42460774.mp3	4608
common_voice_gju_42478738.mp3	2196
common_voice_gju_42612937.mp3	5868
common_voice_gju_42565484.mp3	3996
common_voice_gju_42112712.mp3	1908
common_voice_gju_42180072.mp3	2448
common_voice_gju_42565212.mp3	3348
common_voice_gju_42613532.mp3	2736
common_voice_gju_42102203.mp3	6336
common_voice_gju_42182737.mp3	4176
common_voice_gju_42601758.mp3	6336
common_voice_gju_42107795.mp3	3816
common_voice_gju_42409367.mp3	4536
common_voice_gju_42090411.mp3	2628
common_voice_gju_42604278.mp3	2556
common_voice_gju_42530013.mp3	1908
common_voice_gju_42089674.mp3	5148
common_voice_gju_42530116.mp3	2880
common_voice_gju_42461245.mp3	2808
common_voice_gju_42089658.mp3	2376
common_voice_gju_42108066.mp3	4536
common_voice_gju_42588282.mp3	2448
common_voice_gju_42613546.mp3	3420
common_voice_gju_42537382.mp3	2736
common_voice_gju_42603830.mp3	1728
common_voice_gju_42478685.mp3	3348
common_voice_gju_42612882.mp3	3348
common_voice_gju_42198106.mp3	4608
common_voice_gju_42476351.mp3	3780
common_voice_gju_42637740.mp3	2088
common_voice_gju_42409757.mp3	4860
common_voice_gju_42188529.mp3	1476
common_voice_gju_42537329.mp3	2016
common_voice_gju_42090936.mp3	3420
common_voice_gju_42107342.mp3	5256
common_voice_gju_42497692.mp3	2376
common_voice_gju_42087517.mp3	2556
common_voice_gju_42562576.mp3	2160
common_voice_gju_42091394.mp3	1800
common_voice_gju_42198495.mp3	1548
common_voice_gju_42462067.mp3	2736
common_voice_gju_42112674.mp3	1908
common_voice_gju_42562930.mp3	1620
common_voice_gju_42087461.mp3	2556
common_voice_gju_42565666.mp3	2556
common_voice_gju_42107936.mp3	4356
common_voice_gju_42500809.mp3	4248
common_voice_gju_42476584.mp3	2160
common_voice_gju_42587484.mp3	2448
common_voice_gju_42588022.mp3	2556
common_voice_gju_42200453.mp3	1260
common_voice_gju_42111515.mp3	1908
common_voice_gju_42561052.mp3	2808
common_voice_gju_42108174.mp3	5436
common_voice_gju_42476601.mp3	2628
common_voice_gju_42587433.mp3	2736
common_voice_gju_42184749.mp3	5256
common_voice_gju_42112594.mp3	2160
common_voice_gju_42500797.mp3	5616
common_voice_gju_42167185.mp3	4968
common_voice_gju_42101971.mp3	2736
common_voice_gju_42107363.mp3	2628
common_voice_gju_42179878.mp3	3888
common_voice_gju_42101342.mp3	3708
common_voice_gju_42109232.mp3	8568
common_voice_gju_42100615.mp3	2376
common_voice_gju_42101219.mp3	7956
common_voice_gju_42587888.mp3	1836
common_voice_gju_42108038.mp3	3168
common_voice_gju_42501228.mp3	4140
common_voice_gju_42601342.mp3	3420
common_voice_gju_42565301.mp3	3240
common_voice_gju_42461574.mp3	1980
common_voice_gju_42588194.mp3	2628
common_voice_gju_42499670.mp3	2016
common_voice_gju_42109273.mp3	3636
common_voice_gju_42637655.mp3	4320
common_voice_gju_42460780.mp3	3096
common_voice_gju_42096423.mp3	2916
common_voice_gju_42478675.mp3	9468
common_voice_gju_42090372.mp3	3348
common_voice_gju_42107392.mp3	2268
common_voice_gju_42601661.mp3	5328
common_voice_gju_42096417.mp3	3096
common_voice_gju_42090855.mp3	3240
common_voice_gju_42622282.mp3	3276
common_voice_gju_42106940.mp3	3960
common_voice_gju_42613744.mp3	2700
common_voice_gju_42563028.mp3	7668
common_voice_gju_42409515.mp3	7596
common_voice_gju_42638034.mp3	3276
common_voice_gju_42612725.mp3	2988
common_voice_gju_42476359.mp3	3060
common_voice_gju_42476337.mp3	4248
common_voice_gju_42587419.mp3	2268
common_voice_gju_42461563.mp3	3708
common_voice_gju_42562581.mp3	2808
common_voice_gju_42106811.mp3	3456
common_voice_gju_42481091.mp3	5148
common_voice_gju_42091041.mp3	2448
common_voice_gju_42167718.mp3	2160
common_voice_gju_42620049.mp3	2700
common_voice_gju_42562823.mp3	8460
common_voice_gju_42197527.mp3	1440
common_voice_gju_42562757.mp3	1656
common_voice_gju_42612987.mp3	2268
common_voice_gju_42087516.mp3	2988
common_voice_gju_42182660.mp3	2016
common_voice_gju_42562908.mp3	1656
common_voice_gju_42107546.mp3	3456
common_voice_gju_42108963.mp3	4068
common_voice_gju_42562653.mp3	6588
common_voice_gju_42529352.mp3	2448
common_voice_gju_42562254.mp3	4428
common_voice_gju_42565775.mp3	2160
common_voice_gju_42167647.mp3	5040
common_voice_gju_42565577.mp3	2376
common_voice_gju_42588179.mp3	1800
common_voice_gju_42530174.mp3	2880
common_voice_gju_42622372.mp3	7056
common_voice_gju_42461257.mp3	2268
common_voice_gju_42409599.mp3	5976
common_voice_gju_42198685.mp3	1980
common_voice_gju_42087608.mp3	2808
common_voice_gju_42167326.mp3	2376
common_voice_gju_42565403.mp3	5508
common_voice_gju_42537271.mp3	5580
common_voice_gju_42087584.mp3	2628
common_voice_gju_42565350.mp3	2196
common_voice_gju_42408853.mp3	2016
common_voice_gju_42200218.mp3	2268
common_voice_gju_42179846.mp3	4176
common_voice_gju_42167612.mp3	2448
common_voice_gju_42180088.mp3	3600
common_voice_gju_42476613.mp3	3240
common_voice_gju_42090484.mp3	3600
common_voice_gju_42565227.mp3	2736
common_voice_gju_42109029.mp3	6048
common_voice_gju_42199233.mp3	2016
common_voice_gju_42108594.mp3	2880
common_voice_gju_42109058.mp3	2268
common_voice_gju_42562274.mp3	2016
common_voice_gju_42588041.mp3	5076
common_voice_gju_42091439.mp3	3816
common_voice_gju_42109247.mp3	2520
common_voice_gju_42588069.mp3	4248
common_voice_gju_42087441.mp3	7128
common_voice_gju_42101080.mp3	6588
common_voice_gju_42587360.mp3	2016
common_voice_gju_42199302.mp3	1656
common_voice_gju_42529211.mp3	2736
common_voice_gju_42587509.mp3	1800
common_voice_gju_42460820.mp3	2520
common_voice_gju_42613844.mp3	3960
common_voice_gju_42501051.mp3	2376
common_voice_gju_42603872.mp3	7200
common_voice_gju_42199906.mp3	1980
common_voice_gju_42565640.mp3	2088
common_voice_gju_42638006.mp3	3420
common_voice_gju_42562440.mp3	2340
common_voice_gju_42588249.mp3	1800
common_voice_gju_42565643.mp3	2448
common_voice_gju_42121452.mp3	3420
common_voice_gju_42604320.mp3	4428
common_voice_gju_42109320.mp3	3780
common_voice_gju_42182726.mp3	3348
common_voice_gju_42197123.mp3	1908
common_voice_gju_42102717.mp3	2628
common_voice_gju_42198021.mp3	3168
common_voice_gju_42108582.mp3	4608
common_voice_gju_42198004.mp3	2520
common_voice_gju_42100654.mp3	2988
common_voice_gju_42603960.mp3	2448
common_voice_gju_42529603.mp3	1836
common_voice_gju_42198360.mp3	2628
common_voice_gju_42107316.mp3	2340
common_voice_gju_42100229.mp3	2808
common_voice_gju_42587722.mp3	2016
common_voice_gju_42565271.mp3	2628
common_voice_gju_42080123.mp3	3060
common_voice_gju_42198675.mp3	2160
common_voice_gju_42587392.mp3	4140
common_voice_gju_42107103.mp3	4716
common_voice_gju_42529759.mp3	3096
common_voice_gju_42109370.mp3	2520
common_voice_gju_42107668.mp3	4068
common_voice_gju_42476573.mp3	3348
common_voice_gju_42089738.mp3	3996
common_voice_gju_42587415.mp3	2340
common_voice_gju_42587576.mp3	2988
common_voice_gju_42637685.mp3	4140
common_voice_gju_42195474.mp3	1548
common_voice_gju_42622277.mp3	3060
common_voice_gju_42090665.mp3	10008
common_voice_gju_42601584.mp3	2988
common_voice_gju_42594948.mp3	5580
common_voice_gju_42461981.mp3	1836
common_voice_gju_42137508.mp3	5580
common_voice_gju_42587824.mp3	1656
common_voice_gju_42108769.mp3	2628
common_voice_gju_42565452.mp3	3060
common_voice_gju_42099701.mp3	2700
common_voice_gju_42594923.mp3	2700
common_voice_gju_42121871.mp3	2916
common_voice_gju_42188401.mp3	2268
common_voice_gju_42565319.mp3	2196
common_voice_gju_42109270.mp3	1980
common_voice_gju_42530060.mp3	1980
common_voice_gju_42108724.mp3	2808
common_voice_gju_42565793.mp3	5580
common_voice_gju_42603940.mp3	3276
common_voice_gju_42090528.mp3	2736
common_voice_gju_42562795.mp3	2448
common_voice_gju_42111167.mp3	2628
common_voice_gju_42184794.mp3	2196
common_voice_gju_42502539.mp3	5076
common_voice_gju_42476781.mp3	2700
common_voice_gju_42500970.mp3	1980
common_voice_gju_42409532.mp3	2520
common_voice_gju_42101209.mp3	4860
common_voice_gju_42101655.mp3	2556
common_voice_gju_42091361.mp3	2376
common_voice_gju_42604239.mp3	2448
common_voice_gju_42107139.mp3	3168
common_voice_gju_42109388.mp3	2340
common_voice_gju_42409295.mp3	3996
common_voice_gju_42601383.mp3	2376
common_voice_gju_42562311.mp3	2016
common_voice_gju_42106505.mp3	4716
common_voice_gju_42112574.mp3	1620
common_voice_gju_42604114.mp3	3996
common_voice_gju_42476437.mp3	3096
common_voice_gju_42101259.mp3	4428
common_voice_gju_42612816.mp3	3096
common_voice_gju_42089667.mp3	4608
common_voice_gju_42460794.mp3	2988
common_voice_gju_42409002.mp3	2160
common_voice_gju_42588122.mp3	2556
common_voice_gju_42121473.mp3	3276
common_voice_gju_42109191.mp3	1800
common_voice_gju_42109384.mp3	2160
common_voice_gju_42562925.mp3	5220
common_voice_gju_42588052.mp3	1728
common_voice_gju_42184706.mp3	2196
common_voice_gju_42112283.mp3	4140
common_voice_gju_42562515.mp3	2340
common_voice_gju_42197949.mp3	1836
common_voice_gju_42091149.mp3	3240
common_voice_gju_42619942.mp3	3708
common_voice_gju_42112253.mp3	2916
common_voice_gju_42100688.mp3	1800
common_voice_gju_42476445.mp3	5616
common_voice_gju_42106771.mp3	2916
common_voice_gju_42107307.mp3	3060
common_voice_gju_42087470.mp3	2916
common_voice_gju_42080111.mp3	2088
common_voice_gju_42108206.mp3	2556
common_voice_gju_42112550.mp3	7380
common_voice_gju_42137099.mp3	1476
common_voice_gju_42109355.mp3	2736
common_voice_gju_42612737.mp3	7236
common_voice_gju_42562413.mp3	3168
common_voice_gju_42102795.mp3	3168
common_voice_gju_42588105.mp3	2268
common_voice_gju_42408904.mp3	2448
common_voice_gju_42179909.mp3	2160
common_voice_gju_42565285.mp3	3456
common_voice_gju_42199822.mp3	1908
common_voice_gju_42461642.mp3	5940
common_voice_gju_42462055.mp3	2376
common_voice_gju_42199837.mp3	1440
common_voice_gju_42587336.mp3	4356
common_voice_gju_42612746.mp3	3960
common_voice_gju_42100701.mp3	3276
common_voice_gju_42481122.mp3	5220
common_voice_gju_42188696.mp3	2988
common_voice_gju_42613900.mp3	2160
common_voice_gju_42529356.mp3	1980
common_voice_gju_42188405.mp3	5796
common_voice_gju_42197191.mp3	1656
common_voice_gju_42476592.mp3	1728
common_voice_gju_42587578.mp3	1728
common_voice_gju_42184647.mp3	6768
common_voice_gju_42462077.mp3	4248
common_voice_gju_42197346.mp3	1980
common_voice_gju_42091395.mp3	5436
common_voice_gju_42529729.mp3	2196
common_voice_gju_42182658.mp3	2016
common_voice_gju_42112330.mp3	2016
common_voice_gju_42199139.mp3	1368
common_voice_gju_42102997.mp3	2700
common_voice_gju_42587313.mp3	2916
common_voice_gju_42604362.mp3	2700
common_voice_gju_42601511.mp3	1980
common_voice_gju_42613530.mp3	5508
common_voice_gju_42089978.mp3	3600
common_voice_gju_42529664.mp3	3060
common_voice_gju_42100526.mp3	3600
common_voice_gju_42087422.mp3	2808
common_voice_gju_42587348.mp3	1980
common_voice_gju_42562478.mp3	2268
common_voice_gju_42637624.mp3	2808
common_voice_gju_42090433.mp3	5256
common_voice_gju_42107164.mp3	3816
common_voice_gju_42180026.mp3	3420
common_voice_gju_42613486.mp3	2916
common_voice_gju_42409035.mp3	2448
common_voice_gju_42588100.mp3	2196
common_voice_gju_42612804.mp3	2988
common_voice_gju_42198352.mp3	2160
common_voice_gju_42409602.mp3	3276
common_voice_gju_42478719.mp3	3420
common_voice_gju_42101340.mp3	2916
common_voice_gju_42588152.mp3	2196
common_voice_gju_42587453.mp3	3600
common_voice_gju_42612755.mp3	4140
common_voice_gju_42565397.mp3	7128
common_voice_gju_42601705.mp3	2268
common_voice_gju_42167237.mp3	4608
common_voice_gju_42409740.mp3	1908
common_voice_gju_42090513.mp3	3348
common_voice_gju_42184245.mp3	1800
common_voice_gju_42638040.mp3	4608
common_voice_gju_42461596.mp3	2808
common_voice_gju_42199631.mp3	2628
common_voice_gju_42529593.mp3	1836
common_voice_gju_42565788.mp3	6408
common_voice_gju_42200319.mp3	1548
common_voice_gju_42108111.mp3	5400
common_voice_gju_42099702.mp3	3528
common_voice_gju_42107628.mp3	3348
common_voice_gju_42200183.mp3	1440
common_voice_gju_42111314.mp3	2376
common_voice_gju_42502581.mp3	3816
common_voice_gju_42529860.mp3	2520
common_voice_gju_42108576.mp3	1836
common_voice_gju_42106973.mp3	6300
common_voice_gju_42100800.mp3	1800
common_voice_gju_42199189.mp3	1476
common_voice_gju_42107259.mp3	3708
common_voice_gju_42529836.mp3	3636
common_voice_gju_42107224.mp3	4860
common_voice_gju_42197209.mp3	1188
common_voice_gju_42537307.mp3	3528
common_voice_gju_42562637.mp3	2196
common_voice_gju_42481157.mp3	2916
common_voice_gju_42601333.mp3	6768
common_voice_gju_42565373.mp3	3276
common_voice_gju_42565531.mp3	2196
common_voice_gju_42100870.mp3	5688
common_voice_gju_42101222.mp3	5580
common_voice_gju_42091427.mp3	2016
common_voice_gju_42481127.mp3	2268
common_voice_gju_42107926.mp3	2628
common_voice_gju_42613438.mp3	2268
common_voice_gju_42089873.mp3	2808
common_voice_gju_42111452.mp3	1800
common_voice_gju_42102774.mp3	3996
common_voice_gju_42529249.mp3	1908
common_voice_gju_42501107.mp3	2916
common_voice_gju_42601751.mp3	3600
common_voice_gju_42107454.mp3	1836
common_voice_gju_42478538.mp3	2520
common_voice_gju_42167597.mp3	4356
common_voice_gju_42121425.mp3	2556
common_voice_gju_42563189.mp3	2088
common_voice_gju_42562729.mp3	1980
common_voice_gju_42182728.mp3	2736
common_voice_gju_42109189.mp3	4428
common_voice_gju_42613651.mp3	6300
common_voice_gju_42179754.mp3	7488
common_voice_gju_42530016.mp3	2628
common_voice_gju_42594939.mp3	2880
common_voice_gju_42107052.mp3	3780
common_voice_gju_42562644.mp3	7020
common_voice_gju_42604466.mp3	3600
common_voice_gju_42106646.mp3	3708
common_voice_gju_42587339.mp3	4140
common_voice_gju_42197530.mp3	1728
common_voice_gju_42638071.mp3	2016
common_voice_gju_42198375.mp3	2808
common_voice_gju_42478596.mp3	2448
common_voice_gju_42090858.mp3	1980
common_voice_gju_42620028.mp3	2088
common_voice_gju_42137259.mp3	4680
common_voice_gju_42198658.mp3	2628
common_voice_gju_42091422.mp3	3816
common_voice_gju_42197904.mp3	2520
common_voice_gju_42091274.mp3	3780
common_voice_gju_42603927.mp3	2268
common_voice_gju_42563038.mp3	1800
common_voice_gju_42478563.mp3	1836
common_voice_gju_42563054.mp3	2196
common_voice_gju_42588079.mp3	2700
common_voice_gju_42198579.mp3	1836
common_voice_gju_42122018.mp3	1620
common_voice_gju_42107702.mp3	1908
common_voice_gju_42603849.mp3	4248
common_voice_gju_42478722.mp3	3996
common_voice_gju_42587641.mp3	2376
common_voice_gju_42500719.mp3	3348
common_voice_gju_42109455.mp3	1836
common_voice_gju_42099682.mp3	4896
common_voice_gju_42476610.mp3	4500
common_voice_gju_42111326.mp3	2376
common_voice_gju_42188676.mp3	1116
common_voice_gju_42565727.mp3	3240
common_voice_gju_42476542.mp3	4068
common_voice_gju_42102631.mp3	3816
common_voice_gju_42565647.mp3	2088
common_voice_gju_42476380.mp3	4140
common_voice_gju_42637940.mp3	2556
common_voice_gju_42087505.mp3	3168
common_voice_gju_42111230.mp3	2088
common_voice_gju_42613564.mp3	1836
common_voice_gju_42476439.mp3	1980
common_voice_gju_42090621.mp3	1980
common_voice_gju_42587835.mp3	4068
common_voice_gju_42588229.mp3	7380
common_voice_gju_42107462.mp3	7056
common_voice_gju_42108091.mp3	8496
common_voice_gju_42587910.mp3	1980
common_voice_gju_42613899.mp3	2520
common_voice_gju_42121446.mp3	4680
common_voice_gju_42408907.mp3	3060
common_voice_gju_42107729.mp3	2916
common_voice_gju_42409054.mp3	3240
common_voice_gju_42195276.mp3	1368
common_voice_gju_42083769.mp3	3060
common_voice_gju_42200426.mp3	1980
common_voice_gju_42108203.mp3	2556
common_voice_gju_42565218.mp3	2808
common_voice_gju_42197402.mp3	2916
common_voice_gju_42188227.mp3	1476
common_voice_gju_42562267.mp3	3888
common_voice_gju_42100347.mp3	2916
common_voice_gju_42122022.mp3	2736
common_voice_gju_42089884.mp3	2448
common_voice_gju_42100919.mp3	2700
common_voice_gju_42587374.mp3	2808
common_voice_gju_42587852.mp3	3816
common_voice_gju_42199950.mp3	2196
common_voice_gju_42562296.mp3	2880
common_voice_gju_42562867.mp3	4356
common_voice_gju_42601616.mp3	2088
common_voice_gju_42112732.mp3	2520
common_voice_gju_42101440.mp3	4788
common_voice_gju_42184182.mp3	4140
common_voice_gju_42476664.mp3	4608
common_voice_gju_42476615.mp3	2556
common_voice_gju_42167325.mp3	4536
common_voice_gju_42100671.mp3	1980
common_voice_gju_42091213.mp3	2160
common_voice_gju_42622247.mp3	3816
common_voice_gju_42562438.mp3	2988
common_voice_gju_42102862.mp3	1800
common_voice_gju_42121445.mp3	3996
common_voice_gju_42604424.mp3	2340
common_voice_gju_42090656.mp3	1980
common_voice_gju_42587326.mp3	3168
common_voice_gju_42180008.mp3	3528
common_voice_gju_42089717.mp3	1836
common_voice_gju_42100303.mp3	2520
common_voice_gju_42108105.mp3	2628
common_voice_gju_42199132.mp3	4140
common_voice_gju_42612940.mp3	3780
common_voice_gju_42460762.mp3	2988
common_voice_gju_42637701.mp3	2808
common_voice_gju_42565771.mp3	7668
common_voice_gju_42562456.mp3	2196
common_voice_gju_42619797.mp3	4536
common_voice_gju_42188434.mp3	2268
common_voice_gju_42565845.mp3	3276
common_voice_gju_42478731.mp3	4068
common_voice_gju_42612701.mp3	4176
common_voice_gju_42112461.mp3	2736
common_voice_gju_42409297.mp3	2340
common_voice_gju_42199521.mp3	1548
common_voice_gju_42198334.mp3	1836
common_voice_gju_42529812.mp3	2448
common_voice_gju_42613698.mp3	5508
common_voice_gju_42612835.mp3	5688
common_voice_gju_42476312.mp3	2736
common_voice_gju_42198109.mp3	1836
common_voice_gju_42195421.mp3	2700
common_voice_gju_42562092.mp3	4968
common_voice_gju_42091263.mp3	3240
common_voice_gju_42188136.mp3	2808
common_voice_gju_42562099.mp3	3888
common_voice_gju_42199420.mp3	1368
common_voice_gju_42112026.mp3	4068
common_voice_gju_42199489.mp3	2520
common_voice_gju_42199681.mp3	1980
common_voice_gju_42461503.mp3	5508
common_voice_gju_42199197.mp3	1836
common_voice_gju_42476617.mp3	2196
common_voice_gju_42613537.mp3	2520
common_voice_gju_42565456.mp3	2268
common_voice_gju_42638041.mp3	4068
common_voice_gju_42180111.mp3	2088
common_voice_gju_42529334.mp3	3996
common_voice_gju_42619940.mp3	3600
common_voice_gju_42102527.mp3	2088
common_voice_gju_42199713.mp3	1908
common_voice_gju_42106672.mp3	4248
common_voice_gju_42594983.mp3	4716
common_voice_gju_42613606.mp3	1728
common_voice_gju_42137529.mp3	2700
common_voice_gju_42087629.mp3	4428
common_voice_gju_42619881.mp3	2520
common_voice_gju_42108128.mp3	4428
common_voice_gju_42562481.mp3	7308
common_voice_gju_42102716.mp3	3636
common_voice_gju_42409519.mp3	3600
common_voice_gju_42562162.mp3	3888
common_voice_gju_42565888.mp3	2520
common_voice_gju_42481160.mp3	2700
common_voice_gju_42080087.mp3	2376
common_voice_gju_42112439.mp3	3060
common_voice_gju_42562776.mp3	3456
common_voice_gju_42167552.mp3	5868
common_voice_gju_42087542.mp3	2088
common_voice_gju_42198674.mp3	3096
common_voice_gju_42562466.mp3	3420
common_voice_gju_42102452.mp3	4356
common_voice_gju_42460801.mp3	2088
common_voice_gju_42197927.mp3	1620
common_voice_gju_42087561.mp3	2088
common_voice_gju_42588033.mp3	2340
common_voice_gju_42111476.mp3	2448
common_voice_gju_42100893.mp3	2016
common_voice_gju_42613778.mp3	4248
common_voice_gju_42461243.mp3	2880
common_voice_gju_42588220.mp3	2340
common_voice_gju_42199525.mp3	2880
common_voice_gju_42091431.mp3	2556
common_voice_gju_42100627.mp3	5436
common_voice_gju_42638064.mp3	2196
common_voice_gju_42537299.mp3	3348
common_voice_gju_42620060.mp3	3780
common_voice_gju_42199416.mp3	3456
common_voice_gju_42562097.mp3	5220
common_voice_gju_42100896.mp3	2988
common_voice_gju_42102110.mp3	2808
common_voice_gju_42109301.mp3	2160
common_voice_gju_42637871.mp3	2088
common_voice_gju_42460872.mp3	3240
common_voice_gju_42184661.mp3	1656
common_voice_gju_42562160.mp3	3348
common_voice_gju_42112278.mp3	3168
common_voice_gju_42502482.mp3	3168
common_voice_gju_42107638.mp3	3600
common_voice_gju_42108768.mp3	4248
common_voice_gju_42603848.mp3	5868
common_voice_gju_42409603.mp3	2628
common_voice_gju_42108520.mp3	2736
common_voice_gju_42101964.mp3	3420
common_voice_gju_42184670.mp3	2736
common_voice_gju_42500873.mp3	2376
common_voice_gju_42199451.mp3	2376
common_voice_gju_42460761.mp3	7056
common_voice_gju_42102067.mp3	4140
common_voice_gju_42622389.mp3	10008
common_voice_gju_42481069.mp3	3168
common_voice_gju_42184942.mp3	2916
common_voice_gju_42637845.mp3	4248
common_voice_gju_42108577.mp3	1728
common_voice_gju_42188238.mp3	1728
common_voice_gju_42199569.mp3	1476
common_voice_gju_42587674.mp3	2196
common_voice_gju_42409553.mp3	4716
common_voice_gju_42091040.mp3	2088
common_voice_gju_42587572.mp3	1728
common_voice_gju_42089632.mp3	3456
common_voice_gju_42199188.mp3	2088
common_voice_gju_42091453.mp3	3060
common_voice_gju_42613550.mp3	4140
common_voice_gju_42109265.mp3	1980
common_voice_gju_42502537.mp3	3240
common_voice_gju_42409407.mp3	2160
common_voice_gju_42476346.mp3	5076
common_voice_gju_42460817.mp3	2628
common_voice_gju_42197973.mp3	2628
common_voice_gju_42478631.mp3	1980
common_voice_gju_42099909.mp3	3708
common_voice_gju_42090545.mp3	2916
common_voice_gju_42101341.mp3	2700
common_voice_gju_42478518.mp3	5220
common_voice_gju_42121440.mp3	8208
common_voice_gju_42197963.mp3	1836
common_voice_gju_42588112.mp3	1656
common_voice_gju_42182691.mp3	1980
common_voice_gju_42200032.mp3	1656
common_voice_gju_42565265.mp3	4356
common_voice_gju_42601550.mp3	5436
common_voice_gju_42091004.mp3	3276
common_voice_gju_42089672.mp3	3528
common_voice_gju_42409571.mp3	3888
common_voice_gju_42500845.mp3	2196
common_voice_gju_42108752.mp3	3420
common_voice_gju_42562703.mp3	1800
common_voice_gju_42601726.mp3	3060
common_voice_gju_42198397.mp3	1908
common_voice_gju_42529083.mp3	4248
common_voice_gju_42530129.mp3	1980
common_voice_gju_42200390.mp3	3168
common_voice_gju_42179702.mp3	4320
common_voice_gju_42619824.mp3	5868
common_voice_gju_42601765.mp3	2376
common_voice_gju_42565270.mp3	4068
common_voice_gju_42200103.mp3	1368
common_voice_gju_42179868.mp3	2340
common_voice_gju_42107228.mp3	1836
common_voice_gju_42499612.mp3	4608
common_voice_gju_42090377.mp3	2448
common_voice_gju_42107258.mp3	3816
common_voice_gju_42091307.mp3	2736
common_voice_gju_42588280.mp3	2268
common_voice_gju_42100824.mp3	5796
common_voice_gju_42199232.mp3	2088
common_voice_gju_42102536.mp3	5220
common_voice_gju_42108516.mp3	4068
common_voice_gju_42478555.mp3	2556
common_voice_gju_42167573.mp3	3276
common_voice_gju_42561057.mp3	2448
common_voice_gju_42087504.mp3	3060
common_voice_gju_42529944.mp3	3420
common_voice_gju_42197261.mp3	2880
common_voice_gju_42107864.mp3	1800
common_voice_gju_42587855.mp3	3168
common_voice_gju_42200067.mp3	3276
common_voice_gju_42563120.mp3	2448
common_voice_gju_42587685.mp3	1836
common_voice_gju_42537279.mp3	3636
common_voice_gju_42107905.mp3	2088
common_voice_gju_42101166.mp3	3240
common_voice_gju_42562926.mp3	3996
common_voice_gju_42108070.mp3	2700
common_voice_gju_42112590.mp3	2736
common_voice_gju_42102262.mp3	4320
common_voice_gju_42562499.mp3	4248
common_voice_gju_42167508.mp3	2088
common_voice_gju_42638021.mp3	2376
common_voice_gju_42604160.mp3	2160
common_voice_gju_42587589.mp3	2016
common_voice_gju_42562445.mp3	3420
common_voice_gju_42179882.mp3	3240
common_voice_gju_42108513.mp3	2196
common_voice_gju_42587422.mp3	2340
common_voice_gju_42637781.mp3	2700
common_voice_gju_42562263.mp3	4320
common_voice_gju_42613674.mp3	1728
common_voice_gju_42409517.mp3	3276
common_voice_gju_42587619.mp3	1800
common_voice_gju_42565680.mp3	2808
common_voice_gju_42565433.mp3	2088
common_voice_gju_42561049.mp3	2628
common_voice_gju_42587503.mp3	2340
common_voice_gju_42638042.mp3	1800
common_voice_gju_42612927.mp3	3888
common_voice_gju_42500960.mp3	2088
common_voice_gju_42108570.mp3	2376
common_voice_gju_42562142.mp3	5040
common_voice_gju_42478765.mp3	2376
common_voice_gju_42478681.mp3	3240
common_voice_gju_42502542.mp3	3348
common_voice_gju_42637995.mp3	2988
common_voice_gju_42587688.mp3	1728
common_voice_gju_42198121.mp3	3348
common_voice_gju_42502541.mp3	3816
common_voice_gju_42102146.mp3	2700
common_voice_gju_42587458.mp3	2340
common_voice_gju_42612786.mp3	3456
common_voice_gju_42107070.mp3	2556
common_voice_gju_42476311.mp3	5616
common_voice_gju_42587700.mp3	2196
common_voice_gju_42502543.mp3	5796
common_voice_gju_42476585.mp3	3780
common_voice_gju_42587320.mp3	2556
common_voice_gju_42565477.mp3	1836
common_voice_gju_42502546.mp3	4356
common_voice_gju_42096598.mp3	4608
common_voice_gju_42121488.mp3	9756
common_voice_gju_42500819.mp3	1800
common_voice_gju_42587521.mp3	2628
common_voice_gju_42613801.mp3	1620
common_voice_gju_42107364.mp3	1800
common_voice_gju_42102044.mp3	3456
common_voice_gju_42612875.mp3	3456
common_voice_gju_42108142.mp3	2088
common_voice_gju_42637707.mp3	3276
common_voice_gju_42108609.mp3	4140
common_voice_gju_42196221.mp3	2160
common_voice_gju_42111141.mp3	4536
common_voice_gju_42107906.mp3	1728
common_voice_gju_42603862.mp3	3528
common_voice_gju_42182641.mp3	3600
common_voice_gju_42180113.mp3	3060
common_voice_gju_42091282.mp3	3456
common_voice_gju_42167572.mp3	5760
common_voice_gju_42107937.mp3	4968
common_voice_gju_42089565.mp3	2700
common_voice_gju_42108595.mp3	2016
common_voice_gju_42108597.mp3	3600
common_voice_gju_42565731.mp3	5040
common_voice_gju_42109074.mp3	3420
common_voice_gju_42562735.mp3	4356
common_voice_gju_42461995.mp3	2988
common_voice_gju_42588192.mp3	2628
common_voice_gju_42100321.mp3	2088
common_voice_gju_42501047.mp3	7416
common_voice_gju_42565554.mp3	2556
common_voice_gju_42108059.mp3	1980
common_voice_gju_42199705.mp3	2916
common_voice_gju_42102049.mp3	2268
common_voice_gju_42112365.mp3	1980
common_voice_gju_42622242.mp3	1980
common_voice_gju_42121925.mp3	1800
common_voice_gju_42476374.mp3	2700
common_voice_gju_42091293.mp3	2196
common_voice_gju_42107380.mp3	6048
common_voice_gju_42530088.mp3	1980
common_voice_gju_42409641.mp3	2736
common_voice_gju_42198163.mp3	1800
common_voice_gju_42637788.mp3	5976
common_voice_gju_42613467.mp3	4248
common_voice_gju_42587469.mp3	3060
common_voice_gju_42613688.mp3	2556
common_voice_gju_42637738.mp3	3528
common_voice_gju_42195862.mp3	3096
common_voice_gju_42562077.mp3	4896
common_voice_gju_42537364.mp3	2088
common_voice_gju_42587365.mp3	5976
common_voice_gju_42107580.mp3	6516
common_voice_gju_42613655.mp3	9108
common_voice_gju_42612949.mp3	2628
common_voice_gju_42637565.mp3	4068
common_voice_gju_42107362.mp3	2448
common_voice_gju_42604226.mp3	1548
common_voice_gju_42107591.mp3	4536
common_voice_gju_42112638.mp3	6408
common_voice_gju_42111250.mp3	3276
common_voice_gju_42612842.mp3	5688
common_voice_gju_42180090.mp3	4176
common_voice_gju_42107330.mp3	2880
common_voice_gju_42565457.mp3	2088
common_voice_gju_42462120.mp3	5688
common_voice_gju_42096635.mp3	4248
common_voice_gju_42601394.mp3	4536
common_voice_gju_42476307.mp3	6516
common_voice_gju_42100454.mp3	4896
common_voice_gju_42612686.mp3	3636
common_voice_gju_42565846.mp3	2340
common_voice_gju_42501000.mp3	3636
common_voice_gju_42089983.mp3	3348
common_voice_gju_42408837.mp3	2520
common_voice_gju_42196035.mp3	2340
common_voice_gju_42476780.mp3	2628
common_voice_gju_42461663.mp3	3636
common_voice_gju_42637590.mp3	2268
common_voice_gju_42478586.mp3	4356
common_voice_gju_42587712.mp3	1728
common_voice_gju_42409717.mp3	2448
common_voice_gju_42107355.mp3	2376
common_voice_gju_42182773.mp3	2016
common_voice_gju_42091126.mp3	2340
common_voice_gju_42529247.mp3	1836
common_voice_gju_42587278.mp3	5076
common_voice_gju_42587425.mp3	2700
common_voice_gju_42622217.mp3	2736
common_voice_gju_42196051.mp3	3096
common_voice_gju_42188229.mp3	3276
common_voice_gju_42108939.mp3	3456
common_voice_gju_42529604.mp3	2088
common_voice_gju_42601582.mp3	1980
common_voice_gju_42500817.mp3	2916
common_voice_gju_42137410.mp3	4068
common_voice_gju_42563263.mp3	2196
common_voice_gju_42200171.mp3	3780
common_voice_gju_42106497.mp3	5148
common_voice_gju_42197088.mp3	2268
common_voice_gju_42612753.mp3	3168
common_voice_gju_42197368.mp3	2628
common_voice_gju_42200045.mp3	1980
common_voice_gju_42199835.mp3	3456
common_voice_gju_42409703.mp3	4716
common_voice_gju_42461996.mp3	1656
common_voice_gju_42613841.mp3	2376
common_voice_gju_42101207.mp3	6840
common_voice_gju_42476632.mp3	2376
common_voice_gju_42111895.mp3	5760
common_voice_gju_42604156.mp3	3816
common_voice_gju_42087410.mp3	3420
common_voice_gju_42478727.mp3	4248
common_voice_gju_42091264.mp3	1980
common_voice_gju_42200033.mp3	1620
common_voice_gju_42499654.mp3	3816
common_voice_gju_42612717.mp3	4248
common_voice_gju_42619811.mp3	7056
common_voice_gju_42460787.mp3	4428
common_voice_gju_42637759.mp3	2376
common_voice_gju_42100272.mp3	3816
common_voice_gju_42476795.mp3	2088
common_voice_gju_42502503.mp3	3996
common_voice_gju_42587594.mp3	4680
common_voice_gju_42476778.mp3	3600
common_voice_gju_42101526.mp3	1836
common_voice_gju_42408924.mp3	1620
common_voice_gju_42612680.mp3	4716
common_voice_gju_42612896.mp3	7308
common_voice_gju_42108569.mp3	1908
common_voice_gju_42620068.mp3	2736
common_voice_gju_42167510.mp3	3456
common_voice_gju_42601641.mp3	2340
common_voice_gju_42604257.mp3	2088
common_voice_gju_42588231.mp3	2628
common_voice_gju_42108556.mp3	1656
common_voice_gju_42107935.mp3	1980
common_voice_gju_42108622.mp3	2340
common_voice_gju_42109331.mp3	1908
common_voice_gju_42565515.mp3	4248
common_voice_gju_42079944.mp3	1620
common_voice_gju_42108514.mp3	1908
common_voice_gju_42562405.mp3	2808
common_voice_gju_42109131.mp3	2520
common_voice_gju_42112632.mp3	2376
common_voice_gju_42409225.mp3	3636
common_voice_gju_42112568.mp3	4176
common_voice_gju_42612709.mp3	3816
common_voice_gju_42107925.mp3	2448
common_voice_gju_42184299.mp3	1440
common_voice_gju_42565375.mp3	2808
common_voice_gju_42562284.mp3	2700
common_voice_gju_42102743.mp3	4788
common_voice_gju_42112252.mp3	3528
common_voice_gju_42103097.mp3	4896
common_voice_gju_42195275.mp3	1368
common_voice_gju_42587588.mp3	2160
common_voice_gju_42603787.mp3	2016
common_voice_gju_42529232.mp3	3996
common_voice_gju_42091421.mp3	4680
common_voice_gju_42462006.mp3	2088
common_voice_gju_42100882.mp3	2880
common_voice_gju_42622287.mp3	2340
common_voice_gju_42562486.mp3	2088
common_voice_gju_42198371.mp3	1260
common_voice_gju_42587302.mp3	2016
common_voice_gju_42501196.mp3	2628
common_voice_gju_42588063.mp3	2880
common_voice_gju_42184211.mp3	6660
common_voice_gju_42109393.mp3	1980
common_voice_gju_42409787.mp3	3600
common_voice_gju_42409363.mp3	1836
common_voice_gju_42087585.mp3	3780
common_voice_gju_42587663.mp3	2196
common_voice_gju_42594979.mp3	3168
common_voice_gju_42476782.mp3	2556
common_voice_gju_42102811.mp3	3780
common_voice_gju_42613714.mp3	2520
common_voice_gju_42587647.mp3	2520
common_voice_gju_42409217.mp3	2376
common_voice_gju_42530029.mp3	3960
common_voice_gju_42087652.mp3	4176
common_voice_gju_42197938.mp3	1548
common_voice_gju_42604164.mp3	2268
common_voice_gju_42601374.mp3	8676
common_voice_gju_42167759.mp3	2016
common_voice_gju_42102012.mp3	3240
common_voice_gju_42587968.mp3	1656
common_voice_gju_42107106.mp3	5400
common_voice_gju_42594907.mp3	3888
common_voice_gju_42107946.mp3	2736
common_voice_gju_42565327.mp3	3996
common_voice_gju_42502536.mp3	2916
common_voice_gju_42109468.mp3	2700
common_voice_gju_42462059.mp3	3348
common_voice_gju_42481138.mp3	5040
common_voice_gju_42409259.mp3	5508
common_voice_gju_42199506.mp3	1836
common_voice_gju_42108144.mp3	4068
common_voice_gju_42587352.mp3	2916
common_voice_gju_42199920.mp3	1836
common_voice_gju_42500979.mp3	3096
common_voice_gju_42102768.mp3	2700
common_voice_gju_42101165.mp3	6588
common_voice_gju_42200309.mp3	1728
common_voice_gju_42613472.mp3	5400
common_voice_gju_42112363.mp3	4608
common_voice_gju_42476504.mp3	2340
common_voice_gju_42109342.mp3	4536
common_voice_gju_42107649.mp3	5076
common_voice_gju_42100722.mp3	2808
common_voice_gju_42137468.mp3	5580
common_voice_gju_42587606.mp3	3096
common_voice_gju_42196007.mp3	3240
common_voice_gju_42179698.mp3	3996
common_voice_gju_42476342.mp3	5400
common_voice_gju_42478559.mp3	5256
common_voice_gju_42612836.mp3	3528
common_voice_gju_42562903.mp3	2448
common_voice_gju_42565877.mp3	1800
common_voice_gju_42107501.mp3	4896
common_voice_gju_42537283.mp3	4320
common_voice_gju_42090544.mp3	2448
common_voice_gju_42106824.mp3	3888
common_voice_gju_42561056.mp3	4500
common_voice_gju_42529393.mp3	2556
common_voice_gju_42461636.mp3	7236
common_voice_gju_42188631.mp3	2088
common_voice_gju_42187146.mp3	2016
common_voice_gju_42588171.mp3	1980
common_voice_gju_42530201.mp3	2340
common_voice_gju_42461520.mp3	2160
common_voice_gju_42637921.mp3	2700
common_voice_gju_42187289.mp3	3888
common_voice_gju_42091262.mp3	5508
common_voice_gju_42109192.mp3	2556
common_voice_gju_42090533.mp3	3456
common_voice_gju_42603861.mp3	2088
common_voice_gju_42612887.mp3	3600
common_voice_gju_42478572.mp3	1908
common_voice_gju_42565873.mp3	2880
common_voice_gju_42561041.mp3	2196
common_voice_gju_42107068.mp3	3060
common_voice_gju_42111231.mp3	2340
common_voice_gju_42603956.mp3	2196
common_voice_gju_42184213.mp3	2340
common_voice_gju_42565208.mp3	4860
common_voice_gju_42195436.mp3	2520
common_voice_gju_42102634.mp3	2988
common_voice_gju_42107475.mp3	2088
common_voice_gju_42167520.mp3	2196
common_voice_gju_42108154.mp3	3420
common_voice_gju_42562398.mp3	2268
common_voice_gju_42537396.mp3	2448
common_voice_gju_42565746.mp3	3168
common_voice_gju_42102488.mp3	2808
common_voice_gju_42587753.mp3	3348
common_voice_gju_42619809.mp3	2628
common_voice_gju_42499608.mp3	4176
common_voice_gju_42588261.mp3	4176
common_voice_gju_42112508.mp3	2376
common_voice_gju_42200065.mp3	6588
common_voice_gju_42102813.mp3	2736
common_voice_gju_42090854.mp3	3816
common_voice_gju_42587479.mp3	4140
common_voice_gju_42460834.mp3	3708
common_voice_gju_42529384.mp3	3240
common_voice_gju_42090717.mp3	4140
common_voice_gju_42107506.mp3	1800
common_voice_gju_42601776.mp3	2520
common_voice_gju_42604064.mp3	3276
common_voice_gju_42612735.mp3	5256
common_voice_gju_42565911.mp3	1800
common_voice_gju_42188362.mp3	1476
common_voice_gju_42562877.mp3	4788
common_voice_gju_42199465.mp3	2268
common_voice_gju_42108161.mp3	1836
common_voice_gju_42587306.mp3	1908
common_voice_gju_42107325.mp3	3816
common_voice_gju_42409366.mp3	3060
common_voice_gju_42199616.mp3	2376
common_voice_gju_42462015.mp3	3168
common_voice_gju_42409518.mp3	3528
common_voice_gju_42409643.mp3	3060
common_voice_gju_42101921.mp3	2988
common_voice_gju_42089624.mp3	3996
common_voice_gju_42604162.mp3	3168
common_voice_gju_42101885.mp3	2736
common_voice_gju_42476818.mp3	3888
common_voice_gju_42561054.mp3	2520
common_voice_gju_42462098.mp3	1980
common_voice_gju_42099681.mp3	4536
common_voice_gju_42107393.mp3	4176
common_voice_gju_42619939.mp3	5076
common_voice_gju_42613653.mp3	2448
common_voice_gju_42107496.mp3	4608
common_voice_gju_42198498.mp3	1476
common_voice_gju_42612941.mp3	6876
common_voice_gju_42107645.mp3	2556
common_voice_gju_42530028.mp3	5688
common_voice_gju_42107371.mp3	2628
common_voice_gju_42180095.mp3	2700
common_voice_gju_42196218.mp3	4248
common_voice_gju_42101591.mp3	3636
common_voice_gju_42588050.mp3	3060
common_voice_gju_42562334.mp3	4356
common_voice_gju_42461553.mp3	2016
common_voice_gju_42562090.mp3	4140
common_voice_gju_42604228.mp3	1728
common_voice_gju_42107449.mp3	3600
common_voice_gju_42562137.mp3	4320
common_voice_gju_42107704.mp3	2340
common_voice_gju_42565869.mp3	2520
common_voice_gju_42594918.mp3	4500
common_voice_gju_42587583.mp3	1800
common_voice_gju_42188428.mp3	2448
common_voice_gju_42565471.mp3	2340
common_voice_gju_42562945.mp3	2916
common_voice_gju_42588074.mp3	2088
common_voice_gju_42187199.mp3	2088
common_voice_gju_42637688.mp3	3168
common_voice_gju_42107844.mp3	2520
common_voice_gju_42565682.mp3	4320
common_voice_gju_42121868.mp3	2520
common_voice_gju_42199243.mp3	1476
common_voice_gju_42588106.mp3	2880
common_voice_gju_42562589.mp3	2916
common_voice_gju_42603860.mp3	3348
common_voice_gju_42562876.mp3	4140
common_voice_gju_42198130.mp3	1980
common_voice_gju_42184332.mp3	1800
common_voice_gju_42091135.mp3	2196
common_voice_gju_42612765.mp3	4536
common_voice_gju_42198143.mp3	3960
common_voice_gju_42111192.mp3	4140
common_voice_gju_42109283.mp3	2448
common_voice_gju_42601662.mp3	2340
common_voice_gju_42587580.mp3	1908
common_voice_gju_42588134.mp3	2448
common_voice_gju_42108561.mp3	2016
common_voice_gju_42478600.mp3	2160
common_voice_gju_42587401.mp3	3708
common_voice_gju_42478589.mp3	1836
common_voice_gju_42500910.mp3	3276
common_voice_gju_42563020.mp3	4860
common_voice_gju_42619969.mp3	3240
common_voice_gju_42089616.mp3	2988
common_voice_gju_42562662.mp3	3240
common_voice_gju_42089954.mp3	4356
common_voice_gju_42108246.mp3	2628
common_voice_gju_42604143.mp3	1908
common_voice_gju_42102796.mp3	3168
common_voice_gju_42594960.mp3	3348
common_voice_gju_42100892.mp3	3420
common_voice_gju_42601718.mp3	4860
common_voice_gju_42588077.mp3	2808
common_voice_gju_42613553.mp3	2196
common_voice_gju_42107878.mp3	1728
common_voice_gju_42184787.mp3	1368
common_voice_gju_42091193.mp3	2196
common_voice_gju_42587350.mp3	2160
common_voice_gju_42562641.mp3	1980
common_voice_gju_42195298.mp3	2016
common_voice_gju_42461546.mp3	2088
common_voice_gju_42478577.mp3	2196
common_voice_gju_42500682.mp3	3996
common_voice_gju_42565510.mp3	3780
common_voice_gju_42612930.mp3	3456
common_voice_gju_42106935.mp3	3276
common_voice_gju_42601375.mp3	3456
common_voice_gju_42179913.mp3	2376
common_voice_gju_42529517.mp3	3168
common_voice_gju_42198122.mp3	1728
common_voice_gju_42562509.mp3	5076
common_voice_gju_42408839.mp3	3708
common_voice_gju_42537385.mp3	2340
common_voice_gju_42109329.mp3	3096
common_voice_gju_42461994.mp3	6408
common_voice_gju_42102507.mp3	5868
common_voice_gju_42481136.mp3	8028
common_voice_gju_42601683.mp3	2088
common_voice_gju_42199656.mp3	1440
common_voice_gju_42613751.mp3	4788
common_voice_gju_42199712.mp3	1476
common_voice_gju_42500861.mp3	1620
common_voice_gju_42107182.mp3	2808
common_voice_gju_42476404.mp3	3240
common_voice_gju_42587696.mp3	3168
common_voice_gju_42102861.mp3	2736
common_voice_gju_42461255.mp3	2268
common_voice_gju_42091254.mp3	5076
common_voice_gju_42197952.mp3	1368
common_voice_gju_42198545.mp3	1476
common_voice_gju_42481081.mp3	3528
common_voice_gju_42198157.mp3	1368
common_voice_gju_42100907.mp3	2556
common_voice_gju_42476521.mp3	3060
common_voice_gju_42587443.mp3	3240
common_voice_gju_42563160.mp3	2628
common_voice_gju_42102809.mp3	6228
common_voice_gju_42101205.mp3	6408
common_voice_gju_42107231.mp3	4140
common_voice_gju_42409650.mp3	4860
common_voice_gju_42604300.mp3	1836
common_voice_gju_42109351.mp3	5040
common_voice_gju_42182966.mp3	4140
common_voice_gju_42112386.mp3	2916
common_voice_gju_42179762.mp3	2988
common_voice_gju_42089874.mp3	4248
common_voice_gju_42476665.mp3	3996
common_voice_gju_42530037.mp3	1728
common_voice_gju_42478535.mp3	2988
common_voice_gju_42112027.mp3	3276
common_voice_gju_42461554.mp3	3060
common_voice_gju_42613747.mp3	1980
common_voice_gju_42184179.mp3	3600
common_voice_gju_42502474.mp3	2808
common_voice_gju_42476797.mp3	4248
common_voice_gju_42555995.mp3	3456
common_voice_gju_42603749.mp3	2628
common_voice_gju_42090330.mp3	2340
common_voice_gju_42090032.mp3	2160
common_voice_gju_42102822.mp3	1980
common_voice_gju_42637658.mp3	2556
common_voice_gju_42112384.mp3	3096
common_voice_gju_42121482.mp3	2736
common_voice_gju_42460768.mp3	2700
common_voice_gju_42601738.mp3	1836
common_voice_gju_42565474.mp3	1980
common_voice_gju_42604276.mp3	3096
common_voice_gju_42107290.mp3	1980
common_voice_gju_42091409.mp3	3636
common_voice_gju_42197092.mp3	3060
common_voice_gju_42562235.mp3	5040
common_voice_gju_42137632.mp3	2988
common_voice_gju_42112516.mp3	2520
common_voice_gju_42107818.mp3	3168
common_voice_gju_42195356.mp3	2268
common_voice_gju_42167575.mp3	5976
common_voice_gju_42587539.mp3	2016
common_voice_gju_42199148.mp3	2016
common_voice_gju_42501108.mp3	4896
common_voice_gju_42565275.mp3	2268
common_voice_gju_42087388.mp3	4680
common_voice_gju_42101203.mp3	3096
common_voice_gju_42588164.mp3	5220
common_voice_gju_42080023.mp3	2160
common_voice_gju_42603745.mp3	2448
common_voice_gju_42090633.mp3	1836
common_voice_gju_42565302.mp3	2196
common_voice_gju_42089659.mp3	5400
common_voice_gju_42167500.mp3	5940
common_voice_gju_42409514.mp3	4680
common_voice_gju_42108616.mp3	2340
common_voice_gju_42587601.mp3	3060
common_voice_gju_42565664.mp3	5940
common_voice_gju_42100936.mp3	2448
common_voice_gju_42565480.mp3	2988
common_voice_gju_42197086.mp3	2160
common_voice_gju_42198485.mp3	8316
common_voice_gju_42109025.mp3	2628
common_voice_gju_42501082.mp3	3348
common_voice_gju_42112285.mp3	3168
common_voice_gju_42107988.mp3	5616
common_voice_gju_42622260.mp3	2268
common_voice_gju_42107632.mp3	2196
common_voice_gju_42587579.mp3	1656
common_voice_gju_42622286.mp3	1728
common_voice_gju_42109250.mp3	4320
common_voice_gju_42565520.mp3	3888
common_voice_gju_42180112.mp3	3168
common_voice_gju_42091146.mp3	2268
common_voice_gju_42409189.mp3	2916
common_voice_gju_42196016.mp3	2268
common_voice_gju_42587428.mp3	4068
common_voice_gju_42196222.mp3	2268
common_voice_gju_42594963.mp3	4356
common_voice_gju_42476798.mp3	2268
common_voice_gju_42565607.mp3	4140
common_voice_gju_42167519.mp3	3780
common_voice_gju_42087653.mp3	4896
common_voice_gju_42622240.mp3	2016
common_voice_gju_42167257.mp3	3060
common_voice_gju_42199375.mp3	4320
common_voice_gju_42200190.mp3	1980
common_voice_gju_42462044.mp3	2628
common_voice_gju_42461246.mp3	2448
common_voice_gju_42198494.mp3	2556
common_voice_gju_42184719.mp3	1440
common_voice_gju_42107120.mp3	3060
common_voice_gju_42481115.mp3	5400
common_voice_gju_42089668.mp3	2376
common_voice_gju_42502583.mp3	6156
common_voice_gju_42461645.mp3	2268
common_voice_gju_42137182.mp3	1908
common_voice_gju_42102358.mp3	2340
common_voice_gju_42612731.mp3	3456
common_voice_gju_42197925.mp3	2916
common_voice_gju_42109032.mp3	3348
common_voice_gju_42562836.mp3	1980
common_voice_gju_42408889.mp3	1800
common_voice_gju_42090566.mp3	2988
common_voice_gju_42409642.mp3	2088
common_voice_gju_42197224.mp3	1368
common_voice_gju_42087332.mp3	5580
common_voice_gju_42565293.mp3	2880
common_voice_gju_42562484.mp3	4068
common_voice_gju_42197173.mp3	1656
common_voice_gju_42182827.mp3	2088
common_voice_gju_42199650.mp3	4140
common_voice_gju_42108104.mp3	4536
common_voice_gju_42199922.mp3	3060
common_voice_gju_42604131.mp3	2088
common_voice_gju_42197372.mp3	1836
common_voice_gju_42409250.mp3	4248
common_voice_gju_42637743.mp3	2520
common_voice_gju_42106826.mp3	3240
common_voice_gju_42460765.mp3	5220
common_voice_gju_42112463.mp3	2088
common_voice_gju_42107887.mp3	2808
common_voice_gju_42179684.mp3	3348
common_voice_gju_42565196.mp3	1980
common_voice_gju_42619830.mp3	4680
common_voice_gju_42622294.mp3	3600
common_voice_gju_42476386.mp3	4140
common_voice_gju_42637876.mp3	1980
common_voice_gju_42107111.mp3	3168
common_voice_gju_42137180.mp3	2628
common_voice_gju_42613468.mp3	4716
common_voice_gju_42565441.mp3	5688
common_voice_gju_42478599.mp3	2268
common_voice_gju_42587464.mp3	1980
common_voice_gju_42112302.mp3	1980
common_voice_gju_42478635.mp3	5796
common_voice_gju_42102356.mp3	2880
common_voice_gju_42087395.mp3	3456
common_voice_gju_42529998.mp3	6120
common_voice_gju_42137274.mp3	3708
common_voice_gju_42478605.mp3	2808
common_voice_gju_42137440.mp3	1836
common_voice_gju_42565560.mp3	3888
common_voice_gju_42112710.mp3	8136
common_voice_gju_42587961.mp3	2736
common_voice_gju_42562221.mp3	1980
common_voice_gju_42182916.mp3	2340
common_voice_gju_42179881.mp3	2340
common_voice_gju_42565558.mp3	1836
common_voice_gju_42622354.mp3	2700
common_voice_gju_42195486.mp3	2700
common_voice_gju_42409414.mp3	3708
common_voice_gju_42111153.mp3	2340
common_voice_gju_42091072.mp3	2160
common_voice_gju_42112602.mp3	4680
common_voice_gju_42197112.mp3	1548
common_voice_gju_42613455.mp3	2736
common_voice_gju_42587402.mp3	4068
common_voice_gju_42111223.mp3	2160
common_voice_gju_42089710.mp3	3816
common_voice_gju_42565619.mp3	2808
common_voice_gju_42604072.mp3	3456
common_voice_gju_42612928.mp3	4860
common_voice_gju_42620297.mp3	2916
common_voice_gju_42476392.mp3	1908
common_voice_gju_42476464.mp3	2376
common_voice_gju_42188511.mp3	2556
common_voice_gju_42188690.mp3	5976
common_voice_gju_42111413.mp3	2268
common_voice_gju_42565758.mp3	2088
common_voice_gju_42107356.mp3	2556
common_voice_gju_42637634.mp3	2196
common_voice_gju_42461263.mp3	1908
common_voice_gju_42499620.mp3	4248
common_voice_gju_42587774.mp3	1656
common_voice_gju_42100575.mp3	2916
common_voice_gju_42107842.mp3	3096
common_voice_gju_42409499.mp3	6156
common_voice_gju_42107242.mp3	5436
common_voice_gju_42562402.mp3	3240
common_voice_gju_42530047.mp3	3096
common_voice_gju_42622384.mp3	3456
common_voice_gju_42476476.mp3	2196
common_voice_gju_42603764.mp3	1656
common_voice_gju_42408844.mp3	2160
common_voice_gju_42102512.mp3	4860
common_voice_gju_42502534.mp3	3240
common_voice_gju_42562549.mp3	4536
common_voice_gju_42200438.mp3	3420
common_voice_gju_42197216.mp3	1620
common_voice_gju_42111183.mp3	6480
common_voice_gju_42562135.mp3	2880
common_voice_gju_42179890.mp3	2376
common_voice_gju_42101044.mp3	3816
common_voice_gju_42562927.mp3	2448
common_voice_gju_42091341.mp3	4500
common_voice_gju_42476360.mp3	2556
common_voice_gju_42111151.mp3	9216
common_voice_gju_42198544.mp3	2196
common_voice_gju_42100231.mp3	3240
common_voice_gju_42100498.mp3	1800
common_voice_gju_42102322.mp3	2916
common_voice_gju_42103163.mp3	4860
common_voice_gju_42102144.mp3	2556
common_voice_gju_42409136.mp3	1728
common_voice_gju_42102428.mp3	3420
common_voice_gju_42100507.mp3	3240
common_voice_gju_42184734.mp3	1476
common_voice_gju_42200497.mp3	1728
common_voice_gju_42562894.mp3	2448
common_voice_gju_42109288.mp3	1980
common_voice_gju_42091362.mp3	3060
common_voice_gju_42197950.mp3	1836
common_voice_gju_42107609.mp3	3708
common_voice_gju_42565834.mp3	2196
common_voice_gju_42167627.mp3	2556
common_voice_gju_42604129.mp3	2700
common_voice_gju_42565505.mp3	2340
common_voice_gju_42587286.mp3	3456
common_voice_gju_42137611.mp3	3240
common_voice_gju_42565451.mp3	7128
common_voice_gju_42109303.mp3	2088
common_voice_gju_42501068.mp3	2916
common_voice_gju_42563256.mp3	3708
common_voice_gju_42106563.mp3	9216
common_voice_gju_42529303.mp3	3528
common_voice_gju_42461531.mp3	2016
common_voice_gju_42613871.mp3	2880
common_voice_gju_42601761.mp3	1728
common_voice_gju_42604386.mp3	3528
common_voice_gju_42478623.mp3	7200
common_voice_gju_42604376.mp3	1728
common_voice_gju_42481161.mp3	4536
common_voice_gju_42099715.mp3	4068
common_voice_gju_42622295.mp3	1980
common_voice_gju_42565634.mp3	6876
common_voice_gju_42601697.mp3	1980
common_voice_gju_42476427.mp3	12420
common_voice_gju_42587322.mp3	2556
common_voice_gju_42408867.mp3	4788
common_voice_gju_42565277.mp3	3528
common_voice_gju_42476341.mp3	2988
common_voice_gju_42481166.mp3	1728
common_voice_gju_42622317.mp3	6876
common_voice_gju_42112529.mp3	3996
common_voice_gju_42188281.mp3	1980
common_voice_gju_42588302.mp3	2268
common_voice_gju_42087459.mp3	2700
common_voice_gju_42100851.mp3	8028
common_voice_gju_42562506.mp3	2196
common_voice_gju_42587303.mp3	6660
common_voice_gju_42613515.mp3	2268
common_voice_gju_42565691.mp3	3528
common_voice_gju_42409258.mp3	4176
common_voice_gju_42565414.mp3	2196
common_voice_gju_42089877.mp3	3240
common_voice_gju_42612794.mp3	3348
common_voice_gju_42112467.mp3	2196
common_voice_gju_42089675.mp3	2916
common_voice_gju_42107858.mp3	2880
common_voice_gju_42613712.mp3	3456
common_voice_gju_42112338.mp3	4716
common_voice_gju_42107248.mp3	6480
common_voice_gju_42502430.mp3	3348
common_voice_gju_42109046.mp3	1656
common_voice_gju_42502478.mp3	3600
common_voice_gju_42478625.mp3	2520
common_voice_gju_42637566.mp3	2700
common_voice_gju_42637842.mp3	2556
common_voice_gju_42563258.mp3	2520
common_voice_gju_42500949.mp3	3096
common_voice_gju_42561010.mp3	2376
common_voice_gju_42587620.mp3	3888
common_voice_gju_42478690.mp3	4140
common_voice_gju_42107384.mp3	1620
common_voice_gju_42476556.mp3	3060
common_voice_gju_42601400.mp3	13140
common_voice_gju_42587954.mp3	3960
common_voice_gju_42112537.mp3	1620
common_voice_gju_42200090.mp3	1296
common_voice_gju_42101079.mp3	3636
common_voice_gju_42107337.mp3	2448
common_voice_gju_42587506.mp3	2700
common_voice_gju_42409434.mp3	2700
common_voice_gju_42476369.mp3	2808
common_voice_gju_42409463.mp3	2700
common_voice_gju_42197182.mp3	1548
common_voice_gju_42588234.mp3	2880
common_voice_gju_42460789.mp3	2160
common_voice_gju_42102145.mp3	2268
common_voice_gju_42562865.mp3	6156
common_voice_gju_42111498.mp3	2556
common_voice_gju_42087651.mp3	2196
common_voice_gju_42089645.mp3	2628
common_voice_gju_42500800.mp3	2196
common_voice_gju_42109112.mp3	3168
common_voice_gju_42562319.mp3	5868
common_voice_gju_42604420.mp3	2160
common_voice_gju_42111170.mp3	1800
common_voice_gju_42199556.mp3	2628
common_voice_gju_42562882.mp3	2340
common_voice_gju_42100629.mp3	8208
common_voice_gju_42622386.mp3	3348
common_voice_gju_42612692.mp3	4356
common_voice_gju_42200180.mp3	2196
common_voice_gju_42562642.mp3	4356
common_voice_gju_42565688.mp3	1800
common_voice_gju_42109401.mp3	1728
common_voice_gju_42530143.mp3	2628
common_voice_gju_42565193.mp3	7308
common_voice_gju_42612922.mp3	3636
common_voice_gju_42637579.mp3	2448
common_voice_gju_42562699.mp3	3996
common_voice_gju_42587295.mp3	3528
common_voice_gju_42087515.mp3	3276
common_voice_gju_42612881.mp3	3888
common_voice_gju_42179701.mp3	3096
common_voice_gju_42089987.mp3	4896
common_voice_gju_42587836.mp3	1800
common_voice_gju_42101552.mp3	3708
common_voice_gju_42167225.mp3	4716
common_voice_gju_42107646.mp3	3456
common_voice_gju_42587426.mp3	3996
common_voice_gju_42622066.mp3	5760
common_voice_gju_42089653.mp3	3096
common_voice_gju_42476430.mp3	3708
common_voice_gju_42594910.mp3	6300
common_voice_gju_42200228.mp3	2448
common_voice_gju_42101358.mp3	5868
common_voice_gju_42100419.mp3	2520
common_voice_gju_42179992.mp3	1548
common_voice_gju_42637828.mp3	1908
common_voice_gju_42601453.mp3	2340
common_voice_gju_42603762.mp3	3708
common_voice_gju_42537357.mp3	1728
common_voice_gju_42137657.mp3	1836
common_voice_gju_42409560.mp3	1980
common_voice_gju_42587370.mp3	3348
common_voice_gju_42167324.mp3	5616
common_voice_gju_42184183.mp3	3456
common_voice_gju_42612960.mp3	2916
common_voice_gju_42409278.mp3	3240
common_voice_gju_42588055.mp3	2160
common_voice_gju_42638057.mp3	2736
common_voice_gju_42612761.mp3	3708
common_voice_gju_42090358.mp3	3528
common_voice_gju_42501184.mp3	2376
common_voice_gju_42594970.mp3	4680
common_voice_gju_42562724.mp3	3240
common_voice_gju_42409084.mp3	3636
common_voice_gju_42184723.mp3	1656
common_voice_gju_42497691.mp3	3348
common_voice_gju_42604092.mp3	2016
common_voice_gju_42612943.mp3	3240
common_voice_gju_42090418.mp3	4716
common_voice_gju_42197536.mp3	3168
common_voice_gju_42638000.mp3	3816
common_voice_gju_42562616.mp3	5616
common_voice_gju_42167456.mp3	4716
common_voice_gju_42563053.mp3	2448
common_voice_gju_42107225.mp3	3096
common_voice_gju_42112371.mp3	3096
common_voice_gju_42587743.mp3	1836
common_voice_gju_42604166.mp3	1620
common_voice_gju_42108084.mp3	2736
common_voice_gju_42101374.mp3	2880
common_voice_gju_42587885.mp3	3600
common_voice_gju_42481159.mp3	4968
common_voice_gju_42537390.mp3	2160
common_voice_gju_42188135.mp3	5400
common_voice_gju_42481174.mp3	3456
common_voice_gju_42184184.mp3	3636
common_voice_gju_42200496.mp3	3060
common_voice_gju_42080067.mp3	2268
common_voice_gju_42619795.mp3	6120
common_voice_gju_42619997.mp3	2700
common_voice_gju_42588008.mp3	5148
common_voice_gju_42612892.mp3	3528
common_voice_gju_42562665.mp3	3168
common_voice_gju_42562635.mp3	3096
common_voice_gju_42462109.mp3	2520
common_voice_gju_42594999.mp3	3996
common_voice_gju_42537274.mp3	4140
common_voice_gju_42099700.mp3	2808
common_voice_gju_42562474.mp3	3780
common_voice_gju_42108732.mp3	6768
common_voice_gju_42478560.mp3	2088
common_voice_gju_42565717.mp3	2160
common_voice_gju_42409111.mp3	2556
common_voice_gju_42200462.mp3	2916
common_voice_gju_42612665.mp3	3060
common_voice_gju_42087392.mp3	5940
common_voice_gju_42102448.mp3	5868
common_voice_gju_42613781.mp3	2520
common_voice_gju_42408923.mp3	1548
common_voice_gju_42565200.mp3	2376
common_voice_gju_42090622.mp3	2520
common_voice_gju_42565550.mp3	2520
common_voice_gju_42089887.mp3	4068
common_voice_gju_42197111.mp3	2988
common_voice_gju_42638032.mp3	1620
common_voice_gju_42101556.mp3	2988
common_voice_gju_42588059.mp3	2340
common_voice_gju_42137157.mp3	1980
common_voice_gju_42461250.mp3	3168
common_voice_gju_42613673.mp3	3708
common_voice_gju_42555996.mp3	2556
common_voice_gju_42603794.mp3	2916
common_voice_gju_42612855.mp3	6768
common_voice_gju_42087610.mp3	2736
common_voice_gju_42107323.mp3	3708
common_voice_gju_42478636.mp3	1728
common_voice_gju_42612738.mp3	2448
common_voice_gju_42101652.mp3	2340
common_voice_gju_42188595.mp3	1440
common_voice_gju_42604084.mp3	1800
common_voice_gju_42556004.mp3	3348
common_voice_gju_42102533.mp3	4428
common_voice_gju_42409141.mp3	2808
common_voice_gju_42637952.mp3	2916
common_voice_gju_42188258.mp3	5400
common_voice_gju_42109177.mp3	3816
common_voice_gju_42499614.mp3	1800
common_voice_gju_42112538.mp3	2340
common_voice_gju_42197213.mp3	2196
common_voice_gju_42409695.mp3	2520
common_voice_gju_42565831.mp3	2556
common_voice_gju_42087399.mp3	4068
common_voice_gju_42588148.mp3	3348
common_voice_gju_42089896.mp3	4608
common_voice_gju_42476691.mp3	3060
common_voice_gju_42613571.mp3	3240
common_voice_gju_42108175.mp3	2196
common_voice_gju_42476547.mp3	2016
common_voice_gju_42462045.mp3	2556
common_voice_gju_42476693.mp3	2088
common_voice_gju_42587618.mp3	1908
common_voice_gju_42409653.mp3	2340
common_voice_gju_42111380.mp3	3816
common_voice_gju_42562897.mp3	2520
common_voice_gju_42167730.mp3	2736
common_voice_gju_42622313.mp3	3240
common_voice_gju_42612820.mp3	4500
common_voice_gju_42462053.mp3	2088
common_voice_gju_42612908.mp3	2736
common_voice_gju_42612971.mp3	4176
common_voice_gju_42109339.mp3	4788
common_voice_gju_42622220.mp3	3060
common_voice_gju_42099658.mp3	4176
common_voice_gju_42619999.mp3	5256
common_voice_gju_42107121.mp3	3780
common_voice_gju_42112255.mp3	2556
common_voice_gju_42107219.mp3	5796
common_voice_gju_42179821.mp3	2700
common_voice_gju_42199231.mp3	1548
common_voice_gju_42102394.mp3	2736
common_voice_gju_42108562.mp3	2880
common_voice_gju_42587408.mp3	5436
common_voice_gju_42562257.mp3	1980
common_voice_gju_42502462.mp3	2916
common_voice_gju_42562943.mp3	2160
common_voice_gju_42102427.mp3	10008
common_voice_gju_42101049.mp3	3276
common_voice_gju_42478571.mp3	2268
common_voice_gju_42562891.mp3	3420
common_voice_gju_42461235.mp3	4068
common_voice_gju_42565544.mp3	2880
common_voice_gju_42107784.mp3	3888
common_voice_gju_42111265.mp3	4356
common_voice_gju_42200429.mp3	3708
common_voice_gju_42603852.mp3	1620
common_voice_gju_42112382.mp3	2448
common_voice_gju_42102510.mp3	2160
common_voice_gju_42601504.mp3	5148
common_voice_gju_42612906.mp3	2340
common_voice_gju_42565829.mp3	2196
common_voice_gju_42562176.mp3	2376
common_voice_gju_42481071.mp3	2160
common_voice_gju_42107253.mp3	2196
common_voice_gju_42565274.mp3	7308
common_voice_gju_42604369.mp3	6300
common_voice_gju_42409416.mp3	2916
common_voice_gju_42200206.mp3	1800
common_voice_gju_42090772.mp3	4428
common_voice_gju_42198015.mp3	1836
common_voice_gju_42601470.mp3	6588
common_voice_gju_42562604.mp3	3168
common_voice_gju_42622064.mp3	1908
common_voice_gju_42562378.mp3	3276
common_voice_gju_42562094.mp3	2988
common_voice_gju_42196795.mp3	3348
common_voice_gju_42107438.mp3	2376
common_voice_gju_42619970.mp3	3240
common_voice_gju_42588125.mp3	2448
common_voice_gju_42612907.mp3	2916
common_voice_gju_42179859.mp3	3168
common_voice_gju_42200391.mp3	2520
common_voice_gju_42537351.mp3	1728
common_voice_gju_42612859.mp3	6480
common_voice_gju_42562136.mp3	2520
common_voice_gju_42597242.mp3	2988
common_voice_gju_42612968.mp3	5688
common_voice_gju_42565812.mp3	2556
common_voice_gju_42461238.mp3	2340
common_voice_gju_42588065.mp3	2448
common_voice_gju_42476631.mp3	4716
common_voice_gju_42197531.mp3	1980
common_voice_gju_42112730.mp3	2376
common_voice_gju_42195997.mp3	1800
common_voice_gju_42476576.mp3	3816
common_voice_gju_42108590.mp3	2556
common_voice_gju_42612860.mp3	3456
common_voice_gju_42091183.mp3	2376
common_voice_gju_42612749.mp3	2880
common_voice_gju_42109316.mp3	2268
common_voice_gju_42188704.mp3	2160
common_voice_gju_42199424.mp3	1620
common_voice_gju_42565902.mp3	2556
common_voice_gju_42199761.mp3	1440
common_voice_gju_42187300.mp3	1800
common_voice_gju_42409788.mp3	3060
common_voice_gju_42562890.mp3	8496
common_voice_gju_42603761.mp3	1980
common_voice_gju_42562702.mp3	4068
common_voice_gju_42167539.mp3	2268
common_voice_gju_42137153.mp3	3060
common_voice_gju_42562551.mp3	3060
common_voice_gju_42112392.mp3	2808
common_voice_gju_42562821.mp3	1980
common_voice_gju_42562454.mp3	3996
common_voice_gju_42562805.mp3	2988
common_voice_gju_42529373.mp3	2988
common_voice_gju_42565769.mp3	2448
common_voice_gju_42107551.mp3	2160
common_voice_gju_42462071.mp3	1980
common_voice_gju_42562220.mp3	3168
common_voice_gju_42637910.mp3	2520
common_voice_gju_42180099.mp3	2268
common_voice_gju_42562777.mp3	2268
common_voice_gju_42107261.mp3	3456
common_voice_gju_42637687.mp3	2880
common_voice_gju_42099707.mp3	4140
common_voice_gju_42588068.mp3	2268
common_voice_gju_42562471.mp3	3276
common_voice_gju_42478644.mp3	2088
common_voice_gju_42109313.mp3	2448
common_voice_gju_42107400.mp3	2340
common_voice_gju_42497554.mp3	2340
common_voice_gju_42089610.mp3	4860
common_voice_gju_42604089.mp3	2088
common_voice_gju_42476625.mp3	2016
common_voice_gju_42601674.mp3	1836
common_voice_gju_42587899.mp3	2700
common_voice_gju_42182690.mp3	2160
common_voice_gju_42107508.mp3	2556
common_voice_gju_42184243.mp3	3276
common_voice_gju_42101701.mp3	5940
common_voice_gju_42529862.mp3	3168
common_voice_gju_42497559.mp3	7560
common_voice_gju_42594969.mp3	2808
common_voice_gju_42200411.mp3	1548
common_voice_gju_42091163.mp3	3600
common_voice_gju_42565506.mp3	2448
common_voice_gju_42481045.mp3	5580
common_voice_gju_42562403.mp3	1980
common_voice_gju_42184273.mp3	1548
common_voice_gju_42562657.mp3	2448
common_voice_gju_42562873.mp3	2268
common_voice_gju_42530038.mp3	1836
common_voice_gju_42108606.mp3	5040
common_voice_gju_42099706.mp3	3168
common_voice_gju_42106644.mp3	4608
common_voice_gju_42409140.mp3	2340
common_voice_gju_42188237.mp3	2736
common_voice_gju_42200392.mp3	3888
common_voice_gju_42587593.mp3	2556
common_voice_gju_42102513.mp3	2376
common_voice_gju_42476526.mp3	3348
common_voice_gju_42087359.mp3	6156
common_voice_gju_42461644.mp3	2196
common_voice_gju_42497584.mp3	7056
common_voice_gju_42622239.mp3	2988
common_voice_gju_42108580.mp3	5076
common_voice_gju_42637772.mp3	3348
common_voice_gju_42197511.mp3	7596
common_voice_gju_42537377.mp3	2808
common_voice_gju_42587512.mp3	2160
common_voice_gju_42167432.mp3	3096
common_voice_gju_42562964.mp3	2988
common_voice_gju_42587377.mp3	2016
common_voice_gju_42587849.mp3	3600
common_voice_gju_42529885.mp3	3816
common_voice_gju_42529553.mp3	3348
common_voice_gju_42107105.mp3	4536
common_voice_gju_42087401.mp3	5796
common_voice_gju_42200440.mp3	1980
common_voice_gju_42091074.mp3	4716
common_voice_gju_42481093.mp3	2196
common_voice_gju_42562511.mp3	3168
common_voice_gju_42562185.mp3	4680
common_voice_gju_42637627.mp3	4248
common_voice_gju_42409576.mp3	2988
common_voice_gju_42500843.mp3	3420
common_voice_gju_42587565.mp3	5220
common_voice_gju_42565797.mp3	3888
common_voice_gju_42179908.mp3	2160
common_voice_gju_42102794.mp3	3708
common_voice_gju_42565401.mp3	1908
common_voice_gju_42121921.mp3	2340
common_voice_gju_42195473.mp3	1296
common_voice_gju_42199687.mp3	2628
common_voice_gju_42089620.mp3	9288
common_voice_gju_42637964.mp3	1980
common_voice_gju_42562505.mp3	6156
common_voice_gju_42622289.mp3	1908
common_voice_gju_42478604.mp3	4356
common_voice_gju_42197247.mp3	1620
common_voice_gju_42529607.mp3	1656
common_voice_gju_42565332.mp3	2880
common_voice_gju_42111212.mp3	4068
common_voice_gju_42565497.mp3	7200
common_voice_gju_42637763.mp3	2196
common_voice_gju_42637994.mp3	3240
common_voice_gju_42109255.mp3	2736
common_voice_gju_42107302.mp3	2736
common_voice_gju_42198396.mp3	1440
common_voice_gju_42188302.mp3	2916
common_voice_gju_42478750.mp3	3168
common_voice_gju_42619810.mp3	4176
common_voice_gju_42101654.mp3	2520
common_voice_gju_42529940.mp3	2880
common_voice_gju_42601618.mp3	2160
common_voice_gju_42622319.mp3	2088
common_voice_gju_42620058.mp3	5256
common_voice_gju_42563239.mp3	6300
common_voice_gju_42529547.mp3	2268
common_voice_gju_42563223.mp3	4716
common_voice_gju_42587294.mp3	2088
common_voice_gju_42565657.mp3	3708
common_voice_gju_42102359.mp3	4176
common_voice_gju_42167167.mp3	2700
common_voice_gju_42613824.mp3	2520
common_voice_gju_42537341.mp3	4068
common_voice_gju_42604218.mp3	6480
common_voice_gju_42197953.mp3	1548
common_voice_gju_42561021.mp3	2520
common_voice_gju_42107352.mp3	1620
common_voice_gju_42461473.mp3	3420
common_voice_gju_42096694.mp3	3816
common_voice_gju_42199709.mp3	2268
common_voice_gju_42562694.mp3	2088
common_voice_gju_42089863.mp3	3240
common_voice_gju_42619932.mp3	10980
common_voice_gju_42613448.mp3	3708
common_voice_gju_42476596.mp3	3456
common_voice_gju_42587279.mp3	2340
common_voice_gju_42409601.mp3	4140
common_voice_gju_42108252.mp3	3996
common_voice_gju_42587282.mp3	2160
common_voice_gju_42604130.mp3	4248
common_voice_gju_42530057.mp3	2700
common_voice_gju_42409510.mp3	3060
common_voice_gju_42107054.mp3	5328
common_voice_gju_42167402.mp3	4248
common_voice_gju_42107568.mp3	1836
common_voice_gju_42091437.mp3	5328
common_voice_gju_42612856.mp3	2520
common_voice_gju_42107464.mp3	3708
common_voice_gju_42112440.mp3	2700
common_voice_gju_42565893.mp3	3708
common_voice_gju_42560963.mp3	3168
common_voice_gju_42198677.mp3	2196
common_voice_gju_42180010.mp3	3168
common_voice_gju_42587705.mp3	2016
common_voice_gju_42562736.mp3	6948
common_voice_gju_42106609.mp3	5580
common_voice_gju_42167182.mp3	7128
common_voice_gju_42500871.mp3	3528
common_voice_gju_42409056.mp3	2340
common_voice_gju_42089979.mp3	1836
common_voice_gju_42601495.mp3	2736
common_voice_gju_42107446.mp3	4068
common_voice_gju_42109113.mp3	1728
common_voice_gju_42196230.mp3	1800
common_voice_gju_42604155.mp3	2700
common_voice_gju_42588303.mp3	1800
common_voice_gju_42199224.mp3	1476
common_voice_gju_42197189.mp3	2700
common_voice_gju_42198622.mp3	4068
common_voice_gju_42107140.mp3	5148
common_voice_gju_42099911.mp3	2916
common_voice_gju_42565668.mp3	1800
common_voice_gju_42476812.mp3	2808
common_voice_gju_42563159.mp3	2016
common_voice_gju_42622243.mp3	1728
common_voice_gju_42562528.mp3	4680
common_voice_gju_42476484.mp3	5220
common_voice_gju_42501017.mp3	2988
common_voice_gju_42111171.mp3	1656
common_voice_gju_42107725.mp3	2448
common_voice_gju_42619962.mp3	3096
common_voice_gju_42476688.mp3	2268
common_voice_gju_42111241.mp3	3456
common_voice_gju_42587361.mp3	5508
common_voice_gju_42179761.mp3	2628
common_voice_gju_42461209.mp3	2628
common_voice_gju_42111496.mp3	4716
common_voice_gju_42563174.mp3	1836
common_voice_gju_42102534.mp3	2556
common_voice_gju_42537330.mp3	2376
common_voice_gju_42200373.mp3	2016
common_voice_gju_42604307.mp3	1836
common_voice_gju_42478770.mp3	2376
common_voice_gju_42562819.mp3	1800
common_voice_gju_42107310.mp3	3240
common_voice_gju_42562393.mp3	2916
common_voice_gju_42184331.mp3	5400
common_voice_gju_42100653.mp3	9468
common_voice_gju_42565322.mp3	3240
common_voice_gju_42603933.mp3	4680
common_voice_gju_42167758.mp3	3168
common_voice_gju_42476757.mp3	3960
common_voice_gju_42111210.mp3	3456
common_voice_gju_42108571.mp3	2268
common_voice_gju_42478578.mp3	1728
common_voice_gju_42481114.mp3	1836
common_voice_gju_42090412.mp3	2556
common_voice_gju_42622321.mp3	2700
common_voice_gju_42529221.mp3	3348
common_voice_gju_42478663.mp3	2988
common_voice_gju_42461240.mp3	3780
common_voice_gju_42565493.mp3	8460
common_voice_gju_42109266.mp3	1908
common_voice_gju_42100810.mp3	2448
common_voice_gju_42529224.mp3	1980
common_voice_gju_42562315.mp3	3960
common_voice_gju_42601469.mp3	2340
common_voice_gju_42107327.mp3	1620
common_voice_gju_42100400.mp3	2340
common_voice_gju_42108453.mp3	2628
common_voice_gju_42108555.mp3	1728
common_voice_gju_42604338.mp3	1620
common_voice_gju_42481089.mp3	3960
common_voice_gju_42195286.mp3	2016
common_voice_gju_42409086.mp3	2376
common_voice_gju_42612991.mp3	4716
common_voice_gju_42197193.mp3	1296
common_voice_gju_42530015.mp3	4248
common_voice_gju_42188095.mp3	1548
common_voice_gju_42613560.mp3	3780
common_voice_gju_42587704.mp3	4248
common_voice_gju_42167418.mp3	2916
common_voice_gju_42529749.mp3	1728
common_voice_gju_42460797.mp3	2520
common_voice_gju_42167184.mp3	3348
common_voice_gju_42619981.mp3	5400
common_voice_gju_42197085.mp3	2088
common_voice_gju_42089855.mp3	2700
common_voice_gju_42476674.mp3	4320
common_voice_gju_42587603.mp3	1980
common_voice_gju_42199442.mp3	2520
common_voice_gju_42562476.mp3	6048
common_voice_gju_42080108.mp3	1836
common_voice_gju_42102998.mp3	2196
common_voice_gju_42594924.mp3	3708
common_voice_gju_42184707.mp3	2880
common_voice_gju_42497695.mp3	3960
common_voice_gju_42195316.mp3	3888
common_voice_gju_42197961.mp3	1368
common_voice_gju_42562123.mp3	10116
common_voice_gju_42565903.mp3	8208
common_voice_gju_42478521.mp3	3276
common_voice_gju_42101493.mp3	1656
common_voice_gju_42587638.mp3	1800
common_voice_gju_42109174.mp3	2448
common_voice_gju_42409481.mp3	3456
common_voice_gju_42188386.mp3	1260
common_voice_gju_42103062.mp3	6300
common_voice_gju_42107223.mp3	4608
common_voice_gju_42562286.mp3	3708
common_voice_gju_42603785.mp3	3060
common_voice_gju_42137658.mp3	4788
common_voice_gju_42102333.mp3	4716
common_voice_gju_42478669.mp3	3096
common_voice_gju_42601452.mp3	4680
common_voice_gju_42182965.mp3	3780
common_voice_gju_42478554.mp3	2880
common_voice_gju_42565756.mp3	2376
common_voice_gju_42476500.mp3	6588
common_voice_gju_42462119.mp3	1908
common_voice_gju_42613460.mp3	2916
common_voice_gju_42089830.mp3	6696
common_voice_gju_42562426.mp3	6768
common_voice_gju_42537324.mp3	1908
common_voice_gju_42622233.mp3	3960
common_voice_gju_42587586.mp3	3276
common_voice_gju_42562252.mp3	2808
common_voice_gju_42529813.mp3	3636
common_voice_gju_42529873.mp3	3780
common_voice_gju_42112688.mp3	4500
common_voice_gju_42461564.mp3	2628
common_voice_gju_42529926.mp3	3096
common_voice_gju_42100959.mp3	3456
common_voice_gju_42089957.mp3	13536
common_voice_gju_42102109.mp3	8496
common_voice_gju_42107966.mp3	3708
common_voice_gju_42587564.mp3	2736
common_voice_gju_42462088.mp3	2520
common_voice_gju_42499609.mp3	4428
common_voice_gju_42090932.mp3	7488
common_voice_gju_42612681.mp3	4428
common_voice_gju_42587581.mp3	3276
common_voice_gju_42121894.mp3	4860
common_voice_gju_42107418.mp3	2628
common_voice_gju_42408999.mp3	2088
common_voice_gju_42198651.mp3	2088
common_voice_gju_42565656.mp3	1800
common_voice_gju_42107397.mp3	1980
common_voice_gju_42102553.mp3	4320
common_voice_gju_42107458.mp3	1836
common_voice_gju_42562869.mp3	2988
common_voice_gju_42562711.mp3	4248
common_voice_gju_42601524.mp3	3960
common_voice_gju_42476569.mp3	5076
common_voice_gju_42613898.mp3	6336
common_voice_gju_42537353.mp3	3276
common_voice_gju_42121439.mp3	1656
common_voice_gju_42112719.mp3	2556
common_voice_gju_42481074.mp3	1836
common_voice_gju_42109057.mp3	3060
common_voice_gju_42167540.mp3	3348
common_voice_gju_42107989.mp3	2556
common_voice_gju_42562723.mp3	3600
common_voice_gju_42102695.mp3	9180
common_voice_gju_42601770.mp3	2916
common_voice_gju_42604422.mp3	2196
common_voice_gju_42476702.mp3	2916
common_voice_gju_42112588.mp3	3168
common_voice_gju_42106897.mp3	5760
common_voice_gju_42476462.mp3	1620
common_voice_gju_42587341.mp3	3060
common_voice_gju_42537347.mp3	2088
common_voice_gju_42107843.mp3	2880
common_voice_gju_42167444.mp3	4068
common_voice_gju_42588036.mp3	2556
common_voice_gju_42188662.mp3	1116
common_voice_gju_42112539.mp3	4248
common_voice_gju_42102132.mp3	6336
common_voice_gju_42529869.mp3	2520
common_voice_gju_42637981.mp3	2016
common_voice_gju_42587825.mp3	1836
common_voice_gju_42565655.mp3	2556
common_voice_gju_42101516.mp3	4716
common_voice_gju_42500685.mp3	2196
common_voice_gju_42476458.mp3	2700
common_voice_gju_42587787.mp3	2916
common_voice_gju_42622237.mp3	2160
common_voice_gju_42200398.mp3	2088
common_voice_gju_42409206.mp3	2988
common_voice_gju_42167212.mp3	3276
common_voice_gju_42562350.mp3	1800
common_voice_gju_42101926.mp3	7668
common_voice_gju_42079974.mp3	3780
common_voice_gju_42137700.mp3	2340
common_voice_gju_42588275.mp3	5868
common_voice_gju_42565368.mp3	3636
common_voice_gju_42597253.mp3	2340
common_voice_gju_42195933.mp3	1908
common_voice_gju_42476608.mp3	2160
common_voice_gju_42587472.mp3	4140
common_voice_gju_42612694.mp3	3276
common_voice_gju_42107441.mp3	4680
common_voice_gju_42588086.mp3	2088
common_voice_gju_42604247.mp3	2880
common_voice_gju_42461472.mp3	2700
common_voice_gju_42601444.mp3	2520
common_voice_gju_42588151.mp3	2196
common_voice_gju_42100401.mp3	4680
common_voice_gju_42587595.mp3	1656
common_voice_gju_42199523.mp3	2916
common_voice_gju_42565528.mp3	2700
common_voice_gju_42563230.mp3	2988
common_voice_gju_42587796.mp3	2088
common_voice_gju_42184272.mp3	2988
common_voice_gju_42107841.mp3	4068
common_voice_gju_42198125.mp3	2196
common_voice_gju_42565639.mp3	3600
common_voice_gju_42562433.mp3	3240
common_voice_gju_42188650.mp3	1800
common_voice_gju_42108053.mp3	1728
common_voice_gju_42108535.mp3	3060
common_voice_gju_42565573.mp3	4068
common_voice_gju_42587416.mp3	3456
common_voice_gju_42195427.mp3	2160
common_voice_gju_42604090.mp3	2556
common_voice_gju_42080125.mp3	1548
common_voice_gju_42462058.mp3	2016
common_voice_gju_42530070.mp3	2340
common_voice_gju_42409627.mp3	6048
common_voice_gju_42087369.mp3	2700
common_voice_gju_42565288.mp3	3600
common_voice_gju_42409192.mp3	2556
common_voice_gju_42409651.mp3	2520
common_voice_gju_42112414.mp3	3816
common_voice_gju_42588271.mp3	2268
common_voice_gju_42562232.mp3	4068
common_voice_gju_42199202.mp3	1368
common_voice_gju_42565854.mp3	2196
common_voice_gju_42099924.mp3	2700
common_voice_gju_42121430.mp3	2160
common_voice_gju_42637924.mp3	2160
common_voice_gju_42099680.mp3	3456
common_voice_gju_42200463.mp3	2160
common_voice_gju_42562262.mp3	4140
common_voice_gju_42196053.mp3	1440
common_voice_gju_42565707.mp3	1908
common_voice_gju_42108540.mp3	5580
common_voice_gju_42137439.mp3	1656
common_voice_gju_42100530.mp3	2376
common_voice_gju_42199847.mp3	1800
common_voice_gju_42462046.mp3	2088
common_voice_gju_42594904.mp3	3636
common_voice_gju_42100371.mp3	3348
common_voice_gju_42476774.mp3	2736
common_voice_gju_42562250.mp3	2700
common_voice_gju_42601787.mp3	3276
common_voice_gju_42089741.mp3	2988
common_voice_gju_42108717.mp3	3708
common_voice_gju_42090517.mp3	2160
common_voice_gju_42199823.mp3	2268
common_voice_gju_42476785.mp3	4428
common_voice_gju_42100294.mp3	3348
common_voice_gju_42638004.mp3	4068
common_voice_gju_42620061.mp3	3168
common_voice_gju_42087575.mp3	3996
common_voice_gju_42565427.mp3	3528
common_voice_gju_42565618.mp3	2880
common_voice_gju_42091399.mp3	3528
common_voice_gju_42562833.mp3	3456
common_voice_gju_42090531.mp3	2376
common_voice_gju_42588263.mp3	5040
common_voice_gju_42565415.mp3	2556
common_voice_gju_42481116.mp3	7380
common_voice_gju_42111382.mp3	5076
common_voice_gju_42638073.mp3	2988
common_voice_gju_42563178.mp3	2736
common_voice_gju_42565837.mp3	3780
common_voice_gju_42188152.mp3	1548
common_voice_gju_42112604.mp3	3780
common_voice_gju_42200410.mp3	1620
common_voice_gju_42529690.mp3	2340
common_voice_gju_42109244.mp3	2736
common_voice_gju_42529718.mp3	5328
common_voice_gju_42087371.mp3	4356
common_voice_gju_42409350.mp3	2880
common_voice_gju_42565576.mp3	5148
common_voice_gju_42588277.mp3	2088
common_voice_gju_42604284.mp3	6408
common_voice_gju_42409753.mp3	3636
common_voice_gju_42565369.mp3	2196
common_voice_gju_42197281.mp3	1476
common_voice_gju_42500939.mp3	2340
common_voice_gju_42179735.mp3	2628
common_voice_gju_42565757.mp3	3600
common_voice_gju_42612894.mp3	2988
common_voice_gju_42556006.mp3	2160
common_voice_gju_42529526.mp3	2520
common_voice_gju_42099704.mp3	3276
common_voice_gju_42499622.mp3	2160
common_voice_gju_42179949.mp3	3636
common_voice_gju_42565320.mp3	2556
common_voice_gju_42102508.mp3	2376
common_voice_gju_42102727.mp3	3276
common_voice_gju_42112749.mp3	3960
common_voice_gju_42562376.mp3	7020
common_voice_gju_42565553.mp3	2160
common_voice_gju_42603883.mp3	2268
common_voice_gju_42604325.mp3	4140
common_voice_gju_42462033.mp3	3888
common_voice_gju_42182783.mp3	3420
common_voice_gju_42594997.mp3	2268
common_voice_gju_42200115.mp3	2088
common_voice_gju_42196835.mp3	1260
common_voice_gju_42476429.mp3	3780
common_voice_gju_42111470.mp3	4068
common_voice_gju_42107826.mp3	3420
common_voice_gju_42613746.mp3	2988
common_voice_gju_42101138.mp3	2160
common_voice_gju_42537360.mp3	3456
common_voice_gju_42587363.mp3	4536
common_voice_gju_42501039.mp3	3096
common_voice_gju_42102948.mp3	2520
common_voice_gju_42563087.mp3	2628
common_voice_gju_42587560.mp3	2736
common_voice_gju_42199846.mp3	1800
common_voice_gju_42530058.mp3	3780
common_voice_gju_42588215.mp3	2268
common_voice_gju_42409205.mp3	2988
common_voice_gju_42562083.mp3	2016
common_voice_gju_42478534.mp3	2376
common_voice_gju_42563130.mp3	4896
common_voice_gju_42100444.mp3	3636
common_voice_gju_42620063.mp3	3456
common_voice_gju_42530027.mp3	2160
common_voice_gju_42090004.mp3	2340
common_voice_gju_42087451.mp3	2700
common_voice_gju_42622255.mp3	4608
common_voice_gju_42565412.mp3	3996
common_voice_gju_42562695.mp3	3960
common_voice_gju_42188594.mp3	4140
common_voice_gju_42198370.mp3	1548
common_voice_gju_42083755.mp3	5256
common_voice_gju_42604334.mp3	4068
common_voice_gju_42476551.mp3	5040
common_voice_gju_42091196.mp3	2736
common_voice_gju_42197089.mp3	1368
common_voice_gju_42560965.mp3	4500
common_voice_gju_42612911.mp3	3816
common_voice_gju_42497518.mp3	3600
common_voice_gju_42180086.mp3	3888
common_voice_gju_42089829.mp3	8856
common_voice_gju_42107424.mp3	1908
common_voice_gju_42107499.mp3	7236
common_voice_gju_42107284.mp3	5256
common_voice_gju_42199604.mp3	2736
common_voice_gju_42089567.mp3	2556
common_voice_gju_42565783.mp3	1908
common_voice_gju_42102629.mp3	4716
common_voice_gju_42087578.mp3	2916
common_voice_gju_42478595.mp3	2196
common_voice_gju_42565853.mp3	5148
common_voice_gju_42613462.mp3	4680
common_voice_gju_42188517.mp3	2988
common_voice_gju_42612789.mp3	2628
common_voice_gju_42603902.mp3	2628
common_voice_gju_42100500.mp3	7236
common_voice_gju_42476787.mp3	2016
common_voice_gju_42197935.mp3	1728
common_voice_gju_42409625.mp3	3456
common_voice_gju_42562892.mp3	2916
common_voice_gju_42198403.mp3	2268
common_voice_gju_42167465.mp3	4608
common_voice_gju_42637725.mp3	2700
common_voice_gju_42107453.mp3	1656
common_voice_gju_42100920.mp3	2268
common_voice_gju_42112376.mp3	4428
common_voice_gju_42481120.mp3	2556
common_voice_gju_42187301.mp3	1656
common_voice_gju_42530198.mp3	2340
common_voice_gju_42100895.mp3	4068
common_voice_gju_42587948.mp3	1980
common_voice_gju_42502433.mp3	4536
common_voice_gju_42637727.mp3	3168
common_voice_gju_42090718.mp3	3096
common_voice_gju_42587985.mp3	3168
common_voice_gju_42107286.mp3	3708
common_voice_gju_42102207.mp3	2196
common_voice_gju_42613523.mp3	2016
common_voice_gju_42499657.mp3	3060
common_voice_gju_42107859.mp3	2376
common_voice_gju_42102826.mp3	3888
common_voice_gju_42562609.mp3	2520
common_voice_gju_42089679.mp3	2268
common_voice_gju_42108568.mp3	4356
common_voice_gju_42537310.mp3	3708
common_voice_gju_42501037.mp3	4140
common_voice_gju_42188143.mp3	3168
common_voice_gju_42587804.mp3	1980
common_voice_gju_42562111.mp3	2088
common_voice_gju_42199289.mp3	2196
common_voice_gju_42530197.mp3	3348
common_voice_gju_42529684.mp3	4176
common_voice_gju_42562764.mp3	5256
common_voice_gju_42409133.mp3	2988
common_voice_gju_42199867.mp3	1620
common_voice_gju_42102392.mp3	3456
common_voice_gju_42612664.mp3	3276
common_voice_gju_42087394.mp3	2880
common_voice_gju_42587868.mp3	2088
common_voice_gju_42601766.mp3	1620
common_voice_gju_42197286.mp3	1548
common_voice_gju_42501205.mp3	2916
common_voice_gju_42108197.mp3	2628
common_voice_gju_42199909.mp3	2088
common_voice_gju_42137630.mp3	2520
common_voice_gju_42562098.mp3	6048
common_voice_gju_42100320.mp3	2196
common_voice_gju_42587473.mp3	2268
common_voice_gju_42565450.mp3	6480
common_voice_gju_42409161.mp3	5436
common_voice_gju_42565381.mp3	1656
common_voice_gju_42587447.mp3	2196
common_voice_gju_42588132.mp3	1980
common_voice_gju_42601433.mp3	8928
common_voice_gju_42087460.mp3	4716
common_voice_gju_42080049.mp3	3420
common_voice_gju_42565798.mp3	3276
common_voice_gju_42167613.mp3	6480
common_voice_gju_42109096.mp3	1656
common_voice_gju_42200170.mp3	3168
common_voice_gju_42613727.mp3	10116
common_voice_gju_42594933.mp3	3456
common_voice_gju_42137628.mp3	3060
common_voice_gju_42109363.mp3	2376
common_voice_gju_42613451.mp3	2916
common_voice_gju_42565258.mp3	2376
common_voice_gju_42476383.mp3	2088
common_voice_gju_42461476.mp3	3276
common_voice_gju_42604097.mp3	3708
common_voice_gju_42613799.mp3	2268
common_voice_gju_42622263.mp3	1656
common_voice_gju_42637708.mp3	7668
common_voice_gju_42100398.mp3	2988
common_voice_gju_42409545.mp3	2628
common_voice_gju_42529748.mp3	3780
common_voice_gju_42604112.mp3	1800
common_voice_gju_42562600.mp3	2988
common_voice_gju_42476328.mp3	2988
common_voice_gju_42188285.mp3	3096
common_voice_gju_42198400.mp3	2088
common_voice_gju_42087391.mp3	4716
common_voice_gju_42089714.mp3	4536
common_voice_gju_42087666.mp3	2016
common_voice_gju_42587645.mp3	1800
common_voice_gju_42565233.mp3	3276
common_voice_gju_42106623.mp3	4716
common_voice_gju_42502421.mp3	2520
common_voice_gju_42409543.mp3	3060
common_voice_gju_42199874.mp3	3780
common_voice_gju_42197990.mp3	1476
common_voice_gju_42107423.mp3	3996
common_voice_gju_42565646.mp3	3996
common_voice_gju_42409435.mp3	3060
common_voice_gju_42101735.mp3	4896
common_voice_gju_42562874.mp3	3888
common_voice_gju_42195965.mp3	2016
common_voice_gju_42111896.mp3	2340
common_voice_gju_42195370.mp3	3060
common_voice_gju_42529085.mp3	4140
common_voice_gju_42091272.mp3	3780
common_voice_gju_42501195.mp3	2916
common_voice_gju_42195398.mp3	1440
common_voice_gju_42587740.mp3	3240
common_voice_gju_42199282.mp3	2340
common_voice_gju_42167480.mp3	4608
common_voice_gju_42199181.mp3	2916
common_voice_gju_42476570.mp3	4140
common_voice_gju_42594977.mp3	3456
common_voice_gju_42500827.mp3	2556
common_voice_gju_42587734.mp3	2340
common_voice_gju_42476310.mp3	2520
common_voice_gju_42476340.mp3	4140
common_voice_gju_42476622.mp3	2700
common_voice_gju_42091173.mp3	3096
common_voice_gju_42565359.mp3	3420
common_voice_gju_42111833.mp3	3780
common_voice_gju_42121420.mp3	3636
common_voice_gju_42612799.mp3	3636
common_voice_gju_42612936.mp3	2988
common_voice_gju_42603821.mp3	2088
common_voice_gju_42562485.mp3	3528
common_voice_gju_42108495.mp3	1728
common_voice_gju_42101019.mp3	7380
common_voice_gju_42102891.mp3	3708
common_voice_gju_42476487.mp3	2556
common_voice_gju_42476783.mp3	6660
common_voice_gju_42529886.mp3	8316
common_voice_gju_42200437.mp3	2016
common_voice_gju_42476715.mp3	1836
common_voice_gju_42601424.mp3	2916
common_voice_gju_42601508.mp3	4356
common_voice_gju_42587575.mp3	2700
common_voice_gju_42091470.mp3	4896
common_voice_gju_42091438.mp3	2700
common_voice_gju_42179910.mp3	1476
common_voice_gju_42195935.mp3	1980
common_voice_gju_42102362.mp3	6300
common_voice_gju_42594921.mp3	3528
common_voice_gju_42101104.mp3	2520
common_voice_gju_42109330.mp3	2196
common_voice_gju_42090683.mp3	3636
common_voice_gju_42199444.mp3	1656
common_voice_gju_42637633.mp3	3528
common_voice_gju_42601647.mp3	2700
common_voice_gju_42565225.mp3	2160
common_voice_gju_42112562.mp3	1836
common_voice_gju_42111514.mp3	2520
common_voice_gju_42612849.mp3	3456
common_voice_gju_42587327.mp3	3348
common_voice_gju_42563065.mp3	2700
common_voice_gju_42101783.mp3	1836
common_voice_gju_42100751.mp3	5580
common_voice_gju_42613870.mp3	2376
common_voice_gju_42565663.mp3	2016
common_voice_gju_42565861.mp3	4356
common_voice_gju_42529355.mp3	3780
common_voice_gju_42089959.mp3	2988
common_voice_gju_42565770.mp3	1980
common_voice_gju_42565648.mp3	4176
common_voice_gju_42604159.mp3	2376
common_voice_gju_42102363.mp3	3420
common_voice_gju_42100982.mp3	3888
common_voice_gju_42619892.mp3	3780
common_voice_gju_42499627.mp3	4068
common_voice_gju_42197367.mp3	1440
common_voice_gju_42091230.mp3	6228
common_voice_gju_42112748.mp3	3096
common_voice_gju_42079893.mp3	2988
common_voice_gju_42198267.mp3	4968
common_voice_gju_42481077.mp3	4536
common_voice_gju_42601672.mp3	2088
common_voice_gju_42587381.mp3	2376
common_voice_gju_42102429.mp3	1800
common_voice_gju_42588058.mp3	2988
common_voice_gju_42108563.mp3	1656
common_voice_gju_42587366.mp3	3168
common_voice_gju_42108490.mp3	2088
common_voice_gju_42102010.mp3	11016
common_voice_gju_42167743.mp3	2376
common_voice_gju_42460784.mp3	2988
common_voice_gju_42478747.mp3	6156
common_voice_gju_42087532.mp3	6300
common_voice_gju_42565872.mp3	2160
common_voice_gju_42137408.mp3	3600
common_voice_gju_42091325.mp3	2376
common_voice_gju_42563196.mp3	3528
common_voice_gju_42197512.mp3	1368
common_voice_gju_42091428.mp3	4536
common_voice_gju_42109362.mp3	2268
common_voice_gju_42529372.mp3	4536
common_voice_gju_42460861.mp3	2088
common_voice_gju_42638069.mp3	2160
common_voice_gju_42409483.mp3	3888
common_voice_gju_42604372.mp3	3060
common_voice_gju_42409433.mp3	2520
common_voice_gju_42637714.mp3	4068
common_voice_gju_42502506.mp3	2988
common_voice_gju_42562472.mp3	4320
common_voice_gju_42087579.mp3	2340
common_voice_gju_42604288.mp3	3456
common_voice_gju_42587943.mp3	2160
common_voice_gju_42121521.mp3	1908
common_voice_gju_42196821.mp3	1368
common_voice_gju_42476618.mp3	3096
common_voice_gju_42603846.mp3	4860
common_voice_gju_42108620.mp3	2808
common_voice_gju_42637786.mp3	2196
common_voice_gju_42188629.mp3	3276
common_voice_gju_42587863.mp3	1908
common_voice_gju_42107907.mp3	5328
common_voice_gju_42501217.mp3	5868
common_voice_gju_42588301.mp3	2448
common_voice_gju_42100370.mp3	7956
common_voice_gju_42613837.mp3	3780
common_voice_gju_42107635.mp3	1800
common_voice_gju_42108509.mp3	1980
common_voice_gju_42587335.mp3	2196
common_voice_gju_42565578.mp3	3600
common_voice_gju_42137502.mp3	2376
common_voice_gju_42409349.mp3	3960
common_voice_gju_42565473.mp3	2088
common_voice_gju_42179840.mp3	1548
common_voice_gju_42637814.mp3	2916
common_voice_gju_42565863.mp3	6660
common_voice_gju_42588190.mp3	1656
common_voice_gju_42107854.mp3	2340
common_voice_gju_42108721.mp3	2628
common_voice_gju_42529089.mp3	3060
common_voice_gju_42109332.mp3	3708
common_voice_gju_42108586.mp3	4356
common_voice_gju_42501200.mp3	2700
common_voice_gju_42619798.mp3	4608
common_voice_gju_42478710.mp3	2088
common_voice_gju_42588128.mp3	2088
common_voice_gju_42100474.mp3	2556
common_voice_gju_42108027.mp3	4428
common_voice_gju_42565564.mp3	3528
common_voice_gju_42562659.mp3	2520
common_voice_gju_42529559.mp3	2736
common_voice_gju_42112582.mp3	1728
common_voice_gju_42601736.mp3	3420
common_voice_gju_42481129.mp3	4068
common_voice_gju_42612718.mp3	4500
common_voice_gju_42087409.mp3	3456
common_voice_gju_42112303.mp3	4716
common_voice_gju_42112592.mp3	2736
common_voice_gju_42089876.mp3	5868
common_voice_gju_42089628.mp3	8568
common_voice_gju_42106926.mp3	3276
common_voice_gju_42587750.mp3	1620
common_voice_gju_42481075.mp3	4860
common_voice_gju_42198612.mp3	1188
common_voice_gju_42622367.mp3	1800
common_voice_gju_42107598.mp3	1800
common_voice_gju_42563163.mp3	3816
common_voice_gju_42089643.mp3	15588
common_voice_gju_42102759.mp3	5976
common_voice_gju_42101339.mp3	5040
common_voice_gju_42622338.mp3	2916
common_voice_gju_42102970.mp3	1260
common_voice_gju_42121480.mp3	2520
common_voice_gju_42179778.mp3	4248
common_voice_gju_42613439.mp3	2376
common_voice_gju_42409461.mp3	2628
common_voice_gju_42083771.mp3	6048
common_voice_gju_42637555.mp3	2268
common_voice_gju_42622056.mp3	2268
common_voice_gju_42198376.mp3	2160
common_voice_gju_42460793.mp3	2988
common_voice_gju_42180084.mp3	1836
common_voice_gju_42197125.mp3	4428
common_voice_gju_42601407.mp3	2628
common_voice_gju_42601585.mp3	3096
common_voice_gju_42603771.mp3	6660
common_voice_gju_42562963.mp3	2160
common_voice_gju_42604342.mp3	2520
common_voice_gju_42200145.mp3	2376
common_voice_gju_42529215.mp3	3816
common_voice_gju_42562353.mp3	2916
common_voice_gju_42167457.mp3	3528
common_voice_gju_42101933.mp3	3600
common_voice_gju_42601786.mp3	3528
common_voice_gju_42587427.mp3	2520
common_voice_gju_42587549.mp3	1836
common_voice_gju_42612698.mp3	4536
common_voice_gju_42107561.mp3	4500
common_voice_gju_42565448.mp3	2340
common_voice_gju_42107432.mp3	1908
common_voice_gju_42500989.mp3	2520
common_voice_gju_42622333.mp3	2376
common_voice_gju_42167434.mp3	1836
common_voice_gju_42587779.mp3	3636
common_voice_gju_42613500.mp3	7020
common_voice_gju_42112599.mp3	4248
common_voice_gju_42107176.mp3	3888
common_voice_gju_42408909.mp3	1656
common_voice_gju_42099705.mp3	2988
common_voice_gju_42604375.mp3	3636
common_voice_gju_42476483.mp3	2808
common_voice_gju_42100566.mp3	7200
common_voice_gju_42562381.mp3	2376
common_voice_gju_42637901.mp3	2880
common_voice_gju_42111148.mp3	3060
common_voice_gju_42107882.mp3	2520
common_voice_gju_42107287.mp3	4716
common_voice_gju_42100230.mp3	4968
common_voice_gju_42478748.mp3	5076
common_voice_gju_42587494.mp3	2628
common_voice_gju_42501185.mp3	3636
common_voice_gju_42179733.mp3	2268
common_voice_gju_42108592.mp3	1836
common_voice_gju_42195404.mp3	1728
common_voice_gju_42565825.mp3	3276
common_voice_gju_42594953.mp3	3960
common_voice_gju_42613743.mp3	6480
common_voice_gju_42460781.mp3	2700
common_voice_gju_42109305.mp3	2628
common_voice_gju_42197401.mp3	2268
common_voice_gju_42476399.mp3	1800
common_voice_gju_42594936.mp3	2736
common_voice_gju_42109449.mp3	1836
common_voice_gju_42196858.mp3	2340
common_voice_gju_42107789.mp3	2376
common_voice_gju_42562417.mp3	2520
common_voice_gju_42476479.mp3	3240
common_voice_gju_42137685.mp3	3600
common_voice_gju_42530019.mp3	2160
common_voice_gju_42556000.mp3	4716
common_voice_gju_42500807.mp3	2916
common_voice_gju_42108560.mp3	12600
common_voice_gju_42101966.mp3	3708
common_voice_gju_42565912.mp3	7416
common_voice_gju_42638014.mp3	6660
common_voice_gju_42612898.mp3	2268
common_voice_gju_42112541.mp3	3420
common_voice_gju_42087587.mp3	3528
common_voice_gju_42101294.mp3	3600
common_voice_gju_42102313.mp3	2556
common_voice_gju_42565705.mp3	1908
common_voice_gju_42476582.mp3	2736
common_voice_gju_42500852.mp3	2016
common_voice_gju_42099670.mp3	5400
common_voice_gju_42500842.mp3	2376
common_voice_gju_42565344.mp3	3528
common_voice_gju_42089581.mp3	2376
common_voice_gju_42587763.mp3	2916
common_voice_gju_42562174.mp3	4176
common_voice_gju_42182829.mp3	1980
common_voice_gju_42478697.mp3	3600
common_voice_gju_42587616.mp3	2628
common_voice_gju_42565243.mp3	4140
common_voice_gju_42080193.mp3	2916
common_voice_gju_42087606.mp3	2340
common_voice_gju_42184225.mp3	2520
common_voice_gju_42587432.mp3	3168
common_voice_gju_42087390.mp3	2700
common_voice_gju_42562966.mp3	4500
common_voice_gju_42588236.mp3	3348
common_voice_gju_42188399.mp3	2016
common_voice_gju_42601507.mp3	2340
common_voice_gju_42587629.mp3	1728
common_voice_gju_42601553.mp3	4428
common_voice_gju_42108621.mp3	2556
common_voice_gju_42109311.mp3	2340
common_voice_gju_42601713.mp3	3168
common_voice_gju_42100311.mp3	2016
common_voice_gju_42187145.mp3	3780
common_voice_gju_42101760.mp3	7776
common_voice_gju_42588136.mp3	2196
common_voice_gju_42603829.mp3	2880
common_voice_gju_42182669.mp3	3528
common_voice_gju_42179750.mp3	3816
common_voice_gju_42604056.mp3	2340
common_voice_gju_42409714.mp3	3096
common_voice_gju_42612803.mp3	2736
common_voice_gju_42109349.mp3	5220
common_voice_gju_42108123.mp3	2556
common_voice_gju_42109110.mp3	3276
common_voice_gju_42460779.mp3	4068
common_voice_gju_42603758.mp3	2196
common_voice_gju_42112515.mp3	3888
common_voice_gju_42196854.mp3	2088
common_voice_gju_42587814.mp3	5940
common_voice_gju_42101356.mp3	4356
common_voice_gju_42613533.mp3	2556
common_voice_gju_42478540.mp3	2268
common_voice_gju_42090770.mp3	5076
common_voice_gju_42195509.mp3	2988
common_voice_gju_42603770.mp3	3276
common_voice_gju_42107790.mp3	1620
common_voice_gju_42100680.mp3	2628
common_voice_gju_42179689.mp3	3168
common_voice_gju_42199557.mp3	2700
common_voice_gju_42481164.mp3	3996
common_voice_gju_42565904.mp3	5976
common_voice_gju_42091003.mp3	2700
common_voice_gju_42565653.mp3	3060
common_voice_gju_42108169.mp3	2448
common_voice_gju_42603750.mp3	4140
common_voice_gju_42090024.mp3	3600
common_voice_gju_42562846.mp3	2268
common_voice_gju_42565409.mp3	1908
common_voice_gju_42198167.mp3	1188
common_voice_gju_42102665.mp3	4788
common_voice_gju_42198063.mp3	1728
common_voice_gju_42090564.mp3	4356
common_voice_gju_42198560.mp3	2448
common_voice_gju_42180064.mp3	5580
common_voice_gju_42562269.mp3	3600
common_voice_gju_42087331.mp3	3420
common_voice_gju_42502514.mp3	2628
common_voice_gju_42637703.mp3	2988
common_voice_gju_42102130.mp3	1620
common_voice_gju_42587557.mp3	2556
common_voice_gju_42109350.mp3	2196
common_voice_gju_42079943.mp3	4428
common_voice_gju_42587826.mp3	2340
common_voice_gju_42565318.mp3	3888
common_voice_gju_42622257.mp3	3276
common_voice_gju_42107303.mp3	6588
common_voice_gju_42107709.mp3	1908
common_voice_gju_42613548.mp3	11268
common_voice_gju_42565830.mp3	9576
common_voice_gju_42409458.mp3	4536
common_voice_gju_42106879.mp3	6120
common_voice_gju_42565371.mp3	2556
common_voice_gju_42101919.mp3	3996
common_voice_gju_42409575.mp3	4536
common_voice_gju_42167227.mp3	9648
common_voice_gju_42612972.mp3	3636
common_voice_gju_42476572.mp3	3348
common_voice_gju_42613823.mp3	2448
common_voice_gju_42109444.mp3	1800
common_voice_gju_42111233.mp3	3240
common_voice_gju_42562794.mp3	3780
common_voice_gju_42087613.mp3	6876
common_voice_gju_42112024.mp3	4320
common_voice_gju_42476670.mp3	3636
common_voice_gju_42587520.mp3	4428
common_voice_gju_42637591.mp3	4068
common_voice_gju_42199773.mp3	2808
common_voice_gju_42107349.mp3	4608
common_voice_gju_42476317.mp3	2808
common_voice_gju_42109084.mp3	1908
common_voice_gju_42200030.mp3	1656
common_voice_gju_42167776.mp3	2340
common_voice_gju_42090310.mp3	9756
common_voice_gju_42556001.mp3	3456
common_voice_gju_42603975.mp3	5580
common_voice_gju_42121978.mp3	2016
common_voice_gju_42112525.mp3	3528
common_voice_gju_42200262.mp3	2196
common_voice_gju_42167760.mp3	2016
common_voice_gju_42409103.mp3	2196
common_voice_gju_42107396.mp3	1980
common_voice_gju_42499671.mp3	4068
common_voice_gju_42587516.mp3	2160
common_voice_gju_42188596.mp3	1908
common_voice_gju_42565335.mp3	2448
common_voice_gju_42091283.mp3	6588
common_voice_gju_42188260.mp3	2808
common_voice_gju_42109366.mp3	2088
common_voice_gju_42500856.mp3	2376
common_voice_gju_42103171.mp3	3816
common_voice_gju_42603868.mp3	1980
common_voice_gju_42604301.mp3	1620
common_voice_gju_42613627.mp3	3528
common_voice_gju_42601554.mp3	1728
common_voice_gju_42100253.mp3	2448
common_voice_gju_42587726.mp3	2808
common_voice_gju_42091391.mp3	2700
common_voice_gju_42121429.mp3	2700
common_voice_gju_42106647.mp3	2988
common_voice_gju_42565781.mp3	2880
common_voice_gju_42121426.mp3	9936
common_voice_gju_42604144.mp3	2196
common_voice_gju_42613642.mp3	3168
common_voice_gju_42565516.mp3	3240
common_voice_gju_42137568.mp3	3816
common_voice_gju_42112281.mp3	2016
common_voice_gju_42461993.mp3	3456
common_voice_gju_42613435.mp3	5400
common_voice_gju_42100772.mp3	2196
common_voice_gju_42409768.mp3	3348
common_voice_gju_42530017.mp3	4320
common_voice_gju_42613605.mp3	3528
common_voice_gju_42090598.mp3	2196
common_voice_gju_42587724.mp3	2628
common_voice_gju_42613710.mp3	4896
common_voice_gju_42612777.mp3	2556
common_voice_gju_42102827.mp3	1908
common_voice_gju_42613554.mp3	2088
common_voice_gju_42562606.mp3	5796
common_voice_gju_42612825.mp3	3636
common_voice_gju_42112305.mp3	2088
common_voice_gju_42562386.mp3	2268
common_voice_gju_42107429.mp3	1656
common_voice_gju_42476524.mp3	4896
common_voice_gju_42613501.mp3	2016
common_voice_gju_42462097.mp3	2988
common_voice_gju_42109256.mp3	2196
common_voice_gju_42587323.mp3	3060
common_voice_gju_42409755.mp3	7236
common_voice_gju_42138289.mp3	3708
common_voice_gju_42562513.mp3	4356
common_voice_gju_42613654.mp3	5040
common_voice_gju_42109035.mp3	3888
common_voice_gju_42199261.mp3	1656
common_voice_gju_42562217.mp3	9288
common_voice_gju_42594946.mp3	3420
common_voice_gju_42199738.mp3	2988
common_voice_gju_42108082.mp3	1836
common_voice_gju_42587744.mp3	2448
common_voice_gju_42108052.mp3	1620
common_voice_gju_42107900.mp3	3708
common_voice_gju_42198576.mp3	4896
common_voice_gju_42167401.mp3	3096
common_voice_gju_42594903.mp3	6156
common_voice_gju_42195996.mp3	1368
common_voice_gju_42637841.mp3	5436
common_voice_gju_42563129.mp3	3960
common_voice_gju_42562601.mp3	3240
common_voice_gju_42101525.mp3	2700
common_voice_gju_42096595.mp3	3276
common_voice_gju_42588138.mp3	1980
common_voice_gju_42107354.mp3	3636
common_voice_gju_42497587.mp3	3708
common_voice_gju_42613902.mp3	2808
common_voice_gju_42481189.mp3	3060
common_voice_gju_42188214.mp3	2628
common_voice_gju_42137589.mp3	6048
common_voice_gju_42502494.mp3	4176
common_voice_gju_42087563.mp3	2196
common_voice_gju_42613466.mp3	3708
common_voice_gju_42562787.mp3	2016
common_voice_gju_42587561.mp3	3096
common_voice_gju_42199780.mp3	2376
common_voice_gju_42101354.mp3	3456
common_voice_gju_42563051.mp3	2556
common_voice_gju_42461266.mp3	3636
common_voice_gju_42612905.mp3	4896
common_voice_gju_42112731.mp3	3780
common_voice_gju_42461261.mp3	3528
common_voice_gju_42565273.mp3	4176
common_voice_gju_42612945.mp3	4356
common_voice_gju_42087640.mp3	4716
common_voice_gju_42604221.mp3	3348
common_voice_gju_42588251.mp3	4428
common_voice_gju_42089601.mp3	2376
common_voice_gju_42563104.mp3	2988
common_voice_gju_42121540.mp3	2160
common_voice_gju_42612762.mp3	6876
common_voice_gju_42090329.mp3	4608
common_voice_gju_42102871.mp3	2016
common_voice_gju_42090463.mp3	2808
common_voice_gju_42107637.mp3	4428
common_voice_gju_42619938.mp3	3636
common_voice_gju_42613524.mp3	2448
common_voice_gju_42102482.mp3	4248
common_voice_gju_42107509.mp3	3528
common_voice_gju_42409702.mp3	3348
common_voice_gju_42476718.mp3	3240
common_voice_gju_42500941.mp3	2736
common_voice_gju_42199244.mp3	1476
common_voice_gju_42409012.mp3	3168
common_voice_gju_42199714.mp3	1908
common_voice_gju_42167369.mp3	5580
common_voice_gju_42107358.mp3	3420
common_voice_gju_42529911.mp3	3060
common_voice_gju_42562774.mp3	2808
common_voice_gju_42613469.mp3	2520
common_voice_gju_42563062.mp3	2700
common_voice_gju_42090875.mp3	5868
common_voice_gju_42200425.mp3	2016
common_voice_gju_42529662.mp3	2880
common_voice_gju_42613444.mp3	1908
common_voice_gju_42597263.mp3	6408
common_voice_gju_42620055.mp3	7776
common_voice_gju_42112430.mp3	1800
common_voice_gju_42588031.mp3	2700
common_voice_gju_42409347.mp3	2556
common_voice_gju_42109267.mp3	1980
common_voice_gju_42107965.mp3	4500
common_voice_gju_42501231.mp3	5508
common_voice_gju_42460769.mp3	3528
common_voice_gju_42501093.mp3	2268
common_voice_gju_42106812.mp3	3420
common_voice_gju_42108589.mp3	3636
common_voice_gju_42180027.mp3	3420
common_voice_gju_42612964.mp3	5076
common_voice_gju_42101746.mp3	4320
common_voice_gju_42587423.mp3	1836
common_voice_gju_42109372.mp3	3708
common_voice_gju_42638049.mp3	2268
common_voice_gju_42200205.mp3	3348
common_voice_gju_42087489.mp3	4788
common_voice_gju_42107110.mp3	5508
common_voice_gju_42107971.mp3	2268
common_voice_gju_42613690.mp3	2988
common_voice_gju_42476772.mp3	3096
common_voice_gju_42612931.mp3	2808
common_voice_gju_42199366.mp3	3636
common_voice_gju_42565525.mp3	4500
common_voice_gju_42565286.mp3	2448
common_voice_gju_42461634.mp3	2268
common_voice_gju_42619929.mp3	2700
common_voice_gju_42565329.mp3	3420
common_voice_gju_42588140.mp3	4896
common_voice_gju_42180079.mp3	5148
common_voice_gju_42112549.mp3	3096
common_voice_gju_42101444.mp3	2016
common_voice_gju_42603851.mp3	1728
common_voice_gju_42603934.mp3	2628
common_voice_gju_42108129.mp3	4320
common_voice_gju_42409109.mp3	2988
common_voice_gju_42613490.mp3	3960
common_voice_gju_42096693.mp3	2736
common_voice_gju_42121506.mp3	5436
common_voice_gju_42109402.mp3	5256
common_voice_gju_42588278.mp3	1800
common_voice_gju_42587364.mp3	2556
common_voice_gju_42565742.mp3	2448
common_voice_gju_42588124.mp3	2520
common_voice_gju_42091001.mp3	2016
common_voice_gju_42562391.mp3	3168
common_voice_gju_42529999.mp3	5580
common_voice_gju_42601588.mp3	1836
common_voice_gju_42500894.mp3	2520
common_voice_gju_42199767.mp3	1620
common_voice_gju_42587866.mp3	3348
common_voice_gju_42080047.mp3	2196
common_voice_gju_42112685.mp3	4320
common_voice_gju_42109023.mp3	2016
common_voice_gju_42476627.mp3	2088
common_voice_gju_42612734.mp3	3168
common_voice_gju_42462068.mp3	3348
common_voice_gju_42461583.mp3	2736
common_voice_gju_42562636.mp3	3240
common_voice_gju_42100600.mp3	7308
common_voice_gju_42603917.mp3	1836
common_voice_gju_42478523.mp3	6120
common_voice_gju_42179752.mp3	3060
common_voice_gju_42107727.mp3	6048
common_voice_gju_42562304.mp3	5688
common_voice_gju_42409468.mp3	3060
common_voice_gju_42622396.mp3	2196
common_voice_gju_42188404.mp3	1836
common_voice_gju_42200092.mp3	3348
common_voice_gju_42112353.mp3	8100
common_voice_gju_42565201.mp3	2520
common_voice_gju_42601775.mp3	6048
common_voice_gju_42613869.mp3	2376
common_voice_gju_42587291.mp3	4788
common_voice_gju_42601503.mp3	2268
common_voice_gju_42562494.mp3	1728
common_voice_gju_42087644.mp3	3240
common_voice_gju_42109450.mp3	5580
common_voice_gju_42478764.mp3	4536
common_voice_gju_42612696.mp3	3420
common_voice_gju_42565366.mp3	2160
common_voice_gju_42102562.mp3	4968
common_voice_gju_42199191.mp3	1908
common_voice_gju_42106850.mp3	5436
common_voice_gju_42180080.mp3	2340
common_voice_gju_42107834.mp3	2520
common_voice_gju_42409041.mp3	4536
common_voice_gju_42588029.mp3	2196
common_voice_gju_42529213.mp3	2808
common_voice_gju_42562906.mp3	3636
common_voice_gju_42612787.mp3	3168
common_voice_gju_42637911.mp3	2016
common_voice_gju_42588082.mp3	1836
common_voice_gju_42594991.mp3	4716
common_voice_gju_42603847.mp3	2520
common_voice_gju_42530228.mp3	3060
common_voice_gju_42109245.mp3	2520
common_voice_gju_42089868.mp3	3960
common_voice_gju_42182878.mp3	3708
common_voice_gju_42587567.mp3	1908
common_voice_gju_42462054.mp3	2808
common_voice_gju_42587569.mp3	5400
common_voice_gju_42588018.mp3	2880
common_voice_gju_42188655.mp3	3060
common_voice_gju_42601549.mp3	2808
common_voice_gju_42588114.mp3	2376
common_voice_gju_42613440.mp3	3600
common_voice_gju_42587538.mp3	2016
common_voice_gju_42089602.mp3	4140
common_voice_gju_42478547.mp3	3528
common_voice_gju_42184746.mp3	1800
common_voice_gju_42080121.mp3	1548
common_voice_gju_42613502.mp3	1980
common_voice_gju_42565744.mp3	2268
common_voice_gju_42087576.mp3	2808
common_voice_gju_42613745.mp3	1800
common_voice_gju_42612673.mp3	4536
common_voice_gju_42601509.mp3	1836
common_voice_gju_42562127.mp3	5076
common_voice_gju_42622215.mp3	2628
common_voice_gju_42619883.mp3	2628
common_voice_gju_42603871.mp3	2160
common_voice_gju_42588034.mp3	3168
common_voice_gju_42199559.mp3	1836
common_voice_gju_42102143.mp3	3780
common_voice_gju_42091185.mp3	2160
common_voice_gju_42106593.mp3	4428
common_voice_gju_42096411.mp3	3060
common_voice_gju_42481062.mp3	3240
common_voice_gju_42619957.mp3	5256
common_voice_gju_42481083.mp3	2376
common_voice_gju_42530071.mp3	5400
common_voice_gju_42107655.mp3	2016
common_voice_gju_42408838.mp3	4356
common_voice_gju_42612965.mp3	3996
common_voice_gju_42107670.mp3	5580
common_voice_gju_42106880.mp3	4176
common_voice_gju_42562956.mp3	1800
common_voice_gju_42620029.mp3	3168
common_voice_gju_42604343.mp3	1836
common_voice_gju_42102498.mp3	3240
common_voice_gju_42587492.mp3	2268
common_voice_gju_42637663.mp3	1980
common_voice_gju_42499696.mp3	2196
common_voice_gju_42109291.mp3	2268
common_voice_gju_42476463.mp3	5328
common_voice_gju_42461260.mp3	2556
common_voice_gju_42461556.mp3	2376
common_voice_gju_42195981.mp3	2268
common_voice_gju_42111915.mp3	4248
common_voice_gju_42565542.mp3	2196
common_voice_gju_42102532.mp3	3960
common_voice_gju_42562947.mp3	3996
common_voice_gju_42501044.mp3	1908
common_voice_gju_42106564.mp3	5868
common_voice_gju_42096424.mp3	2268
common_voice_gju_42476800.mp3	2520
common_voice_gju_42461543.mp3	1908
common_voice_gju_42502473.mp3	2520
common_voice_gju_42562586.mp3	2196
common_voice_gju_42603806.mp3	5148
common_voice_gju_42613516.mp3	3060
common_voice_gju_42182798.mp3	2520
common_voice_gju_42500859.mp3	3456
common_voice_gju_42537350.mp3	3888
common_voice_gju_42461585.mp3	2520
common_voice_gju_42107050.mp3	3060
common_voice_gju_42167537.mp3	2988
common_voice_gju_42108101.mp3	3888
common_voice_gju_42090766.mp3	5976
common_voice_gju_42200321.mp3	1440
common_voice_gju_42613488.mp3	2340
common_voice_gju_42460844.mp3	3456
common_voice_gju_42106900.mp3	4068
common_voice_gju_42199836.mp3	1476
common_voice_gju_42622391.mp3	4968
common_voice_gju_42091147.mp3	1980
common_voice_gju_42478570.mp3	2556
common_voice_gju_42107927.mp3	2700
common_voice_gju_42612661.mp3	4968
common_voice_gju_42091338.mp3	1800
common_voice_gju_42107279.mp3	2700
common_voice_gju_42179966.mp3	2736
common_voice_gju_42197199.mp3	1620
common_voice_gju_42167254.mp3	4860
common_voice_gju_42188359.mp3	2340
common_voice_gju_42565778.mp3	4608
common_voice_gju_42565906.mp3	1728
common_voice_gju_42112402.mp3	4788
common_voice_gju_42587742.mp3	2448
common_voice_gju_42090297.mp3	4536
common_voice_gju_42501203.mp3	2736
common_voice_gju_42603913.mp3	2556
common_voice_gju_42107455.mp3	2520
common_voice_gju_42562355.mp3	3528
common_voice_gju_42462016.mp3	3420
common_voice_gju_42102747.mp3	4860
common_voice_gju_42476552.mp3	2628
common_voice_gju_42613852.mp3	2376
common_voice_gju_42562189.mp3	3816
common_voice_gju_42476309.mp3	2628
common_voice_gju_42188239.mp3	1368
common_voice_gju_42087452.mp3	3060
common_voice_gju_42087519.mp3	5220
common_voice_gju_42107888.mp3	2556
common_voice_gju_42099667.mp3	11628
common_voice_gju_42199573.mp3	1656
common_voice_gju_42587584.mp3	1836
common_voice_gju_42613549.mp3	2160
common_voice_gju_42563190.mp3	2376
common_voice_gju_42562852.mp3	1800
common_voice_gju_42587316.mp3	5400
common_voice_gju_42587648.mp3	2160
common_voice_gju_42565440.mp3	2088
common_voice_gju_42637962.mp3	1728
common_voice_gju_42109243.mp3	1836
common_voice_gju_42588032.mp3	1620
common_voice_gju_42167746.mp3	3060
common_voice_gju_42500801.mp3	2160
common_voice_gju_42587785.mp3	3060
common_voice_gju_42409359.mp3	3060
common_voice_gju_42619796.mp3	3708
common_voice_gju_42184765.mp3	2340
common_voice_gju_42461677.mp3	2520
common_voice_gju_42198546.mp3	4968
common_voice_gju_42565521.mp3	2700
common_voice_gju_42102820.mp3	2376
common_voice_gju_42409261.mp3	3708
common_voice_gju_42612976.mp3	3600
common_voice_gju_42594927.mp3	5976
common_voice_gju_42107067.mp3	3888
common_voice_gju_42612824.mp3	4068
common_voice_gju_42562810.mp3	2700
common_voice_gju_42187156.mp3	1728
common_voice_gju_42604346.mp3	2016
common_voice_gju_42500804.mp3	2700
common_voice_gju_42565226.mp3	2736
common_voice_gju_42565267.mp3	1836
common_voice_gju_42476389.mp3	3780
common_voice_gju_42562648.mp3	6300
common_voice_gju_42087420.mp3	2700
common_voice_gju_42107122.mp3	5508
common_voice_gju_42108251.mp3	2088
common_voice_gju_42481119.mp3	2196
common_voice_gju_42588012.mp3	3456
common_voice_gju_42619960.mp3	3420
common_voice_gju_42530142.mp3	3240
common_voice_gju_42460824.mp3	3168
common_voice_gju_42180035.mp3	5220
common_voice_gju_42106979.mp3	3348
common_voice_gju_42563260.mp3	2520
common_voice_gju_42460802.mp3	2916
common_voice_gju_42108199.mp3	2340
common_voice_gju_42108619.mp3	4068
common_voice_gju_42500846.mp3	2808
common_voice_gju_42502517.mp3	2196
common_voice_gju_42101447.mp3	2628
common_voice_gju_42102402.mp3	2988
common_voice_gju_42108081.mp3	3708
common_voice_gju_42091145.mp3	3888
common_voice_gju_42637961.mp3	3348
common_voice_gju_42121523.mp3	3096
common_voice_gju_42460810.mp3	3528
common_voice_gju_42106809.mp3	3600
common_voice_gju_42107185.mp3	2808
common_voice_gju_42561038.mp3	1800
common_voice_gju_42409365.mp3	4500
common_voice_gju_42107346.mp3	14580
common_voice_gju_42182828.mp3	1548
common_voice_gju_42112601.mp3	1908
common_voice_gju_42100808.mp3	5760
common_voice_gju_42476704.mp3	3348
common_voice_gju_42109319.mp3	3528
common_voice_gju_42562886.mp3	3816
common_voice_gju_42107746.mp3	2268
common_voice_gju_42137534.mp3	2016
common_voice_gju_42107254.mp3	2880
common_voice_gju_42612791.mp3	3816
common_voice_gju_42501007.mp3	2988
common_voice_gju_42601700.mp3	2520
common_voice_gju_42563055.mp3	3780
common_voice_gju_42622293.mp3	1728
common_voice_gju_42197993.mp3	2376
common_voice_gju_42199951.mp3	2196
common_voice_gju_42109452.mp3	1908
common_voice_gju_42409741.mp3	2808
common_voice_gju_42565868.mp3	3636
common_voice_gju_42099929.mp3	5076
common_voice_gju_42107619.mp3	2916
common_voice_gju_42199601.mp3	1656
common_voice_gju_42587298.mp3	4896
common_voice_gju_42107413.mp3	2088
common_voice_gju_42537281.mp3	2808
common_voice_gju_42612828.mp3	3528
common_voice_gju_42529750.mp3	2340
common_voice_gju_42565800.mp3	2160
common_voice_gju_42102728.mp3	3168
common_voice_gju_42601660.mp3	2376
common_voice_gju_42109285.mp3	2376
common_voice_gju_42184747.mp3	1908
common_voice_gju_42102869.mp3	2376
common_voice_gju_42637679.mp3	2916
common_voice_gju_42112387.mp3	3600
common_voice_gju_42199441.mp3	1728
common_voice_gju_42587729.mp3	2520
common_voice_gju_42529978.mp3	1656
common_voice_gju_42603766.mp3	7308
common_voice_gju_42604189.mp3	3780
common_voice_gju_42112700.mp3	2916
common_voice_gju_42089609.mp3	2808
common_voice_gju_42562140.mp3	6048
common_voice_gju_42562912.mp3	5940
common_voice_gju_42478717.mp3	3996
common_voice_gju_42109212.mp3	1908
common_voice_gju_42199422.mp3	1188
common_voice_gju_42462070.mp3	1836
common_voice_gju_42179782.mp3	2160
common_voice_gju_42101208.mp3	2988
common_voice_gju_42107596.mp3	2448
common_voice_gju_42530146.mp3	2556
common_voice_gju_42562182.mp3	2160
common_voice_gju_42112528.mp3	4536
common_voice_gju_42565824.mp3	6120
common_voice_gju_42601384.mp3	2520
common_voice_gju_42562697.mp3	3960
common_voice_gju_42460835.mp3	4428
common_voice_gju_42622368.mp3	1656
common_voice_gju_42167518.mp3	1980
common_voice_gju_42195932.mp3	2700
common_voice_gju_42562469.mp3	3636
common_voice_gju_42562841.mp3	2196
common_voice_gju_42109287.mp3	2448
common_voice_gju_42107404.mp3	3096
common_voice_gju_42562186.mp3	4248
common_voice_gju_42089709.mp3	5148
common_voice_gju_42107448.mp3	3420
common_voice_gju_42603976.mp3	4608
common_voice_gju_42184939.mp3	1116
common_voice_gju_42100357.mp3	3168
common_voice_gju_42107856.mp3	2376
common_voice_gju_42462101.mp3	2628
common_voice_gju_42198496.mp3	3240
common_voice_gju_42198077.mp3	2556
common_voice_gju_42103064.mp3	2988
common_voice_gju_42102561.mp3	2376
common_voice_gju_42565867.mp3	3168
common_voice_gju_42198287.mp3	1836
common_voice_gju_42107142.mp3	5040
common_voice_gju_42587900.mp3	1728
common_voice_gju_42101736.mp3	4788
common_voice_gju_42476489.mp3	4500
common_voice_gju_42112239.mp3	1728
common_voice_gju_42562479.mp3	2448
common_voice_gju_42565844.mp3	7488
common_voice_gju_42594961.mp3	5328
common_voice_gju_42112693.mp3	3276
common_voice_gju_42111193.mp3	2808
common_voice_gju_42167168.mp3	2448
common_voice_gju_42079940.mp3	2556
common_voice_gju_42179685.mp3	3420
common_voice_gju_42478649.mp3	1728
common_voice_gju_42112603.mp3	2736
common_voice_gju_42604475.mp3	9828
common_voice_gju_42612959.mp3	4680
common_voice_gju_42562382.mp3	2736
common_voice_gju_42408840.mp3	3528
common_voice_gju_42478711.mp3	2340
common_voice_gju_42565725.mp3	2556
common_voice_gju_42587721.mp3	2196
common_voice_gju_42601673.mp3	2448
common_voice_gju_42107214.mp3	2268
common_voice_gju_42179708.mp3	2196
common_voice_gju_42199362.mp3	1188
common_voice_gju_42613859.mp3	3420
common_voice_gju_42476375.mp3	3528
common_voice_gju_42102380.mp3	4176
common_voice_gju_42478714.mp3	3096
common_voice_gju_42096671.mp3	5688
common_voice_gju_42112224.mp3	1800
common_voice_gju_42587467.mp3	3816
common_voice_gju_42107486.mp3	5148
common_voice_gju_42107431.mp3	3708
common_voice_gju_42481123.mp3	3168
common_voice_gju_42107998.mp3	1836
common_voice_gju_42200230.mp3	1836
common_voice_gju_42620062.mp3	3600
common_voice_gju_42562147.mp3	2808
common_voice_gju_42478677.mp3	2808
common_voice_gju_42562686.mp3	3240
common_voice_gju_42107543.mp3	3528
common_voice_gju_42588150.mp3	1656
common_voice_gju_42167211.mp3	2880
common_voice_gju_42478680.mp3	2736
common_voice_gju_42587329.mp3	3960
common_voice_gju_42530067.mp3	2376
common_voice_gju_42106960.mp3	3960
common_voice_gju_42196836.mp3	1368
common_voice_gju_42601479.mp3	3060
common_voice_gju_42108736.mp3	3780
common_voice_gju_42101953.mp3	7236
common_voice_gju_42461676.mp3	2988
common_voice_gju_42565696.mp3	3816
common_voice_gju_42409620.mp3	4500
common_voice_gju_42100876.mp3	3420
common_voice_gju_42613750.mp3	2736
common_voice_gju_42587823.mp3	2736
common_voice_gju_42562164.mp3	4428
common_voice_gju_42612814.mp3	4896
common_voice_gju_42179983.mp3	4716
common_voice_gju_42090462.mp3	2916
common_voice_gju_42461660.mp3	2628
common_voice_gju_42091046.mp3	7416
common_voice_gju_42622229.mp3	2088
common_voice_gju_42562567.mp3	2700
common_voice_gju_42604105.mp3	2376
common_voice_gju_42622285.mp3	2268
common_voice_gju_42587791.mp3	2196
common_voice_gju_42476666.mp3	2340
common_voice_gju_42502435.mp3	3780
common_voice_gju_42588168.mp3	2520
common_voice_gju_42604237.mp3	2448
common_voice_gju_42612857.mp3	6228
common_voice_gju_42603779.mp3	2520
common_voice_gju_42199812.mp3	2268
common_voice_gju_42601685.mp3	2196
common_voice_gju_42106498.mp3	3348
common_voice_gju_42622118.mp3	3240
common_voice_gju_42612819.mp3	3708
common_voice_gju_42179967.mp3	3780
common_voice_gju_42563086.mp3	2160
common_voice_gju_42188697.mp3	1980
common_voice_gju_42089832.mp3	2448
common_voice_gju_42537336.mp3	3168
common_voice_gju_42188674.mp3	2196
common_voice_gju_42478566.mp3	2448
common_voice_gju_42090657.mp3	4140
common_voice_gju_42188138.mp3	2448
common_voice_gju_42604175.mp3	5508
common_voice_gju_42137615.mp3	2376
common_voice_gju_42637803.mp3	1800
common_voice_gju_42530075.mp3	2160
common_voice_gju_42501060.mp3	3600
common_voice_gju_42619961.mp3	4320
common_voice_gju_42613461.mp3	6336
common_voice_gju_42107271.mp3	3600
common_voice_gju_42136829.mp3	2196
common_voice_gju_42090409.mp3	6228
common_voice_gju_42562310.mp3	3960
common_voice_gju_42500875.mp3	5220
common_voice_gju_42101424.mp3	3528
common_voice_gju_42556005.mp3	2916
common_voice_gju_42108940.mp3	3636
common_voice_gju_42476690.mp3	2340
common_voice_gju_42087438.mp3	3996
common_voice_gju_42180093.mp3	2700
common_voice_gju_42478754.mp3	3096
common_voice_gju_42587657.mp3	4356
common_voice_gju_42198654.mp3	1980
common_voice_gju_42560972.mp3	3528
common_voice_gju_42587875.mp3	3528
common_voice_gju_42563142.mp3	2736
common_voice_gju_42199290.mp3	1908
common_voice_gju_42476614.mp3	2376
common_voice_gju_42111477.mp3	1620
common_voice_gju_42195920.mp3	2520
common_voice_gju_42565551.mp3	1980
common_voice_gju_42613505.mp3	6048
common_voice_gju_42588233.mp3	4176
common_voice_gju_42603844.mp3	2808
common_voice_gju_42565197.mp3	3528
common_voice_gju_42107817.mp3	4860
common_voice_gju_42613648.mp3	3456
common_voice_gju_42461587.mp3	2340
common_voice_gju_42619864.mp3	3816
common_voice_gju_42529811.mp3	4716
common_voice_gju_42476606.mp3	3636
common_voice_gju_42200305.mp3	1728
common_voice_gju_42106896.mp3	3456
common_voice_gju_42476698.mp3	1620
common_voice_gju_42107378.mp3	4356
common_voice_gju_42529354.mp3	2376
common_voice_gju_42588217.mp3	1800
common_voice_gju_42102996.mp3	2376
common_voice_gju_42601681.mp3	3600
common_voice_gju_42089673.mp3	2556
common_voice_gju_42603845.mp3	1980
common_voice_gju_42588155.mp3	2376
common_voice_gju_42587497.mp3	1800
common_voice_gju_42637739.mp3	2268
common_voice_gju_42112624.mp3	2088
common_voice_gju_42108737.mp3	5040
common_voice_gju_42107947.mp3	3276
common_voice_gju_42111929.mp3	2556
common_voice_gju_42408892.mp3	2736
common_voice_gju_42613840.mp3	1800
common_voice_gju_42199301.mp3	1836
common_voice_gju_42587608.mp3	1800
common_voice_gju_42587772.mp3	2880
common_voice_gju_42612946.mp3	4068
common_voice_gju_42106594.mp3	4248
common_voice_gju_42200322.mp3	1476
common_voice_gju_42587687.mp3	2196
common_voice_gju_42090359.mp3	3060
common_voice_gju_42167381.mp3	4176
common_voice_gju_42197121.mp3	1188
common_voice_gju_42461254.mp3	1980
common_voice_gju_42107622.mp3	2448
common_voice_gju_42198487.mp3	3060
common_voice_gju_42562866.mp3	4968
common_voice_gju_42481182.mp3	4176
common_voice_gju_42587591.mp3	2736
common_voice_gju_42497623.mp3	6336
common_voice_gju_42200135.mp3	3996
common_voice_gju_42100572.mp3	3096
common_voice_gju_42587837.mp3	1836
common_voice_gju_42107787.mp3	3708
common_voice_gju_42604350.mp3	2016
common_voice_gju_42107299.mp3	5616
common_voice_gju_42601741.mp3	3240
common_voice_gju_42198650.mp3	2196
common_voice_gju_42089883.mp3	2808
common_voice_gju_42102565.mp3	3168
common_voice_gju_42612958.mp3	3168
common_voice_gju_42637724.mp3	2736
common_voice_gju_42107312.mp3	2880
common_voice_gju_42112364.mp3	2808
common_voice_gju_42562283.mp3	2268
common_voice_gju_42087292.mp3	5508
common_voice_gju_42091247.mp3	1800
common_voice_gju_42121928.mp3	4140
common_voice_gju_42601624.mp3	2916
common_voice_gju_42197090.mp3	2808
common_voice_gju_42179687.mp3	4536
common_voice_gju_42197222.mp3	1836
common_voice_gju_42601636.mp3	2736
common_voice_gju_42562163.mp3	4320
common_voice_gju_42102698.mp3	3168
common_voice_gju_42612776.mp3	4140
common_voice_gju_42565679.mp3	2628
common_voice_gju_42111906.mp3	1908
common_voice_gju_42199281.mp3	1296
common_voice_gju_42100910.mp3	2700
common_voice_gju_42565199.mp3	3600
common_voice_gju_42089867.mp3	3096
common_voice_gju_42638019.mp3	2736
common_voice_gju_42107398.mp3	3060
common_voice_gju_42587665.mp3	2448
common_voice_gju_42565508.mp3	1836
common_voice_gju_42137276.mp3	3096
common_voice_gju_42112703.mp3	4788
common_voice_gju_42409106.mp3	2448
common_voice_gju_42182804.mp3	2160
common_voice_gju_42200174.mp3	1800
common_voice_gju_42091096.mp3	6768
common_voice_gju_42478610.mp3	6660
common_voice_gju_42182826.mp3	1656
common_voice_gju_42537344.mp3	3420
common_voice_gju_42197888.mp3	2916
common_voice_gju_42107270.mp3	2736
common_voice_gju_42476394.mp3	2016
common_voice_gju_42179742.mp3	1548
common_voice_gju_42100937.mp3	2988
common_voice_gju_42478576.mp3	7776
common_voice_gju_42199407.mp3	3960
common_voice_gju_42604177.mp3	5220
common_voice_gju_42087586.mp3	2700
common_voice_gju_42409076.mp3	6048
common_voice_gju_42107282.mp3	3096
common_voice_gju_42087548.mp3	6948
common_voice_gju_42198108.mp3	2016
common_voice_gju_42622117.mp3	3708
common_voice_gju_42613465.mp3	2088
common_voice_gju_42195864.mp3	2880
common_voice_gju_42622365.mp3	3096
common_voice_gju_42200122.mp3	2340
common_voice_gju_42107383.mp3	1728
common_voice_gju_42107973.mp3	4536
common_voice_gju_42106612.mp3	4500
common_voice_gju_42501197.mp3	2376
common_voice_gju_42198678.mp3	2268
common_voice_gju_42622358.mp3	1908
common_voice_gju_42180034.mp3	2088
common_voice_gju_42121486.mp3	1908
common_voice_gju_42091321.mp3	11160
common_voice_gju_42087607.mp3	2448
common_voice_gju_42198284.mp3	1656
common_voice_gju_42565507.mp3	2880
common_voice_gju_42562770.mp3	2160
common_voice_gju_42188205.mp3	1728
common_voice_gju_42087463.mp3	3240
common_voice_gju_42587424.mp3	2700
common_voice_gju_42198297.mp3	3348
common_voice_gju_42180071.mp3	9756
common_voice_gju_42622269.mp3	7956
common_voice_gju_42478531.mp3	2448
common_voice_gju_42182730.mp3	2700
common_voice_gju_42102016.mp3	5688
common_voice_gju_42109317.mp3	2880
common_voice_gju_42622258.mp3	1800
common_voice_gju_42108468.mp3	3276
common_voice_gju_42107657.mp3	2340
common_voice_gju_42637892.mp3	7236
common_voice_gju_42087449.mp3	6876
common_voice_gju_42196229.mp3	1980
common_voice_gju_42461514.mp3	2376
common_voice_gju_42111283.mp3	3528
common_voice_gju_42121907.mp3	4896
common_voice_gju_42102818.mp3	3816
common_voice_gju_42562785.mp3	2556
common_voice_gju_42102892.mp3	2916
common_voice_gju_42197248.mp3	1260
common_voice_gju_42613519.mp3	2520
common_voice_gju_42562755.mp3	1980
common_voice_gju_42637571.mp3	4680
common_voice_gju_42601760.mp3	4140
common_voice_gju_42562192.mp3	6156
common_voice_gju_42478655.mp3	4608
common_voice_gju_42637779.mp3	2520
common_voice_gju_42089835.mp3	3456
common_voice_gju_42638005.mp3	6228
common_voice_gju_42198040.mp3	4140
common_voice_gju_42121512.mp3	5076
common_voice_gju_42603891.mp3	5436
common_voice_gju_42103295.mp3	8568
common_voice_gju_42090857.mp3	2880
common_voice_gju_42462081.mp3	2340
common_voice_gju_42199905.mp3	2556
common_voice_gju_42111139.mp3	3456
common_voice_gju_42199531.mp3	2736
common_voice_gju_42622226.mp3	1800
common_voice_gju_42090384.mp3	3348
common_voice_gju_42188230.mp3	2160
common_voice_gju_42179842.mp3	1476
common_voice_gju_42587699.mp3	2628
common_voice_gju_42100626.mp3	2988
common_voice_gju_42562139.mp3	7560
common_voice_gju_42587784.mp3	2196
common_voice_gju_42476514.mp3	5508
common_voice_gju_42109109.mp3	2376
common_voice_gju_42500717.mp3	2556
common_voice_gju_42529977.mp3	1656
common_voice_gju_42622227.mp3	1908
common_voice_gju_42637847.mp3	4860
common_voice_gju_42637632.mp3	3348
common_voice_gju_42200026.mp3	1836
common_voice_gju_42565312.mp3	1836
common_voice_gju_42587777.mp3	2088
common_voice_gju_42562414.mp3	2376
common_voice_gju_42562444.mp3	1980
common_voice_gju_42100478.mp3	4356
common_voice_gju_42587407.mp3	2016
common_voice_gju_42137096.mp3	7020
common_voice_gju_42588070.mp3	2880
common_voice_gju_42167469.mp3	6516
common_voice_gju_42109050.mp3	5580
common_voice_gju_42476397.mp3	2268
common_voice_gju_42102329.mp3	5256
common_voice_gju_42637861.mp3	3960
common_voice_gju_42100748.mp3	4068
common_voice_gju_42101822.mp3	3240
common_voice_gju_42461593.mp3	2340
common_voice_gju_42588208.mp3	2556
common_voice_gju_42588182.mp3	2196
common_voice_gju_42107344.mp3	1836
common_voice_gju_42187311.mp3	1980
common_voice_gju_42107899.mp3	3708
common_voice_gju_42604286.mp3	1800
common_voice_gju_42562618.mp3	2808
common_voice_gju_42101401.mp3	2088
common_voice_gju_42597236.mp3	4068
common_voice_gju_42604096.mp3	4068
common_voice_gju_42107209.mp3	7956
common_voice_gju_42200232.mp3	1296
common_voice_gju_42481103.mp3	1980
common_voice_gju_42497729.mp3	2628
common_voice_gju_42622355.mp3	1800
common_voice_gju_42196220.mp3	3420
common_voice_gju_42501081.mp3	5976
common_voice_gju_42565739.mp3	2520
common_voice_gju_42108944.mp3	3996
common_voice_gju_42167729.mp3	2916
common_voice_gju_42529230.mp3	2700
common_voice_gju_42612806.mp3	2988
common_voice_gju_42096427.mp3	3168
common_voice_gju_42109082.mp3	3276
common_voice_gju_42537309.mp3	1980
common_voice_gju_42637980.mp3	2700
common_voice_gju_42562989.mp3	5580
common_voice_gju_42108506.mp3	2376
common_voice_gju_42476403.mp3	2160
common_voice_gju_42461638.mp3	2268
common_voice_gju_42604245.mp3	2988
common_voice_gju_42100563.mp3	8496
common_voice_gju_42620036.mp3	3456
common_voice_gju_42562281.mp3	1800
common_voice_gju_42565194.mp3	3996
common_voice_gju_42500951.mp3	2268
common_voice_gju_42102188.mp3	3276
common_voice_gju_42102888.mp3	2700
common_voice_gju_42500810.mp3	3060
common_voice_gju_42562070.mp3	4320
common_voice_gju_42565645.mp3	2988
common_voice_gju_42562075.mp3	3780
common_voice_gju_42565523.mp3	2808
common_voice_gju_42461258.mp3	2736
common_voice_gju_42588115.mp3	2520
common_voice_gju_42091417.mp3	3168
common_voice_gju_42612942.mp3	7236
common_voice_gju_42562949.mp3	2988
common_voice_gju_42090547.mp3	5220
common_voice_gju_42478617.mp3	2700
common_voice_gju_42409426.mp3	3816
common_voice_gju_42619900.mp3	2556
common_voice_gju_42556008.mp3	1980
common_voice_gju_42637661.mp3	4716
common_voice_gju_42587406.mp3	2916
common_voice_gju_42588161.mp3	6768
common_voice_gju_42167419.mp3	2988
common_voice_gju_42101627.mp3	3636
common_voice_gju_42089907.mp3	3780
common_voice_gju_42476395.mp3	5580
common_voice_gju_42409520.mp3	3168
common_voice_gju_42107485.mp3	9180
common_voice_gju_42613626.mp3	1620
common_voice_gju_42200031.mp3	1800
common_voice_gju_42562149.mp3	5040
common_voice_gju_42499626.mp3	2196
common_voice_gju_42107924.mp3	2268
common_voice_gju_42107265.mp3	2448
common_voice_gju_42200164.mp3	4536
common_voice_gju_42109403.mp3	2880
common_voice_gju_42563128.mp3	1980
common_voice_gju_42087628.mp3	3960
common_voice_gju_42562731.mp3	6696
common_voice_gju_42108247.mp3	4536
common_voice_gju_42588062.mp3	2340
common_voice_gju_42500874.mp3	3420
common_voice_gju_42612830.mp3	6300
common_voice_gju_42622246.mp3	2988
common_voice_gju_42107567.mp3	7488
common_voice_gju_42476522.mp3	2520
common_voice_gju_42107381.mp3	6336
common_voice_gju_42612983.mp3	2520
common_voice_gju_42109398.mp3	1728
common_voice_gju_42188597.mp3	4968
common_voice_gju_42565476.mp3	2088
common_voice_gju_42107835.mp3	1908
common_voice_gju_42091375.mp3	2196
common_voice_gju_42565741.mp3	6948
common_voice_gju_42107345.mp3	2916
common_voice_gju_42090410.mp3	2700
common_voice_gju_42565248.mp3	4176
common_voice_gju_42197202.mp3	1296
common_voice_gju_42587851.mp3	3456
common_voice_gju_42198005.mp3	2628
common_voice_gju_42499647.mp3	4140
common_voice_gju_42461978.mp3	2700
common_voice_gju_42476420.mp3	3240
common_voice_gju_42604451.mp3	2700
common_voice_gju_42179900.mp3	1548
common_voice_gju_42102129.mp3	2016
common_voice_gju_42500913.mp3	3456
common_voice_gju_42537355.mp3	2196
common_voice_gju_42167323.mp3	3096
common_voice_gju_42462089.mp3	3276
common_voice_gju_42107879.mp3	4608
common_voice_gju_42478642.mp3	4140
common_voice_gju_42090812.mp3	2448
common_voice_gju_42500722.mp3	2700
common_voice_gju_42091390.mp3	3240
common_voice_gju_42112495.mp3	2196
common_voice_gju_42107876.mp3	2376
common_voice_gju_42409075.mp3	3708
common_voice_gju_42562848.mp3	5796
common_voice_gju_42198126.mp3	4176
common_voice_gju_42196027.mp3	2988
common_voice_gju_42612889.mp3	3780
common_voice_gju_42100909.mp3	2268
common_voice_gju_42587445.mp3	2268
common_voice_gju_42601352.mp3	2556
common_voice_gju_42562688.mp3	7020
common_voice_gju_42613454.mp3	2736
common_voice_gju_42167228.mp3	3456
common_voice_gju_42588108.mp3	5328
common_voice_gju_42478699.mp3	4536
common_voice_gju_42107708.mp3	4248
common_voice_gju_42198416.mp3	2448
common_voice_gju_42476558.mp3	2196
common_voice_gju_42199180.mp3	5256
common_voice_gju_42603884.mp3	2448
common_voice_gju_42179800.mp3	1908
common_voice_gju_42562112.mp3	5148
common_voice_gju_42622385.mp3	4788
common_voice_gju_42476560.mp3	3168
common_voice_gju_42563229.mp3	2448
common_voice_gju_42079894.mp3	3060
common_voice_gju_42101820.mp3	2088
common_voice_gju_42107433.mp3	2448
common_voice_gju_42594908.mp3	3708
common_voice_gju_42565345.mp3	2988
common_voice_gju_42638077.mp3	2700
common_voice_gju_42121450.mp3	2880
common_voice_gju_42637689.mp3	3240
common_voice_gju_42460816.mp3	2808
common_voice_gju_42090034.mp3	2448
common_voice_gju_42481165.mp3	9828
common_voice_gju_42197355.mp3	3636
common_voice_gju_42460841.mp3	2448
common_voice_gju_42565370.mp3	2916
common_voice_gju_42563040.mp3	2088
common_voice_gju_42529110.mp3	4356
common_voice_gju_42091379.mp3	2628
common_voice_gju_42180109.mp3	3096
common_voice_gju_42587496.mp3	3420
common_voice_gju_42167534.mp3	3528
common_voice_gju_42137475.mp3	4608
common_voice_gju_42196036.mp3	2016
common_voice_gju_42500857.mp3	3096
common_voice_gju_42195480.mp3	1800
common_voice_gju_42562720.mp3	7020
common_voice_gju_42462032.mp3	2880
common_voice_gju_42091242.mp3	2376
common_voice_gju_42107945.mp3	4788
common_voice_gju_42502495.mp3	2340
common_voice_gju_42200184.mp3	1800
common_voice_gju_42562359.mp3	1800
common_voice_gju_42562271.mp3	2988
common_voice_gju_42613594.mp3	3636
common_voice_gju_42565836.mp3	4140
common_voice_gju_42102972.mp3	1476
common_voice_gju_42537323.mp3	2196
common_voice_gju_42562178.mp3	2196
common_voice_gju_42087668.mp3	2808
common_voice_gju_42499669.mp3	2916
common_voice_gju_42100282.mp3	3060
common_voice_gju_42562488.mp3	2556
common_voice_gju_42612792.mp3	3240
common_voice_gju_42565557.mp3	2556
common_voice_gju_42587280.mp3	2628
common_voice_gju_42107452.mp3	3600
common_voice_gju_42612695.mp3	4968
common_voice_gju_42109467.mp3	3168
common_voice_gju_42622063.mp3	2556
common_voice_gju_42529909.mp3	4176
common_voice_gju_42476766.mp3	2016
common_voice_gju_42180011.mp3	2016
common_voice_gju_42100631.mp3	4320
common_voice_gju_42587495.mp3	3600
common_voice_gju_42461269.mp3	5508
common_voice_gju_42461518.mp3	2448
common_voice_gju_42587465.mp3	2988
common_voice_gju_42565594.mp3	2880
common_voice_gju_42562830.mp3	2196
common_voice_gju_42481162.mp3	3888
common_voice_gju_42108235.mp3	4068
common_voice_gju_42180096.mp3	2376
common_voice_gju_42107853.mp3	2880
common_voice_gju_42476768.mp3	2340
common_voice_gju_42109442.mp3	5040
common_voice_gju_42137577.mp3	2916
common_voice_gju_42102798.mp3	2808
common_voice_gju_42476481.mp3	2556
common_voice_gju_42100330.mp3	4140
common_voice_gju_42562759.mp3	2448
common_voice_gju_42460845.mp3	1800
common_voice_gju_42601512.mp3	3276
common_voice_gju_42601664.mp3	1728
common_voice_gju_42199272.mp3	2016
common_voice_gju_42561013.mp3	3168
common_voice_gju_42612926.mp3	2700
common_voice_gju_42090541.mp3	8460
common_voice_gju_42612879.mp3	4176
common_voice_gju_42197533.mp3	1476
common_voice_gju_42587562.mp3	1980
common_voice_gju_42090664.mp3	4428
common_voice_gju_42476763.mp3	2340
common_voice_gju_42079972.mp3	2016
common_voice_gju_42107211.mp3	2448
common_voice_gju_42612923.mp3	3456
common_voice_gju_42091322.mp3	4320
common_voice_gju_42090501.mp3	2268
common_voice_gju_42604428.mp3	3240
common_voice_gju_42184270.mp3	1836
common_voice_gju_42108067.mp3	2088
common_voice_gju_42530061.mp3	3168
common_voice_gju_42090714.mp3	2736
common_voice_gju_42562675.mp3	3420
common_voice_gju_42179749.mp3	1548
common_voice_gju_42106876.mp3	4968
common_voice_gju_42588210.mp3	3780
common_voice_gju_42529317.mp3	4788
common_voice_gju_42562450.mp3	3240
common_voice_gju_42537375.mp3	1800
common_voice_gju_42613491.mp3	5580
common_voice_gju_42461982.mp3	3240
common_voice_gju_42197356.mp3	1188
common_voice_gju_42179901.mp3	2448
common_voice_gju_42500893.mp3	2520
common_voice_gju_42107895.mp3	1908
common_voice_gju_42481170.mp3	2520
common_voice_gju_42612948.mp3	3636
common_voice_gju_42101272.mp3	4860
common_voice_gju_42613552.mp3	5040
common_voice_gju_42107370.mp3	4896
common_voice_gju_42529958.mp3	1728
common_voice_gju_42587362.mp3	3060
common_voice_gju_42588165.mp3	2268
common_voice_gju_42188282.mp3	4788
common_voice_gju_42562716.mp3	4860
common_voice_gju_42612726.mp3	5508
common_voice_gju_42529222.mp3	2340
common_voice_gju_42198308.mp3	2376
common_voice_gju_42107379.mp3	3528
common_voice_gju_42565856.mp3	6948
common_voice_gju_42199510.mp3	1476
common_voice_gju_42106825.mp3	3528
common_voice_gju_42562778.mp3	2448
common_voice_gju_42200165.mp3	1800
common_voice_gju_42529727.mp3	3420
common_voice_gju_42100252.mp3	5220
common_voice_gju_42588044.mp3	3816
common_voice_gju_42565418.mp3	2376
common_voice_gju_42588206.mp3	2628
common_voice_gju_42137504.mp3	2376
common_voice_gju_42180024.mp3	3528
common_voice_gju_42198486.mp3	7200
common_voice_gju_42587532.mp3	2376
common_voice_gju_42497620.mp3	1800
common_voice_gju_42501041.mp3	3096
common_voice_gju_42089850.mp3	4608
common_voice_gju_42497520.mp3	2448
common_voice_gju_42601728.mp3	2016
common_voice_gju_42109268.mp3	3816
common_voice_gju_42565494.mp3	2700
common_voice_gju_42587752.mp3	2700
common_voice_gju_42107069.mp3	3060
common_voice_gju_42476748.mp3	3996
common_voice_gju_42587707.mp3	2520
common_voice_gju_42137412.mp3	2988
common_voice_gju_42565566.mp3	1836
common_voice_gju_42182825.mp3	2376
common_voice_gju_42080091.mp3	2628
common_voice_gju_42603788.mp3	1656
common_voice_gju_42101099.mp3	2628
common_voice_gju_42460876.mp3	4068
common_voice_gju_42102733.mp3	2880
common_voice_gju_42137683.mp3	4140
common_voice_gju_42587430.mp3	2160
common_voice_gju_42476717.mp3	4068
common_voice_gju_42188374.mp3	1476
common_voice_gju_42196017.mp3	2016
common_voice_gju_42184936.mp3	2340
common_voice_gju_42102388.mp3	2556
common_voice_gju_42112442.mp3	3780
common_voice_gju_42587566.mp3	3168
common_voice_gju_42107613.mp3	3060
common_voice_gju_42109341.mp3	2088
common_voice_gju_42188513.mp3	1656
common_voice_gju_42476502.mp3	3420
common_voice_gju_42107107.mp3	5148
common_voice_gju_42107426.mp3	2808
common_voice_gju_42565847.mp3	2700
common_voice_gju_42478639.mp3	3456
common_voice_gju_42182909.mp3	3456
common_voice_gju_42603958.mp3	3888
common_voice_gju_42187160.mp3	2556
common_voice_gju_42096425.mp3	3996
common_voice_gju_42408845.mp3	1800
common_voice_gju_42587338.mp3	2916
common_voice_gju_42565364.mp3	2376
common_voice_gju_42637735.mp3	2340
common_voice_gju_42197246.mp3	2520
common_voice_gju_42107049.mp3	2916
common_voice_gju_42562443.mp3	3060
common_voice_gju_42100684.mp3	8028
common_voice_gju_42090362.mp3	2268
common_voice_gju_42102376.mp3	2268
common_voice_gju_42587325.mp3	3096
common_voice_gju_42565709.mp3	2628
common_voice_gju_42112527.mp3	2916
common_voice_gju_42604384.mp3	3276
common_voice_gju_42622253.mp3	2916
common_voice_gju_42537356.mp3	4320
common_voice_gju_42409512.mp3	3168
common_voice_gju_42529665.mp3	4176
common_voice_gju_42562071.mp3	3060
common_voice_gju_42100770.mp3	5940
common_voice_gju_42476595.mp3	2520
common_voice_gju_42476559.mp3	3060
common_voice_gju_42565789.mp3	2700
common_voice_gju_42502444.mp3	2556
common_voice_gju_42108041.mp3	2016
common_voice_gju_42638043.mp3	5076
common_voice_gju_42478736.mp3	7668
common_voice_gju_42188435.mp3	4320
common_voice_gju_42195931.mp3	3276
common_voice_gju_42106959.mp3	5148
common_voice_gju_42502423.mp3	2916
common_voice_gju_42497585.mp3	4248
common_voice_gju_42199921.mp3	2160
common_voice_gju_42497689.mp3	2088
common_voice_gju_42622044.mp3	3420
common_voice_gju_42109315.mp3	3276
common_voice_gju_42604083.mp3	3060
common_voice_gju_42562261.mp3	2556
common_voice_gju_42620286.mp3	3960
common_voice_gju_42587436.mp3	4320
common_voice_gju_42107095.mp3	10728
common_voice_gju_42188707.mp3	1368
common_voice_gju_42561012.mp3	2700
common_voice_gju_42188691.mp3	1800
common_voice_gju_42529583.mp3	1908
common_voice_gju_42199567.mp3	4428
common_voice_gju_42619890.mp3	5616
common_voice_gju_42588061.mp3	4860
common_voice_gju_42106778.mp3	4500
common_voice_gju_42087633.mp3	2556
common_voice_gju_42637716.mp3	2628
common_voice_gju_42111436.mp3	3708
common_voice_gju_42562646.mp3	4608
common_voice_gju_42089898.mp3	1908
common_voice_gju_42562832.mp3	5256
common_voice_gju_42481187.mp3	4536
common_voice_gju_42499607.mp3	4068
common_voice_gju_42594920.mp3	3348
common_voice_gju_42565814.mp3	2160
common_voice_gju_42112472.mp3	2700
common_voice_gju_42109343.mp3	2556
common_voice_gju_42561048.mp3	5328
common_voice_gju_42107514.mp3	2736
common_voice_gju_42613446.mp3	3096
common_voice_gju_42612910.mp3	2988
common_voice_gju_42100917.mp3	4788
common_voice_gju_42563021.mp3	2736
common_voice_gju_42478679.mp3	2736
common_voice_gju_42478573.mp3	3060
common_voice_gju_42198395.mp3	1980
common_voice_gju_42200114.mp3	2268
common_voice_gju_42112673.mp3	1908
common_voice_gju_42090851.mp3	2556
common_voice_gju_42562845.mp3	3888
common_voice_gju_42100669.mp3	2196
common_voice_gju_42476719.mp3	3600
common_voice_gju_42111831.mp3	4536
common_voice_gju_42101377.mp3	1980
common_voice_gju_42562282.mp3	2268
common_voice_gju_42409177.mp3	3708
common_voice_gju_42197404.mp3	1548
common_voice_gju_42188097.mp3	1980
common_voice_gju_42200068.mp3	2520
common_voice_gju_42476597.mp3	2988
common_voice_gju_42565660.mp3	2448
common_voice_gju_42112623.mp3	5256
common_voice_gju_42565348.mp3	2628
common_voice_gju_42184227.mp3	2088
common_voice_gju_42563162.mp3	7128
common_voice_gju_42497488.mp3	2340
common_voice_gju_42107661.mp3	3060
common_voice_gju_42182772.mp3	2340
common_voice_gju_42182700.mp3	1908
common_voice_gju_42107831.mp3	3708
common_voice_gju_42565673.mp3	2700
common_voice_gju_42601643.mp3	1800
common_voice_gju_42408996.mp3	4140
common_voice_gju_42100681.mp3	3420
common_voice_gju_42587396.mp3	5508
common_voice_gju_42106627.mp3	4176
common_voice_gju_42594950.mp3	3528
common_voice_gju_42090416.mp3	4680
common_voice_gju_42409207.mp3	3276
common_voice_gju_42478653.mp3	3708
common_voice_gju_42613597.mp3	2448
common_voice_gju_42565895.mp3	3420
common_voice_gju_42100442.mp3	4788
common_voice_gju_42462061.mp3	2556
common_voice_gju_42409756.mp3	1836
common_voice_gju_42565252.mp3	4536
common_voice_gju_42080224.mp3	3096
common_voice_gju_42500997.mp3	2448
common_voice_gju_42091396.mp3	5760
common_voice_gju_42107123.mp3	9900
common_voice_gju_42587488.mp3	2916
common_voice_gju_42562666.mp3	2376
common_voice_gju_42108484.mp3	3996
common_voice_gju_42111162.mp3	2880
common_voice_gju_42199138.mp3	1728
common_voice_gju_42604186.mp3	5256
common_voice_gju_42562204.mp3	2808
common_voice_gju_42563199.mp3	2556
common_voice_gju_42199193.mp3	2016
common_voice_gju_42409123.mp3	3456
common_voice_gju_42121866.mp3	2160
common_voice_gju_42087429.mp3	2556
common_voice_gju_42562384.mp3	1728
common_voice_gju_42501110.mp3	4176
common_voice_gju_42187299.mp3	2628
common_voice_gju_42112691.mp3	2520
common_voice_gju_42537273.mp3	4680
common_voice_gju_42197453.mp3	1836
common_voice_gju_42108494.mp3	4176
common_voice_gju_42588000.mp3	1836
common_voice_gju_42565703.mp3	4248
common_voice_gju_42179948.mp3	2808
common_voice_gju_42461584.mp3	3168
common_voice_gju_42197083.mp3	6300
common_voice_gju_42198081.mp3	1728
common_voice_gju_42637678.mp3	3276
common_voice_gju_42562578.mp3	1980
common_voice_gju_42603741.mp3	4968
common_voice_gju_42089577.mp3	3240
common_voice_gju_42090593.mp3	4608
common_voice_gju_42612747.mp3	2808
common_voice_gju_42111903.mp3	3240
common_voice_gju_42478756.mp3	2556
common_voice_gju_42087450.mp3	3600
common_voice_gju_42501198.mp3	4248
common_voice_gju_42090687.mp3	5040
common_voice_gju_42565575.mp3	3348
common_voice_gju_42107427.mp3	1656
common_voice_gju_42562884.mp3	2736
common_voice_gju_42198558.mp3	1908
common_voice_gju_42109336.mp3	2448
common_voice_gju_42613877.mp3	1656
common_voice_gju_42112548.mp3	2268
common_voice_gju_42603944.mp3	1980
common_voice_gju_42107862.mp3	3240
common_voice_gju_42501018.mp3	3168
common_voice_gju_42565331.mp3	1728
common_voice_gju_42096426.mp3	3096
common_voice_gju_42167772.mp3	6876
common_voice_gju_42476607.mp3	3636
common_voice_gju_42107949.mp3	2160
common_voice_gju_42478584.mp3	3636
common_voice_gju_42111445.mp3	2988
common_voice_gju_42090876.mp3	7200
common_voice_gju_42612891.mp3	2520
common_voice_gju_42476681.mp3	1836
common_voice_gju_42108585.mp3	1908
common_voice_gju_42481193.mp3	4248
common_voice_gju_42102257.mp3	3276
common_voice_gju_42612679.mp3	2520
common_voice_gju_42108614.mp3	2196
common_voice_gju_42588047.mp3	2196
common_voice_gju_42107221.mp3	3780
common_voice_gju_42637819.mp3	2160
common_voice_gju_42109360.mp3	2268
common_voice_gju_42500980.mp3	3096
common_voice_gju_42197087.mp3	2736
common_voice_gju_42196224.mp3	1296
common_voice_gju_42108493.mp3	4608
common_voice_gju_42408852.mp3	3096
common_voice_gju_42137279.mp3	2376
common_voice_gju_42107691.mp3	7056
common_voice_gju_42476683.mp3	1836
common_voice_gju_42481135.mp3	6948
common_voice_gju_42604229.mp3	3240
common_voice_gju_42476604.mp3	4536
common_voice_gju_42461971.mp3	2736
common_voice_gju_42622297.mp3	2520
common_voice_gju_42107411.mp3	4788
common_voice_gju_42562802.mp3	4248
common_voice_gju_42199337.mp3	3528
common_voice_gju_42107870.mp3	2196
common_voice_gju_42111311.mp3	5040
common_voice_gju_42478632.mp3	2556
common_voice_gju_42588102.mp3	2700
common_voice_gju_42087603.mp3	2376
common_voice_gju_42500916.mp3	2088
common_voice_gju_42478772.mp3	2088
common_voice_gju_42108741.mp3	2520
common_voice_gju_42109094.mp3	3348
common_voice_gju_42107471.mp3	4140
common_voice_gju_42197526.mp3	1116
common_voice_gju_42106857.mp3	4896
common_voice_gju_42103230.mp3	2376
common_voice_gju_42565343.mp3	6588
common_voice_gju_42102764.mp3	3240
common_voice_gju_42112571.mp3	4608
common_voice_gju_42530175.mp3	3960
common_voice_gju_42099678.mp3	6120
common_voice_gju_42188383.mp3	3276
common_voice_gju_42562822.mp3	1656
common_voice_gju_42562280.mp3	2268
common_voice_gju_42198363.mp3	2448
common_voice_gju_42565694.mp3	4968
common_voice_gju_42112478.mp3	2736
common_voice_gju_42562582.mp3	2376
common_voice_gju_42102922.mp3	4320
common_voice_gju_42601538.mp3	4536
common_voice_gju_42601607.mp3	1836
common_voice_gju_42199203.mp3	1440
common_voice_gju_42107498.mp3	3816
common_voice_gju_42601438.mp3	4140
common_voice_gju_42638008.mp3	1908
common_voice_gju_42612784.mp3	3996
common_voice_gju_42604194.mp3	3060
common_voice_gju_42107240.mp3	2448
common_voice_gju_42461505.mp3	2736
common_voice_gju_42090301.mp3	3636
common_voice_gju_42620017.mp3	3168
common_voice_gju_42612772.mp3	4860
common_voice_gju_42562941.mp3	1656
common_voice_gju_42101164.mp3	3276
common_voice_gju_42108037.mp3	3060
common_voice_gju_42198417.mp3	2196
common_voice_gju_42102810.mp3	2556
common_voice_gju_42637848.mp3	2340
common_voice_gju_42481111.mp3	2160
common_voice_gju_42588197.mp3	2916
common_voice_gju_42080069.mp3	2196
common_voice_gju_42179838.mp3	3240
common_voice_gju_42188384.mp3	1800
common_voice_gju_42112415.mp3	2376
common_voice_gju_42107796.mp3	3096
common_voice_gju_42587864.mp3	3096
common_voice_gju_42562572.mp3	2448
common_voice_gju_42112543.mp3	4068
common_voice_gju_42087602.mp3	2340
common_voice_gju_42562449.mp3	3240
common_voice_gju_42587598.mp3	7128
common_voice_gju_42107636.mp3	3168
common_voice_gju_42121499.mp3	1980
common_voice_gju_42409772.mp3	1836
common_voice_gju_42101404.mp3	2556
common_voice_gju_42199524.mp3	1800
common_voice_gju_42409353.mp3	2448
common_voice_gju_42603916.mp3	1800
common_voice_gju_42587604.mp3	2340
common_voice_gju_42478526.mp3	1800
common_voice_gju_42497598.mp3	2736
common_voice_gju_42563003.mp3	2016
common_voice_gju_42588001.mp3	5976
common_voice_gju_42622397.mp3	3600
common_voice_gju_42109107.mp3	4968
common_voice_gju_42601329.mp3	4716
common_voice_gju_42562287.mp3	4320
common_voice_gju_42587656.mp3	4140
common_voice_gju_42090877.mp3	2160
common_voice_gju_42167484.mp3	1980
common_voice_gju_42167601.mp3	4716
common_voice_gju_42199614.mp3	1296
common_voice_gju_42111348.mp3	2916
common_voice_gju_42481121.mp3	2016
common_voice_gju_42102014.mp3	6156
common_voice_gju_42087464.mp3	2916
common_voice_gju_42108158.mp3	5796
common_voice_gju_42409470.mp3	3420
common_voice_gju_42612986.mp3	3816
common_voice_gju_42588187.mp3	3636
common_voice_gju_42537265.mp3	2376
common_voice_gju_42622108.mp3	2376
common_voice_gju_42087503.mp3	4356
common_voice_gju_42501042.mp3	1836
common_voice_gju_42565855.mp3	2556
common_voice_gju_42107620.mp3	3240
common_voice_gju_42622231.mp3	3168
common_voice_gju_42500860.mp3	1656
common_voice_gju_42111186.mp3	2340
common_voice_gju_42197203.mp3	1800
common_voice_gju_42198349.mp3	2376
common_voice_gju_42613518.mp3	2160
common_voice_gju_42562370.mp3	2520
common_voice_gju_42613487.mp3	2736
common_voice_gju_42565716.mp3	1908
common_voice_gju_42588130.mp3	3096
common_voice_gju_42601635.mp3	2520
common_voice_gju_42562613.mp3	2448
common_voice_gju_42565864.mp3	2376
common_voice_gju_42588048.mp3	3636
common_voice_gju_42197991.mp3	1188
common_voice_gju_42565443.mp3	4968
common_voice_gju_42562829.mp3	3420
common_voice_gju_42565849.mp3	2916
common_voice_gju_42476602.mp3	4608
common_voice_gju_42613922.mp3	2376
common_voice_gju_42481173.mp3	1980
common_voice_gju_42107721.mp3	1836
common_voice_gju_42588002.mp3	4320
common_voice_gju_42603977.mp3	2088
common_voice_gju_42100278.mp3	3168
common_voice_gju_42409228.mp3	2808
common_voice_gju_42597251.mp3	3888
common_voice_gju_42637955.mp3	2160
common_voice_gju_42588146.mp3	1836
common_voice_gju_42620067.mp3	2808
common_voice_gju_42481154.mp3	6120
common_voice_gju_42478693.mp3	3096
common_voice_gju_42562796.mp3	2376
common_voice_gju_42587534.mp3	3816
common_voice_gju_42562619.mp3	2628
common_voice_gju_42461997.mp3	2340
common_voice_gju_42587486.mp3	3780
common_voice_gju_42529344.mp3	2808
common_voice_gju_42108545.mp3	4248
common_voice_gju_42565446.mp3	6156
common_voice_gju_42087421.mp3	6048
common_voice_gju_42409025.mp3	2268
common_voice_gju_42637643.mp3	2448
common_voice_gju_42091071.mp3	4860
common_voice_gju_42565690.mp3	4788
common_voice_gju_42461251.mp3	2196
common_voice_gju_42197177.mp3	1548
common_voice_gju_42089897.mp3	3996
common_voice_gju_42122017.mp3	2448
common_voice_gju_42090527.mp3	2196
common_voice_gju_42613874.mp3	2556
common_voice_gju_42091265.mp3	4140
common_voice_gju_42091392.mp3	5976
common_voice_gju_42107273.mp3	1908
common_voice_gju_42102515.mp3	5328
common_voice_gju_42601727.mp3	3060
common_voice_gju_42108210.mp3	3060
common_voice_gju_42597255.mp3	3096
common_voice_gju_42461643.mp3	3168
common_voice_gju_42198038.mp3	2196
common_voice_gju_42476706.mp3	2916
common_voice_gju_42588035.mp3	2700
common_voice_gju_42409657.mp3	1656
common_voice_gju_42409801.mp3	1836
common_voice_gju_42562107.mp3	3168
common_voice_gju_42108457.mp3	3240
common_voice_gju_42565400.mp3	1836
common_voice_gju_42101675.mp3	1800
common_voice_gju_42182768.mp3	11628
common_voice_gju_42476354.mp3	2736
common_voice_gju_42612914.mp3	5148
common_voice_gju_42096669.mp3	3240
common_voice_gju_42199891.mp3	1620
common_voice_gju_42478670.mp3	2160
common_voice_gju_42562779.mp3	6660
common_voice_gju_42198575.mp3	3276
common_voice_gju_42100269.mp3	5436
common_voice_gju_42195884.mp3	1440
common_voice_gju_42196816.mp3	2160
common_voice_gju_42502545.mp3	2736
common_voice_gju_42613861.mp3	2376
common_voice_gju_42198022.mp3	2628
common_voice_gju_42619902.mp3	2448
common_voice_gju_42604336.mp3	2088
common_voice_gju_42562395.mp3	2556
common_voice_gju_42563262.mp3	3060
common_voice_gju_42198154.mp3	1728
common_voice_gju_42537342.mp3	2916
common_voice_gju_42563179.mp3	2628
common_voice_gju_42107791.mp3	2340
common_voice_gju_42529964.mp3	2916
common_voice_gju_42108140.mp3	2340
common_voice_gju_42198527.mp3	2520
common_voice_gju_42565811.mp3	3636
common_voice_gju_42594925.mp3	3888
common_voice_gju_42107367.mp3	3348
common_voice_gju_42622271.mp3	1728
common_voice_gju_42109448.mp3	1728
common_voice_gju_42638044.mp3	2376
common_voice_gju_42587283.mp3	2376
common_voice_gju_42565801.mp3	2880
common_voice_gju_42182725.mp3	4068
common_voice_gju_42612890.mp3	3600
common_voice_gju_42107329.mp3	8676
common_voice_gju_42588180.mp3	2700
common_voice_gju_42197972.mp3	1548
common_voice_gju_42529810.mp3	3276
common_voice_gju_42563002.mp3	2520
common_voice_gju_42565862.mp3	2268
common_voice_gju_42622279.mp3	1908
common_voice_gju_42601432.mp3	3096
common_voice_gju_42091296.mp3	2808
common_voice_gju_42563233.mp3	2196
common_voice_gju_42478544.mp3	2988
common_voice_gju_42089875.mp3	10620
common_voice_gju_42612728.mp3	3420
common_voice_gju_42107333.mp3	8208
common_voice_gju_42409649.mp3	2628
common_voice_gju_42637907.mp3	2268
common_voice_gju_42109328.mp3	2016
common_voice_gju_42563005.mp3	1908
common_voice_gju_42102481.mp3	3600
common_voice_gju_42613531.mp3	2736
common_voice_gju_42103103.mp3	7056
common_voice_gju_42089895.mp3	3060
common_voice_gju_42108584.mp3	4968
common_voice_gju_42409617.mp3	6120
common_voice_gju_42106939.mp3	6480
common_voice_gju_42107614.mp3	2880
common_voice_gju_42562501.mp3	3276
common_voice_gju_42101053.mp3	3276
common_voice_gju_42499636.mp3	1980
common_voice_gju_42087562.mp3	4500
common_voice_gju_42087356.mp3	3780
common_voice_gju_42562994.mp3	2628
common_voice_gju_42199360.mp3	1980
common_voice_gju_42107582.mp3	3888
common_voice_gju_42102334.mp3	3816
common_voice_gju_42107275.mp3	3708
common_voice_gju_42587551.mp3	4356
common_voice_gju_42613668.mp3	3168
common_voice_gju_42200421.mp3	2736
common_voice_gju_42111485.mp3	3636
common_voice_gju_42200310.mp3	1728
common_voice_gju_42478582.mp3	5760
common_voice_gju_42603867.mp3	2880
common_voice_gju_42497731.mp3	2376
common_voice_gju_42478525.mp3	3780
common_voice_gju_42620015.mp3	4536
common_voice_gju_42087533.mp3	3240
common_voice_gju_42090365.mp3	3888
common_voice_gju_42121442.mp3	2340
common_voice_gju_42197217.mp3	2700
common_voice_gju_42601377.mp3	7956
common_voice_gju_42112362.mp3	2520
common_voice_gju_42197084.mp3	5760
common_voice_gju_42588285.mp3	8316
common_voice_gju_42090458.mp3	2808
common_voice_gju_42587884.mp3	3348
common_voice_gju_42198299.mp3	2088
common_voice_gju_42108112.mp3	2556
common_voice_gju_42184988.mp3	2160
common_voice_gju_42637973.mp3	2016
common_voice_gju_42565670.mp3	2088
common_voice_gju_42587290.mp3	2880
common_voice_gju_42587654.mp3	2196
common_voice_gju_42588064.mp3	6876
common_voice_gju_42090694.mp3	2196
common_voice_gju_42604244.mp3	2520
common_voice_gju_42499624.mp3	2016
common_voice_gju_42167213.mp3	4500
common_voice_gju_42111147.mp3	3888
common_voice_gju_42200246.mp3	1728
common_voice_gju_42107584.mp3	2268
common_voice_gju_42112545.mp3	4320
common_voice_gju_42638003.mp3	4500
common_voice_gju_42587378.mp3	2520
common_voice_gju_42530095.mp3	2628
common_voice_gju_42090020.mp3	3420
common_voice_gju_42137163.mp3	2736
common_voice_gju_42109241.mp3	2016
common_voice_gju_42613633.mp3	3600
common_voice_gju_42100561.mp3	2880
common_voice_gju_42587372.mp3	2880
common_voice_gju_42501111.mp3	3780
common_voice_gju_42478633.mp3	4716
common_voice_gju_42501069.mp3	2988
common_voice_gju_42613883.mp3	2808
common_voice_gju_42612933.mp3	2556
common_voice_gju_42587767.mp3	3888
common_voice_gju_42108518.mp3	2628
common_voice_gju_42107621.mp3	3096
common_voice_gju_42587420.mp3	2088
common_voice_gju_42601670.mp3	2880
common_voice_gju_42111154.mp3	2556
common_voice_gju_42090730.mp3	4176
common_voice_gju_42613522.mp3	2088
common_voice_gju_42588214.mp3	1800
common_voice_gju_42501229.mp3	2448
common_voice_gju_42107241.mp3	1908
common_voice_gju_42101673.mp3	2376
common_voice_gju_42601551.mp3	1836
common_voice_gju_42478659.mp3	2880
common_voice_gju_42529248.mp3	2880
common_voice_gju_42530092.mp3	2196
common_voice_gju_42562813.mp3	8928
common_voice_gju_42638055.mp3	4248
common_voice_gju_42107308.mp3	3276
common_voice_gju_42529494.mp3	4140
common_voice_gju_42565905.mp3	1908
common_voice_gju_42100603.mp3	5436
common_voice_gju_42087609.mp3	2088
common_voice_gju_42107177.mp3	9396
common_voice_gju_42601755.mp3	2448
common_voice_gju_42562744.mp3	5868
common_voice_gju_42101703.mp3	5040
common_voice_gju_42604065.mp3	2376
common_voice_gju_42184271.mp3	3456
common_voice_gju_42612713.mp3	6156
common_voice_gju_42409536.mp3	3528
common_voice_gju_42167224.mp3	4320
common_voice_gju_42501128.mp3	2808
common_voice_gju_42565777.mp3	3708
common_voice_gju_42562270.mp3	6228
common_voice_gju_42090401.mp3	1980
common_voice_gju_42080022.mp3	2160
common_voice_gju_42622256.mp3	3276
common_voice_gju_42167209.mp3	3456
common_voice_gju_42197403.mp3	4140
common_voice_gju_42478537.mp3	3816
common_voice_gju_42476321.mp3	2340
common_voice_gju_42107688.mp3	3168
common_voice_gju_42195998.mp3	1548
common_voice_gju_42481109.mp3	4140
common_voice_gju_42188692.mp3	1656
common_voice_gju_42108598.mp3	7596
common_voice_gju_42109200.mp3	3060
common_voice_gju_42613737.mp3	2700
common_voice_gju_42184705.mp3	1836
common_voice_gju_42179923.mp3	1836
common_voice_gju_42107390.mp3	2160
common_voice_gju_42563076.mp3	3780
common_voice_gju_42087577.mp3	2340
common_voice_gju_42476741.mp3	1656
common_voice_gju_42562293.mp3	2016
common_voice_gju_42530112.mp3	2016
common_voice_gju_42612706.mp3	2340
common_voice_gju_42562467.mp3	2448
common_voice_gju_42497556.mp3	4968
common_voice_gju_42100524.mp3	4356
common_voice_gju_42101407.mp3	5328
common_voice_gju_42112361.mp3	9900
common_voice_gju_42187288.mp3	3636
common_voice_gju_42601474.mp3	6480
common_voice_gju_42501223.mp3	6408
common_voice_gju_42501126.mp3	2736
common_voice_gju_42603743.mp3	3600
common_voice_gju_42108152.mp3	2016
common_voice_gju_42478726.mp3	3420
common_voice_gju_42537376.mp3	2016
common_voice_gju_42107315.mp3	3348
common_voice_gju_42603957.mp3	2160
common_voice_gju_42200318.mp3	3816
common_voice_gju_42199772.mp3	1728
common_voice_gju_42090385.mp3	3096
common_voice_gju_42562872.mp3	3060
common_voice_gju_42563052.mp3	1908
common_voice_gju_42108753.mp3	2880
common_voice_gju_42107662.mp3	2556
common_voice_gju_42565582.mp3	4068
common_voice_gju_42500869.mp3	2628
common_voice_gju_42188208.mp3	1368
common_voice_gju_42108842.mp3	2520
common_voice_gju_42195511.mp3	1728
common_voice_gju_42587697.mp3	2628
common_voice_gju_42108579.mp3	5256
common_voice_gju_42565372.mp3	1836
common_voice_gju_42108069.mp3	2196
common_voice_gju_42478529.mp3	1728
common_voice_gju_42587783.mp3	2556
common_voice_gju_42197969.mp3	2196
common_voice_gju_42478700.mp3	3168
common_voice_gju_42529731.mp3	2160
common_voice_gju_42562664.mp3	5868
common_voice_gju_42167397.mp3	5796
common_voice_gju_42562878.mp3	8100
common_voice_gju_42107350.mp3	1728
common_voice_gju_42565323.mp3	4536
common_voice_gju_42594988.mp3	3348
common_voice_gju_42197300.mp3	2268
common_voice_gju_42499656.mp3	2736
common_voice_gju_42112449.mp3	2268
common_voice_gju_42087368.mp3	4500
common_voice_gju_42188215.mp3	1800
common_voice_gju_42562295.mp3	3096
common_voice_gju_42562348.mp3	3240
common_voice_gju_42409410.mp3	4680
common_voice_gju_42587788.mp3	2448
common_voice_gju_42562114.mp3	3456
common_voice_gju_42587375.mp3	2196
common_voice_gju_42587770.mp3	3600
common_voice_gju_42588046.mp3	3420
common_voice_gju_42601606.mp3	3600
common_voice_gju_42478647.mp3	3600
common_voice_gju_42112530.mp3	5976
common_voice_gju_42500950.mp3	2268
common_voice_gju_42562404.mp3	2916
common_voice_gju_42182780.mp3	2520
common_voice_gju_42109269.mp3	3096
common_voice_gju_42587508.mp3	2160
common_voice_gju_42107832.mp3	3636
common_voice_gju_42102426.mp3	2916
common_voice_gju_42565294.mp3	3456
common_voice_gju_42107047.mp3	7020
common_voice_gju_42107717.mp3	2556
common_voice_gju_42603954.mp3	3276
common_voice_gju_42195471.mp3	1836
common_voice_gju_42537370.mp3	2988
common_voice_gju_42612841.mp3	3060
common_voice_gju_42476338.mp3	4608
common_voice_gju_42409251.mp3	2340
common_voice_gju_42102760.mp3	4608
common_voice_gju_42101819.mp3	2700
common_voice_gju_42601353.mp3	2916
common_voice_gju_42587807.mp3	2628
common_voice_gju_42197936.mp3	2880
common_voice_gju_42089980.mp3	3456
common_voice_gju_42461620.mp3	2808
common_voice_gju_42604165.mp3	3888
common_voice_gju_42612817.mp3	2448
common_voice_gju_42107869.mp3	2196
common_voice_gju_42200428.mp3	1800
common_voice_gju_42409265.mp3	3240
common_voice_gju_42409384.mp3	4176
common_voice_gju_42612748.mp3	6048
common_voice_gju_42408846.mp3	1908
common_voice_gju_42612973.mp3	2268
common_voice_gju_42091324.mp3	3708
common_voice_gju_42594928.mp3	6876
common_voice_gju_42198043.mp3	1296
common_voice_gju_42111328.mp3	3276
common_voice_gju_42107697.mp3	1980
common_voice_gju_42199242.mp3	2916
common_voice_gju_42087479.mp3	3240
common_voice_gju_42601583.mp3	2340
common_voice_gju_42500799.mp3	2016
common_voice_gju_42090400.mp3	3276
common_voice_gju_42408843.mp3	4248
common_voice_gju_42612670.mp3	3600
common_voice_gju_42089642.mp3	7848
common_voice_gju_42108228.mp3	1728
common_voice_gju_42601546.mp3	2268
common_voice_gju_42196831.mp3	1980
common_voice_gju_42481169.mp3	2916
common_voice_gju_42080112.mp3	2268
common_voice_gju_42565247.mp3	3420
common_voice_gju_42100847.mp3	6228
common_voice_gju_42121940.mp3	2880
common_voice_gju_42460862.mp3	3708
common_voice_gju_42090538.mp3	3240
common_voice_gju_42099669.mp3	4608
common_voice_gju_42188689.mp3	1980
common_voice_gju_42107672.mp3	1980
common_voice_gju_42637829.mp3	5076
common_voice_gju_42476466.mp3	3168
common_voice_gju_42622331.mp3	1800
common_voice_gju_42562751.mp3	2376
common_voice_gju_42537365.mp3	1980
common_voice_gju_42197124.mp3	1836
common_voice_gju_42565479.mp3	2700
common_voice_gju_42537317.mp3	5220
common_voice_gju_42107162.mp3	3276
common_voice_gju_42500825.mp3	4248
common_voice_gju_42604201.mp3	2700
common_voice_gju_42091284.mp3	2376
common_voice_gju_42195982.mp3	1800
common_voice_gju_42587358.mp3	4536
common_voice_gju_42601558.mp3	6948
common_voice_gju_42188432.mp3	1980
common_voice_gju_42562939.mp3	4896
common_voice_gju_42111196.mp3	2916
common_voice_gju_42198060.mp3	1908
common_voice_gju_42100459.mp3	1800
common_voice_gju_42478622.mp3	1800
common_voice_gju_42090363.mp3	3096
common_voice_gju_42107867.mp3	2700
common_voice_gju_42562612.mp3	2376
common_voice_gju_42537327.mp3	4068
common_voice_gju_42603973.mp3	3888
common_voice_gju_42637783.mp3	2340
common_voice_gju_42102821.mp3	3240
common_voice_gju_42101448.mp3	3060
common_voice_gju_42612671.mp3	3420
common_voice_gju_42587582.mp3	2376
common_voice_gju_42529760.mp3	3420
common_voice_gju_42106894.mp3	3780
common_voice_gju_42587356.mp3	2448
common_voice_gju_42187298.mp3	5040
common_voice_gju_42612848.mp3	3348
common_voice_gju_42587686.mp3	2160
common_voice_gju_42409459.mp3	2916
common_voice_gju_42137183.mp3	4500
common_voice_gju_42090733.mp3	3276
common_voice_gju_42588294.mp3	4968
common_voice_gju_42196851.mp3	1656
common_voice_gju_42112390.mp3	3348
common_voice_gju_42562768.mp3	3060
common_voice_gju_42109322.mp3	2160
common_voice_gju_42637874.mp3	2160
common_voice_gju_42476667.mp3	2916
common_voice_gju_42188291.mp3	2628
common_voice_gju_42619789.mp3	6840
common_voice_gju_42099679.mp3	5220
common_voice_gju_42604421.mp3	2448
common_voice_gju_42604377.mp3	2808
common_voice_gju_42588250.mp3	3708
common_voice_gju_42613692.mp3	2556
common_voice_gju_42562253.mp3	3276
common_voice_gju_42109314.mp3	4968
common_voice_gju_42091471.mp3	6516
common_voice_gju_42199161.mp3	3096
common_voice_gju_42179958.mp3	2196
common_voice_gju_42106775.mp3	5148
common_voice_gju_42108723.mp3	3276
common_voice_gju_42109456.mp3	1980
common_voice_gju_42601476.mp3	1980
common_voice_gju_42597239.mp3	2808
common_voice_gju_42101139.mp3	3096
common_voice_gju_42106670.mp3	8460
common_voice_gju_42188292.mp3	2340
common_voice_gju_42587330.mp3	3780
common_voice_gju_42587596.mp3	3636
common_voice_gju_42562303.mp3	1620
common_voice_gju_42500909.mp3	3168
common_voice_gju_42562602.mp3	2448
common_voice_gju_42083756.mp3	4140
common_voice_gju_42562076.mp3	4860
common_voice_gju_42502438.mp3	2988
common_voice_gju_42601482.mp3	3456
common_voice_gju_42588051.mp3	4788
common_voice_gju_42497750.mp3	3780
common_voice_gju_42565805.mp3	4176
common_voice_gju_42601455.mp3	1656
common_voice_gju_42197155.mp3	2088
common_voice_gju_42594938.mp3	3456
common_voice_gju_42195886.mp3	3240
common_voice_gju_42620025.mp3	4608
common_voice_gju_42196050.mp3	2340
common_voice_gju_42594949.mp3	4068
common_voice_gju_42613794.mp3	3960
common_voice_gju_42408841.mp3	3960
common_voice_gju_42090536.mp3	2628
common_voice_gju_42500858.mp3	2340
common_voice_gju_42107786.mp3	2808
common_voice_gju_42622236.mp3	3456
common_voice_gju_42101309.mp3	3240
common_voice_gju_42187159.mp3	1836
common_voice_gju_42108557.mp3	2196
common_voice_gju_42102548.mp3	2268
common_voice_gju_42565504.mp3	1836
common_voice_gju_42588087.mp3	2628
common_voice_gju_42619812.mp3	3996
common_voice_gju_42460805.mp3	2448
common_voice_gju_42087544.mp3	2916
common_voice_gju_42594974.mp3	4176
common_voice_gju_42111454.mp3	3348
common_voice_gju_42537272.mp3	2628
common_voice_gju_42188387.mp3	2808
common_voice_gju_42111909.mp3	2808
common_voice_gju_42500862.mp3	3780
common_voice_gju_42604220.mp3	1620
common_voice_gju_42476550.mp3	3276
common_voice_gju_42603937.mp3	1836
common_voice_gju_42091128.mp3	3276
common_voice_gju_42199338.mp3	2196
common_voice_gju_42565681.mp3	3780
common_voice_gju_42529233.mp3	4356
common_voice_gju_42188150.mp3	2556
common_voice_gju_42476668.mp3	3528
common_voice_gju_42612667.mp3	4176
common_voice_gju_42188429.mp3	3420
common_voice_gju_42111169.mp3	2376
common_voice_gju_42111140.mp3	2988
common_voice_gju_42195297.mp3	2016
common_voice_gju_42499673.mp3	4248
common_voice_gju_42565406.mp3	1836
common_voice_gju_42197110.mp3	2628
common_voice_gju_42562349.mp3	3240
common_voice_gju_42090693.mp3	3240
common_voice_gju_42087541.mp3	3420
common_voice_gju_42408891.mp3	4428
common_voice_gju_42565708.mp3	4140
common_voice_gju_42090308.mp3	2808
common_voice_gju_42530090.mp3	4608
common_voice_gju_42100905.mp3	2880
common_voice_gju_42565852.mp3	3348
common_voice_gju_42501074.mp3	1800
common_voice_gju_42622323.mp3	1980
common_voice_gju_42112036.mp3	2916
common_voice_gju_42478732.mp3	2160
common_voice_gju_42476591.mp3	8028
common_voice_gju_42409408.mp3	4140
common_voice_gju_42603866.mp3	2520
common_voice_gju_42100826.mp3	2196
common_voice_gju_42100811.mp3	3636
common_voice_gju_42562888.mp3	1800
common_voice_gju_42089833.mp3	6480
common_voice_gju_42476446.mp3	5040
common_voice_gju_42112634.mp3	3060
common_voice_gju_42107557.mp3	2916
common_voice_gju_42184216.mp3	2376
common_voice_gju_42476513.mp3	2880
common_voice_gju_42198136.mp3	1368
common_voice_gju_42100776.mp3	2016
common_voice_gju_42102311.mp3	3600
common_voice_gju_42109044.mp3	4320
common_voice_gju_42587471.mp3	3780
common_voice_gju_42199668.mp3	2700
common_voice_gju_42409229.mp3	6840
common_voice_gju_42109233.mp3	5688
common_voice_gju_42478709.mp3	2448
common_voice_gju_42501019.mp3	3096
common_voice_gju_42613884.mp3	3060
common_voice_gju_42199401.mp3	1620
common_voice_gju_42476503.mp3	2808
common_voice_gju_42588005.mp3	2196
common_voice_gju_42109033.mp3	2196
common_voice_gju_42638046.mp3	2376
common_voice_gju_42529721.mp3	2736
common_voice_gju_42565761.mp3	2160
common_voice_gju_42109176.mp3	3996
common_voice_gju_42409330.mp3	3168
common_voice_gju_42109282.mp3	9540
common_voice_gju_42091066.mp3	2088
common_voice_gju_42476507.mp3	2268
common_voice_gju_42588239.mp3	1800
common_voice_gju_42090881.mp3	3996
common_voice_gju_42167599.mp3	7920
common_voice_gju_42587431.mp3	2916
common_voice_gju_42478614.mp3	1836
common_voice_gju_42137686.mp3	1548
common_voice_gju_42565311.mp3	2808
common_voice_gju_42478643.mp3	1980
common_voice_gju_42587956.mp3	2880
common_voice_gju_42108473.mp3	2268
common_voice_gju_42199200.mp3	2016
common_voice_gju_42603793.mp3	1800
common_voice_gju_42478684.mp3	2700
common_voice_gju_42622280.mp3	2700
common_voice_gju_42529108.mp3	3168
common_voice_gju_42461640.mp3	3456
common_voice_gju_42603746.mp3	7776
common_voice_gju_42594922.mp3	2700
common_voice_gju_42601608.mp3	4860
common_voice_gju_42198110.mp3	2196
common_voice_gju_42108566.mp3	2628
common_voice_gju_42109353.mp3	2808
common_voice_gju_42112437.mp3	2376
common_voice_gju_42198023.mp3	2088
common_voice_gju_42200393.mp3	1836
common_voice_gju_42500821.mp3	2808
common_voice_gju_42111180.mp3	2628
common_voice_gju_42197103.mp3	2448
common_voice_gju_42622346.mp3	1728
common_voice_gju_42101923.mp3	2268
common_voice_gju_42111889.mp3	2556
common_voice_gju_42101781.mp3	2880
common_voice_gju_42109095.mp3	2736
common_voice_gju_42102374.mp3	4500
common_voice_gju_42409425.mp3	3276
common_voice_gju_42565334.mp3	3096
common_voice_gju_42476381.mp3	6408
common_voice_gju_42594929.mp3	2916
common_voice_gju_42502496.mp3	2556
common_voice_gju_42195441.mp3	1548
common_voice_gju_42587877.mp3	3168
common_voice_gju_42107996.mp3	1800
common_voice_gju_42461542.mp3	3060
common_voice_gju_42111851.mp3	2700
common_voice_gju_42562990.mp3	2088
common_voice_gju_42167400.mp3	2700
common_voice_gju_42587548.mp3	2520
common_voice_gju_42188301.mp3	2016
common_voice_gju_42409451.mp3	3348
common_voice_gju_42109397.mp3	3240
common_voice_gju_42196219.mp3	2196
common_voice_gju_42103058.mp3	3528
common_voice_gju_42112722.mp3	2700
common_voice_gju_42100298.mp3	2088
common_voice_gju_42612823.mp3	4068
common_voice_gju_42562961.mp3	5868
common_voice_gju_42565250.mp3	1800
common_voice_gju_42179739.mp3	3240
common_voice_gju_42565530.mp3	3096
common_voice_gju_42502428.mp3	2988
common_voice_gju_42101051.mp3	1800
common_voice_gju_42107495.mp3	4248
common_voice_gju_42195983.mp3	1548
common_voice_gju_42612980.mp3	3960
common_voice_gju_42107366.mp3	1800
common_voice_gju_42565624.mp3	2700
common_voice_gju_42478530.mp3	1800
common_voice_gju_42109369.mp3	3096
common_voice_gju_42501075.mp3	3420
common_voice_gju_42529518.mp3	1800
common_voice_gju_42562105.mp3	3600
common_voice_gju_42587441.mp3	2700
common_voice_gju_42613888.mp3	2448
common_voice_gju_42107409.mp3	4176
common_voice_gju_42565809.mp3	2628
common_voice_gju_42565481.mp3	3456
common_voice_gju_42107470.mp3	3276
common_voice_gju_42612736.mp3	8856
common_voice_gju_42620294.mp3	2808
common_voice_gju_42565436.mp3	4536
common_voice_gju_42409298.mp3	2628
common_voice_gju_42478749.mp3	3276
common_voice_gju_42501057.mp3	3816
common_voice_gju_42604356.mp3	2376
common_voice_gju_42179832.mp3	2196
common_voice_gju_42478741.mp3	4896
common_voice_gju_42200221.mp3	1980
common_voice_gju_42562180.mp3	3276
common_voice_gju_42198041.mp3	3636
common_voice_gju_42167507.mp3	5148
common_voice_gju_42562201.mp3	1836
common_voice_gju_42199453.mp3	2916
common_voice_gju_42108248.mp3	1908
common_voice_gju_42101343.mp3	2988
common_voice_gju_42102995.mp3	1656
common_voice_gju_42199259.mp3	2700
common_voice_gju_42090933.mp3	4140
common_voice_gju_42597240.mp3	2556
common_voice_gju_42562461.mp3	4500
common_voice_gju_42562216.mp3	2376
common_voice_gju_42198621.mp3	1548
common_voice_gju_42565733.mp3	5040
common_voice_gju_42108578.mp3	3060
common_voice_gju_42587553.mp3	2016
common_voice_gju_42565611.mp3	4536
common_voice_gju_42529374.mp3	3348
common_voice_gju_42562712.mp3	2988
common_voice_gju_42587340.mp3	3600
common_voice_gju_42478564.mp3	6336
common_voice_gju_42565276.mp3	2880
common_voice_gju_42087643.mp3	2196
common_voice_gju_42167551.mp3	2520
common_voice_gju_42107443.mp3	4140
common_voice_gju_42588135.mp3	1656
common_voice_gju_42107744.mp3	2520
common_voice_gju_42587901.mp3	2700
common_voice_gju_42107896.mp3	4968
common_voice_gju_42604324.mp3	2196
common_voice_gju_42613492.mp3	4896
common_voice_gju_42087419.mp3	3276
common_voice_gju_42594958.mp3	3528
common_voice_gju_42587394.mp3	3096
common_voice_gju_42100473.mp3	7236
common_voice_gju_42188206.mp3	3168
common_voice_gju_42109198.mp3	4176
common_voice_gju_42562826.mp3	4176
common_voice_gju_42502446.mp3	2700
common_voice_gju_42501207.mp3	3888
common_voice_gju_42462056.mp3	4176
common_voice_gju_42587672.mp3	3456
common_voice_gju_42612947.mp3	2700
common_voice_gju_42108178.mp3	9576
common_voice_gju_42188259.mp3	2016
common_voice_gju_42601648.mp3	2016
common_voice_gju_42562756.mp3	1908
common_voice_gju_42409055.mp3	4896
common_voice_gju_42108226.mp3	2448
common_voice_gju_42603974.mp3	3168
common_voice_gju_42137580.mp3	3456
common_voice_gju_42108743.mp3	2628
common_voice_gju_42100707.mp3	2736
common_voice_gju_42562753.mp3	3348
common_voice_gju_42198643.mp3	1476
common_voice_gju_42182969.mp3	4896
common_voice_gju_42409546.mp3	4248
common_voice_gju_42101167.mp3	4536
common_voice_gju_42200267.mp3	2160
common_voice_gju_42612951.mp3	4968
common_voice_gju_42121863.mp3	4860
common_voice_gju_42529391.mp3	2520
common_voice_gju_42184210.mp3	2808
common_voice_gju_42588039.mp3	5940
common_voice_gju_42562292.mp3	2808
common_voice_gju_42604263.mp3	2088
common_voice_gju_42587682.mp3	2556
common_voice_gju_42594909.mp3	6876
common_voice_gju_42588119.mp3	2088
common_voice_gju_42601587.mp3	2628
common_voice_gju_42107251.mp3	1908
common_voice_gju_42562704.mp3	1728
common_voice_gju_42121881.mp3	2088
common_voice_gju_42604315.mp3	2376
common_voice_gju_42179963.mp3	1836
common_voice_gju_42101934.mp3	2808
common_voice_gju_42478606.mp3	2448
common_voice_gju_42167600.mp3	4068
common_voice_gju_42199654.mp3	3780
common_voice_gju_42100458.mp3	3348
common_voice_gju_42107220.mp3	2988
common_voice_gju_42090762.mp3	3960
common_voice_gju_42613728.mp3	1656
common_voice_gju_42565910.mp3	2700
common_voice_gju_42199574.mp3	4176
common_voice_gju_42500991.mp3	3060
common_voice_gju_42107863.mp3	1800
common_voice_gju_42198414.mp3	3168
common_voice_gju_42537298.mp3	3060
common_voice_gju_42179848.mp3	1620
common_voice_gju_42587498.mp3	1836
common_voice_gju_42562175.mp3	2268
common_voice_gju_42188688.mp3	2196
common_voice_gju_42100682.mp3	2700
common_voice_gju_42481043.mp3	2520
common_voice_gju_42556007.mp3	2736
common_voice_gju_42612871.mp3	4968
common_voice_gju_42562728.mp3	1800
common_voice_gju_42622097.mp3	2448
common_voice_gju_42587475.mp3	3636
common_voice_gju_42087334.mp3	4896
common_voice_gju_42100434.mp3	2880
common_voice_gju_42476605.mp3	5436
common_voice_gju_42529861.mp3	2376
common_voice_gju_42179833.mp3	1908
common_voice_gju_42099665.mp3	3348
common_voice_gju_42604196.mp3	2196
common_voice_gju_42109335.mp3	1980
common_voice_gju_42562593.mp3	2016
common_voice_gju_42476694.mp3	2376
common_voice_gju_42111412.mp3	5760
common_voice_gju_42100254.mp3	2160
common_voice_gju_42476361.mp3	3096
common_voice_gju_42476628.mp3	2556
common_voice_gju_42100427.mp3	3888
common_voice_gju_42619861.mp3	4608
common_voice_gju_42087330.mp3	5616
common_voice_gju_42588227.mp3	2916
common_voice_gju_42612869.mp3	5040
common_voice_gju_42565349.mp3	4068
common_voice_gju_42587500.mp3	2556
common_voice_gju_42112413.mp3	2520
common_voice_gju_42198638.mp3	1548
common_voice_gju_42565539.mp3	2268
common_voice_gju_42199271.mp3	1656
common_voice_gju_42409674.mp3	2340
common_voice_gju_42188652.mp3	2808
common_voice_gju_42587587.mp3	1836
common_voice_gju_42562537.mp3	4140
common_voice_gju_42108058.mp3	8316
common_voice_gju_42637629.mp3	3276
common_voice_gju_42180082.mp3	2700
common_voice_gju_42200249.mp3	2016
common_voice_gju_42613473.mp3	2088
common_voice_gju_42587909.mp3	3276
common_voice_gju_42587679.mp3	2196
common_voice_gju_42637891.mp3	3168
common_voice_gju_42476390.mp3	5400
common_voice_gju_42112670.mp3	3600
common_voice_gju_42565562.mp3	3816
common_voice_gju_42529545.mp3	5148
common_voice_gju_42460773.mp3	4320
common_voice_gju_42612912.mp3	3528
common_voice_gju_42537386.mp3	2880
common_voice_gju_42476546.mp3	2376
common_voice_gju_42137477.mp3	2736
common_voice_gju_42198537.mp3	2340
common_voice_gju_42613635.mp3	5616
common_voice_gju_42622278.mp3	6588
common_voice_gju_42179962.mp3	1548
common_voice_gju_42501001.mp3	1728
common_voice_gju_42588253.mp3	2088
common_voice_gju_42603775.mp3	2520
common_voice_gju_42476571.mp3	2160
common_voice_gju_42476347.mp3	3996
common_voice_gju_42179822.mp3	3708
common_voice_gju_42501106.mp3	1980
common_voice_gju_42108773.mp3	2376
common_voice_gju_42612839.mp3	6768
common_voice_gju_42121484.mp3	2808
common_voice_gju_42179792.mp3	1656
common_voice_gju_42198079.mp3	1980
common_voice_gju_42100295.mp3	3816
common_voice_gju_42112512.mp3	2916
common_voice_gju_42638039.mp3	2016
common_voice_gju_42565713.mp3	4140
common_voice_gju_42565581.mp3	8100
common_voice_gju_42079978.mp3	3276
common_voice_gju_42184652.mp3	2880
common_voice_gju_42588003.mp3	2808
common_voice_gju_42562138.mp3	2880
common_voice_gju_42080110.mp3	1656
common_voice_gju_42102781.mp3	3276
common_voice_gju_42107630.mp3	2088
common_voice_gju_42562493.mp3	2880
common_voice_gju_42179852.mp3	2988
common_voice_gju_42103226.mp3	4176
common_voice_gju_42501218.mp3	2880
common_voice_gju_42638022.mp3	2088
common_voice_gju_42562970.mp3	3096
common_voice_gju_42565511.mp3	2700
common_voice_gju_42500853.mp3	3600
common_voice_gju_42476398.mp3	4680
common_voice_gju_42476368.mp3	3168
common_voice_gju_42200161.mp3	2628
common_voice_gju_42112340.mp3	2088
common_voice_gju_42100369.mp3	4860
common_voice_gju_42200422.mp3	2340
common_voice_gju_42563061.mp3	2340
common_voice_gju_42497733.mp3	2736
common_voice_gju_42562428.mp3	2736
common_voice_gju_42561040.mp3	3420
common_voice_gju_42102486.mp3	2340
common_voice_gju_42096692.mp3	3528
common_voice_gju_42409533.mp3	1980
common_voice_gju_42107612.mp3	2268
common_voice_gju_42529581.mp3	7020
common_voice_gju_42197342.mp3	4608
common_voice_gju_42112705.mp3	2340
common_voice_gju_42638016.mp3	3096
common_voice_gju_42604385.mp3	1836
common_voice_gju_42476743.mp3	2808
common_voice_gju_42530053.mp3	6156
common_voice_gju_42476379.mp3	3996
common_voice_gju_42112631.mp3	3708
common_voice_gju_42187195.mp3	1908
common_voice_gju_42167247.mp3	5040
common_voice_gju_42200439.mp3	2700
common_voice_gju_42188512.mp3	2628
common_voice_gju_42562446.mp3	3420
common_voice_gju_42562781.mp3	6480
common_voice_gju_42612978.mp3	4968
common_voice_gju_42612700.mp3	2556
common_voice_gju_42612683.mp3	4140
common_voice_gju_42613675.mp3	2736
common_voice_gju_42476590.mp3	3096
common_voice_gju_42108141.mp3	1800
common_voice_gju_42604318.mp3	2988
common_voice_gju_42562080.mp3	3348
common_voice_gju_42562772.mp3	1620
common_voice_gju_42100508.mp3	6048
common_voice_gju_42101426.mp3	2088
common_voice_gju_42108722.mp3	2088
common_voice_gju_42200141.mp3	3240
common_voice_gju_42112304.mp3	6156
common_voice_gju_42612693.mp3	3636
common_voice_gju_42562692.mp3	4896
common_voice_gju_42108605.mp3	2808
common_voice_gju_42476477.mp3	4788
common_voice_gju_42587590.mp3	3996
common_voice_gju_42102186.mp3	3348
common_voice_gju_42091233.mp3	1980
common_voice_gju_42587643.mp3	2340
common_voice_gju_42462099.mp3	3060
common_voice_gju_42100702.mp3	6516
common_voice_gju_42563127.mp3	2700
common_voice_gju_42587789.mp3	2340
common_voice_gju_42107793.mp3	4788
common_voice_gju_42096636.mp3	4608
common_voice_gju_42604188.mp3	2196
common_voice_gju_42502425.mp3	3528
common_voice_gju_42587821.mp3	2340
common_voice_gju_42537286.mp3	4140
common_voice_gju_42601684.mp3	1656
common_voice_gju_42200025.mp3	2556
common_voice_gju_42603953.mp3	2880
common_voice_gju_42562783.mp3	3888
common_voice_gju_42199221.mp3	2520
common_voice_gju_42587347.mp3	5976
common_voice_gju_42182673.mp3	4248
common_voice_gju_42587613.mp3	2088
common_voice_gju_42100753.mp3	1728
common_voice_gju_42603831.mp3	2556
common_voice_gju_42100809.mp3	2340
common_voice_gju_42604033.mp3	3816
common_voice_gju_42100990.mp3	5976
common_voice_gju_42108615.mp3	2628
common_voice_gju_42478619.mp3	3240
common_voice_gju_42090883.mp3	2628
common_voice_gju_42562842.mp3	4140
common_voice_gju_42167467.mp3	3420
common_voice_gju_42409360.mp3	2088
common_voice_gju_42461597.mp3	2628
common_voice_gju_42409693.mp3	2448
common_voice_gju_42167535.mp3	3996
common_voice_gju_42182670.mp3	2376
common_voice_gju_42111246.mp3	1836
common_voice_gju_42587577.mp3	3060
common_voice_gju_42613873.mp3	2808
common_voice_gju_42091044.mp3	3096
common_voice_gju_42080127.mp3	2520
common_voice_gju_42199735.mp3	6336
common_voice_gju_42620046.mp3	3060
common_voice_gju_42101312.mp3	2556
common_voice_gju_42587940.mp3	1728
common_voice_gju_42112444.mp3	1620
common_voice_gju_42099661.mp3	4428
common_voice_gju_42613580.mp3	3996
common_voice_gju_42179964.mp3	1728
common_voice_gju_42188137.mp3	3276
common_voice_gju_42587769.mp3	2916
common_voice_gju_42619799.mp3	5220
common_voice_gju_42090399.mp3	3276
common_voice_gju_42109252.mp3	2520
common_voice_gju_42476331.mp3	9288
common_voice_gju_42102060.mp3	7560
common_voice_gju_42619880.mp3	2340
common_voice_gju_42091336.mp3	2016
common_voice_gju_42100317.mp3	3240
common_voice_gju_42198587.mp3	1728
common_voice_gju_42100602.mp3	4320
common_voice_gju_42529594.mp3	4896
common_voice_gju_42111285.mp3	3996
common_voice_gju_42089646.mp3	3060
common_voice_gju_42587675.mp3	2196
common_voice_gju_42565692.mp3	1656
common_voice_gju_42612903.mp3	2160
common_voice_gju_42500925.mp3	1980
common_voice_gju_42112317.mp3	2988
common_voice_gju_42200155.mp3	1440
common_voice_gju_42478621.mp3	2340
common_voice_gju_42612953.mp3	2988
common_voice_gju_42562607.mp3	3096
common_voice_gju_42481188.mp3	2916
common_voice_gju_42409624.mp3	2196
common_voice_gju_42612876.mp3	5040
common_voice_gju_42112237.mp3	2376
common_voice_gju_42199529.mp3	2160
common_voice_gju_42184660.mp3	1296
common_voice_gju_42111185.mp3	1908
common_voice_gju_42461594.mp3	3780
common_voice_gju_42195508.mp3	4788
common_voice_gju_42188633.mp3	1908
common_voice_gju_42091286.mp3	11268
common_voice_gju_42478567.mp3	1836
common_voice_gju_42108211.mp3	2700
common_voice_gju_42529605.mp3	1836
common_voice_gju_42529291.mp3	2880
common_voice_gju_42529386.mp3	3636
common_voice_gju_42112635.mp3	9108
common_voice_gju_42197509.mp3	2016
common_voice_gju_42529649.mp3	3708
common_voice_gju_42121497.mp3	1728
common_voice_gju_42089712.mp3	2808
common_voice_gju_42562145.mp3	4320
common_voice_gju_42587649.mp3	2160
common_voice_gju_42107425.mp3	2556
common_voice_gju_42200216.mp3	1728
common_voice_gju_42087293.mp3	3636
common_voice_gju_42478686.mp3	3420
common_voice_gju_42137699.mp3	3960
common_voice_gju_42200162.mp3	2340
common_voice_gju_42562825.mp3	1728
common_voice_gju_42100355.mp3	5940
common_voice_gju_42199182.mp3	2556
common_voice_gju_42102744.mp3	7920
common_voice_gju_42107249.mp3	2808
common_voice_gju_42096673.mp3	2448
common_voice_gju_42604093.mp3	3780
common_voice_gju_42199341.mp3	2376
common_voice_gju_42562918.mp3	2268
common_voice_gju_42601769.mp3	1980
common_voice_gju_42195302.mp3	2088
common_voice_gju_42409139.mp3	3456
common_voice_gju_42594956.mp3	2736
common_voice_gju_42137682.mp3	2016
common_voice_gju_42101648.mp3	5400
common_voice_gju_42102734.mp3	3348
common_voice_gju_42604227.mp3	1908
common_voice_gju_42167553.mp3	6120
common_voice_gju_42476457.mp3	5940
common_voice_gju_42111194.mp3	4320
common_voice_gju_42530200.mp3	4176
common_voice_gju_42588169.mp3	2268
common_voice_gju_42587314.mp3	2268
common_voice_gju_42087487.mp3	3240
common_voice_gju_42613457.mp3	1908
common_voice_gju_42612858.mp3	3420
common_voice_gju_42198065.mp3	1548
common_voice_gju_42565425.mp3	3456
common_voice_gju_42587570.mp3	3888
common_voice_gju_42476677.mp3	3096
common_voice_gju_42199417.mp3	3420
common_voice_gju_42087550.mp3	3168
common_voice_gju_42587585.mp3	2808
common_voice_gju_42638017.mp3	3528
common_voice_gju_42565642.mp3	2088
common_voice_gju_42565724.mp3	2088
common_voice_gju_42476326.mp3	2736
common_voice_gju_42587510.mp3	2196
common_voice_gju_42588154.mp3	2700
common_voice_gju_42476761.mp3	4068
common_voice_gju_42199486.mp3	1728
common_voice_gju_42604453.mp3	3060
common_voice_gju_42619802.mp3	4860
common_voice_gju_42107283.mp3	4248
common_voice_gju_42199449.mp3	5076
common_voice_gju_42500865.mp3	4860
common_voice_gju_42565362.mp3	4716
common_voice_gju_42182882.mp3	2808
common_voice_gju_42107351.mp3	1908
common_voice_gju_42622230.mp3	1728
common_voice_gju_42476448.mp3	2700
common_voice_gju_42530014.mp3	2088
common_voice_gju_42562996.mp3	4356
common_voice_gju_42476745.mp3	2268
common_voice_gju_42137634.mp3	2808
common_voice_gju_42588094.mp3	2628
common_voice_gju_42111251.mp3	1908
common_voice_gju_42603970.mp3	1836
common_voice_gju_42500888.mp3	4860
common_voice_gju_42601603.mp3	1620
common_voice_gju_42101399.mp3	3420
common_voice_gju_42565295.mp3	3276
common_voice_gju_42111213.mp3	2520
common_voice_gju_42637903.mp3	2088
common_voice_gju_42102451.mp3	5508
common_voice_gju_42199689.mp3	2016
common_voice_gju_42612678.mp3	3240
common_voice_gju_42613887.mp3	2736
common_voice_gju_42108225.mp3	3636
common_voice_gju_42198331.mp3	1980
common_voice_gju_42100940.mp3	2916
common_voice_gju_42195422.mp3	1908
common_voice_gju_42079896.mp3	3060
common_voice_gju_42121514.mp3	4320
common_voice_gju_42137573.mp3	1908
common_voice_gju_42622251.mp3	3348
common_voice_gju_42112633.mp3	2196
common_voice_gju_42101357.mp3	2700
common_voice_gju_42107395.mp3	2340
common_voice_gju_42476807.mp3	5688
common_voice_gju_42537381.mp3	2736
common_voice_gju_42500958.mp3	2736
common_voice_gju_42637635.mp3	1800
common_voice_gju_42556003.mp3	3240
common_voice_gju_42501022.mp3	2988
common_voice_gju_42565284.mp3	2916
common_voice_gju_42588246.mp3	3888
common_voice_gju_42529304.mp3	1908
common_voice_gju_42612763.mp3	3528
common_voice_gju_42179790.mp3	1476
common_voice_gju_42612902.mp3	4140
common_voice_gju_42108237.mp3	2556
common_voice_gju_42587490.mp3	2880
common_voice_gju_42562993.mp3	2016
common_voice_gju_42460860.mp3	2268
common_voice_gju_42108610.mp3	4716
common_voice_gju_42100724.mp3	4428
common_voice_gju_42619914.mp3	4356
common_voice_gju_42603955.mp3	2520
common_voice_gju_42121922.mp3	3780
common_voice_gju_42089613.mp3	2556
common_voice_gju_42108262.mp3	4716
common_voice_gju_42112428.mp3	2196
common_voice_gju_42090571.mp3	2628
common_voice_gju_42198514.mp3	3600
common_voice_gju_42529220.mp3	3060
common_voice_gju_42612754.mp3	3096
common_voice_gju_42565726.mp3	2628
common_voice_gju_42529086.mp3	4356
common_voice_gju_42562754.mp3	3420
common_voice_gju_42603928.mp3	2268
common_voice_gju_42603865.mp3	2016
common_voice_gju_42565620.mp3	3060
common_voice_gju_42198488.mp3	2340
common_voice_gju_42587573.mp3	3348
common_voice_gju_42090529.mp3	3708
common_voice_gju_42137256.mp3	2160
common_voice_gju_42121945.mp3	4500
common_voice_gju_42565485.mp3	5220
common_voice_gju_42529758.mp3	3816
common_voice_gju_42587285.mp3	2160
common_voice_gju_42199652.mp3	4140
common_voice_gju_42090460.mp3	2088
common_voice_gju_42601753.mp3	1620
common_voice_gju_42497523.mp3	2628
common_voice_gju_42604353.mp3	3348
common_voice_gju_42199632.mp3	1440
common_voice_gju_42587731.mp3	2628
common_voice_gju_42108184.mp3	3060
common_voice_gju_42179741.mp3	3060
common_voice_gju_42612703.mp3	3096
common_voice_gju_42107389.mp3	4788
common_voice_gju_42460775.mp3	4968
common_voice_gju_42562223.mp3	1980
common_voice_gju_42106608.mp3	7020
common_voice_gju_42102897.mp3	3276
common_voice_gju_42565596.mp3	2628
common_voice_gju_42476364.mp3	2880
common_voice_gju_42637912.mp3	3636
common_voice_gju_42199600.mp3	1440
common_voice_gju_42562834.mp3	2700
common_voice_gju_42180033.mp3	4536
common_voice_gju_42108055.mp3	2196
common_voice_gju_42603826.mp3	2448
common_voice_gju_42087412.mp3	3168
common_voice_gju_42613619.mp3	2808
common_voice_gju_42100445.mp3	2376
common_voice_gju_42196008.mp3	1728
common_voice_gju_42460859.mp3	1908
common_voice_gju_42562651.mp3	2556
common_voice_gju_42537337.mp3	1908
common_voice_gju_42637972.mp3	3276
common_voice_gju_42195279.mp3	1440
common_voice_gju_42638007.mp3	2196
common_voice_gju_42109292.mp3	2448
common_voice_gju_42167371.mp3	2628
common_voice_gju_42102696.mp3	5400
common_voice_gju_42196037.mp3	3348
common_voice_gju_42196038.mp3	1188
common_voice_gju_42409622.mp3	2160
common_voice_gju_42107694.mp3	1980
common_voice_gju_42588213.mp3	1728
common_voice_gju_42089563.mp3	6696
common_voice_gju_42612920.mp3	7236
common_voice_gju_42198324.mp3	2628
common_voice_gju_42408902.mp3	1728
common_voice_gju_42109034.mp3	3168
common_voice_gju_42612885.mp3	6768
common_voice_gju_42565700.mp3	2268
common_voice_gju_42121946.mp3	1836
common_voice_gju_42087478.mp3	4320
common_voice_gju_42184791.mp3	2196
common_voice_gju_42108532.mp3	2160
common_voice_gju_42111444.mp3	2376
common_voice_gju_42561289.mp3	3060
common_voice_gju_42562588.mp3	4428
common_voice_gju_42588207.mp3	2268
common_voice_gju_42603801.mp3	2880
common_voice_gju_42200480.mp3	2088
common_voice_gju_42199204.mp3	3420
common_voice_gju_42601376.mp3	3276
common_voice_gju_42167499.mp3	1908
common_voice_gju_42500903.mp3	3888
common_voice_gju_42529212.mp3	3888
common_voice_gju_42408901.mp3	1908
common_voice_gju_42565195.mp3	3420
common_voice_gju_42588185.mp3	2088
common_voice_gju_42565527.mp3	2196
common_voice_gju_42476817.mp3	3420
common_voice_gju_42111842.mp3	5868
common_voice_gju_42562442.mp3	3348
common_voice_gju_42102730.mp3	4176
common_voice_gju_42565780.mp3	5868
common_voice_gju_42108469.mp3	2556
common_voice_gju_42622373.mp3	5940
common_voice_gju_42121500.mp3	1800
common_voice_gju_42087514.mp3	3276
common_voice_gju_42111235.mp3	1908
common_voice_gju_42199771.mp3	1548
common_voice_gju_42121919.mp3	2196
common_voice_gju_42601710.mp3	5796
common_voice_gju_42408854.mp3	1620
common_voice_gju_42594980.mp3	3420
common_voice_gju_42112572.mp3	2088
common_voice_gju_42481102.mp3	2556
common_voice_gju_42180009.mp3	2016
common_voice_gju_42179686.mp3	2520
common_voice_gju_42107456.mp3	3960
common_voice_gju_42562188.mp3	6408
common_voice_gju_42409368.mp3	3096
common_voice_gju_42112514.mp3	1728
common_voice_gju_42603962.mp3	2736
common_voice_gju_42620026.mp3	2520
common_voice_gju_42562800.mp3	3960
common_voice_gju_42587537.mp3	2700
common_voice_gju_42565881.mp3	2808
common_voice_gju_42107422.mp3	3528
common_voice_gju_42101256.mp3	2700
common_voice_gju_42476385.mp3	2556
common_voice_gju_42100273.mp3	2916
common_voice_gju_42587353.mp3	3348
common_voice_gju_42107718.mp3	2880
common_voice_gju_42107269.mp3	3060
common_voice_gju_42476540.mp3	2736
common_voice_gju_42188515.mp3	3168
common_voice_gju_42198613.mp3	2808
common_voice_gju_42587684.mp3	2016
common_voice_gju_42112579.mp3	3276
common_voice_gju_42587925.mp3	2016
common_voice_gju_42565892.mp3	2196
common_voice_gju_42501038.mp3	2088
common_voice_gju_42562747.mp3	3060
common_voice_gju_42167671.mp3	3780
common_voice_gju_42107096.mp3	3816
common_voice_gju_42588075.mp3	1980
common_voice_gju_42108487.mp3	2340
common_voice_gju_42587746.mp3	2088
common_voice_gju_42562691.mp3	1728
common_voice_gju_42588057.mp3	1800
common_voice_gju_42197166.mp3	3960
common_voice_gju_42101949.mp3	4356
common_voice_gju_42637589.mp3	3096
common_voice_gju_42091472.mp3	2700
common_voice_gju_42108470.mp3	1908
common_voice_gju_42500884.mp3	2700
common_voice_gju_42562696.mp3	2916
common_voice_gju_42638058.mp3	3780
common_voice_gju_42109377.mp3	1980
common_voice_gju_42107897.mp3	2088
common_voice_gju_42565782.mp3	12276
common_voice_gju_42179831.mp3	1980
common_voice_gju_42167716.mp3	2808
common_voice_gju_42565823.mp3	2376
common_voice_gju_42612827.mp3	2556
common_voice_gju_42090530.mp3	5760
common_voice_gju_42563176.mp3	1836
common_voice_gju_42476555.mp3	3060
common_voice_gju_42588037.mp3	3168
common_voice_gju_42562749.mp3	5220
common_voice_gju_42107857.mp3	4896
common_voice_gju_42198614.mp3	2520
common_voice_gju_42184246.mp3	4536
common_voice_gju_42100849.mp3	2196
common_voice_gju_42562864.mp3	2916
common_voice_gju_42108735.mp3	2988
common_voice_gju_42087546.mp3	2628
common_voice_gju_42101625.mp3	2880
common_voice_gju_42409352.mp3	2808
common_voice_gju_42101022.mp3	2160
common_voice_gju_42197190.mp3	1260
common_voice_gju_42537320.mp3	2988
common_voice_gju_42107100.mp3	5580
common_voice_gju_42198296.mp3	1980
common_voice_gju_42561055.mp3	3600
common_voice_gju_42108085.mp3	1908
common_voice_gju_42565377.mp3	4860
common_voice_gju_42478542.mp3	5328
common_voice_gju_42619863.mp3	2700
common_voice_gju_42102280.mp3	4428
common_voice_gju_42595002.mp3	2988
common_voice_gju_42195995.mp3	2448
common_voice_gju_42100964.mp3	4536
common_voice_gju_42107625.mp3	2340
common_voice_gju_42601699.mp3	2376
common_voice_gju_42111439.mp3	1980
common_voice_gju_42108223.mp3	10908
common_voice_gju_42622290.mp3	2160
common_voice_gju_42184669.mp3	2880
common_voice_gju_42199364.mp3	2376
common_voice_gju_42612888.mp3	3780
common_voice_gju_42121927.mp3	3420
common_voice_gju_42488167.mp3	14796
common_voice_gju_42106595.mp3	4068
common_voice_gju_42613822.mp3	4176
common_voice_gju_42107278.mp3	3420
common_voice_gju_42195909.mp3	2268
common_voice_gju_42562763.mp3	3240
common_voice_gju_42587914.mp3	2376
common_voice_gju_42197109.mp3	1800
common_voice_gju_42563017.mp3	2880
common_voice_gju_42188353.mp3	2376
common_voice_gju_42562482.mp3	2916
common_voice_gju_42079976.mp3	2628
common_voice_gju_42588284.mp3	1728
common_voice_gju_42603811.mp3	2808
common_voice_gju_42500971.mp3	2016
common_voice_gju_42587803.mp3	2628
common_voice_gju_42562530.mp3	2016
common_voice_gju_42637650.mp3	2808
common_voice_gju_42594955.mp3	3420
common_voice_gju_42565890.mp3	2736
common_voice_gju_42409570.mp3	2340
common_voice_gju_42179959.mp3	2268
common_voice_gju_42476329.mp3	4176
common_voice_gju_42107615.mp3	3276
common_voice_gju_42107918.mp3	2016
common_voice_gju_42501050.mp3	3528
common_voice_gju_42537373.mp3	3060
common_voice_gju_42601552.mp3	4680
common_voice_gju_42565402.mp3	7848
common_voice_gju_42198524.mp3	2628
common_voice_gju_42102725.mp3	5220
common_voice_gju_42179683.mp3	2556
common_voice_gju_42613656.mp3	4068
common_voice_gju_42565613.mp3	2556
common_voice_gju_42561009.mp3	2916
common_voice_gju_42537312.mp3	2088
common_voice_gju_42478575.mp3	2448
common_voice_gju_42409107.mp3	3528
common_voice_gju_42562851.mp3	2376
common_voice_gju_42612723.mp3	3240
common_voice_gju_42109061.mp3	2448
common_voice_gju_42199739.mp3	1548
common_voice_gju_42620065.mp3	5940
common_voice_gju_42180023.mp3	2916
common_voice_gju_42481065.mp3	2268
common_voice_gju_42179888.mp3	1800
common_voice_gju_42107524.mp3	4608
common_voice_gju_42501221.mp3	2160
common_voice_gju_42588021.mp3	2088
common_voice_gju_42195990.mp3	2700
common_voice_gju_42199633.mp3	1728
common_voice_gju_42102749.mp3	3780
common_voice_gju_42476497.mp3	3528
common_voice_gju_42197288.mp3	1368
common_voice_gju_42612962.mp3	4860
common_voice_gju_42182703.mp3	1476
common_voice_gju_42476760.mp3	2628
common_voice_gju_42101932.mp3	3816
common_voice_gju_42565365.mp3	3708
common_voice_gju_42638062.mp3	4428
common_voice_gju_42478581.mp3	2016
common_voice_gju_42198361.mp3	1296
common_voice_gju_42188303.mp3	2520
common_voice_gju_42195406.mp3	3096
common_voice_gju_42090360.mp3	5148
common_voice_gju_42198042.mp3	2088
common_voice_gju_42622347.mp3	5508
common_voice_gju_42167378.mp3	2988
common_voice_gju_42594919.mp3	4320
common_voice_gju_42101296.mp3	1908
common_voice_gju_42199873.mp3	3636
common_voice_gju_42179682.mp3	3060
common_voice_gju_42096415.mp3	5436
common_voice_gju_42184250.mp3	1800
common_voice_gju_42622383.mp3	8460
common_voice_gju_42478671.mp3	3528
common_voice_gju_42604034.mp3	2556
common_voice_gju_42461624.mp3	2808
common_voice_gju_42619918.mp3	2808
common_voice_gju_42184298.mp3	2088
common_voice_gju_42565600.mp3	2268
common_voice_gju_42597264.mp3	2196
common_voice_gju_42597241.mp3	3780
common_voice_gju_42106808.mp3	6480
common_voice_gju_42613481.mp3	2268
common_voice_gju_42089657.mp3	4608
common_voice_gju_42108244.mp3	3600
common_voice_gju_42460772.mp3	2628
common_voice_gju_42184297.mp3	2628
common_voice_gju_42587334.mp3	2340
common_voice_gju_42562976.mp3	2088
common_voice_gju_42565388.mp3	3780
common_voice_gju_42537395.mp3	2880
common_voice_gju_42562084.mp3	3600
common_voice_gju_42562700.mp3	3096
common_voice_gju_42179899.mp3	2628
common_voice_gju_42499645.mp3	3636
common_voice_gju_42179787.mp3	2448
common_voice_gju_42565650.mp3	2088
common_voice_gju_42089603.mp3	2808
common_voice_gju_42198159.mp3	1728
common_voice_gju_42476589.mp3	2520
common_voice_gju_42565698.mp3	3276
common_voice_gju_42612846.mp3	3420
common_voice_gju_42409344.mp3	5256
common_voice_gju_42101425.mp3	4248
common_voice_gju_42182917.mp3	3096
common_voice_gju_42594947.mp3	4680
common_voice_gju_42090626.mp3	3348
common_voice_gju_42091405.mp3	2268
common_voice_gju_42111271.mp3	4896
common_voice_gju_42111349.mp3	3456
common_voice_gju_42638076.mp3	2556
common_voice_gju_42562202.mp3	2736
common_voice_gju_42555993.mp3	2376
common_voice_gju_42622328.mp3	3780
common_voice_gju_42500714.mp3	4680
common_voice_gju_42604256.mp3	5436
common_voice_gju_42408869.mp3	3096
common_voice_gju_42197394.mp3	1620
common_voice_gju_42112575.mp3	2088
common_voice_gju_42587369.mp3	2160
common_voice_gju_42476673.mp3	2376
common_voice_gju_42121897.mp3	3168
common_voice_gju_42478536.mp3	2448
common_voice_gju_42478640.mp3	2196
common_voice_gju_42601605.mp3	2340
common_voice_gju_42111446.mp3	2880
common_voice_gju_42083752.mp3	4608
common_voice_gju_42562313.mp3	1836
common_voice_gju_42107559.mp3	5076
common_voice_gju_42601497.mp3	6408
common_voice_gju_42106624.mp3	4320
common_voice_gju_42107399.mp3	4068
common_voice_gju_42103101.mp3	4248
common_voice_gju_42601642.mp3	2556
common_voice_gju_42107944.mp3	2520
common_voice_gju_42137549.mp3	2340
common_voice_gju_42587452.mp3	2160
common_voice_gju_42562495.mp3	5220
common_voice_gju_42089870.mp3	5760
common_voice_gju_42476623.mp3	2700
common_voice_gju_42588196.mp3	3600
common_voice_gju_42107660.mp3	3456
common_voice_gju_42601785.mp3	2088
common_voice_gju_42184656.mp3	2340
common_voice_gju_42588276.mp3	2880
common_voice_gju_42100601.mp3	5940
common_voice_gju_42613652.mp3	4356
common_voice_gju_42562338.mp3	1728
common_voice_gju_42530127.mp3	3060
common_voice_gju_42588076.mp3	2196
common_voice_gju_42594975.mp3	3816
common_voice_gju_42198328.mp3	1980
common_voice_gju_42461603.mp3	2808
common_voice_gju_42091360.mp3	2916
common_voice_gju_42107690.mp3	2700
common_voice_gju_42613641.mp3	2196
common_voice_gju_42478740.mp3	2520
common_voice_gju_42604418.mp3	2808
common_voice_gju_42562354.mp3	4608
common_voice_gju_42107285.mp3	2736
common_voice_gju_42103224.mp3	7740
common_voice_gju_42481067.mp3	2448
common_voice_gju_42604352.mp3	2628
common_voice_gju_42184330.mp3	2700
common_voice_gju_42109271.mp3	3600
common_voice_gju_42560960.mp3	2556
common_voice_gju_42199784.mp3	1836
common_voice_gju_42167648.mp3	3816
common_voice_gju_42500926.mp3	3528
common_voice_gju_42108150.mp3	2376
common_voice_gju_42187197.mp3	1548
common_voice_gju_42462079.mp3	2628
common_voice_gju_42107719.mp3	2448
common_voice_gju_42637671.mp3	4968
common_voice_gju_42089856.mp3	3420
common_voice_gju_42613872.mp3	3708
common_voice_gju_42587749.mp3	3096
common_voice_gju_42107756.mp3	2196
common_voice_gju_42100287.mp3	1908
common_voice_gju_42111924.mp3	3816
common_voice_gju_42537392.mp3	4248
common_voice_gju_42409331.mp3	2988
common_voice_gju_42198150.mp3	2196
common_voice_gju_42200259.mp3	1656
common_voice_gju_42461205.mp3	3168
common_voice_gju_42537278.mp3	3528
common_voice_gju_42108126.mp3	4860
common_voice_gju_42087492.mp3	3456
common_voice_gju_42501020.mp3	2088
common_voice_gju_42111262.mp3	5148
common_voice_gju_42107548.mp3	1836
common_voice_gju_42562529.mp3	2160
common_voice_gju_42182806.mp3	3168
common_voice_gju_42462118.mp3	3060
common_voice_gju_42137614.mp3	1836
common_voice_gju_42587413.mp3	3240
common_voice_gju_42603888.mp3	3960
common_voice_gju_42102483.mp3	4896
common_voice_gju_42200222.mp3	1656
common_voice_gju_42185003.mp3	1260
common_voice_gju_42587385.mp3	1836
common_voice_gju_42089908.mp3	4608
common_voice_gju_42103279.mp3	3600
common_voice_gju_42612766.mp3	5040
common_voice_gju_42587344.mp3	3816
common_voice_gju_42587540.mp3	2340
common_voice_gju_42199685.mp3	2196
common_voice_gju_42100746.mp3	3816
common_voice_gju_42107788.mp3	3276
common_voice_gju_42562887.mp3	1980
common_voice_gju_42087465.mp3	4248
common_voice_gju_42587942.mp3	3240
common_voice_gju_42529582.mp3	4140
common_voice_gju_42108611.mp3	3096
common_voice_gju_42565411.mp3	2160
common_voice_gju_42182642.mp3	2448
common_voice_gju_42107463.mp3	8460
common_voice_gju_42108548.mp3	2016
common_voice_gju_42601422.mp3	3780
common_voice_gju_42562932.mp3	1656
common_voice_gju_42476544.mp3	3780
common_voice_gju_42537391.mp3	4176
common_voice_gju_42476725.mp3	2448
common_voice_gju_42461623.mp3	2628
common_voice_gju_42198364.mp3	3168
common_voice_gju_42603756.mp3	2556
common_voice_gju_42408903.mp3	2700
common_voice_gju_42102421.mp3	6516
common_voice_gju_42565245.mp3	2088
common_voice_gju_42476759.mp3	3780
common_voice_gju_42112531.mp3	3528
common_voice_gju_42101491.mp3	2448
common_voice_gju_42106941.mp3	2736
common_voice_gju_42111483.mp3	2520
common_voice_gju_42562498.mp3	2556
common_voice_gju_42604236.mp3	3348
common_voice_gju_42137441.mp3	3348
common_voice_gju_42565695.mp3	1980
common_voice_gju_42198014.mp3	2448
common_voice_gju_42199462.mp3	1728
common_voice_gju_42199554.mp3	2736
common_voice_gju_42587710.mp3	2988
common_voice_gju_42619893.mp3	3816
common_voice_gju_42107634.mp3	4176
common_voice_gju_42109352.mp3	5616
common_voice_gju_42604060.mp3	2700
common_voice_gju_42200266.mp3	1980
common_voice_gju_42167698.mp3	2520
common_voice_gju_42502449.mp3	5760
common_voice_gju_42182808.mp3	2808
common_voice_gju_42199142.mp3	1728
common_voice_gju_42529647.mp3	1908
common_voice_gju_42562771.mp3	2016
common_voice_gju_42588101.mp3	2700
common_voice_gju_42100358.mp3	2088
common_voice_gju_42197283.mp3	2160
common_voice_gju_42198123.mp3	1800
common_voice_gju_42619901.mp3	2700
common_voice_gju_42199421.mp3	1800
common_voice_gju_42108160.mp3	7848
common_voice_gju_42601443.mp3	3060
common_voice_gju_42102283.mp3	3780
common_voice_gju_42565652.mp3	2736
common_voice_gju_42529913.mp3	4176
common_voice_gju_42188706.mp3	1476
common_voice_gju_42111383.mp3	1836
common_voice_gju_42184305.mp3	2628
common_voice_gju_42619826.mp3	5436
common_voice_gju_42497552.mp3	4896
common_voice_gju_42112254.mp3	3708
common_voice_gju_42497597.mp3	3888
common_voice_gju_42187198.mp3	1296
common_voice_gju_42497486.mp3	5256
common_voice_gju_42601381.mp3	3888
common_voice_gju_42200245.mp3	2196
common_voice_gju_42197176.mp3	1548
common_voice_gju_42461244.mp3	2448
common_voice_gju_42537280.mp3	5220
common_voice_gju_42409516.mp3	2916
common_voice_gju_42199908.mp3	2988
common_voice_gju_42107340.mp3	2268
common_voice_gju_42612866.mp3	4788
common_voice_gju_42565298.mp3	3528
common_voice_gju_42198107.mp3	1908
common_voice_gju_42622112.mp3	3060
common_voice_gju_42187157.mp3	1296
common_voice_gju_42409280.mp3	3600
common_voice_gju_42121428.mp3	2556
common_voice_gju_42461637.mp3	4608
common_voice_gju_42167347.mp3	2736
common_voice_gju_42080142.mp3	2088
common_voice_gju_42198640.mp3	1548
common_voice_gju_42587834.mp3	1620
common_voice_gju_42460795.mp3	3456
common_voice_gju_42409482.mp3	2376
common_voice_gju_42090440.mp3	2700
common_voice_gju_42108740.mp3	4320
common_voice_gju_42478757.mp3	2160
common_voice_gju_42187167.mp3	1800
common_voice_gju_42461256.mp3	2700
common_voice_gju_42604068.mp3	2808
common_voice_gju_42090030.mp3	4860
common_voice_gju_42090697.mp3	2628
common_voice_gju_42565263.mp3	3060
common_voice_gju_42184937.mp3	1116
common_voice_gju_42101705.mp3	4320
common_voice_gju_42180012.mp3	1440
common_voice_gju_42561025.mp3	3600
common_voice_gju_42476517.mp3	1656
common_voice_gju_42604036.mp3	3060
common_voice_gju_42184766.mp3	1260
common_voice_gju_42601397.mp3	2376
common_voice_gju_42603841.mp3	4608
common_voice_gju_42102608.mp3	4716
common_voice_gju_42562190.mp3	2808
common_voice_gju_42587786.mp3	2088
common_voice_gju_42102731.mp3	5580
common_voice_gju_42562801.mp3	4320
common_voice_gju_42107916.mp3	3276
common_voice_gju_42182781.mp3	2700
common_voice_gju_42409405.mp3	3816
common_voice_gju_42089627.mp3	3888
common_voice_gju_42604287.mp3	4968
common_voice_gju_42562124.mp3	2700
common_voice_gju_42562419.mp3	8568
common_voice_gju_42079897.mp3	3420
common_voice_gju_42637662.mp3	5688
common_voice_gju_42107830.mp3	1908
common_voice_gju_42197951.mp3	1548
common_voice_gju_42603783.mp3	4176
common_voice_gju_42197932.mp3	2736
common_voice_gju_42587284.mp3	2448
common_voice_gju_42529564.mp3	1836
common_voice_gju_42200175.mp3	6228
common_voice_gju_42461278.mp3	2088
common_voice_gju_42409448.mp3	2880
common_voice_gju_42199707.mp3	2376
common_voice_gju_42102389.mp3	1620
common_voice_gju_42111150.mp3	12060
common_voice_gju_42108558.mp3	1800
common_voice_gju_42604419.mp3	2808
common_voice_gju_42111400.mp3	2016
common_voice_gju_42409544.mp3	3780
common_voice_gju_42562113.mp3	13068
common_voice_gju_42601493.mp3	3636
common_voice_gju_42196006.mp3	1836
common_voice_gju_42562791.mp3	3708
common_voice_gju_42103200.mp3	4788
common_voice_gju_42565621.mp3	2736
common_voice_gju_42612886.mp3	2268
common_voice_gju_42197163.mp3	1620
common_voice_gju_42562533.mp3	4536
common_voice_gju_42109387.mp3	3708
common_voice_gju_42198542.mp3	2520
common_voice_gju_42200372.mp3	4320
common_voice_gju_42180091.mp3	3276
common_voice_gju_42603923.mp3	2088
common_voice_gju_42198684.mp3	8028
common_voice_gju_42107488.mp3	8280
common_voice_gju_42102502.mp3	2196
common_voice_gju_42409249.mp3	4536
common_voice_gju_42108485.mp3	2160
common_voice_gju_42107277.mp3	1908
common_voice_gju_42565635.mp3	5220
common_voice_gju_42499644.mp3	5040
common_voice_gju_42091244.mp3	4860
common_voice_gju_42500938.mp3	3096
common_voice_gju_42107483.mp3	2016
common_voice_gju_42100678.mp3	4788
common_voice_gju_42184181.mp3	1908
common_voice_gju_42102310.mp3	3816
common_voice_gju_42107141.mp3	3996
common_voice_gju_42197220.mp3	1260
common_voice_gju_42562194.mp3	3168
common_voice_gju_42588295.mp3	2448
common_voice_gju_42565561.mp3	3240
common_voice_gju_42565291.mp3	2700
common_voice_gju_42121520.mp3	2520
common_voice_gju_42091063.mp3	3348
common_voice_gju_42096638.mp3	2268
common_voice_gju_42562674.mp3	2808
common_voice_gju_42112581.mp3	1908
common_voice_gju_42476682.mp3	3996
common_voice_gju_42101630.mp3	2736
common_voice_gju_42588097.mp3	1728
common_voice_gju_42108564.mp3	3636
common_voice_gju_42109371.mp3	2700
common_voice_gju_42601650.mp3	1656
common_voice_gju_42090767.mp3	4680
common_voice_gju_42562171.mp3	2196
common_voice_gju_42622340.mp3	2376
common_voice_gju_42137591.mp3	2088
common_voice_gju_42089656.mp3	6120
common_voice_gju_42102131.mp3	4788
common_voice_gju_42565512.mp3	2196
common_voice_gju_42587542.mp3	2088
common_voice_gju_42111396.mp3	5076
common_voice_gju_42461626.mp3	3888
common_voice_gju_42622366.mp3	4716
common_voice_gju_42198533.mp3	2160
common_voice_gju_42107375.mp3	3240
common_voice_gju_42476339.mp3	3816
common_voice_gju_42100576.mp3	3276
common_voice_gju_42197183.mp3	2736
common_voice_gju_42601409.mp3	4680
common_voice_gju_42565686.mp3	2160
common_voice_gju_42091037.mp3	2340
common_voice_gju_42179989.mp3	2448
common_voice_gju_42481044.mp3	1908
common_voice_gju_42108025.mp3	2808
common_voice_gju_42612967.mp3	2628
common_voice_gju_42087560.mp3	4428
common_voice_gju_42197257.mp3	1728
common_voice_gju_42121443.mp3	2196
common_voice_gju_42109012.mp3	5868
common_voice_gju_42460843.mp3	3636
common_voice_gju_42588137.mp3	2808
common_voice_gju_42588111.mp3	2160
common_voice_gju_42103229.mp3	4176
