client_id	path	sentence_id	sentence	sentence_domain	up_votes	down_votes	age	gender	accents	variant	locale	segment
e65a8c3ba525042ceba11e102309b2525de4d7748b513787fc3ecc50c13c97654e626571fcdb8a6d96b78af3e6c5bfa95fb0286d8407d9d8d3c867d06c7a1fc4	common_voice_gju_42587506.mp3	741be2f1298e1515b93170eefd52a5008270103a1f31a4902388346dd9b556ea	رکوع تے کاہڈ کھلا ہون کی تکبیر کہنی۔		2	0	fourties				gju	
e65a8c3ba525042ceba11e102309b2525de4d7748b513787fc3ecc50c13c97654e626571fcdb8a6d96b78af3e6c5bfa95fb0286d8407d9d8d3c867d06c7a1fc4	common_voice_gju_42587281.mp3	7006234cceb5f30eeb5b237f0bd37e306aae3474a6a7cce12aa1275c132b49f4	انھ لوکاں کا اس پل ما سوہلاں دھیاڑا لگ گیا		2	0	fourties				gju	
e65a8c3ba525042ceba11e102309b2525de4d7748b513787fc3ecc50c13c97654e626571fcdb8a6d96b78af3e6c5bfa95fb0286d8407d9d8d3c867d06c7a1fc4	common_voice_gju_42613490.mp3	faea83e9bfcc28763d781726581421f9de953724b9a9a1df7bafd24e71d1bc0f	اُس نے بادشاہ نا روٹی بسطے ایک لیلو بی دیتو		2	0	fourties				gju	
e65a8c3ba525042ceba11e102309b2525de4d7748b513787fc3ecc50c13c97654e626571fcdb8a6d96b78af3e6c5bfa95fb0286d8407d9d8d3c867d06c7a1fc4	common_voice_gju_42613489.mp3	d6dc7d979af29bd6bb885d84226d58444690ad67cc84edfe74968bedcb69e446	اُس کا دو پوت تھا		2	0	fourties				gju	
e65a8c3ba525042ceba11e102309b2525de4d7748b513787fc3ecc50c13c97654e626571fcdb8a6d96b78af3e6c5bfa95fb0286d8407d9d8d3c867d06c7a1fc4	common_voice_gju_42613488.mp3	a7e02447ffbb8a2fa3cdea6326a71112b9c11bec5feb06a2c7898b21f68a17a3	یاہ مھاری خزمت کرے گی		2	0	fourties				gju	
e65a8c3ba525042ceba11e102309b2525de4d7748b513787fc3ecc50c13c97654e626571fcdb8a6d96b78af3e6c5bfa95fb0286d8407d9d8d3c867d06c7a1fc4	common_voice_gju_42613487.mp3	dcc95e7bbbc88037f40b7d9353d0c9058a4d920fcabb3f99bfd95cf709e8ea7b	رات اس کی بکریاں ما رِچھ پے گیو		2	0	fourties				gju	
e65a8c3ba525042ceba11e102309b2525de4d7748b513787fc3ecc50c13c97654e626571fcdb8a6d96b78af3e6c5bfa95fb0286d8407d9d8d3c867d06c7a1fc4	common_voice_gju_42613486.mp3	efccf10d8ef3a5df8067c6b27a9a13c5a3e4c3da993812145c6013dc2caf7f68	نہ اُس نا اُس کو حصو دِتو		2	0	fourties				gju	
e65a8c3ba525042ceba11e102309b2525de4d7748b513787fc3ecc50c13c97654e626571fcdb8a6d96b78af3e6c5bfa95fb0286d8407d9d8d3c867d06c7a1fc4	common_voice_gju_42613485.mp3	e442b852067f10b007c4513a1e44a397d8df4cb024486907ccbd6a62c9ca323e	اِ ن نے دیکھیو واہ جیپ		2	0	fourties				gju	
e65a8c3ba525042ceba11e102309b2525de4d7748b513787fc3ecc50c13c97654e626571fcdb8a6d96b78af3e6c5bfa95fb0286d8407d9d8d3c867d06c7a1fc4	common_voice_gju_42613484.mp3	b1c271eaedd5ba435ef58d51908fc0573cafaa0351957a84dac48a6c819921b1	بہڑے آ لگو		2	0	fourties				gju	
e65a8c3ba525042ceba11e102309b2525de4d7748b513787fc3ecc50c13c97654e626571fcdb8a6d96b78af3e6c5bfa95fb0286d8407d9d8d3c867d06c7a1fc4	common_voice_gju_42613482.mp3	dbbd3da752a93351cede787af8e4de3490d4298bf8ad82b58995bcc6b72a9cf9	مہلت ختم ہون		2	0	fourties				gju	
e65a8c3ba525042ceba11e102309b2525de4d7748b513787fc3ecc50c13c97654e626571fcdb8a6d96b78af3e6c5bfa95fb0286d8407d9d8d3c867d06c7a1fc4	common_voice_gju_42613481.mp3	f57a49c38fd313801762d322ea69189fd09cea1a289626a11830a06b1dce753b	پل ما مر گیا		2	0	fourties				gju	
e65a8c3ba525042ceba11e102309b2525de4d7748b513787fc3ecc50c13c97654e626571fcdb8a6d96b78af3e6c5bfa95fb0286d8407d9d8d3c867d06c7a1fc4	common_voice_gju_42613480.mp3	a9f070cf1a4c052e526d0370141a473aa6262223efa3a63fd18b910cadbf2af9	ہن چار سال ہو گیا		2	0	fourties				gju	
e65a8c3ba525042ceba11e102309b2525de4d7748b513787fc3ecc50c13c97654e626571fcdb8a6d96b78af3e6c5bfa95fb0286d8407d9d8d3c867d06c7a1fc4	common_voice_gju_42613474.mp3	e756b8dbc1f4ad423697701b32989de9c74fab2e04f39766e7b8ec1bd04a9622	بارش لگ گئی		2	0	fourties				gju	
e65a8c3ba525042ceba11e102309b2525de4d7748b513787fc3ecc50c13c97654e626571fcdb8a6d96b78af3e6c5bfa95fb0286d8407d9d8d3c867d06c7a1fc4	common_voice_gju_42613473.mp3	6f67605f7e3640407a6909f3050c2a05501716077787bb509dc001a183cdc5ff	تم چوگ کیوں نیہہ کھاتا		2	0	fourties				gju	
e65a8c3ba525042ceba11e102309b2525de4d7748b513787fc3ecc50c13c97654e626571fcdb8a6d96b78af3e6c5bfa95fb0286d8407d9d8d3c867d06c7a1fc4	common_voice_gju_42613472.mp3	c5130759e2ec575ea68c2a7928670f89d886102b4a4156efa848c4c44de4a9e3	انھ ساراں لوکاں نے دعائے خیر کئی جی اس دیس کو بادشاہ یوہی جنو ہے		2	0	fourties				gju	
e65a8c3ba525042ceba11e102309b2525de4d7748b513787fc3ecc50c13c97654e626571fcdb8a6d96b78af3e6c5bfa95fb0286d8407d9d8d3c867d06c7a1fc4	common_voice_gju_42613471.mp3	af2393f74b4331c7e23f7ee421e63c2dad841e24f6fda3e83136d5f16ef92047	بڑا خوش ہویا		2	0	fourties				gju	
e65a8c3ba525042ceba11e102309b2525de4d7748b513787fc3ecc50c13c97654e626571fcdb8a6d96b78af3e6c5bfa95fb0286d8407d9d8d3c867d06c7a1fc4	common_voice_gju_42613470.mp3	edf55a9d89ce716f2a867683b084bcffd9f266ded7d84b8b12ec0365a753a1b1	زیبا کا کا کی مُچ ساری بھیڈ		2	0	fourties				gju	
e65a8c3ba525042ceba11e102309b2525de4d7748b513787fc3ecc50c13c97654e626571fcdb8a6d96b78af3e6c5bfa95fb0286d8407d9d8d3c867d06c7a1fc4	common_voice_gju_42613469.mp3	f8a2f14ce6cb70041acb14697088a293a930d30d3a19b212579a6137ec6e1181	لوک مُچ بڑا تنگ ہویا تھا		2	0	fourties				gju	
e65a8c3ba525042ceba11e102309b2525de4d7748b513787fc3ecc50c13c97654e626571fcdb8a6d96b78af3e6c5bfa95fb0286d8407d9d8d3c867d06c7a1fc4	common_voice_gju_42613467.mp3	ed42b48176923b3fab003e3555fc03d98cd35c9deaa1b8c4f56b5e1713326224	دھیانی ساری عمر بَسطے ساڑو دل ما گھل کے مڑ اَئی		2	0	fourties				gju	
e65a8c3ba525042ceba11e102309b2525de4d7748b513787fc3ecc50c13c97654e626571fcdb8a6d96b78af3e6c5bfa95fb0286d8407d9d8d3c867d06c7a1fc4	common_voice_gju_42613466.mp3	e1cf68c99a086919582819448a3a5f311f18024686c92143592678ec1b44c7e5	وہ ایک دوجا دیس نا مزوری بسطے جا رہیو		2	0	fourties				gju	
e65a8c3ba525042ceba11e102309b2525de4d7748b513787fc3ecc50c13c97654e626571fcdb8a6d96b78af3e6c5bfa95fb0286d8407d9d8d3c867d06c7a1fc4	common_voice_gju_42613465.mp3	948e19c6b13bf498c5e78cd4fd454ece13eeb73ad9653427ddc6c9cf92e1d04f	ڈیرو اِ		2	0	fourties				gju	
e65a8c3ba525042ceba11e102309b2525de4d7748b513787fc3ecc50c13c97654e626571fcdb8a6d96b78af3e6c5bfa95fb0286d8407d9d8d3c867d06c7a1fc4	common_voice_gju_42613464.mp3	ea8ba25c4617b148f4e11b66aff2190c2e3eff1503b92600ff00654582b88de9	راکھاں نے اپنا ڈر		2	0	fourties				gju	
e65a8c3ba525042ceba11e102309b2525de4d7748b513787fc3ecc50c13c97654e626571fcdb8a6d96b78af3e6c5bfa95fb0286d8407d9d8d3c867d06c7a1fc4	common_voice_gju_42613463.mp3	eda8ed0dc8f71d1e7216b56904e51d0d552ec6c9822365bbbfb17eda745b5d15	رات تمو شمو لا کے اُت گلی کا مُنڈھ ما رہیا		2	0	fourties				gju	
e65a8c3ba525042ceba11e102309b2525de4d7748b513787fc3ecc50c13c97654e626571fcdb8a6d96b78af3e6c5bfa95fb0286d8407d9d8d3c867d06c7a1fc4	common_voice_gju_42613462.mp3	8c46f8d4ef424097517ba57042927a6894a7b5d00b1f5002c14bbfe43fded365	باج کاکا کو اکو کھوتو تھو وہ لکڑی اس پو بیچے تھو		2	0	fourties				gju	
e65a8c3ba525042ceba11e102309b2525de4d7748b513787fc3ecc50c13c97654e626571fcdb8a6d96b78af3e6c5bfa95fb0286d8407d9d8d3c867d06c7a1fc4	common_voice_gju_42613461.mp3	f44451df29935e9b14709fa5c9dea5eac4c1ca1241325d458313abfd7949ef0d	بچڑا جوان کر کے اُڈیا ہے		2	0	fourties				gju	
e65a8c3ba525042ceba11e102309b2525de4d7748b513787fc3ecc50c13c97654e626571fcdb8a6d96b78af3e6c5bfa95fb0286d8407d9d8d3c867d06c7a1fc4	common_voice_gju_42613460.mp3	d5da7dbd468bb75082dfb143ca2266cb83125eefd9caf527a9ced1f51f0d5dc3	واہ اس نا کہن لگی		2	0	fourties				gju	
e65a8c3ba525042ceba11e102309b2525de4d7748b513787fc3ecc50c13c97654e626571fcdb8a6d96b78af3e6c5bfa95fb0286d8407d9d8d3c867d06c7a1fc4	common_voice_gju_42613459.mp3	f67032bfa74ae2ed6b73145e6b5873575d30d7b49f615ad6b3dbc1b46c20ee24	مَنا لَتاں نال		2	0	fourties				gju	
e65a8c3ba525042ceba11e102309b2525de4d7748b513787fc3ecc50c13c97654e626571fcdb8a6d96b78af3e6c5bfa95fb0286d8407d9d8d3c867d06c7a1fc4	common_voice_gju_42613457.mp3	d34dc4fe1e9737e47ffc07fb3f2c2a29fc142703188f30c65a20ef9b4465f18a	بِلی نا منا دیوں		2	0	fourties				gju	
e65a8c3ba525042ceba11e102309b2525de4d7748b513787fc3ecc50c13c97654e626571fcdb8a6d96b78af3e6c5bfa95fb0286d8407d9d8d3c867d06c7a1fc4	common_voice_gju_42613455.mp3	c6762d93792859ed4a6ad921206a86eb8627af98006f16be4df86e4dc29a73f6	مُچ دُوروں اِنھ نا بکری سہی ہو گئی		2	0	fourties				gju	
e65a8c3ba525042ceba11e102309b2525de4d7748b513787fc3ecc50c13c97654e626571fcdb8a6d96b78af3e6c5bfa95fb0286d8407d9d8d3c867d06c7a1fc4	common_voice_gju_42613454.mp3	e374017bb7c25995433bea448d7b90e5ee19d0fecb35af3141ce9d645c89eac0	بکری آنی دھیانی اس کی تھی مُچ سیانی		2	0	fourties				gju	
e65a8c3ba525042ceba11e102309b2525de4d7748b513787fc3ecc50c13c97654e626571fcdb8a6d96b78af3e6c5bfa95fb0286d8407d9d8d3c867d06c7a1fc4	common_voice_gju_42613453.mp3	e0c67da5a87afa3891c311679e3903e00a97b537ae3896ee45f999a169cf383c	آپ سارا ختم پڑھن بیس گیا		2	0	fourties				gju	
e65a8c3ba525042ceba11e102309b2525de4d7748b513787fc3ecc50c13c97654e626571fcdb8a6d96b78af3e6c5bfa95fb0286d8407d9d8d3c867d06c7a1fc4	common_voice_gju_42613452.mp3	f6770e73798ed0c9f9203d8fca9a654c3c87051b273792e623da571f9473e55a	صبح ہوئی		2	0	fourties				gju	
e65a8c3ba525042ceba11e102309b2525de4d7748b513787fc3ecc50c13c97654e626571fcdb8a6d96b78af3e6c5bfa95fb0286d8407d9d8d3c867d06c7a1fc4	common_voice_gju_42613451.mp3	bf51473530a7d5a3a759999eccaf3431637b4db2e339cfecdc33dcddb004f9e3	سکول کا سارا بچاں نا ٹیکہ لایا		2	0	fourties				gju	
e65a8c3ba525042ceba11e102309b2525de4d7748b513787fc3ecc50c13c97654e626571fcdb8a6d96b78af3e6c5bfa95fb0286d8407d9d8d3c867d06c7a1fc4	common_voice_gju_42613450.mp3	f22c9ecc16ad43d90cbdbd272cf1d9b9920aed68fee8d81f05f67bbaca9d867a	اُنھ نے ایک ٹھار ما تمو لایو		2	0	fourties				gju	
e65a8c3ba525042ceba11e102309b2525de4d7748b513787fc3ecc50c13c97654e626571fcdb8a6d96b78af3e6c5bfa95fb0286d8407d9d8d3c867d06c7a1fc4	common_voice_gju_42613449.mp3	edec96298d999af03c6720bd032b21f9cc37843cf312fcc2c5a649e9ea91b45b	اُس نے میرو ہتھ نَپڑ لیو		2	0	fourties				gju	
e65a8c3ba525042ceba11e102309b2525de4d7748b513787fc3ecc50c13c97654e626571fcdb8a6d96b78af3e6c5bfa95fb0286d8407d9d8d3c867d06c7a1fc4	common_voice_gju_42613448.mp3	f080f608ec15cd13d65b4f6723322e61a741694691af2561bfcc5ad3f0e53d43	لوکاں نے اللہ کو شکر ادا کریو		2	0	fourties				gju	
e65a8c3ba525042ceba11e102309b2525de4d7748b513787fc3ecc50c13c97654e626571fcdb8a6d96b78af3e6c5bfa95fb0286d8407d9d8d3c867d06c7a1fc4	common_voice_gju_42613447.mp3	e7382e3393bfc0fb152dae3a9f6cd31449e8147934d3fb0c570939f67aa63c88	حاجی نزیر نے اِت ختم کی تیار ی کر لئی		2	0	fourties				gju	
e65a8c3ba525042ceba11e102309b2525de4d7748b513787fc3ecc50c13c97654e626571fcdb8a6d96b78af3e6c5bfa95fb0286d8407d9d8d3c867d06c7a1fc4	common_voice_gju_42613446.mp3	9e121bbb4e9aef9ef217f6661718626d149f7b3bbb59e83996ca717f26eeb75e	وہ جنو ڈھاکا ما لب لیو		2	0	fourties				gju	
e65a8c3ba525042ceba11e102309b2525de4d7748b513787fc3ecc50c13c97654e626571fcdb8a6d96b78af3e6c5bfa95fb0286d8407d9d8d3c867d06c7a1fc4	common_voice_gju_42613445.mp3	f69399d53ee5e2e8c5de0b2984f6fd8d316ded13e05aa00bead3e2ee84ebe1d3	گل ہمناں رکھ تا لے چل		2	0	fourties				gju	
e65a8c3ba525042ceba11e102309b2525de4d7748b513787fc3ecc50c13c97654e626571fcdb8a6d96b78af3e6c5bfa95fb0286d8407d9d8d3c867d06c7a1fc4	common_voice_gju_42613444.mp3	d64202e872b97df123a0922df8c6da697ac382893cf12e8a377cf487c8a5d19e	سچ گل کرینے کوڑ نہ کرینے		2	1	fourties				gju	
e65a8c3ba525042ceba11e102309b2525de4d7748b513787fc3ecc50c13c97654e626571fcdb8a6d96b78af3e6c5bfa95fb0286d8407d9d8d3c867d06c7a1fc4	common_voice_gju_42613443.mp3	f0438ecaec1c6522f9b29f4ae87bbf5e50f5f6ab19c2c56e7db17ad1ec0720d0	مُکاں نال		2	0	fourties				gju	
e65a8c3ba525042ceba11e102309b2525de4d7748b513787fc3ecc50c13c97654e626571fcdb8a6d96b78af3e6c5bfa95fb0286d8407d9d8d3c867d06c7a1fc4	common_voice_gju_42613442.mp3	f67f2827d2d6573090e7eda2b41226c38cc6d5cfed4bdf3cdd2c75402691bc89	انھ لوکاں پتو نیہہ تھو جی یوہ بھی کسے دوجی بادشاہی کو بادشاہ ہے		2	0	fourties				gju	
e65a8c3ba525042ceba11e102309b2525de4d7748b513787fc3ecc50c13c97654e626571fcdb8a6d96b78af3e6c5bfa95fb0286d8407d9d8d3c867d06c7a1fc4	common_voice_gju_42613441.mp3	dab6525dc9221f7bcdd0e30901c9042b13cf109b381427306589d02eddc04b98	بادشاہی ہوں کروں گو‘‘		2	0	fourties				gju	
e65a8c3ba525042ceba11e102309b2525de4d7748b513787fc3ecc50c13c97654e626571fcdb8a6d96b78af3e6c5bfa95fb0286d8407d9d8d3c867d06c7a1fc4	common_voice_gju_42613440.mp3	eb09dc949984b482d875021640c9d4e9adc70cbd47aa5ec5993c51d47e2b76d4	اس کوڑے دو مھیس چَکی وی تھی		2	0	fourties				gju	
e65a8c3ba525042ceba11e102309b2525de4d7748b513787fc3ecc50c13c97654e626571fcdb8a6d96b78af3e6c5bfa95fb0286d8407d9d8d3c867d06c7a1fc4	common_voice_gju_42613439.mp3	daadb52b00b424dca0437925fced0622e78aef95c57e1836917359586e1b788e	دُوجو واقعو		2	0	fourties				gju	
e65a8c3ba525042ceba11e102309b2525de4d7748b513787fc3ecc50c13c97654e626571fcdb8a6d96b78af3e6c5bfa95fb0286d8407d9d8d3c867d06c7a1fc4	common_voice_gju_42613438.mp3	eee6945df154806c30a77a8a8cc00ae5db2e721b6eff36d89f605883fe459bae	واہ ماہلی سوہنی نیلی تھی		2	0	fourties				gju	
e65a8c3ba525042ceba11e102309b2525de4d7748b513787fc3ecc50c13c97654e626571fcdb8a6d96b78af3e6c5bfa95fb0286d8407d9d8d3c867d06c7a1fc4	common_voice_gju_42613437.mp3	ee763efc6f5a5161b624df2e01645f2ebb6c256f627a9738b07a6d7db503ff73	فوج		2	0	fourties				gju	
e65a8c3ba525042ceba11e102309b2525de4d7748b513787fc3ecc50c13c97654e626571fcdb8a6d96b78af3e6c5bfa95fb0286d8407d9d8d3c867d06c7a1fc4	common_voice_gju_42613436.mp3	cc5030ce93d645acfa7a3c66a519445e2a02edaa502f850e135e176764c06b48	یاہ رنگ لے کے مکان کی چھت پو چڑھ گئی		2	0	fourties				gju	
e65a8c3ba525042ceba11e102309b2525de4d7748b513787fc3ecc50c13c97654e626571fcdb8a6d96b78af3e6c5bfa95fb0286d8407d9d8d3c867d06c7a1fc4	common_voice_gju_42613435.mp3	f601a1b875a23b725bba2cf2d92a5769381e0795bf62bfbf542de6450d2f627a	آخر اس دنیا نا چھوڈ کے چل جائے کیوں جے یاہ		2	0	fourties				gju	
e65a8c3ba525042ceba11e102309b2525de4d7748b513787fc3ecc50c13c97654e626571fcdb8a6d96b78af3e6c5bfa95fb0286d8407d9d8d3c867d06c7a1fc4	common_voice_gju_42612991.mp3	dbc9388913626f16f7a8a6645710bbe14e566d0a2f29968f70521257f508f1fc	ہاڑ آن کو بے مُچ ڈر تھو		2	0	fourties				gju	
e65a8c3ba525042ceba11e102309b2525de4d7748b513787fc3ecc50c13c97654e626571fcdb8a6d96b78af3e6c5bfa95fb0286d8407d9d8d3c867d06c7a1fc4	common_voice_gju_42612990.mp3	d12304ce22d652c08fb04f19c5eec0570aff0f7b06e928e37282d6cc67eb91b5	اُس جنا نے کہیو تم اِس بِلی نا کیوں ماریں		2	0	fourties				gju	
e65a8c3ba525042ceba11e102309b2525de4d7748b513787fc3ecc50c13c97654e626571fcdb8a6d96b78af3e6c5bfa95fb0286d8407d9d8d3c867d06c7a1fc4	common_voice_gju_42612989.mp3	e62ac812ffe9f6a873ae0892903e5886cff2b47225427c8c076bde08a2884c19	جنا کو ناں سردار تھو اُس کی دھیانی کو ناں پروین تھو		2	0	fourties				gju	
e65a8c3ba525042ceba11e102309b2525de4d7748b513787fc3ecc50c13c97654e626571fcdb8a6d96b78af3e6c5bfa95fb0286d8407d9d8d3c867d06c7a1fc4	common_voice_gju_42612988.mp3	f2da74cc86f3e6d34c30e9161c18d519fe41776097b5d537dd2ad1b0a64d0099	ہم حساب		2	0	fourties				gju	
e65a8c3ba525042ceba11e102309b2525de4d7748b513787fc3ecc50c13c97654e626571fcdb8a6d96b78af3e6c5bfa95fb0286d8407d9d8d3c867d06c7a1fc4	common_voice_gju_42612987.mp3	eb1f58da9443dfc0327d9593e365884364c83b15fbedf79bf89f55dd3bd0aa2d	پار لانی آ گئی		2	0	fourties				gju	
e65a8c3ba525042ceba11e102309b2525de4d7748b513787fc3ecc50c13c97654e626571fcdb8a6d96b78af3e6c5bfa95fb0286d8407d9d8d3c867d06c7a1fc4	common_voice_gju_42612986.mp3	f54934566de1cbb8e3f90131f8206c5531cba460ac3a942c0d48ffc8721c3a60	قرآن پاک حضر محمد ﷺ اپر نازل ہویو۔		2	0	fourties				gju	
e65a8c3ba525042ceba11e102309b2525de4d7748b513787fc3ecc50c13c97654e626571fcdb8a6d96b78af3e6c5bfa95fb0286d8407d9d8d3c867d06c7a1fc4	common_voice_gju_42612985.mp3	c19d565d5aad6d7b5cb4b9afb232b3c9cd788b549d0cde5c1fb7e4c4a835ad9b	یوہ میرو بھائی اِتنو خزانو آنے		2	0	fourties				gju	
e65a8c3ba525042ceba11e102309b2525de4d7748b513787fc3ecc50c13c97654e626571fcdb8a6d96b78af3e6c5bfa95fb0286d8407d9d8d3c867d06c7a1fc4	common_voice_gju_42612984.mp3	f41528fb63852d7199b90246bf12b113315d6382c08239e6a7444f2e77f7ffae	یہ رات اُ		2	0	fourties				gju	
e65a8c3ba525042ceba11e102309b2525de4d7748b513787fc3ecc50c13c97654e626571fcdb8a6d96b78af3e6c5bfa95fb0286d8407d9d8d3c867d06c7a1fc4	common_voice_gju_42612983.mp3	c1d0691ebae348fcd7810f1ba995c5b912a3c06d1f7e745efae1ada3d4b98b24	وہ شہر گیو		2	0	fourties				gju	
e65a8c3ba525042ceba11e102309b2525de4d7748b513787fc3ecc50c13c97654e626571fcdb8a6d96b78af3e6c5bfa95fb0286d8407d9d8d3c867d06c7a1fc4	common_voice_gju_42612982.mp3	d7580fe8c4b73244b1402addd74c94e753d3ff9d421defa0c577fd881bed0adb	مہربانی کر کے ہم نا معاف کر چھُڑ		2	0	fourties				gju	
e65a8c3ba525042ceba11e102309b2525de4d7748b513787fc3ecc50c13c97654e626571fcdb8a6d96b78af3e6c5bfa95fb0286d8407d9d8d3c867d06c7a1fc4	common_voice_gju_42612981.mp3	8910544e45512a3ae25e772faff51544eee9a98329e431a1a3de60c18cf2e5f9	ہتھ ما کہاڑی لے کے بکریاں تا جارہیو		2	0	fourties				gju	
e65a8c3ba525042ceba11e102309b2525de4d7748b513787fc3ecc50c13c97654e626571fcdb8a6d96b78af3e6c5bfa95fb0286d8407d9d8d3c867d06c7a1fc4	common_voice_gju_42612980.mp3	79e060344cde05957073e59dac97f6560a321b273499adf45329ecb345821933	جہڑو چنگی صحت واسطے مُچ لازمی ہے۔		2	0	fourties				gju	
e65a8c3ba525042ceba11e102309b2525de4d7748b513787fc3ecc50c13c97654e626571fcdb8a6d96b78af3e6c5bfa95fb0286d8407d9d8d3c867d06c7a1fc4	common_voice_gju_42612978.mp3	f5506d50a60de042d4d6ed530fa3f2549c2068bbd5384eca63e0c1ce65e4d497	بکری ڈُھونڈتو ڈُھونڈتو یوہ اس رِچھ پو جا چَڑہیو		2	0	fourties				gju	
e65a8c3ba525042ceba11e102309b2525de4d7748b513787fc3ecc50c13c97654e626571fcdb8a6d96b78af3e6c5bfa95fb0286d8407d9d8d3c867d06c7a1fc4	common_voice_gju_42612977.mp3	af755426ac85bcb9c70b7e81d2ba2d92d4def716a6ad30a36b56dc6262d8f129	مہارانبی ﷺ کا باپ کو ناں حضرت عبداللہ ہے۔		2	0	fourties				gju	
e65a8c3ba525042ceba11e102309b2525de4d7748b513787fc3ecc50c13c97654e626571fcdb8a6d96b78af3e6c5bfa95fb0286d8407d9d8d3c867d06c7a1fc4	common_voice_gju_42612976.mp3	d862cd36f7558fefbe0bfe6ac45089b337e376a2ca35421b3b3f26574bf34a47	گھوڑاں نے زہر کھا لیو		2	0	fourties				gju	
e65a8c3ba525042ceba11e102309b2525de4d7748b513787fc3ecc50c13c97654e626571fcdb8a6d96b78af3e6c5bfa95fb0286d8407d9d8d3c867d06c7a1fc4	common_voice_gju_42612975.mp3	e14c1eda154c4746ed75e2ba0629bbf720e1ebf7fdfb9472012e1f508887fccf	حاجی نزیر کہن لگا ہن پَل نیہہ برہتی اُٹھوں ڈیرا لداں		2	0	fourties				gju	
e65a8c3ba525042ceba11e102309b2525de4d7748b513787fc3ecc50c13c97654e626571fcdb8a6d96b78af3e6c5bfa95fb0286d8407d9d8d3c867d06c7a1fc4	common_voice_gju_42612973.mp3	eb5f81b68fd1335479406e1efa0829644e1b832da8ef3de754a7dbdca80a2baf	کائے گل نیہہ‘‘		2	0	fourties				gju	
e65a8c3ba525042ceba11e102309b2525de4d7748b513787fc3ecc50c13c97654e626571fcdb8a6d96b78af3e6c5bfa95fb0286d8407d9d8d3c867d06c7a1fc4	common_voice_gju_42612972.mp3	f57ce0280384b0925674887b6d58e335284d33dc35ef1ba8b8d223b4ce0ca66b	بہن نے دیکھیو جی میرو بھائی		2	0	fourties				gju	
e65a8c3ba525042ceba11e102309b2525de4d7748b513787fc3ecc50c13c97654e626571fcdb8a6d96b78af3e6c5bfa95fb0286d8407d9d8d3c867d06c7a1fc4	common_voice_gju_42612971.mp3	cf435310d3f6b3efbfeda42d2309a4898457fc62c1589e59b47d235eb88b65a3	اِنھاں نے کہیو جناب مھارے کول کوئی بندوبست نیہہ		2	0	fourties				gju	
e65a8c3ba525042ceba11e102309b2525de4d7748b513787fc3ecc50c13c97654e626571fcdb8a6d96b78af3e6c5bfa95fb0286d8407d9d8d3c867d06c7a1fc4	common_voice_gju_42612970.mp3	b156acd3c57bceb0e510b960bc11635f09271ebdb959b5a3c7e39669621eb813	لاری کری		2	0	fourties				gju	
e65a8c3ba525042ceba11e102309b2525de4d7748b513787fc3ecc50c13c97654e626571fcdb8a6d96b78af3e6c5bfa95fb0286d8407d9d8d3c867d06c7a1fc4	common_voice_gju_42612969.mp3	f0d85b4c8a85663d702a190b79578bd6c8d818b7f0fc7a8daee3b005495c401a	اللہ ساراں اجڑیاں نا ہر بلا		2	0	fourties				gju	
e65a8c3ba525042ceba11e102309b2525de4d7748b513787fc3ecc50c13c97654e626571fcdb8a6d96b78af3e6c5bfa95fb0286d8407d9d8d3c867d06c7a1fc4	common_voice_gju_42612968.mp3	4afddb3ca0c567cf5357e20c2a8ecc0b6907d4fbfce9879659394a9a5ca2cfe5	مہارا بنی ﷺ کی ماں کو ناں حضرت بی بی آمنہ علیہا السلام ہے۔		2	0	fourties				gju	
e65a8c3ba525042ceba11e102309b2525de4d7748b513787fc3ecc50c13c97654e626571fcdb8a6d96b78af3e6c5bfa95fb0286d8407d9d8d3c867d06c7a1fc4	common_voice_gju_42612967.mp3	a49e8f786b1998ff2334215d1e30007ffff8b01bca9929a598fff7dd6c010ca3	دو دھیاڑا اُت رہیا		2	0	fourties				gju	
e65a8c3ba525042ceba11e102309b2525de4d7748b513787fc3ecc50c13c97654e626571fcdb8a6d96b78af3e6c5bfa95fb0286d8407d9d8d3c867d06c7a1fc4	common_voice_gju_42612966.mp3	b385abd01bb849efb5bdef9ffe1a8f537e8cb90350425ee742de13ad54c9c438	رچھنی نے حاجی نزیر کی بانہہ رَڑک کے توڑ چھُڑی		2	0	fourties				gju	
e65a8c3ba525042ceba11e102309b2525de4d7748b513787fc3ecc50c13c97654e626571fcdb8a6d96b78af3e6c5bfa95fb0286d8407d9d8d3c867d06c7a1fc4	common_voice_gju_42612964.mp3	e3de08f1e865e548242a35a72eebf5c6d5641f1544c1950574c54291d15a9326	ہتھ چاتے بلے ہتھاں کی تلی قبلے کے پاسے کرنی۔		2	0	fourties				gju	
e65a8c3ba525042ceba11e102309b2525de4d7748b513787fc3ecc50c13c97654e626571fcdb8a6d96b78af3e6c5bfa95fb0286d8407d9d8d3c867d06c7a1fc4	common_voice_gju_42612963.mp3	ce87c2ff62fa54efbfc40099732145ece31019cd05bc3245970f4e3646dae058	ہوں اُچا ڈھاکا پو چڑھ کے		2	0	fourties				gju	
e65a8c3ba525042ceba11e102309b2525de4d7748b513787fc3ecc50c13c97654e626571fcdb8a6d96b78af3e6c5bfa95fb0286d8407d9d8d3c867d06c7a1fc4	common_voice_gju_42612962.mp3	c203192c71ac5b3414c80afa2d2364cde3da45f4564c7b5269734cd5147744f9	نماز کا سارا ارکان آرام آرام نال ادا کرنا۔		2	0	fourties				gju	
e65a8c3ba525042ceba11e102309b2525de4d7748b513787fc3ecc50c13c97654e626571fcdb8a6d96b78af3e6c5bfa95fb0286d8407d9d8d3c867d06c7a1fc4	common_voice_gju_42612961.mp3	ec8b29f6d4d52513c1182ffea4c3bacc4e79a4b0742778994200c4d157dbd6d4	سر		2	0	fourties				gju	
e65a8c3ba525042ceba11e102309b2525de4d7748b513787fc3ecc50c13c97654e626571fcdb8a6d96b78af3e6c5bfa95fb0286d8407d9d8d3c867d06c7a1fc4	common_voice_gju_42612960.mp3	dbce9c728c5a4ccaf416865c8a0041a1ee85be83919d2c4b40721dd4debf41d8	ہوں گراں کی اِکا بیٹکی		2	0	fourties				gju	
e65a8c3ba525042ceba11e102309b2525de4d7748b513787fc3ecc50c13c97654e626571fcdb8a6d96b78af3e6c5bfa95fb0286d8407d9d8d3c867d06c7a1fc4	common_voice_gju_42612959.mp3	d1c8b400299b31c7fb31d867a52a929c94524f79c584d214ba61285bb1288eb1	یہ لوک ہور بے پریشان ہو گیا کیوں جے کچراں		2	0	fourties				gju	
e65a8c3ba525042ceba11e102309b2525de4d7748b513787fc3ecc50c13c97654e626571fcdb8a6d96b78af3e6c5bfa95fb0286d8407d9d8d3c867d06c7a1fc4	common_voice_gju_42612958.mp3	e306b4ee8ed5daf7cac4d3f4ddba8aeb106764b455635c0ded678644c76293fc	کاہڈ کوڑ مارے جے ہم		2	0	fourties				gju	
e65a8c3ba525042ceba11e102309b2525de4d7748b513787fc3ecc50c13c97654e626571fcdb8a6d96b78af3e6c5bfa95fb0286d8407d9d8d3c867d06c7a1fc4	common_voice_gju_42612957.mp3	ee9eab4f2ea1e9c7bd4957cc201df9168bba9eb7a6d088d7727372d91a2c04ef	توریت حضرت موسی علیہ السلام اپر نازل ہوئی۔		2	0	fourties				gju	
e65a8c3ba525042ceba11e102309b2525de4d7748b513787fc3ecc50c13c97654e626571fcdb8a6d96b78af3e6c5bfa95fb0286d8407d9d8d3c867d06c7a1fc4	common_voice_gju_42612956.mp3	f05de252d4510815658a6c85ac90c3d0927cb42828d92614362f72736c7b7bf3	کائے وجہ نیہہ‘‘		2	0	fourties				gju	
e65a8c3ba525042ceba11e102309b2525de4d7748b513787fc3ecc50c13c97654e626571fcdb8a6d96b78af3e6c5bfa95fb0286d8407d9d8d3c867d06c7a1fc4	common_voice_gju_42612955.mp3	e19a6dfe56ce0d052834f5bf615a0fb735d1e66df3b15e1b78f7b2ccca81a87c	اس نے کُتا ڈَکیا		2	0	fourties				gju	
e65a8c3ba525042ceba11e102309b2525de4d7748b513787fc3ecc50c13c97654e626571fcdb8a6d96b78af3e6c5bfa95fb0286d8407d9d8d3c867d06c7a1fc4	common_voice_gju_42612954.mp3	efa62f002246eeea9e31b88eca87fd930a0c6f4e32a6d0acd77d4f9f9bc847b5	رہاں گا		2	0	fourties				gju	
e65a8c3ba525042ceba11e102309b2525de4d7748b513787fc3ecc50c13c97654e626571fcdb8a6d96b78af3e6c5bfa95fb0286d8407d9d8d3c867d06c7a1fc4	common_voice_gju_42612953.mp3	d25ee1e12bf6ccc4e99a191121711c30cfc24e10f5e60dd533dc9594145b0a86	فرشتہ بے شمار ہیں۔		2	0	fourties				gju	
e65a8c3ba525042ceba11e102309b2525de4d7748b513787fc3ecc50c13c97654e626571fcdb8a6d96b78af3e6c5bfa95fb0286d8407d9d8d3c867d06c7a1fc4	common_voice_gju_42612952.mp3	caa763ce3f22fc09add8bfc3dbe975a404b6722583cfcaa47726f568f0188d64	ہوں اُت نہ رہیو		2	0	fourties				gju	
e65a8c3ba525042ceba11e102309b2525de4d7748b513787fc3ecc50c13c97654e626571fcdb8a6d96b78af3e6c5bfa95fb0286d8407d9d8d3c867d06c7a1fc4	common_voice_gju_42612951.mp3	8a25915a169934883cb258071d65cecf1c03c48aa03e840ce732f10d846e173a	اس دینہ ایک بڈھی کی دھی کی بار تھی		2	0	fourties				gju	
e65a8c3ba525042ceba11e102309b2525de4d7748b513787fc3ecc50c13c97654e626571fcdb8a6d96b78af3e6c5bfa95fb0286d8407d9d8d3c867d06c7a1fc4	common_voice_gju_42612950.mp3	ea5575d69769ad6a746ca580e4460ef489a883a227389a1b09696626dd3a32e4	رات لوک اُت رہیا		2	0	fourties				gju	
e65a8c3ba525042ceba11e102309b2525de4d7748b513787fc3ecc50c13c97654e626571fcdb8a6d96b78af3e6c5bfa95fb0286d8407d9d8d3c867d06c7a1fc4	common_voice_gju_42612949.mp3	c67191e98d590095dd972aafac93b843f0cf961dd63ea46a91c16cd401a9a4fb	بچا لیو		2	0	fourties				gju	
e65a8c3ba525042ceba11e102309b2525de4d7748b513787fc3ecc50c13c97654e626571fcdb8a6d96b78af3e6c5bfa95fb0286d8407d9d8d3c867d06c7a1fc4	common_voice_gju_42612948.mp3	f3ba069d7f69457c8a94258390232bf8086a83bc8d49a2809a3fa2d5cbc5c0dd	دوجا نا بھگیاڑ لے کے نس گیو		2	0	fourties				gju	
e65a8c3ba525042ceba11e102309b2525de4d7748b513787fc3ecc50c13c97654e626571fcdb8a6d96b78af3e6c5bfa95fb0286d8407d9d8d3c867d06c7a1fc4	common_voice_gju_42612947.mp3	99767b64e2ef1aec9e4cb059989ae1fef7d8366829040b92db0f8430c94b9338	چودھمو واقعو		2	0	fourties				gju	
e65a8c3ba525042ceba11e102309b2525de4d7748b513787fc3ecc50c13c97654e626571fcdb8a6d96b78af3e6c5bfa95fb0286d8407d9d8d3c867d06c7a1fc4	common_voice_gju_42612946.mp3	e333654a15d450ec5acbd346707130f63fa1f0bb8739b2d8824dd4228bdac478	اس نے آن کے باپ نا اپڑایو		2	0	fourties				gju	
e65a8c3ba525042ceba11e102309b2525de4d7748b513787fc3ecc50c13c97654e626571fcdb8a6d96b78af3e6c5bfa95fb0286d8407d9d8d3c867d06c7a1fc4	common_voice_gju_42612945.mp3	d21106839ef7aeb1c518e641cd0bd6451f8ec76f2c8a805ccd133e72db5f1cc1	جامی بوکڑا کا جمائی مولوی بشیر نا اللہ بخشے۔		2	0	fourties				gju	
e65a8c3ba525042ceba11e102309b2525de4d7748b513787fc3ecc50c13c97654e626571fcdb8a6d96b78af3e6c5bfa95fb0286d8407d9d8d3c867d06c7a1fc4	common_voice_gju_42612944.mp3	e3299d692c18827e4f16ebd960ae5e279442ab9732f82cb5cdf004476409b3d3	یوہ مُچ افسوس ناک واقعو		2	0	fourties				gju	
e65a8c3ba525042ceba11e102309b2525de4d7748b513787fc3ecc50c13c97654e626571fcdb8a6d96b78af3e6c5bfa95fb0286d8407d9d8d3c867d06c7a1fc4	common_voice_gju_42612943.mp3	ee3850cf0f0841e16d130524ce0232d1365cf027473d20a97167aa11eb03c780	اس نے اللہ کو شکر ادا کریو		2	0	fourties				gju	
e65a8c3ba525042ceba11e102309b2525de4d7748b513787fc3ecc50c13c97654e626571fcdb8a6d96b78af3e6c5bfa95fb0286d8407d9d8d3c867d06c7a1fc4	common_voice_gju_42612942.mp3	e60ab889398122a5f06ed74c5ee5278ab18fc3353798f210ba15395b9fce5800	اس نے کہیو جے توہ اس جنازہ نا تنہاں لے آ کیوں جے کاہڈ دا		2	1	fourties				gju	
e65a8c3ba525042ceba11e102309b2525de4d7748b513787fc3ecc50c13c97654e626571fcdb8a6d96b78af3e6c5bfa95fb0286d8407d9d8d3c867d06c7a1fc4	common_voice_gju_42612941.mp3	d6282e3bb68d9407ede31285d696f750c9144af3522d29ca0dbd850bb8c62f71	کاہڈ اس لُڑا نا پتو لگو جے یہ مَنا بکری شکری نیہہ دیتا		2	0	fourties				gju	
e65a8c3ba525042ceba11e102309b2525de4d7748b513787fc3ecc50c13c97654e626571fcdb8a6d96b78af3e6c5bfa95fb0286d8407d9d8d3c867d06c7a1fc4	common_voice_gju_42612940.mp3	f18beada1e828e25e9b18379709a7a32872978b8a52ab187bc074995558fe75d	نوکراں نے وہ آن کے بادشاہ نا دیتو		2	0	fourties				gju	
e65a8c3ba525042ceba11e102309b2525de4d7748b513787fc3ecc50c13c97654e626571fcdb8a6d96b78af3e6c5bfa95fb0286d8407d9d8d3c867d06c7a1fc4	common_voice_gju_42612938.mp3	a19f8dac249095445d36bc344ed15f336a9eade91a2fad0c7d0316c22a06f289	ہوں چل کے اُس نا دیکھوں گو ‘‘		2	0	fourties				gju	
e65a8c3ba525042ceba11e102309b2525de4d7748b513787fc3ecc50c13c97654e626571fcdb8a6d96b78af3e6c5bfa95fb0286d8407d9d8d3c867d06c7a1fc4	common_voice_gju_42612937.mp3	94617ca1583e8fcbf552519643fe4e7707f6f044d19df0b31adbd86f22ecd53e	جد اُنھ کا ڈیرا ہالاں نے یاہ گل سُنی ویہ بے مُچ خوش ہویا		2	0	fourties				gju	
e65a8c3ba525042ceba11e102309b2525de4d7748b513787fc3ecc50c13c97654e626571fcdb8a6d96b78af3e6c5bfa95fb0286d8407d9d8d3c867d06c7a1fc4	common_voice_gju_42612936.mp3	dc3c03002882490a1af72a21553e43c5fb61d7085e4f1427a008d8e009dbee16	ہن یہ چار سنگی ہو گیا		2	0	fourties				gju	
e65a8c3ba525042ceba11e102309b2525de4d7748b513787fc3ecc50c13c97654e626571fcdb8a6d96b78af3e6c5bfa95fb0286d8407d9d8d3c867d06c7a1fc4	common_voice_gju_42612935.mp3	7bb6d01ce5e59cb1e7ecae14db6c21bf22dacf5369b91e14c4a0593b485bf7de	ایک سال حاجی ایوب کو ڈیرو نِکی دیواسئی ما تھو		2	0	fourties				gju	
e65a8c3ba525042ceba11e102309b2525de4d7748b513787fc3ecc50c13c97654e626571fcdb8a6d96b78af3e6c5bfa95fb0286d8407d9d8d3c867d06c7a1fc4	common_voice_gju_42612934.mp3	ca1dbb88f20fd61fe88c710140eccd589936a10c5249b70a763ee861110e2cd1	اِنھ کا تمو پل نال جھَڑے لگا تھا اِنھاں نے واہ پل تمواں		2	0	fourties				gju	
e65a8c3ba525042ceba11e102309b2525de4d7748b513787fc3ecc50c13c97654e626571fcdb8a6d96b78af3e6c5bfa95fb0286d8407d9d8d3c867d06c7a1fc4	common_voice_gju_42612933.mp3	ee8824ee100d23592b844be0041134aadedf77f1b6f25bd4de0333d351da0000	آخر جِت گئی		2	0	fourties				gju	
e65a8c3ba525042ceba11e102309b2525de4d7748b513787fc3ecc50c13c97654e626571fcdb8a6d96b78af3e6c5bfa95fb0286d8407d9d8d3c867d06c7a1fc4	common_voice_gju_42612932.mp3	de3a185604b49dd18e4394611366b77b4f979bca89663380cadecf84d9e1bf8a	اجڑیاں کا اپنا واقعات اِنھ کی زبان ما لکھن		2	0	fourties				gju	
e65a8c3ba525042ceba11e102309b2525de4d7748b513787fc3ecc50c13c97654e626571fcdb8a6d96b78af3e6c5bfa95fb0286d8407d9d8d3c867d06c7a1fc4	common_voice_gju_42612931.mp3	c3ad3fb6a73fa319feaed286da7f5ef0795445dcc1d0af9f714b6cdab4bddd51	اپنو پوت کوہ چھوڈیو		2	0	fourties				gju	
e65a8c3ba525042ceba11e102309b2525de4d7748b513787fc3ecc50c13c97654e626571fcdb8a6d96b78af3e6c5bfa95fb0286d8407d9d8d3c867d06c7a1fc4	common_voice_gju_42612930.mp3	d71aa05761770769242377fdc99cb79953afe9ffa6355978b5c7b8b29d16cfa0	دُور بھُرجاں ما لے گیو		2	0	fourties				gju	
e65a8c3ba525042ceba11e102309b2525de4d7748b513787fc3ecc50c13c97654e626571fcdb8a6d96b78af3e6c5bfa95fb0286d8407d9d8d3c867d06c7a1fc4	common_voice_gju_42612929.mp3	e3efd5d3dc528ea0a6d517cd6433e6413995ed1fba2140f184ab2712354d9cd8	ترے دھیاڑا رات دن یاہ پَل بَرہتی رہی		2	0	fourties				gju	
e65a8c3ba525042ceba11e102309b2525de4d7748b513787fc3ecc50c13c97654e626571fcdb8a6d96b78af3e6c5bfa95fb0286d8407d9d8d3c867d06c7a1fc4	common_voice_gju_42612928.mp3	d67cb790f92718b434cfd3183be54cc773e6fe946761aae3991a4efb4e3adc66	اس کے نال نال پرانا لوکاں کی خاص گل بھی مھارے		2	0	fourties				gju	
e65a8c3ba525042ceba11e102309b2525de4d7748b513787fc3ecc50c13c97654e626571fcdb8a6d96b78af3e6c5bfa95fb0286d8407d9d8d3c867d06c7a1fc4	common_voice_gju_42612927.mp3	d49bcac54da38b18b0eaa3791dc9f36943d8bb53219f1e0f0e8ea684d699ea2a	اُس لُڑا نے وہ قصو بھی سنایو		2	0	fourties				gju	
e65a8c3ba525042ceba11e102309b2525de4d7748b513787fc3ecc50c13c97654e626571fcdb8a6d96b78af3e6c5bfa95fb0286d8407d9d8d3c867d06c7a1fc4	common_voice_gju_42612926.mp3	d8e4a7ffbe9bbff602d6d171a9a3b5238e92594da2d7419705a88e4ef1b78237	ہوں مقدمو جیت گئی		2	0	fourties				gju	
e65a8c3ba525042ceba11e102309b2525de4d7748b513787fc3ecc50c13c97654e626571fcdb8a6d96b78af3e6c5bfa95fb0286d8407d9d8d3c867d06c7a1fc4	common_voice_gju_42612925.mp3	abc5ffc91485b640f61ea00da2caa57939f0870edd428b11e7ec78e2bbf1d729	ہٹائی		2	0	fourties				gju	
e65a8c3ba525042ceba11e102309b2525de4d7748b513787fc3ecc50c13c97654e626571fcdb8a6d96b78af3e6c5bfa95fb0286d8407d9d8d3c867d06c7a1fc4	common_voice_gju_42612924.mp3	eb2f08a94c1f38cf76b95c655629a83c98dc26b60f405d9e6a8474d57510cbca	اگلا لوک پنڈی بھیج چُھڑیا		2	0	fourties				gju	
e65a8c3ba525042ceba11e102309b2525de4d7748b513787fc3ecc50c13c97654e626571fcdb8a6d96b78af3e6c5bfa95fb0286d8407d9d8d3c867d06c7a1fc4	common_voice_gju_42612923.mp3	c91b468c4c09efd63cb3ac3ab926499ca2b9ec25d3b4636772f548f718b758cc	وہ ساری بادشاہی ما مشہور ہو گیو		2	0	fourties				gju	
e65a8c3ba525042ceba11e102309b2525de4d7748b513787fc3ecc50c13c97654e626571fcdb8a6d96b78af3e6c5bfa95fb0286d8407d9d8d3c867d06c7a1fc4	common_voice_gju_42612922.mp3	efbaa502bc831993fa96c168c3ee62c5de7cfe947dd97325c6c55620e8d5e319	اونٹھاں ہاڑا کو سنگی سُنے تھو		2	0	fourties				gju	
e65a8c3ba525042ceba11e102309b2525de4d7748b513787fc3ecc50c13c97654e626571fcdb8a6d96b78af3e6c5bfa95fb0286d8407d9d8d3c867d06c7a1fc4	common_voice_gju_42612921.mp3	eb343f7e90f5d7f28d1af08232149dba732dce386f45d95b8ca5ce4fc8ae1f22	اس کو ڈیرو لَد لیو		2	0	fourties				gju	
e65a8c3ba525042ceba11e102309b2525de4d7748b513787fc3ecc50c13c97654e626571fcdb8a6d96b78af3e6c5bfa95fb0286d8407d9d8d3c867d06c7a1fc4	common_voice_gju_42612920.mp3	f147193bd67ca0a4e84342ee18870c2e7b8ee41f7e24e07c01ddbf2d0ba4857e	ایک دو بھادرا نا حاجی صاحب کو پُوت نزیر نانیو اپنی پھرڑی بکریاں نا ڈیرا		2	0	fourties				gju	
e65a8c3ba525042ceba11e102309b2525de4d7748b513787fc3ecc50c13c97654e626571fcdb8a6d96b78af3e6c5bfa95fb0286d8407d9d8d3c867d06c7a1fc4	common_voice_gju_42612919.mp3	f16c90dbe7e2a0d194674d6e1d9b3517e85d6ba2670ae542f95d26c2d70a5acf	انھ نے پہلاں تمواں		2	0	fourties				gju	
e65a8c3ba525042ceba11e102309b2525de4d7748b513787fc3ecc50c13c97654e626571fcdb8a6d96b78af3e6c5bfa95fb0286d8407d9d8d3c867d06c7a1fc4	common_voice_gju_42612918.mp3	ea5d54af7f452105406c234b760975e098551a3842898fe74126442a0fa4c617	یوہ سارو خزانو رہ جائے گو		2	0	fourties				gju	
e65a8c3ba525042ceba11e102309b2525de4d7748b513787fc3ecc50c13c97654e626571fcdb8a6d96b78af3e6c5bfa95fb0286d8407d9d8d3c867d06c7a1fc4	common_voice_gju_42612917.mp3	e3dd1463af7053e2c234bf59035338f58bc5a35b53711a9a42e3ca241d3a760c	نُووو واقعو		2	0	fourties				gju	
e65a8c3ba525042ceba11e102309b2525de4d7748b513787fc3ecc50c13c97654e626571fcdb8a6d96b78af3e6c5bfa95fb0286d8407d9d8d3c867d06c7a1fc4	common_voice_gju_42612916.mp3	e061a5263cc1a995a9c7b0ba6e79ba0c487d160c612a9e3275d0a67cee7e5b8f	ماہلی ما ایک بڑی سر تھی نُورو بھیڈ سر پو لے گیو		2	0	fourties				gju	
e65a8c3ba525042ceba11e102309b2525de4d7748b513787fc3ecc50c13c97654e626571fcdb8a6d96b78af3e6c5bfa95fb0286d8407d9d8d3c867d06c7a1fc4	common_voice_gju_42612915.mp3	6750b551748faa509c1651f16ccb737e31adb6476e4fbb793a622025d1890be5	گل جھُگی ما اگ بال		2	0	fourties				gju	
e65a8c3ba525042ceba11e102309b2525de4d7748b513787fc3ecc50c13c97654e626571fcdb8a6d96b78af3e6c5bfa95fb0286d8407d9d8d3c867d06c7a1fc4	common_voice_gju_42612914.mp3	a5ad5bea625c6668765f2fa25f69bdee84fff63af8b0020a285b397509fc7b44	اس اِکڑا نے اُنھ ساراں فوجیاں کو مقابلو کیو		2	0	fourties				gju	
e65a8c3ba525042ceba11e102309b2525de4d7748b513787fc3ecc50c13c97654e626571fcdb8a6d96b78af3e6c5bfa95fb0286d8407d9d8d3c867d06c7a1fc4	common_voice_gju_42612913.mp3	bfa92ffe35e3f64ff87fa7d5886ea61e9e972d678ab1e687b87c2b599068e7e3	اُس جنا نے روٹی نہ کھادی		2	0	fourties				gju	
e65a8c3ba525042ceba11e102309b2525de4d7748b513787fc3ecc50c13c97654e626571fcdb8a6d96b78af3e6c5bfa95fb0286d8407d9d8d3c867d06c7a1fc4	common_voice_gju_42612911.mp3	b5e3720bff41daa166f78f182bfcdf2b66ebbc9efed19fdae6947f2ff5cdaa44	انھ کو کے شونق		2	0	fourties				gju	
e65a8c3ba525042ceba11e102309b2525de4d7748b513787fc3ecc50c13c97654e626571fcdb8a6d96b78af3e6c5bfa95fb0286d8407d9d8d3c867d06c7a1fc4	common_voice_gju_42612910.mp3	ac190752b741addb1c657b27ec63854407313acfd6157909b7079ee4506c5465	اَٹو گھُنے تھی		2	0	fourties				gju	
e65a8c3ba525042ceba11e102309b2525de4d7748b513787fc3ecc50c13c97654e626571fcdb8a6d96b78af3e6c5bfa95fb0286d8407d9d8d3c867d06c7a1fc4	common_voice_gju_42612909.mp3	c4deeff3135417d8c373e9e22917d2e867385c8f84a7c171a8d50a4ac43dece4	دوئے ماشٹریانی جا رہی		2	0	fourties				gju	
e65a8c3ba525042ceba11e102309b2525de4d7748b513787fc3ecc50c13c97654e626571fcdb8a6d96b78af3e6c5bfa95fb0286d8407d9d8d3c867d06c7a1fc4	common_voice_gju_42612908.mp3	e5b2939d5f949e2f47cdf5a538a530d10d1a689517e7afd700f8febabfd39675	حریان ہویو		2	0	fourties				gju	
e65a8c3ba525042ceba11e102309b2525de4d7748b513787fc3ecc50c13c97654e626571fcdb8a6d96b78af3e6c5bfa95fb0286d8407d9d8d3c867d06c7a1fc4	common_voice_gju_42612907.mp3	e97c1d2b4d80e828276dc305298c6c19cdefb56ea78c3ed326ca641c2e34f44d	کچر ک		2	0	fourties				gju	
e65a8c3ba525042ceba11e102309b2525de4d7748b513787fc3ecc50c13c97654e626571fcdb8a6d96b78af3e6c5bfa95fb0286d8407d9d8d3c867d06c7a1fc4	common_voice_gju_42612906.mp3	c5785ab282ac46ef56415fc57ae728bdb7686b68e24b0ae90601e0a3d399db67	ہوں خوف		2	0	fourties				gju	
e65a8c3ba525042ceba11e102309b2525de4d7748b513787fc3ecc50c13c97654e626571fcdb8a6d96b78af3e6c5bfa95fb0286d8407d9d8d3c867d06c7a1fc4	common_voice_gju_42612905.mp3	bc12985ada462e21e46bc3fc24ad346a418e585dbdc4cff0c7bb3d128793ab49	اِنھ کو مال بے مُچ زیادہ نقصان ہویو با اللہ نے اپنا		2	0	fourties				gju	
e65a8c3ba525042ceba11e102309b2525de4d7748b513787fc3ecc50c13c97654e626571fcdb8a6d96b78af3e6c5bfa95fb0286d8407d9d8d3c867d06c7a1fc4	common_voice_gju_42612904.mp3	d412a98ebe898554b582a2074b926ff8ba51c11bc7683f4e32c0f4c062c98423	بادشاہ نے ویہ دو لُڑا پٹھان کے ڈیرے چوکیداری بسطے چلا چھوڈیا جی اُس کا ڈیرا کی چوکیداری کروں		2	0	fourties				gju	
e65a8c3ba525042ceba11e102309b2525de4d7748b513787fc3ecc50c13c97654e626571fcdb8a6d96b78af3e6c5bfa95fb0286d8407d9d8d3c867d06c7a1fc4	common_voice_gju_42612903.mp3	c32e687b8b5363d85a4af1b94b0bcd79c4c0385b4caa9db21c0ff5bcac0404e0	حسن کھاہری		2	0	fourties				gju	
e65a8c3ba525042ceba11e102309b2525de4d7748b513787fc3ecc50c13c97654e626571fcdb8a6d96b78af3e6c5bfa95fb0286d8407d9d8d3c867d06c7a1fc4	common_voice_gju_42612902.mp3	b723dd0e84170489c73828dfa9ea84ab6e5c643c71bb2e5710d97fe443ba2869	ہوں ٹھیک نیہہ تھو میرا ڈھیڈ ما درد تھو ‘‘		2	0	fourties				gju	
e65a8c3ba525042ceba11e102309b2525de4d7748b513787fc3ecc50c13c97654e626571fcdb8a6d96b78af3e6c5bfa95fb0286d8407d9d8d3c867d06c7a1fc4	common_voice_gju_42612901.mp3	b4f255759af462dd6b83569f70574dcc467778ad8e63e31ef9a3126a9ae6a06d	ہوں اس مورا ما تہناں لہوں گو		2	0	fourties				gju	
e65a8c3ba525042ceba11e102309b2525de4d7748b513787fc3ecc50c13c97654e626571fcdb8a6d96b78af3e6c5bfa95fb0286d8407d9d8d3c867d06c7a1fc4	common_voice_gju_42612900.mp3	7be91fdaa0af652184b3a101a7e55dce822f09e6d7623e34831c66a11b13aa5c	اپنا ڈیرا کی حالت بہتر بناں		2	0	fourties				gju	
e65a8c3ba525042ceba11e102309b2525de4d7748b513787fc3ecc50c13c97654e626571fcdb8a6d96b78af3e6c5bfa95fb0286d8407d9d8d3c867d06c7a1fc4	common_voice_gju_42612899.mp3	ed5811717a807f5425f603bc98b5dccc76a73073979e085f7fa5469c4032a947	فوجیاں نے اِنھ کا پیراں		2	0	fourties				gju	
e65a8c3ba525042ceba11e102309b2525de4d7748b513787fc3ecc50c13c97654e626571fcdb8a6d96b78af3e6c5bfa95fb0286d8407d9d8d3c867d06c7a1fc4	common_voice_gju_42612898.mp3	d875f2239aa65ad4d83da5fb5f1c2aece1bc325b85a79d1d040be7de2ba9c611	ہم ترے سنگی ہے		2	0	fourties				gju	
e65a8c3ba525042ceba11e102309b2525de4d7748b513787fc3ecc50c13c97654e626571fcdb8a6d96b78af3e6c5bfa95fb0286d8407d9d8d3c867d06c7a1fc4	common_voice_gju_42612896.mp3	ddd7220fa1aa0d5e22af625b7653b0be2b18638340015589af35e2b7a9ff96e2	اُ س کو جنو دھیاڑی مزدوری کر کے آئے		2	0	fourties				gju	
e65a8c3ba525042ceba11e102309b2525de4d7748b513787fc3ecc50c13c97654e626571fcdb8a6d96b78af3e6c5bfa95fb0286d8407d9d8d3c867d06c7a1fc4	common_voice_gju_42612895.mp3	b4d5b7773dc43f47557218f61fc266146ac4fd0db0940b3086b3cf9ec866749d	جس بِلے ویہ ڈاکٹر کا دفتر ما گیا		2	0	fourties				gju	
e65a8c3ba525042ceba11e102309b2525de4d7748b513787fc3ecc50c13c97654e626571fcdb8a6d96b78af3e6c5bfa95fb0286d8407d9d8d3c867d06c7a1fc4	common_voice_gju_42612894.mp3	c2c9d29cdfdd13756759a15d7e0b4289c07e3bbe1cc24804f3a15e480c4bdefd	اُس بکری نا لے گیا چور		2	0	fourties				gju	
e65a8c3ba525042ceba11e102309b2525de4d7748b513787fc3ecc50c13c97654e626571fcdb8a6d96b78af3e6c5bfa95fb0286d8407d9d8d3c867d06c7a1fc4	common_voice_gju_42612893.mp3	ccb03cfb5d235d801c7ee29c66b4e8fac0df0eaf7af513063f45c8337bd1ffce	اُت رات ایک بلا آ گئی		2	0	fourties				gju	
e65a8c3ba525042ceba11e102309b2525de4d7748b513787fc3ecc50c13c97654e626571fcdb8a6d96b78af3e6c5bfa95fb0286d8407d9d8d3c867d06c7a1fc4	common_voice_gju_42612891.mp3	ac536070c6ad6137c97601e8bcaf281797d5d9d38f38999e9861d7e806817afe	لُہائی ما ٹُٹو		2	0	fourties				gju	
e65a8c3ba525042ceba11e102309b2525de4d7748b513787fc3ecc50c13c97654e626571fcdb8a6d96b78af3e6c5bfa95fb0286d8407d9d8d3c867d06c7a1fc4	common_voice_gju_42612889.mp3	e7f0fcf4cc8980213f731ab28910abc0fff29278c5f1a1884566642384a24a2d	دیو نے اس کے ناڑ بھی یوہی کم کیو		2	0	fourties				gju	
e65a8c3ba525042ceba11e102309b2525de4d7748b513787fc3ecc50c13c97654e626571fcdb8a6d96b78af3e6c5bfa95fb0286d8407d9d8d3c867d06c7a1fc4	common_voice_gju_42612888.mp3	e9927dee46dd22d7f4c563ee970e53526e0eb09f871d9c8a068785e57b79f933	لاری کو ڈریور بے اس کو واقف تھو		2	0	fourties				gju	
e65a8c3ba525042ceba11e102309b2525de4d7748b513787fc3ecc50c13c97654e626571fcdb8a6d96b78af3e6c5bfa95fb0286d8407d9d8d3c867d06c7a1fc4	common_voice_gju_42612887.mp3	d8a314f1a1e17135d8e87d184ebf8bae4521a17124ad59ec424785245439b72b	ہوں بھارواں نا تابٹ		2	0	fourties				gju	
e65a8c3ba525042ceba11e102309b2525de4d7748b513787fc3ecc50c13c97654e626571fcdb8a6d96b78af3e6c5bfa95fb0286d8407d9d8d3c867d06c7a1fc4	common_voice_gju_42612886.mp3	ee7c31900288ced82bbb242f6b711ab7985f1e3e67d4555e370ea3c5afbe92f4	دھی نے کہیو		2	0	fourties				gju	
e65a8c3ba525042ceba11e102309b2525de4d7748b513787fc3ecc50c13c97654e626571fcdb8a6d96b78af3e6c5bfa95fb0286d8407d9d8d3c867d06c7a1fc4	common_voice_gju_42612885.mp3	9e1f99dc432d89e3afc1bc95de580c4f0132c186c113db9a0cf1374ed0a930bc	اس نے بھارُو چھت پو چاہڑھ کے آپ اندر بیس گیو		2	0	fourties				gju	
e65a8c3ba525042ceba11e102309b2525de4d7748b513787fc3ecc50c13c97654e626571fcdb8a6d96b78af3e6c5bfa95fb0286d8407d9d8d3c867d06c7a1fc4	common_voice_gju_42612884.mp3	d7813d9bd0a57c864effd8624b3f16806bc70ce248ad59e83b092f413b405da6	ویہ ہم نا لے چلے گا		2	0	fourties				gju	
e65a8c3ba525042ceba11e102309b2525de4d7748b513787fc3ecc50c13c97654e626571fcdb8a6d96b78af3e6c5bfa95fb0286d8407d9d8d3c867d06c7a1fc4	common_voice_gju_42612883.mp3	bf5ee7fdde7442324c7a4f44d8ffaafc369ddd34e9231f3eee9a134d75309d13	حاجی صاحب نے کہیو جنازا نا مہربانی کر کے تنہاں پنجاب تا لے آؤں		2	0	fourties				gju	
e65a8c3ba525042ceba11e102309b2525de4d7748b513787fc3ecc50c13c97654e626571fcdb8a6d96b78af3e6c5bfa95fb0286d8407d9d8d3c867d06c7a1fc4	common_voice_gju_42612882.mp3	d55f7d6262dd8e3c20499583ff4af39b160af3cec2f173716896c6f6d7902e4a	مسیت ما اَگ بالی		2	0	fourties				gju	
e65a8c3ba525042ceba11e102309b2525de4d7748b513787fc3ecc50c13c97654e626571fcdb8a6d96b78af3e6c5bfa95fb0286d8407d9d8d3c867d06c7a1fc4	common_voice_gju_42612880.mp3	809f553f4bcc1d5b0e1dd55045c21a0846bd48392efd8a2f0254e3b2c96372e6	واہ بکری رِچھ نے مار کے سٹی تھی		2	0	fourties				gju	
e65a8c3ba525042ceba11e102309b2525de4d7748b513787fc3ecc50c13c97654e626571fcdb8a6d96b78af3e6c5bfa95fb0286d8407d9d8d3c867d06c7a1fc4	common_voice_gju_42612879.mp3	d321a7b00df91dbeebb2f2950e8c2b70ba5ed5f6274e7de10154f381731f224c	ٹھیک ہے چوہا شوہا مارے گی		2	0	fourties				gju	
e65a8c3ba525042ceba11e102309b2525de4d7748b513787fc3ecc50c13c97654e626571fcdb8a6d96b78af3e6c5bfa95fb0286d8407d9d8d3c867d06c7a1fc4	common_voice_gju_42612878.mp3	91bb09f95e16e7502355407889224a5189c7f9df11fb6bb2683bf7b313c17828	یہ پَل کے ہیٹھ ہو گیا		2	0	fourties				gju	
e65a8c3ba525042ceba11e102309b2525de4d7748b513787fc3ecc50c13c97654e626571fcdb8a6d96b78af3e6c5bfa95fb0286d8407d9d8d3c867d06c7a1fc4	common_voice_gju_42612877.mp3	ed4c3870407d677114ae28b85d0bc74cbac1eb7b2bc7d89ff2e6686e2d67e27d	جے کدے پانی نہ ہووے تے تیمم بھی کیو جاسکے۔		2	0	fourties				gju	
e65a8c3ba525042ceba11e102309b2525de4d7748b513787fc3ecc50c13c97654e626571fcdb8a6d96b78af3e6c5bfa95fb0286d8407d9d8d3c867d06c7a1fc4	common_voice_gju_42612876.mp3	8a3f321fe3a71f2ffc1704a7edaf53826671145eb035dffe7a670e15e064f8bb	حضرت محمد ﷺ پنجاہ سال کی عمر ما مدینہ شریف گیا۔		2	0	fourties				gju	
e65a8c3ba525042ceba11e102309b2525de4d7748b513787fc3ecc50c13c97654e626571fcdb8a6d96b78af3e6c5bfa95fb0286d8407d9d8d3c867d06c7a1fc4	common_voice_gju_42612875.mp3	c56cf725f481067a78fee64981ec3f8802c4d7bff9cbd8d4fcfff534156cc0fe	پل ما انھ کا ہتھ پیر سڑ گیا		2	0	fourties				gju	
e65a8c3ba525042ceba11e102309b2525de4d7748b513787fc3ecc50c13c97654e626571fcdb8a6d96b78af3e6c5bfa95fb0286d8407d9d8d3c867d06c7a1fc4	common_voice_gju_42612873.mp3	e9c5a6039cde546c25a8317bcee29889438a05e254564a8d603584f4185d9491	ہن بَل		2	0	fourties				gju	
e65a8c3ba525042ceba11e102309b2525de4d7748b513787fc3ecc50c13c97654e626571fcdb8a6d96b78af3e6c5bfa95fb0286d8407d9d8d3c867d06c7a1fc4	common_voice_gju_42612872.mp3	ec3cb5ca42f33576eb55a37606dd86af739c2f82d8def1024f1e6ff2a1446269	کا سنگیاں کا پیراں ما بُوٹ		2	0	fourties				gju	
e65a8c3ba525042ceba11e102309b2525de4d7748b513787fc3ecc50c13c97654e626571fcdb8a6d96b78af3e6c5bfa95fb0286d8407d9d8d3c867d06c7a1fc4	common_voice_gju_42612871.mp3	dc3b3ec9aa8706d0cb54e3bd2a9eed23dbe2a26fc14c5053cf27e2dca9398952	اُس رات پل ما ان کی کم از کم دو سو بکری مرگئی		2	0	fourties				gju	
e65a8c3ba525042ceba11e102309b2525de4d7748b513787fc3ecc50c13c97654e626571fcdb8a6d96b78af3e6c5bfa95fb0286d8407d9d8d3c867d06c7a1fc4	common_voice_gju_42612870.mp3	ebb2f4128ee3839ed725e8c4d79c7177d998ac9cab8cf867268f55eceaff038e	دُوجا رنگ کو کھانو وُہ		2	0	fourties				gju	
e65a8c3ba525042ceba11e102309b2525de4d7748b513787fc3ecc50c13c97654e626571fcdb8a6d96b78af3e6c5bfa95fb0286d8407d9d8d3c867d06c7a1fc4	common_voice_gju_42612869.mp3	854dfa23ffe9ea6d1bcb2859021a7a4e6d42effe5942c7d004261d832b8ff92a	بادشاہ نے کہیو جی ٹھیک ہے دمو کر کے لڑائی کرینے		2	0	fourties				gju	
e65a8c3ba525042ceba11e102309b2525de4d7748b513787fc3ecc50c13c97654e626571fcdb8a6d96b78af3e6c5bfa95fb0286d8407d9d8d3c867d06c7a1fc4	common_voice_gju_42612868.mp3	d655568343dcbc368bbfb3bfe4ec222283726498a0bd0a50d296198ccbc020ef	مھارے کوڑے سنے تھو		2	0	fourties				gju	
e65a8c3ba525042ceba11e102309b2525de4d7748b513787fc3ecc50c13c97654e626571fcdb8a6d96b78af3e6c5bfa95fb0286d8407d9d8d3c867d06c7a1fc4	common_voice_gju_42612867.mp3	d717a6c3ee5d522e95634eaaa308f21956562e23c4c8d8af90f7891b0c75ce48	کہن لگو تیرا ہتھ ما دو انگوٹھی		2	0	fourties				gju	
e65a8c3ba525042ceba11e102309b2525de4d7748b513787fc3ecc50c13c97654e626571fcdb8a6d96b78af3e6c5bfa95fb0286d8407d9d8d3c867d06c7a1fc4	common_voice_gju_42612866.mp3	dd81db0d50390b2a4871c1338ca5dd39c86484ef6123f78deb1767ae12acc724	میری عمر بائی سا ل		2	0	fourties				gju	
e65a8c3ba525042ceba11e102309b2525de4d7748b513787fc3ecc50c13c97654e626571fcdb8a6d96b78af3e6c5bfa95fb0286d8407d9d8d3c867d06c7a1fc4	common_voice_gju_42612865.mp3	ecbb202cf6eac6e201cedec92641e654835faba1acf241e76a3e86a9905361e3	کِہڑا نے کٹھا ما ڈیرا لایا تھا ویہ سارا رات رُڑھ گیا		2	0	fourties				gju	
e65a8c3ba525042ceba11e102309b2525de4d7748b513787fc3ecc50c13c97654e626571fcdb8a6d96b78af3e6c5bfa95fb0286d8407d9d8d3c867d06c7a1fc4	common_voice_gju_42612864.mp3	cfbf997ef14c7dceb507d8dea972343c7d2039448c8aa5271b51eccd6ee6db40	ادھو سامان لاری ما لد کے بِدیا کر چھُڑیو		2	0	fourties				gju	
e65a8c3ba525042ceba11e102309b2525de4d7748b513787fc3ecc50c13c97654e626571fcdb8a6d96b78af3e6c5bfa95fb0286d8407d9d8d3c867d06c7a1fc4	common_voice_gju_42612863.mp3	e5b65bf55661d2e1b3ed94955e470e32cba7e365af35d9dd181783042d3d8b84	قرآن پاک ما تری پارہ ہیں۔		2	0	fourties				gju	
e65a8c3ba525042ceba11e102309b2525de4d7748b513787fc3ecc50c13c97654e626571fcdb8a6d96b78af3e6c5bfa95fb0286d8407d9d8d3c867d06c7a1fc4	common_voice_gju_42612861.mp3	d74e334599e559f784285298caea322a34b9fbb54e7a61f55c5f7072f3f0eab6	ایک تھو بادشاہ		2	0	fourties				gju	
e65a8c3ba525042ceba11e102309b2525de4d7748b513787fc3ecc50c13c97654e626571fcdb8a6d96b78af3e6c5bfa95fb0286d8407d9d8d3c867d06c7a1fc4	common_voice_gju_42612859.mp3	929b6e5c9cc925288d1bdffee5f333065f28facc53d54087a90e0906b71c4001	ڈیرے جا کے اس نے ڈیرا ہالی نا کہیو میں یوہ جاتک ایوب خان کولوں آنیو		2	0	fourties				gju	
e65a8c3ba525042ceba11e102309b2525de4d7748b513787fc3ecc50c13c97654e626571fcdb8a6d96b78af3e6c5bfa95fb0286d8407d9d8d3c867d06c7a1fc4	common_voice_gju_42612858.mp3	b2e92d0a20a7dd48875d134934fe5a7c4a05cf7128e4483c20f675d62c955c41	ہوں سمجھ گیو جے یاہ کائی بلا		2	0	fourties				gju	
e65a8c3ba525042ceba11e102309b2525de4d7748b513787fc3ecc50c13c97654e626571fcdb8a6d96b78af3e6c5bfa95fb0286d8407d9d8d3c867d06c7a1fc4	common_voice_gju_42612857.mp3	da3bf0da2647b9a38e7673ea324896c2549200f10532e7397065071f9572c6da	ایک دھیاڑے کا کی نے بیٹکی سدی بیٹکیاں نے تا نی تنی		2	0	fourties				gju	
e65a8c3ba525042ceba11e102309b2525de4d7748b513787fc3ecc50c13c97654e626571fcdb8a6d96b78af3e6c5bfa95fb0286d8407d9d8d3c867d06c7a1fc4	common_voice_gju_42612856.mp3	e21bf963ca2f70ba1484e57f31dedae480087fbb51278f83bb64cc81bbc65db4	گلی کا پرُو		2	0	fourties				gju	
e65a8c3ba525042ceba11e102309b2525de4d7748b513787fc3ecc50c13c97654e626571fcdb8a6d96b78af3e6c5bfa95fb0286d8407d9d8d3c867d06c7a1fc4	common_voice_gju_42612855.mp3	b58e7d4fa767888a0e6ebe2390113fe716896480444eb2d8e2a16251ac724613	بادشاہ نے کہیو جی ٹھیک ہے کِہڑی ٹھار تنا پسند ہے اُس ما لڑائی کرینے		2	0	fourties				gju	
e65a8c3ba525042ceba11e102309b2525de4d7748b513787fc3ecc50c13c97654e626571fcdb8a6d96b78af3e6c5bfa95fb0286d8407d9d8d3c867d06c7a1fc4	common_voice_gju_42612854.mp3	e9c24aa4bef079468fa75b3095b9f90e6b65ad9e577a37599fd1bbda9955212a	اس نا جھب جھب گلگلت پوہچاؤں		2	0	fourties				gju	
e65a8c3ba525042ceba11e102309b2525de4d7748b513787fc3ecc50c13c97654e626571fcdb8a6d96b78af3e6c5bfa95fb0286d8407d9d8d3c867d06c7a1fc4	common_voice_gju_42612853.mp3	b6f7573a0f4cf8b47c9e497e82fc81ffbe82358caa01192c1659cba2cc7eefcd	سبق سکھے گا		2	0	fourties				gju	
e65a8c3ba525042ceba11e102309b2525de4d7748b513787fc3ecc50c13c97654e626571fcdb8a6d96b78af3e6c5bfa95fb0286d8407d9d8d3c867d06c7a1fc4	common_voice_gju_42612852.mp3	d629e2c4a701fe41d18b463164fe6b388f4859df0d62bcd529628c382476f8c6	بیٹکیاں نا لے کے جا رہیا		2	0	fourties				gju	
e65a8c3ba525042ceba11e102309b2525de4d7748b513787fc3ecc50c13c97654e626571fcdb8a6d96b78af3e6c5bfa95fb0286d8407d9d8d3c867d06c7a1fc4	common_voice_gju_42612849.mp3	e5235fa5673af81bba63cb980dd486cfc42027a8b12d91e2d059a4c09c366b75	سائیں کاکو تھو مُچ ہشیار		2	0	fourties				gju	
e65a8c3ba525042ceba11e102309b2525de4d7748b513787fc3ecc50c13c97654e626571fcdb8a6d96b78af3e6c5bfa95fb0286d8407d9d8d3c867d06c7a1fc4	common_voice_gju_42612848.mp3	456ad2ccfe4370166cbaa4dec04c9afec60aefdcacfd0bbb90794b56169d1069	ڈَنگی بَدھ کے یوہ چایو		2	0	fourties				gju	
e65a8c3ba525042ceba11e102309b2525de4d7748b513787fc3ecc50c13c97654e626571fcdb8a6d96b78af3e6c5bfa95fb0286d8407d9d8d3c867d06c7a1fc4	common_voice_gju_42612847.mp3	db679a4b1cf96980403c866bc9e7490290807898a30aca26154c5733b59eb20b	ہوں گلی نا پوہچیو		2	0	fourties				gju	
e65a8c3ba525042ceba11e102309b2525de4d7748b513787fc3ecc50c13c97654e626571fcdb8a6d96b78af3e6c5bfa95fb0286d8407d9d8d3c867d06c7a1fc4	common_voice_gju_42612846.mp3	b668f4e257311fd3d4309c42df95566f100d1e31e819325b0e546a5d7451482f	مُڑ کے پِچھاں ڈیرا تا گیو		2	0	fourties				gju	
e65a8c3ba525042ceba11e102309b2525de4d7748b513787fc3ecc50c13c97654e626571fcdb8a6d96b78af3e6c5bfa95fb0286d8407d9d8d3c867d06c7a1fc4	common_voice_gju_42612844.mp3	d24d267a3efcef493ea9bfbef06d8683cbe9050751bdeed9d8573a76e06d8fab	ویہ جنازہ بلادری کا لوکاں نے جمع ہو کے دفن کِیا		2	0	fourties				gju	
e65a8c3ba525042ceba11e102309b2525de4d7748b513787fc3ecc50c13c97654e626571fcdb8a6d96b78af3e6c5bfa95fb0286d8407d9d8d3c867d06c7a1fc4	common_voice_gju_42612842.mp3	bc37e8104fb9c23e3d20d29108d88eddf68bbb83f84d8a74975a7d92212ff39c	رچھنی نے ایک بڑو بکرو نپڑ لیو بکرا نے ٹانک ماری		2	0	fourties				gju	
e65a8c3ba525042ceba11e102309b2525de4d7748b513787fc3ecc50c13c97654e626571fcdb8a6d96b78af3e6c5bfa95fb0286d8407d9d8d3c867d06c7a1fc4	common_voice_gju_42612841.mp3	eb84688d98d1c1caaa4a473283063d1cbc9b5b550601e235c520290db40c5515	اُتو فوج کا افسر نے جوان		2	0	fourties				gju	
e65a8c3ba525042ceba11e102309b2525de4d7748b513787fc3ecc50c13c97654e626571fcdb8a6d96b78af3e6c5bfa95fb0286d8407d9d8d3c867d06c7a1fc4	common_voice_gju_42612840.mp3	cc5de435f982d2f493d2141f72bc1135d6a5ad142e0a138530f916a871dcf9a4	کاہڈ کا فوجیاں نے کاہڈ کا لوک		2	0	fourties				gju	
e65a8c3ba525042ceba11e102309b2525de4d7748b513787fc3ecc50c13c97654e626571fcdb8a6d96b78af3e6c5bfa95fb0286d8407d9d8d3c867d06c7a1fc4	common_voice_gju_42612839.mp3	e596e7afbd7604a17eee5edbc6e3ff0178ec74fe3ada2704e49c83f702b73515	باقیاں نے اِنھ بیماراں کو مُچ دیسی علاج شلاج کریو با یہ بَل نہ ہویا		2	0	fourties				gju	
e65a8c3ba525042ceba11e102309b2525de4d7748b513787fc3ecc50c13c97654e626571fcdb8a6d96b78af3e6c5bfa95fb0286d8407d9d8d3c867d06c7a1fc4	common_voice_gju_42612838.mp3	e0bd622e75545de9fe16185e357476a8d6b840aa7e3969797792ee21b8c01193	مورا کے اُپر مچ بڑی گٹی دھری تھی		2	0	fourties				gju	
e65a8c3ba525042ceba11e102309b2525de4d7748b513787fc3ecc50c13c97654e626571fcdb8a6d96b78af3e6c5bfa95fb0286d8407d9d8d3c867d06c7a1fc4	common_voice_gju_42612837.mp3	3bb0ae56f14026f91750ad14e7698c29f763c86443dc4e7232495410e209f517	جاتک گلی کا مُنڈھ ما پوہچیا		2	0	fourties				gju	
e65a8c3ba525042ceba11e102309b2525de4d7748b513787fc3ecc50c13c97654e626571fcdb8a6d96b78af3e6c5bfa95fb0286d8407d9d8d3c867d06c7a1fc4	common_voice_gju_42612836.mp3	bad6b2afd97c47dc08061827b9a6e21090458fedc4951fad75b45c1bdf6ccf7e	توہ ست چیدین پانی کا		2	0	fourties				gju	
e65a8c3ba525042ceba11e102309b2525de4d7748b513787fc3ecc50c13c97654e626571fcdb8a6d96b78af3e6c5bfa95fb0286d8407d9d8d3c867d06c7a1fc4	common_voice_gju_42612830.mp3	c53f0b6989099f90f58c72f14e1933657e22a09b04d58c958aff7e9420f8bdda	جِس بڑے وہ جنو لنگن لگو شہزادی نے اُس پو رنگ سَٹ چھڑیو		2	0	fourties				gju	
e65a8c3ba525042ceba11e102309b2525de4d7748b513787fc3ecc50c13c97654e626571fcdb8a6d96b78af3e6c5bfa95fb0286d8407d9d8d3c867d06c7a1fc4	common_voice_gju_42612828.mp3	c33554a97bdd935e536186383708a35ea4c709e68ba59387b476375abd5c5cc3	محمد حنیف ڈر گیو		2	0	fourties				gju	
e65a8c3ba525042ceba11e102309b2525de4d7748b513787fc3ecc50c13c97654e626571fcdb8a6d96b78af3e6c5bfa95fb0286d8407d9d8d3c867d06c7a1fc4	common_voice_gju_42612827.mp3	d95ed4d835298290be1d5a769fecdddeb9055c0fd4234653cf286980ec0a9f59	جے ہر قبیلہ		2	0	fourties				gju	
e65a8c3ba525042ceba11e102309b2525de4d7748b513787fc3ecc50c13c97654e626571fcdb8a6d96b78af3e6c5bfa95fb0286d8407d9d8d3c867d06c7a1fc4	common_voice_gju_42612826.mp3	a3990d7d4c57af15e1da18895c3ce25dc347053a7a681c9cd8683410bd485ebc	مھاری حکومت		2	0	fourties				gju	
e65a8c3ba525042ceba11e102309b2525de4d7748b513787fc3ecc50c13c97654e626571fcdb8a6d96b78af3e6c5bfa95fb0286d8407d9d8d3c867d06c7a1fc4	common_voice_gju_42612825.mp3	ebbfb62a9b111159a5380d8304b56e2f48f7f3e7f9a694210bb0659e71fa1836	سنگیاں نے یوہ رُڑتو دیکھیو		2	0	fourties				gju	
e65a8c3ba525042ceba11e102309b2525de4d7748b513787fc3ecc50c13c97654e626571fcdb8a6d96b78af3e6c5bfa95fb0286d8407d9d8d3c867d06c7a1fc4	common_voice_gju_42612824.mp3	d1e18646d9cd746770f9be45f581340ff34974aaefe0e046e417beaf0431c018	بچا تنا کے گل ہے		2	0	fourties				gju	
e65a8c3ba525042ceba11e102309b2525de4d7748b513787fc3ecc50c13c97654e626571fcdb8a6d96b78af3e6c5bfa95fb0286d8407d9d8d3c867d06c7a1fc4	common_voice_gju_42612823.mp3	d2393ba2424eea178f64827160c3ac39464b7fd3bdd846feff88007fac9cb37d	باقی زخمی ہو گیا		2	0	fourties				gju	
e65a8c3ba525042ceba11e102309b2525de4d7748b513787fc3ecc50c13c97654e626571fcdb8a6d96b78af3e6c5bfa95fb0286d8407d9d8d3c867d06c7a1fc4	common_voice_gju_42612822.mp3	c600a04eb204e9fba65c40bf7cec98c5c1b078c4f7492901764985b4850014bf	اس جا ما اجڑیاں کا ہور مُچ ڈیرا بے تھا		2	0	fourties				gju	
e65a8c3ba525042ceba11e102309b2525de4d7748b513787fc3ecc50c13c97654e626571fcdb8a6d96b78af3e6c5bfa95fb0286d8407d9d8d3c867d06c7a1fc4	common_voice_gju_42612821.mp3	a38d19bb4b84e0268e0d2658c715a27ca5f6fbb20b019c64700962e4dc938e03	مال نہ دِتو		2	0	fourties				gju	
e65a8c3ba525042ceba11e102309b2525de4d7748b513787fc3ecc50c13c97654e626571fcdb8a6d96b78af3e6c5bfa95fb0286d8407d9d8d3c867d06c7a1fc4	common_voice_gju_42612820.mp3	d96794df6b5411f19af7316363136e88a78014154a9fd34778cf00d68e475f46	ڈوگا ما آ کے اِنھاں نے ڈیرو لایو		2	0	fourties				gju	
e65a8c3ba525042ceba11e102309b2525de4d7748b513787fc3ecc50c13c97654e626571fcdb8a6d96b78af3e6c5bfa95fb0286d8407d9d8d3c867d06c7a1fc4	common_voice_gju_42612819.mp3	ad529ad58c7e778029329a9220f7e8b0e438a01333a09a2ad41adafdf94b17b2	یامین ہوراں کا قافلہ نال پیش آیو		2	0	fourties				gju	
e65a8c3ba525042ceba11e102309b2525de4d7748b513787fc3ecc50c13c97654e626571fcdb8a6d96b78af3e6c5bfa95fb0286d8407d9d8d3c867d06c7a1fc4	common_voice_gju_42612818.mp3	4bc48f06741b60decc206e140a0230bec5d134867829513ddcd4c90ecb69543f	جس بِڑے وہ سپ جڑیو		2	0	fourties				gju	
e65a8c3ba525042ceba11e102309b2525de4d7748b513787fc3ecc50c13c97654e626571fcdb8a6d96b78af3e6c5bfa95fb0286d8407d9d8d3c867d06c7a1fc4	common_voice_gju_42612817.mp3	d55ffcf5e763bdffa6d7fc10016fb77daa0fb30aff4dc740f5ec7bb3b386b2ca	ایک دھیانی تھی		2	0	fourties				gju	
e65a8c3ba525042ceba11e102309b2525de4d7748b513787fc3ecc50c13c97654e626571fcdb8a6d96b78af3e6c5bfa95fb0286d8407d9d8d3c867d06c7a1fc4	common_voice_gju_42612816.mp3	9462e6727816e18b73a83f23d8b30f57e475729f5c664c477590ff559b6d4728	چیچی بلادری گوہرو		2	0	fourties				gju	
e65a8c3ba525042ceba11e102309b2525de4d7748b513787fc3ecc50c13c97654e626571fcdb8a6d96b78af3e6c5bfa95fb0286d8407d9d8d3c867d06c7a1fc4	common_voice_gju_42612815.mp3	c85b1e705d4eab7c7349b0b005b5825cb1b5bd981b1f5ac1d1eaf7827e04a693	راہ ما جا کے اِنھ نا راہ بھُل گیو		2	0	fourties				gju	
e65a8c3ba525042ceba11e102309b2525de4d7748b513787fc3ecc50c13c97654e626571fcdb8a6d96b78af3e6c5bfa95fb0286d8407d9d8d3c867d06c7a1fc4	common_voice_gju_42612814.mp3	c30ed4aca0e8938eee610d6596744838bd78afc1f0d21e4d164b1d7f12741e16	بھتیجا کا گل ما بندوق تھی۔		2	0	fourties				gju	
e65a8c3ba525042ceba11e102309b2525de4d7748b513787fc3ecc50c13c97654e626571fcdb8a6d96b78af3e6c5bfa95fb0286d8407d9d8d3c867d06c7a1fc4	common_voice_gju_42612813.mp3	eaddf7aa75e2ee3a8c662311e8ea27a30d77d67bbdf0c398501669b6b89c38b8	اُس جنا نے اُت پٹی جوڑی		2	0	fourties				gju	
e65a8c3ba525042ceba11e102309b2525de4d7748b513787fc3ecc50c13c97654e626571fcdb8a6d96b78af3e6c5bfa95fb0286d8407d9d8d3c867d06c7a1fc4	common_voice_gju_42612807.mp3	c6fe2b77f9255b74104ba7d71057e9aaada50cbf6429ab69ede07c7042718347	اِسیں جا کے ہنڈی ما دیکھیو		2	0	fourties				gju	
e65a8c3ba525042ceba11e102309b2525de4d7748b513787fc3ecc50c13c97654e626571fcdb8a6d96b78af3e6c5bfa95fb0286d8407d9d8d3c867d06c7a1fc4	common_voice_gju_42612806.mp3	e13a7eacbe5d3f68377c8942c0f14881d8bd402a63bc79c649d9095f4306cba6	پَچھاں ماہلیاں تا چلن لگا		2	0	fourties				gju	
e65a8c3ba525042ceba11e102309b2525de4d7748b513787fc3ecc50c13c97654e626571fcdb8a6d96b78af3e6c5bfa95fb0286d8407d9d8d3c867d06c7a1fc4	common_voice_gju_42612805.mp3	e52e8c6c12ca1391f31c6fb5059f82747a93bb65bdee701dd830c1c7f7db78e2	ترے رنگ کی خوراک لبھے		2	0	fourties				gju	
e65a8c3ba525042ceba11e102309b2525de4d7748b513787fc3ecc50c13c97654e626571fcdb8a6d96b78af3e6c5bfa95fb0286d8407d9d8d3c867d06c7a1fc4	common_voice_gju_42612804.mp3	c50537a82f1246201621cb264f7057bba0ed04c0e2430a56e9ecba43bb337bbe	اُس رات گدڑ کِ		2	0	fourties				gju	
e65a8c3ba525042ceba11e102309b2525de4d7748b513787fc3ecc50c13c97654e626571fcdb8a6d96b78af3e6c5bfa95fb0286d8407d9d8d3c867d06c7a1fc4	common_voice_gju_42612803.mp3	a80424a450c5d76c39197f929778e0375146270f7e15e2f2c40e088605cdd9d7	ہچھی خوراک پکاؤں		2	0	fourties				gju	
e65a8c3ba525042ceba11e102309b2525de4d7748b513787fc3ecc50c13c97654e626571fcdb8a6d96b78af3e6c5bfa95fb0286d8407d9d8d3c867d06c7a1fc4	common_voice_gju_42612802.mp3	ac3eb41174b333bd28c5f528da17331de0df1191394f40c5379b0b6f07a389a3	فرض کی پہلی دو تے باقی سنت ،واجب تے وتر کی ہر رکات ما سورت فاتحہ تے کاہڈ کائے سورت پڑھنی		2	0	fourties				gju	
e65a8c3ba525042ceba11e102309b2525de4d7748b513787fc3ecc50c13c97654e626571fcdb8a6d96b78af3e6c5bfa95fb0286d8407d9d8d3c867d06c7a1fc4	common_voice_gju_42612801.mp3	e9c3fb878016d31345e0e53201d3a34f157dde16d58dd8178daaceda31081e30	ہن میر ا سسُو سوہراں ما کوئی میری پرواہ نیہہ کرے تھو ہوں ڈیرا کو ساری کَم کروں تھی پر مھیں بے ساراں کی گل		2	0	fourties				gju	
e65a8c3ba525042ceba11e102309b2525de4d7748b513787fc3ecc50c13c97654e626571fcdb8a6d96b78af3e6c5bfa95fb0286d8407d9d8d3c867d06c7a1fc4	common_voice_gju_42612800.mp3	c9909298adf8512cc48b511114ef9df1a910848a64d7f7a2672cd52c08408ede	وہ لوکاں نا مچ تنگ کرے تھو		2	0	fourties				gju	
e65a8c3ba525042ceba11e102309b2525de4d7748b513787fc3ecc50c13c97654e626571fcdb8a6d96b78af3e6c5bfa95fb0286d8407d9d8d3c867d06c7a1fc4	common_voice_gju_42612799.mp3	be7f0d4ffbade3ff65aac1beba604fb9d4abb2b8e79e9bc2f2dfe60314ca31ba	زخمی کیل ہسپتال ما داخل کرایا		2	0	fourties				gju	
e65a8c3ba525042ceba11e102309b2525de4d7748b513787fc3ecc50c13c97654e626571fcdb8a6d96b78af3e6c5bfa95fb0286d8407d9d8d3c867d06c7a1fc4	common_voice_gju_42612798.mp3	ea6f569ac2eeb5d5a756ab11644a17a42e2aaa21deb86aacf2e11c776a270b97	ویہ سنگی اس نا مورا کے بِچ چھوڈ کے		2	0	fourties				gju	
e65a8c3ba525042ceba11e102309b2525de4d7748b513787fc3ecc50c13c97654e626571fcdb8a6d96b78af3e6c5bfa95fb0286d8407d9d8d3c867d06c7a1fc4	common_voice_gju_42612794.mp3	c295802b11cbe1266856afb3b92cc919b2a517bc0c5a55c760fc076058370aa2	اگلا لوک گلی ما چڑھیا		2	0	fourties				gju	
e65a8c3ba525042ceba11e102309b2525de4d7748b513787fc3ecc50c13c97654e626571fcdb8a6d96b78af3e6c5bfa95fb0286d8407d9d8d3c867d06c7a1fc4	common_voice_gju_42612793.mp3	acdc9c3cd4d60921e7cc595eeb9bf6cdc736a6139c87b94104466f3689e46d4c	بر یہ موت ہالا ڈیرا کیل کالی ماہلی ما رہیا		2	0	fourties				gju	
e65a8c3ba525042ceba11e102309b2525de4d7748b513787fc3ecc50c13c97654e626571fcdb8a6d96b78af3e6c5bfa95fb0286d8407d9d8d3c867d06c7a1fc4	common_voice_gju_42612792.mp3	abc5e2e92e25a8d3d16e478c5fdb2115a2aa56b0f1589232837b4c938afe8b70	چلتاں چلتاں اگے اوکھی پڑی آ گئی		2	0	fourties				gju	
e65a8c3ba525042ceba11e102309b2525de4d7748b513787fc3ecc50c13c97654e626571fcdb8a6d96b78af3e6c5bfa95fb0286d8407d9d8d3c867d06c7a1fc4	common_voice_gju_42612789.mp3	dcced8da3afab86e427a757517eb390c025d433993c864611a192a09f6a84232	حادثہ کو پتو لگو		2	0	fourties				gju	
e65a8c3ba525042ceba11e102309b2525de4d7748b513787fc3ecc50c13c97654e626571fcdb8a6d96b78af3e6c5bfa95fb0286d8407d9d8d3c867d06c7a1fc4	common_voice_gju_42612788.mp3	aaf802d7554f0a651796fc39e2d22c695bb7265b2d67531499f01b79b6590915	لنگھایا		2	0	fourties				gju	
e65a8c3ba525042ceba11e102309b2525de4d7748b513787fc3ecc50c13c97654e626571fcdb8a6d96b78af3e6c5bfa95fb0286d8407d9d8d3c867d06c7a1fc4	common_voice_gju_42612787.mp3	ddd98be2c07eb25ad13d7f067173f47be16069d584eefea8ab22b4f9a0d4574a	ہم نا ہن بکری نیہہ دیتو		2	0	fourties				gju	
e65a8c3ba525042ceba11e102309b2525de4d7748b513787fc3ecc50c13c97654e626571fcdb8a6d96b78af3e6c5bfa95fb0286d8407d9d8d3c867d06c7a1fc4	common_voice_gju_42612786.mp3	7649da82189caa88ace9792b7034ecfff7da2133d69aa320ba4684fb2a028b2b	لڑز یاد رہ گی		2	0	fourties				gju	
e65a8c3ba525042ceba11e102309b2525de4d7748b513787fc3ecc50c13c97654e626571fcdb8a6d96b78af3e6c5bfa95fb0286d8407d9d8d3c867d06c7a1fc4	common_voice_gju_42612785.mp3	c2890004448f9222bc6104b189b307b6448fba219dad20d68a0e5a837174fdbc	میر ملک کا پا س تا کڈھیا		2	0	fourties				gju	
e65a8c3ba525042ceba11e102309b2525de4d7748b513787fc3ecc50c13c97654e626571fcdb8a6d96b78af3e6c5bfa95fb0286d8407d9d8d3c867d06c7a1fc4	common_voice_gju_42612784.mp3	e27773b297f83a99fe03fdc5234e10f5dbf3c7c33cb89154fa6886d598265b69	بلادری کا سارا لوک تابٹ پوہچیا۔		2	0	fourties				gju	
e65a8c3ba525042ceba11e102309b2525de4d7748b513787fc3ecc50c13c97654e626571fcdb8a6d96b78af3e6c5bfa95fb0286d8407d9d8d3c867d06c7a1fc4	common_voice_gju_42612783.mp3	dfeac56be4040889ec98e7eac635f72756d8253f4ee8a5b1dae96cc90780b079	اِنھا ں نے جا کے افسر نے کہیو جناب ہم نا جان دے تنہاں مھارا بال بچا کو کوئی پتو نیہہ ویہ پل ما غرق ہو گیا وھے گا صاحب نے اِنھ کے نال فوجی جوان لایا جے اِنھاں نا لے چلوں		2	0	fourties				gju	
e65a8c3ba525042ceba11e102309b2525de4d7748b513787fc3ecc50c13c97654e626571fcdb8a6d96b78af3e6c5bfa95fb0286d8407d9d8d3c867d06c7a1fc4	common_voice_gju_42612777.mp3	dfff39e6347362426eb28a1767d60babda64c30ee2809689529bb2b0ccd6f2c7	غلام جیلانی		2	0	fourties				gju	
e65a8c3ba525042ceba11e102309b2525de4d7748b513787fc3ecc50c13c97654e626571fcdb8a6d96b78af3e6c5bfa95fb0286d8407d9d8d3c867d06c7a1fc4	common_voice_gju_42612776.mp3	b9fff3d3957477fc69f4a9d130c7ebf7b419f3b37989ba62e1cc45fb7ce3d4e6	نماز وسطے چار چیز ضروری ہیں۔		2	0	fourties				gju	
e65a8c3ba525042ceba11e102309b2525de4d7748b513787fc3ecc50c13c97654e626571fcdb8a6d96b78af3e6c5bfa95fb0286d8407d9d8d3c867d06c7a1fc4	common_voice_gju_42612775.mp3	e03054008f996176c74b5a9dc97e3d40f66e52ed763d0e76d020781646e0e03f	اگے پچھے لڑی لگی ہے		2	0	fourties				gju	
e65a8c3ba525042ceba11e102309b2525de4d7748b513787fc3ecc50c13c97654e626571fcdb8a6d96b78af3e6c5bfa95fb0286d8407d9d8d3c867d06c7a1fc4	common_voice_gju_42612774.mp3	b35aeaa0ddf18c87a198d20dc5a84742ba0b7788a4a99e5af0108e6116f44ff8	میرو خیال تھو جے میرو باپ میرے واسطے پرشان نہ وھے اس واسطے ہوں اپنا ما ما کول آ گئی میرو مامو شہر ما ر		2	0	fourties				gju	
e65a8c3ba525042ceba11e102309b2525de4d7748b513787fc3ecc50c13c97654e626571fcdb8a6d96b78af3e6c5bfa95fb0286d8407d9d8d3c867d06c7a1fc4	common_voice_gju_42612773.mp3	d69e8dc7b827f4398f67b907044e7de47d50157ac39e4d7f007bcf093c75b4f3	یہ زخمی مُچ تنگ ہویا کیوں جے اُت کوئی ڈاکٹر نیہہ تھا		2	0	fourties				gju	
e65a8c3ba525042ceba11e102309b2525de4d7748b513787fc3ecc50c13c97654e626571fcdb8a6d96b78af3e6c5bfa95fb0286d8407d9d8d3c867d06c7a1fc4	common_voice_gju_42612772.mp3	e1141cf7221fa5345a823867b064638b43a1dc4318d117a34042f493bc55bad3	کُجھ سچا واقعہ ہم نے کتا ب کی صورت ما پیش کیا		2	0	fourties				gju	
e65a8c3ba525042ceba11e102309b2525de4d7748b513787fc3ecc50c13c97654e626571fcdb8a6d96b78af3e6c5bfa95fb0286d8407d9d8d3c867d06c7a1fc4	common_voice_gju_42612771.mp3	d115755f4bae9a49ab07871aaa91eba57fb125c7b4e4adb4251869f209a7ebba	سِر کے ہیٹھ دھر کے سو رہیو		2	0	fourties				gju	
e65a8c3ba525042ceba11e102309b2525de4d7748b513787fc3ecc50c13c97654e626571fcdb8a6d96b78af3e6c5bfa95fb0286d8407d9d8d3c867d06c7a1fc4	common_voice_gju_42612770.mp3	b731c9483579cfd987ab000a135c7d8d78c688318679e580ccf9e1e57b7ccc17	اس نے اپنو ایک پوت ندی کے کنارے بِسال چھوڈیو		2	0	fourties				gju	
e65a8c3ba525042ceba11e102309b2525de4d7748b513787fc3ecc50c13c97654e626571fcdb8a6d96b78af3e6c5bfa95fb0286d8407d9d8d3c867d06c7a1fc4	common_voice_gju_42612769.mp3	e631d5082f16212c62d566781e9fe4eaba24484461a85c03c332142bae996283	تیری اج میرے ڈیرے روٹی ہوے گی‘‘		2	0	fourties				gju	
e65a8c3ba525042ceba11e102309b2525de4d7748b513787fc3ecc50c13c97654e626571fcdb8a6d96b78af3e6c5bfa95fb0286d8407d9d8d3c867d06c7a1fc4	common_voice_gju_42612768.mp3	de8847a399d6618c3f06494e5c24802b52c6de4f612d13887f59a58803b4834f	یاہ صلاح کر کے اس نے بکری گلیاں پو شیک چھُڑی کیوں جے گلیاں پو مال بھُکھو نیہہ ہوتو		2	0	fourties				gju	
e65a8c3ba525042ceba11e102309b2525de4d7748b513787fc3ecc50c13c97654e626571fcdb8a6d96b78af3e6c5bfa95fb0286d8407d9d8d3c867d06c7a1fc4	common_voice_gju_42612767.mp3	5e1318ddbc2dc33f1df9d9bec16e7b4de8a232d12255dd12365879dc659aa67a	کلمہ چھہ ہیں،		2	0	fourties				gju	
e65a8c3ba525042ceba11e102309b2525de4d7748b513787fc3ecc50c13c97654e626571fcdb8a6d96b78af3e6c5bfa95fb0286d8407d9d8d3c867d06c7a1fc4	common_voice_gju_42612766.mp3	ba14676e0e0247a041a66742842c130e51055edb355ac91ce7c288ba05f3cd94	دُکاندار سمجھیو جی یوہ جنو ٹقلا مارے		2	0	fourties				gju	
e65a8c3ba525042ceba11e102309b2525de4d7748b513787fc3ecc50c13c97654e626571fcdb8a6d96b78af3e6c5bfa95fb0286d8407d9d8d3c867d06c7a1fc4	common_voice_gju_42612765.mp3	dff86ec8c5c5597481b61062cf693252ae71c9bbd86f77c618d14c62d44ac185	زخمی رات ہسپتال ما رہیا		2	0	fourties				gju	
e65a8c3ba525042ceba11e102309b2525de4d7748b513787fc3ecc50c13c97654e626571fcdb8a6d96b78af3e6c5bfa95fb0286d8407d9d8d3c867d06c7a1fc4	common_voice_gju_42612764.mp3	c80b24be6a0b7fd9eb579aed0b56b5c6930f779e2bbceef10962444cfd1580ad	اس بسطے مچ بڑا لوک صندوق کھولن بسطے آیا تھا		2	0	fourties				gju	
e65a8c3ba525042ceba11e102309b2525de4d7748b513787fc3ecc50c13c97654e626571fcdb8a6d96b78af3e6c5bfa95fb0286d8407d9d8d3c867d06c7a1fc4	common_voice_gju_42612763.mp3	d78fef1362811f71bb444d038a90099e4ca3916e27a2ba532e0c36c7e6294db5	اس دوجا جنا نا ماراں گا		2	0	fourties				gju	
e65a8c3ba525042ceba11e102309b2525de4d7748b513787fc3ecc50c13c97654e626571fcdb8a6d96b78af3e6c5bfa95fb0286d8407d9d8d3c867d06c7a1fc4	common_voice_gju_42612762.mp3	92a548069bc8c1a5768d6e1b144e4f3120351900f3bc586be7442f4a1e1b7a02	وَہ کہن لگی اوہ بانو ہوں تیرا ہون ہالا جنا نا دیکھ آئی		2	0	fourties				gju	
e65a8c3ba525042ceba11e102309b2525de4d7748b513787fc3ecc50c13c97654e626571fcdb8a6d96b78af3e6c5bfa95fb0286d8407d9d8d3c867d06c7a1fc4	common_voice_gju_42612761.mp3	d1b1a63e084ea66e82774b4bee1fd4c2ab9769f56b31dc214ef71ff590c1f099	مزوری کرن لگ گیو		2	0	fourties				gju	
e65a8c3ba525042ceba11e102309b2525de4d7748b513787fc3ecc50c13c97654e626571fcdb8a6d96b78af3e6c5bfa95fb0286d8407d9d8d3c867d06c7a1fc4	common_voice_gju_42612755.mp3	e74710b87e7a862e8424012037142d6f62c9c2335219700413079c08ee0ad628	اُت تھوڑو دُوروں دیکھیو		2	0	fourties				gju	
e65a8c3ba525042ceba11e102309b2525de4d7748b513787fc3ecc50c13c97654e626571fcdb8a6d96b78af3e6c5bfa95fb0286d8407d9d8d3c867d06c7a1fc4	common_voice_gju_42612754.mp3	db5774c0a346a0852ec852a7b664609ed79dd0016764ba17ff49e6d3e0ccd957	خدا ترس عورت تھی		2	0	fourties				gju	
e65a8c3ba525042ceba11e102309b2525de4d7748b513787fc3ecc50c13c97654e626571fcdb8a6d96b78af3e6c5bfa95fb0286d8407d9d8d3c867d06c7a1fc4	common_voice_gju_42612753.mp3	c6fac357cda05f78657a2bb5cab214e91d1fba3804589156e8339996bc66d56b	روٹی مُچ تَتی تھی		2	0	fourties				gju	
e65a8c3ba525042ceba11e102309b2525de4d7748b513787fc3ecc50c13c97654e626571fcdb8a6d96b78af3e6c5bfa95fb0286d8407d9d8d3c867d06c7a1fc4	common_voice_gju_42612752.mp3	c0bc1db5a8b7a811c7bba27ea8f295a658ea4d5ef9e746e61bf19720d986b435	اس بُوٹا پو اسمانی بجلی پے گئی جس کے ہیٹھ یوہ پہلاں بیٹھو تھو		2	0	fourties				gju	
e65a8c3ba525042ceba11e102309b2525de4d7748b513787fc3ecc50c13c97654e626571fcdb8a6d96b78af3e6c5bfa95fb0286d8407d9d8d3c867d06c7a1fc4	common_voice_gju_42612751.mp3	e148c966ffbd0f714b84dc54474675e0b0735721091ebdfc1acd04b0b6c6e007	اس واقعہ ما بلادری کا		2	0	fourties				gju	
e65a8c3ba525042ceba11e102309b2525de4d7748b513787fc3ecc50c13c97654e626571fcdb8a6d96b78af3e6c5bfa95fb0286d8407d9d8d3c867d06c7a1fc4	common_voice_gju_42612750.mp3	e83606fadcf79f62494f393e24d91b46b7d95b7ab0c537611a3d928eaa85e9c9	یوہ بادشاہ جرگا		2	0	fourties				gju	
e65a8c3ba525042ceba11e102309b2525de4d7748b513787fc3ecc50c13c97654e626571fcdb8a6d96b78af3e6c5bfa95fb0286d8407d9d8d3c867d06c7a1fc4	common_voice_gju_42612749.mp3	e3b311e98cabbcd25aa462a8d4368878b95ccf16b797af6bd5c6408c65545216	رات گزاری		2	0	fourties				gju	
e65a8c3ba525042ceba11e102309b2525de4d7748b513787fc3ecc50c13c97654e626571fcdb8a6d96b78af3e6c5bfa95fb0286d8407d9d8d3c867d06c7a1fc4	common_voice_gju_42612748.mp3	e9f9755b30dadd712ea551f25bc6ce1ae5db2891d0c01aaf402fc79e7cb07acd	گزری ٹیم کو ارماند کرن لگی		2	0	fourties				gju	
e65a8c3ba525042ceba11e102309b2525de4d7748b513787fc3ecc50c13c97654e626571fcdb8a6d96b78af3e6c5bfa95fb0286d8407d9d8d3c867d06c7a1fc4	common_voice_gju_42612747.mp3	cee4e672b7248279f5dabc4801be3d66db18df21c11770fc2641f0faf10e9b8e	ایک دھیاڑے ساجد		2	0	fourties				gju	
e65a8c3ba525042ceba11e102309b2525de4d7748b513787fc3ecc50c13c97654e626571fcdb8a6d96b78af3e6c5bfa95fb0286d8407d9d8d3c867d06c7a1fc4	common_voice_gju_42612746.mp3	c9d2fcdf118f6e8d2105da1a61d7eb244b769e716948256346882951d256d92e	چِڑا بے ہور لوایا		2	0	fourties				gju	
e65a8c3ba525042ceba11e102309b2525de4d7748b513787fc3ecc50c13c97654e626571fcdb8a6d96b78af3e6c5bfa95fb0286d8407d9d8d3c867d06c7a1fc4	common_voice_gju_42612740.mp3	d66a0bd5c315a99f2362fdb31f9bde1a6e98d89b55e3b2d060b47717c9bd3fd7	کاہڈ وہ بے مر گُم گیو		2	0	fourties				gju	
e65a8c3ba525042ceba11e102309b2525de4d7748b513787fc3ecc50c13c97654e626571fcdb8a6d96b78af3e6c5bfa95fb0286d8407d9d8d3c867d06c7a1fc4	common_voice_gju_42612739.mp3	d2ddd83f323dc94189cdb03352ca959cddfea2570d18b30091a02f68b28ad9e9	مُچ دُور تھا دھیاڑی کو راہ تھو		2	0	fourties				gju	
e65a8c3ba525042ceba11e102309b2525de4d7748b513787fc3ecc50c13c97654e626571fcdb8a6d96b78af3e6c5bfa95fb0286d8407d9d8d3c867d06c7a1fc4	common_voice_gju_42612738.mp3	ae992b21afe9adc956fe2cc103861ecabeaa1a7541f04334e181bb10fdc816bb	چنگی خوراک		2	0	fourties				gju	
e65a8c3ba525042ceba11e102309b2525de4d7748b513787fc3ecc50c13c97654e626571fcdb8a6d96b78af3e6c5bfa95fb0286d8407d9d8d3c867d06c7a1fc4	common_voice_gju_42612737.mp3	e811abfd54f44e3ccd7e4e29e6393011313ed0473f7eced74bd3244f4b53cfb8	سارو خرچو مُک گیو کوئی جنا ہمت کر کے ڈھاکاں کا اُپروں لنگ کے کیل پوہچیا		2	0	fourties				gju	
e65a8c3ba525042ceba11e102309b2525de4d7748b513787fc3ecc50c13c97654e626571fcdb8a6d96b78af3e6c5bfa95fb0286d8407d9d8d3c867d06c7a1fc4	common_voice_gju_42612736.mp3	d8c450580eae3b6d0371b42dc6414f38174ba7ca31c524bc4a8c816d23b806d1	لوہار نے اُساں کہیو جی توہ ترے سو رُپیو لے کے چلے یا ترے گل لے کے چلے		2	0	fourties				gju	
e65a8c3ba525042ceba11e102309b2525de4d7748b513787fc3ecc50c13c97654e626571fcdb8a6d96b78af3e6c5bfa95fb0286d8407d9d8d3c867d06c7a1fc4	common_voice_gju_42612735.mp3	e72d84ff11026029559ed010953be02d8c6dbdcb6f595ee15f7db8c74a2aa953	ختم خیرات کرکے بھی یہ پچھاں ہالا لوک مڑآیا		2	0	fourties				gju	
e65a8c3ba525042ceba11e102309b2525de4d7748b513787fc3ecc50c13c97654e626571fcdb8a6d96b78af3e6c5bfa95fb0286d8407d9d8d3c867d06c7a1fc4	common_voice_gju_42612734.mp3	8e58dfe12e9c7c35fd75f844315739c6530e6bff3cdb3dc79a6b268d14babdf3	اِنھ کا ڈیرا راہ پو تھا		2	0	fourties				gju	
e65a8c3ba525042ceba11e102309b2525de4d7748b513787fc3ecc50c13c97654e626571fcdb8a6d96b78af3e6c5bfa95fb0286d8407d9d8d3c867d06c7a1fc4	common_voice_gju_42612733.mp3	9830eba2ab268431acc95adc025a7c72549e51d611eefa01cb7010ac46b07c3c	بکری تے کچراں کو مُچ نقصان ہویو تھو		2	0	fourties				gju	
e65a8c3ba525042ceba11e102309b2525de4d7748b513787fc3ecc50c13c97654e626571fcdb8a6d96b78af3e6c5bfa95fb0286d8407d9d8d3c867d06c7a1fc4	common_voice_gju_42612732.mp3	a9dc7f63d66c942cd7d8303c0fc94a39f80b98fb688f2caf070c7a60729464db	دوا لائی		2	0	fourties				gju	
e65a8c3ba525042ceba11e102309b2525de4d7748b513787fc3ecc50c13c97654e626571fcdb8a6d96b78af3e6c5bfa95fb0286d8407d9d8d3c867d06c7a1fc4	common_voice_gju_42612731.mp3	ce1b979f30bf6ae3605b6d1d2643467ac14b4ea96502eb0cd4e4dadc56d90d49	اُس نے خالق کو جنازو سیان لیو		2	0	fourties				gju	
e65a8c3ba525042ceba11e102309b2525de4d7748b513787fc3ecc50c13c97654e626571fcdb8a6d96b78af3e6c5bfa95fb0286d8407d9d8d3c867d06c7a1fc4	common_voice_gju_42612730.mp3	c59ad26abc467cf5201da74112fd68825198cf3eafb5d2be7d8937ff4768cba2	اُنھاں کے اَگے لُڑا کا چاچاں نے ذماواری چا لئی		2	0	fourties				gju	
e65a8c3ba525042ceba11e102309b2525de4d7748b513787fc3ecc50c13c97654e626571fcdb8a6d96b78af3e6c5bfa95fb0286d8407d9d8d3c867d06c7a1fc4	common_voice_gju_42612729.mp3	e1f5c9b921988096654ffdb5b7a4118fca3ee4274aba7e15eb035803c7eefa38	مدد		2	0	fourties				gju	
e65a8c3ba525042ceba11e102309b2525de4d7748b513787fc3ecc50c13c97654e626571fcdb8a6d96b78af3e6c5bfa95fb0286d8407d9d8d3c867d06c7a1fc4	common_voice_gju_42612728.mp3	de75d0a0b5a07c69106574c1b9d5d7e1367c6a03852f977d87da85e856228522	پرانا زمانا کی گل ہے ایک بادشاہ تھو		2	0	fourties				gju	
e65a8c3ba525042ceba11e102309b2525de4d7748b513787fc3ecc50c13c97654e626571fcdb8a6d96b78af3e6c5bfa95fb0286d8407d9d8d3c867d06c7a1fc4	common_voice_gju_42612727.mp3	e40a2b11bb65162fec2755c7bf502eb8ea42f1d887af77f7487308cbf3a11024	توہ ذات کو کون ہے جنو کہن لگو		2	0	fourties				gju	
e65a8c3ba525042ceba11e102309b2525de4d7748b513787fc3ecc50c13c97654e626571fcdb8a6d96b78af3e6c5bfa95fb0286d8407d9d8d3c867d06c7a1fc4	common_voice_gju_42612726.mp3	d6c635af88afa968d6df02df6d36ef9a19ed73bf4fa07ad96790cdb25f5cea5e	مَنا سمجھ نیہہ آئے تھی جے ہوں کے کروں		2	0	fourties				gju	
e65a8c3ba525042ceba11e102309b2525de4d7748b513787fc3ecc50c13c97654e626571fcdb8a6d96b78af3e6c5bfa95fb0286d8407d9d8d3c867d06c7a1fc4	common_voice_gju_42612725.mp3	b0323d0f67eefa803aa502fed2c40382aed9da13ec6dfc313dbebdf99b46db3c	پار پوہچا چھُڑیو تھو		2	0	fourties				gju	
e65a8c3ba525042ceba11e102309b2525de4d7748b513787fc3ecc50c13c97654e626571fcdb8a6d96b78af3e6c5bfa95fb0286d8407d9d8d3c867d06c7a1fc4	common_voice_gju_42612724.mp3	af3a29fdddc9c3e0fa209533d7286aa804697b3391111067e08e8317e376c653	پل شروع ہوگئی		2	0	fourties				gju	
e65a8c3ba525042ceba11e102309b2525de4d7748b513787fc3ecc50c13c97654e626571fcdb8a6d96b78af3e6c5bfa95fb0286d8407d9d8d3c867d06c7a1fc4	common_voice_gju_42612723.mp3	e641f14ff126b37060e05a8a7a83f21a2bf1f0590663f9ddec43c06f2a1e9e0a	اُس نے انکار کر چھُڑیو		2	0	fourties				gju	
e65a8c3ba525042ceba11e102309b2525de4d7748b513787fc3ecc50c13c97654e626571fcdb8a6d96b78af3e6c5bfa95fb0286d8407d9d8d3c867d06c7a1fc4	common_voice_gju_42612722.mp3	df3120e1d653c7d9392b5153c1551621830c86f7d290374a4e2c96e46e65fe17	یوہ اُتو بے نَس گیو		2	0	fourties				gju	
e65a8c3ba525042ceba11e102309b2525de4d7748b513787fc3ecc50c13c97654e626571fcdb8a6d96b78af3e6c5bfa95fb0286d8407d9d8d3c867d06c7a1fc4	common_voice_gju_42612720.mp3	e720e5d548c0fa070243f928e4b5abc493c22414233b8bd63d78ecf57d4bce64	ڈیرا بر بُوبن ما رہیا		2	0	fourties				gju	
e65a8c3ba525042ceba11e102309b2525de4d7748b513787fc3ecc50c13c97654e626571fcdb8a6d96b78af3e6c5bfa95fb0286d8407d9d8d3c867d06c7a1fc4	common_voice_gju_42612719.mp3	e6097daf149cbd0e495bb5f115b2c9a64387d5fc12c39fe6ce16170655c70505	کاہڈوں لوک کہن لگا جے رچھا ں		2	0	fourties				gju	
e65a8c3ba525042ceba11e102309b2525de4d7748b513787fc3ecc50c13c97654e626571fcdb8a6d96b78af3e6c5bfa95fb0286d8407d9d8d3c867d06c7a1fc4	common_voice_gju_42612718.mp3	d0ab746a803fac6aa44f490ed31d4e09fbf6a7cab8cb739dafa0e9ac71ea9a48	بکریاں ما بَڑ گئی اس کے نال نکا نکا بچا بے تھا		2	0	fourties				gju	
e65a8c3ba525042ceba11e102309b2525de4d7748b513787fc3ecc50c13c97654e626571fcdb8a6d96b78af3e6c5bfa95fb0286d8407d9d8d3c867d06c7a1fc4	common_voice_gju_42612717.mp3	ddf7db282538681be471bda7b1ddd3cc2ce05fff470b720e85b924bf0ffaaf42	دوجا بکریاں ہالا نے سن لئی		2	0	fourties				gju	
e65a8c3ba525042ceba11e102309b2525de4d7748b513787fc3ecc50c13c97654e626571fcdb8a6d96b78af3e6c5bfa95fb0286d8407d9d8d3c867d06c7a1fc4	common_voice_gju_42612716.mp3	e22569689cac482f1e89df9c3ebd3bb794b980037d5a0ebe0541172f9131dcc6	اِس نا ماراں		2	0	fourties				gju	
e65a8c3ba525042ceba11e102309b2525de4d7748b513787fc3ecc50c13c97654e626571fcdb8a6d96b78af3e6c5bfa95fb0286d8407d9d8d3c867d06c7a1fc4	common_voice_gju_42612715.mp3	68952d7474a993522b2bae4cad5272321a54b47ba9683d4d4a80650003b51fe7	دو دھیاڑا کو راہ		2	0	fourties				gju	
e65a8c3ba525042ceba11e102309b2525de4d7748b513787fc3ecc50c13c97654e626571fcdb8a6d96b78af3e6c5bfa95fb0286d8407d9d8d3c867d06c7a1fc4	common_voice_gju_42612714.mp3	dade2312b8c37b4f3148441614f69ec7ab413eafdafbd0735b2d8e1aaa9f24f7	نولکھیو انھ نا کہن لگو		2	0	fourties				gju	
e65a8c3ba525042ceba11e102309b2525de4d7748b513787fc3ecc50c13c97654e626571fcdb8a6d96b78af3e6c5bfa95fb0286d8407d9d8d3c867d06c7a1fc4	common_voice_gju_42612713.mp3	a7914dc66ad2bbd0d7d629b54fe826a804d99e7574bf0fd20407e0c5065af372	مولوی عبداللہ کھٹانہ کو ڈیرو بر بڑی دیواسئی خربوش ما تھو		2	0	fourties				gju	
e65a8c3ba525042ceba11e102309b2525de4d7748b513787fc3ecc50c13c97654e626571fcdb8a6d96b78af3e6c5bfa95fb0286d8407d9d8d3c867d06c7a1fc4	common_voice_gju_42612712.mp3	e3cdba3cbec75a7544abcdf52a56cfe0fe7863bf0c46a5bca916f441efd674f6	جس کا باپ کو نا اللہ داد کاکو تھو		2	0	fourties				gju	
e65a8c3ba525042ceba11e102309b2525de4d7748b513787fc3ecc50c13c97654e626571fcdb8a6d96b78af3e6c5bfa95fb0286d8407d9d8d3c867d06c7a1fc4	common_voice_gju_42612711.mp3	98bfc8e4492e1abadc782061922edf6361793cdf461c883a6ba5fc43091239d9	ہر دینہ دیو روٹی کھا کے چلے تھو		2	0	fourties				gju	
e65a8c3ba525042ceba11e102309b2525de4d7748b513787fc3ecc50c13c97654e626571fcdb8a6d96b78af3e6c5bfa95fb0286d8407d9d8d3c867d06c7a1fc4	common_voice_gju_42612710.mp3	cc4faba92315e898ea9ea4ba5ef8575d92e783aad89d03f96ec37fe3c1cd94b0	ہم کُج جنا کچر لے کے مزوری واسطے چلم جا رہیا		2	0	fourties				gju	
e65a8c3ba525042ceba11e102309b2525de4d7748b513787fc3ecc50c13c97654e626571fcdb8a6d96b78af3e6c5bfa95fb0286d8407d9d8d3c867d06c7a1fc4	common_voice_gju_42612709.mp3	baf935128d5ee2381facd8ebbb8057df23af4dafebdedf0bd2c43e91d7964f59	چلتاں چلتاں یہ لوک مظفرآبا د پوہچ گیا		2	0	fourties				gju	
e65a8c3ba525042ceba11e102309b2525de4d7748b513787fc3ecc50c13c97654e626571fcdb8a6d96b78af3e6c5bfa95fb0286d8407d9d8d3c867d06c7a1fc4	common_voice_gju_42612703.mp3	d22b6d889fc6afc36a10b37ae277fb3203d8a13629dd1662010359029dd0ebac	ہوں بی تھہارے ناڑ چلوں‘‘		2	0	fourties				gju	
e65a8c3ba525042ceba11e102309b2525de4d7748b513787fc3ecc50c13c97654e626571fcdb8a6d96b78af3e6c5bfa95fb0286d8407d9d8d3c867d06c7a1fc4	common_voice_gju_42612701.mp3	78c49e258beb770a2b877ffa52498bf32f684356b5b96c55e06b41044df636e8	جاوید نے پیساں وَسطے اپنی کچر بیچی۔		2	0	fourties				gju	
e65a8c3ba525042ceba11e102309b2525de4d7748b513787fc3ecc50c13c97654e626571fcdb8a6d96b78af3e6c5bfa95fb0286d8407d9d8d3c867d06c7a1fc4	common_voice_gju_42612700.mp3	ce6f2bed7c27113f4eec60ee3923f7defb50f410b603f90efd0dcc09df324596	کاہڈ تابٹ ما		2	0	fourties				gju	
e65a8c3ba525042ceba11e102309b2525de4d7748b513787fc3ecc50c13c97654e626571fcdb8a6d96b78af3e6c5bfa95fb0286d8407d9d8d3c867d06c7a1fc4	common_voice_gju_42612698.mp3	9b39f5378117531518ff65b4d7cc96209c3230b4eb8ad0d80948f0cb72dcb93f	بادشاہ کی دھیانی بی یہ گل سُنے تھی		2	0	fourties				gju	
e65a8c3ba525042ceba11e102309b2525de4d7748b513787fc3ecc50c13c97654e626571fcdb8a6d96b78af3e6c5bfa95fb0286d8407d9d8d3c867d06c7a1fc4	common_voice_gju_42612696.mp3	d5bc412f5cca5f75e048cf5f8cdc03d8f738969e26307fc93de690fa4da53df4	لاری قابو نہ ہوسکی		2	0	fourties				gju	
e65a8c3ba525042ceba11e102309b2525de4d7748b513787fc3ecc50c13c97654e626571fcdb8a6d96b78af3e6c5bfa95fb0286d8407d9d8d3c867d06c7a1fc4	common_voice_gju_42612695.mp3	dd1356a80f1397a32ff62e6c8b7e762370960ebd699f53d7738cf3178734f8fa	میں یوہ مار چھوڈیو‘‘		2	0	fourties				gju	
e65a8c3ba525042ceba11e102309b2525de4d7748b513787fc3ecc50c13c97654e626571fcdb8a6d96b78af3e6c5bfa95fb0286d8407d9d8d3c867d06c7a1fc4	common_voice_gju_42612694.mp3	e2b1eb331482fca7b0d2570b59856cf67cd8c2aea2ba9151bbc4dca993b6390b	کوہستانی کا پوت غلام حسین		2	0	fourties				gju	
e65a8c3ba525042ceba11e102309b2525de4d7748b513787fc3ecc50c13c97654e626571fcdb8a6d96b78af3e6c5bfa95fb0286d8407d9d8d3c867d06c7a1fc4	common_voice_gju_42612693.mp3	72e450e94e8f24ef54334782e016ae7fddeb00e249e92bffe2302120a82c0378	گھوڑو اگے نِکڑ جائے گو		2	0	fourties				gju	
e65a8c3ba525042ceba11e102309b2525de4d7748b513787fc3ecc50c13c97654e626571fcdb8a6d96b78af3e6c5bfa95fb0286d8407d9d8d3c867d06c7a1fc4	common_voice_gju_42612692.mp3	e0f4c1ffc257b870175a6035f3d827188e6430ddef3ccacf387cc40e03fecfb5	پروین نے اپنی گماہنڈن نا بے نال لے گئی		2	0	fourties				gju	
e65a8c3ba525042ceba11e102309b2525de4d7748b513787fc3ecc50c13c97654e626571fcdb8a6d96b78af3e6c5bfa95fb0286d8407d9d8d3c867d06c7a1fc4	common_voice_gju_42612691.mp3	df0030cba10bb57b2ba1c20dafb16cdfddbeda8ae3e312fa8535deec08db6c10	میں روٹی تیرے بسطے نیہہ پکائی ‘‘		2	0	fourties				gju	
e65a8c3ba525042ceba11e102309b2525de4d7748b513787fc3ecc50c13c97654e626571fcdb8a6d96b78af3e6c5bfa95fb0286d8407d9d8d3c867d06c7a1fc4	common_voice_gju_42612690.mp3	d7caef1fc82f7e016a7e9817021f84eaac0bdcf6351a86b7de53e1c1c57b25fd	کِسے کُوڑے ہے		2	0	fourties				gju	
e65a8c3ba525042ceba11e102309b2525de4d7748b513787fc3ecc50c13c97654e626571fcdb8a6d96b78af3e6c5bfa95fb0286d8407d9d8d3c867d06c7a1fc4	common_voice_gju_42612689.mp3	d6427f3cc160ac2a61a9e348e378ee56701c930c6a75f98c768cbd9b8d9119f2	راہ پو چلوں لگو تھو چَن کی سوہنی چننی تھی		2	0	fourties				gju	
e65a8c3ba525042ceba11e102309b2525de4d7748b513787fc3ecc50c13c97654e626571fcdb8a6d96b78af3e6c5bfa95fb0286d8407d9d8d3c867d06c7a1fc4	common_voice_gju_42612688.mp3	d29f022959f515355afde83a7cb4ee49f38924eb384c7f7cbc44b6664a49cab4	ایک سال مھارا مُچ ڈیرا بُوبن ہال ماہلی نا گیا		2	0	fourties				gju	
e65a8c3ba525042ceba11e102309b2525de4d7748b513787fc3ecc50c13c97654e626571fcdb8a6d96b78af3e6c5bfa95fb0286d8407d9d8d3c867d06c7a1fc4	common_voice_gju_42612687.mp3	d7536911045dd014acac25b3e601e105428674e4c0dd51e01c01f94a234ca239	دیو نا منا دسوں وہ کِت ہے		2	0	fourties				gju	
e65a8c3ba525042ceba11e102309b2525de4d7748b513787fc3ecc50c13c97654e626571fcdb8a6d96b78af3e6c5bfa95fb0286d8407d9d8d3c867d06c7a1fc4	common_voice_gju_42612686.mp3	cf4dc8ec9f94e92a38d7abc1e0ff10d3c2034127a0e6f79607ea6ba4e8e03084	بغیر کوئے نیہہ کر سکتو‘‘		2	0	fourties				gju	
e65a8c3ba525042ceba11e102309b2525de4d7748b513787fc3ecc50c13c97654e626571fcdb8a6d96b78af3e6c5bfa95fb0286d8407d9d8d3c867d06c7a1fc4	common_voice_gju_42612685.mp3	4e7bde14b226ae2870b75e476f31f949ebd5d9af05f5cc2ea076663469877434	نولکھیو اس بیٹکی کو ڑے بیس رہیو		2	0	fourties				gju	
e65a8c3ba525042ceba11e102309b2525de4d7748b513787fc3ecc50c13c97654e626571fcdb8a6d96b78af3e6c5bfa95fb0286d8407d9d8d3c867d06c7a1fc4	common_voice_gju_42612683.mp3	dfe944bf2824076d3f2da1e0946ec0f5ca994119f9d231b47608181dfdb0cdd6	ہور مُچ کوئی ایسو قیمتی سرمایو وھے		2	0	fourties				gju	
e65a8c3ba525042ceba11e102309b2525de4d7748b513787fc3ecc50c13c97654e626571fcdb8a6d96b78af3e6c5bfa95fb0286d8407d9d8d3c867d06c7a1fc4	common_voice_gju_42612682.mp3	dfc056fd91d823b301ff718dfa1b281a27a0c429417e4fd4919b9ab4f49de21d	مریم نے مَنا سکول ما ایک نوکری بے لوا چھُڑی		2	0	fourties				gju	
e65a8c3ba525042ceba11e102309b2525de4d7748b513787fc3ecc50c13c97654e626571fcdb8a6d96b78af3e6c5bfa95fb0286d8407d9d8d3c867d06c7a1fc4	common_voice_gju_42612681.mp3	cda0175d01bc430e9d632b407cf69aef4c79559d7747c6fd5f91918d18fe4027	نولکھیو پانی گھلے		2	0	fourties				gju	
e65a8c3ba525042ceba11e102309b2525de4d7748b513787fc3ecc50c13c97654e626571fcdb8a6d96b78af3e6c5bfa95fb0286d8407d9d8d3c867d06c7a1fc4	common_voice_gju_42612680.mp3	9cfc151a7cd905cc14786130c464ba7af9ed60fab2374acc531d978f44fffb14	پروین نے کہیو ہم سارا مل کے فصل نا کَپاں گا		2	0	fourties				gju	
e65a8c3ba525042ceba11e102309b2525de4d7748b513787fc3ecc50c13c97654e626571fcdb8a6d96b78af3e6c5bfa95fb0286d8407d9d8d3c867d06c7a1fc4	common_voice_gju_42612679.mp3	b02289215886604e68d03fe7bc32cae0f87c0c2f79fde2a29c215a62a1631911	ایک ملنگ بیٹھو ہے		2	0	fourties				gju	
e65a8c3ba525042ceba11e102309b2525de4d7748b513787fc3ecc50c13c97654e626571fcdb8a6d96b78af3e6c5bfa95fb0286d8407d9d8d3c867d06c7a1fc4	common_voice_gju_42612678.mp3	da940667897ddd90a760e43373a647dab9a390193dc5a6b22ba473c60648fe83	کہیو وہ لُڑو		2	0	fourties				gju	
e65a8c3ba525042ceba11e102309b2525de4d7748b513787fc3ecc50c13c97654e626571fcdb8a6d96b78af3e6c5bfa95fb0286d8407d9d8d3c867d06c7a1fc4	common_voice_gju_42612677.mp3	7618b6e5ef83e8b83d1dd832ce8edd7af9d76453f4742b8740ae44f505bd39f0	جنازو رکھ کے روانہ ہو گیا راہ ما خالق کی ٹبری اس کا جاتک		2	0	fourties				gju	
e65a8c3ba525042ceba11e102309b2525de4d7748b513787fc3ecc50c13c97654e626571fcdb8a6d96b78af3e6c5bfa95fb0286d8407d9d8d3c867d06c7a1fc4	common_voice_gju_42612676.mp3	cce74cc85c100e67833cf4a60b9ec433477f1841d4bdd576296661737bfae2f6	دریا ما بے مُچ پانی آگیو		2	0	fourties				gju	
e65a8c3ba525042ceba11e102309b2525de4d7748b513787fc3ecc50c13c97654e626571fcdb8a6d96b78af3e6c5bfa95fb0286d8407d9d8d3c867d06c7a1fc4	common_voice_gju_42612675.mp3	c63f7a6ff9354985c18eed5206b6741e49e3a316c1ab7abc2a7e66aab18d2b13	سچ پو یہ جنا غونو غون ہے		2	0	fourties				gju	
e65a8c3ba525042ceba11e102309b2525de4d7748b513787fc3ecc50c13c97654e626571fcdb8a6d96b78af3e6c5bfa95fb0286d8407d9d8d3c867d06c7a1fc4	common_voice_gju_42612674.mp3	981c3ac7f356741f11371c430396ff3c5d6f7a105c21e43cba46a66866c5d5fd	دوئے ہاتھ زمی اپر مار کے ایک وار منہ اپر فیرے تے دوجی وار ہتھ مار کے دواں باواں اپر فیرے۔		2	0	fourties				gju	
e65a8c3ba525042ceba11e102309b2525de4d7748b513787fc3ecc50c13c97654e626571fcdb8a6d96b78af3e6c5bfa95fb0286d8407d9d8d3c867d06c7a1fc4	common_voice_gju_42612673.mp3	c94bd2d828c01f9f0f82b6b6f4ebd49465fd388378d8347f00022b91ab31fc8f	مہارنبی ﷺ اللہ کا آخری نبی ہیں۔		2	0	fourties				gju	
e65a8c3ba525042ceba11e102309b2525de4d7748b513787fc3ecc50c13c97654e626571fcdb8a6d96b78af3e6c5bfa95fb0286d8407d9d8d3c867d06c7a1fc4	common_voice_gju_42612672.mp3	e59daac8bceb6150c94ef9a48d7247f230cce83bc5ab96d3ec01254ecc73a0b2	ایک نے سَینہ مدھیا		2	0	fourties				gju	
e65a8c3ba525042ceba11e102309b2525de4d7748b513787fc3ecc50c13c97654e626571fcdb8a6d96b78af3e6c5bfa95fb0286d8407d9d8d3c867d06c7a1fc4	common_voice_gju_42612671.mp3	9e261810c6565423288ab87bf2615d35cd64ac19692b9efea09128c0a1e3d535	محفل		2	0	fourties				gju	
e65a8c3ba525042ceba11e102309b2525de4d7748b513787fc3ecc50c13c97654e626571fcdb8a6d96b78af3e6c5bfa95fb0286d8407d9d8d3c867d06c7a1fc4	common_voice_gju_42612670.mp3	d0e0ff9207430dc3ca545c292dd66b1db18f62c55161586add9d175eca4ab07f	اگے اشفاق کو جنازو دھریو تھو		2	0	fourties				gju	
e65a8c3ba525042ceba11e102309b2525de4d7748b513787fc3ecc50c13c97654e626571fcdb8a6d96b78af3e6c5bfa95fb0286d8407d9d8d3c867d06c7a1fc4	common_voice_gju_42612668.mp3	9d1d47f6bd4a9f536e7b2c437e6615aa46e2d84d360e07bbffe4b59eefde22fb	یو ہ ایکلو اِت خپا ہوے گو		2	0	fourties				gju	
e65a8c3ba525042ceba11e102309b2525de4d7748b513787fc3ecc50c13c97654e626571fcdb8a6d96b78af3e6c5bfa95fb0286d8407d9d8d3c867d06c7a1fc4	common_voice_gju_42612667.mp3	d2d699a6ca1323b6be4fab4174685805073b8114acf543be06e30afcb141f493	اُنھ بیٹکیاں نے نولکھیو دیکھیو		2	0	fourties				gju	
e65a8c3ba525042ceba11e102309b2525de4d7748b513787fc3ecc50c13c97654e626571fcdb8a6d96b78af3e6c5bfa95fb0286d8407d9d8d3c867d06c7a1fc4	common_voice_gju_42612666.mp3	ce5b91ca3d70fa87c3139e46b6ea08309c3f4005ae5b997abb1d8f68f8348ae7	کالاخان بانیا		2	0	fourties				gju	
e65a8c3ba525042ceba11e102309b2525de4d7748b513787fc3ecc50c13c97654e626571fcdb8a6d96b78af3e6c5bfa95fb0286d8407d9d8d3c867d06c7a1fc4	common_voice_gju_42612664.mp3	cfceac2813d0435a7451a284c86af7fe44d66e791f5a0864212e1db2e017c595	شکاری اُت آیا		2	0	fourties				gju	
e65a8c3ba525042ceba11e102309b2525de4d7748b513787fc3ecc50c13c97654e626571fcdb8a6d96b78af3e6c5bfa95fb0286d8407d9d8d3c867d06c7a1fc4	common_voice_gju_42612663.mp3	d2547a4d322de2cabc0bdca842abeb646460e4949f9cd9b86c2325d062a31363	میری ایک گل کو سو رپیو ہے		2	0	fourties				gju	
e65a8c3ba525042ceba11e102309b2525de4d7748b513787fc3ecc50c13c97654e626571fcdb8a6d96b78af3e6c5bfa95fb0286d8407d9d8d3c867d06c7a1fc4	common_voice_gju_42612662.mp3	ce5e8d2ea634f105a4bc01572feaa4254a8a1106fe43f2eba8123a57010b6665	رات بیٹکیاں نے ساگ چُن کے آنیو		2	0	fourties				gju	
e65a8c3ba525042ceba11e102309b2525de4d7748b513787fc3ecc50c13c97654e626571fcdb8a6d96b78af3e6c5bfa95fb0286d8407d9d8d3c867d06c7a1fc4	common_voice_gju_42612661.mp3	d262139f0557b77e0e8fda348c749a4cf80619c9f8bfc1e006220a8d224eaae1	بادشاہ نے ساری گل ازما لئی		2	0	fourties				gju	
e65a8c3ba525042ceba11e102309b2525de4d7748b513787fc3ecc50c13c97654e626571fcdb8a6d96b78af3e6c5bfa95fb0286d8407d9d8d3c867d06c7a1fc4	common_voice_gju_42604478.mp3	3282009ff565f1b3a805fb0ab066e7f1157676c82531cba17d56792dc55d9bb7	گھوڑی کو انٹڑو آنیو تھو		2	0	fourties				gju	
e65a8c3ba525042ceba11e102309b2525de4d7748b513787fc3ecc50c13c97654e626571fcdb8a6d96b78af3e6c5bfa95fb0286d8407d9d8d3c867d06c7a1fc4	common_voice_gju_42604477.mp3	e0a42a408987a430871691a4c58f664875beb08e91579031a28a0276b6bb394e	مھاری دِھی ارام کرے گی“		2	0	fourties				gju	
e65a8c3ba525042ceba11e102309b2525de4d7748b513787fc3ecc50c13c97654e626571fcdb8a6d96b78af3e6c5bfa95fb0286d8407d9d8d3c867d06c7a1fc4	common_voice_gju_42604476.mp3	c395b6784bae4ef9216fa8134696700ff91919859a52b5fed795c25e98c9c6f1	بادشاہ بھگیاڑ کے کاہڈ مچ بھَجیو		2	0	fourties				gju	
e65a8c3ba525042ceba11e102309b2525de4d7748b513787fc3ecc50c13c97654e626571fcdb8a6d96b78af3e6c5bfa95fb0286d8407d9d8d3c867d06c7a1fc4	common_voice_gju_42604469.mp3	da90db7abb0f7bcc17f1c691bf2f0921839c71400515dae6fb81583da3f5bfdf	بیٹکی نہ دِتی بھی نس بھج کے بندوق شندوق اُگر کے میں اپنو بیاہ زبردستی کرایو		2	0	fourties				gju	
e65a8c3ba525042ceba11e102309b2525de4d7748b513787fc3ecc50c13c97654e626571fcdb8a6d96b78af3e6c5bfa95fb0286d8407d9d8d3c867d06c7a1fc4	common_voice_gju_42604467.mp3	46df5ff13362cc68ab93afbe7cfd43e02676182f66bb08501608d1b8bb97c12d	میں اپنا انتھرو پوچھیا		2	0	fourties				gju	
e65a8c3ba525042ceba11e102309b2525de4d7748b513787fc3ecc50c13c97654e626571fcdb8a6d96b78af3e6c5bfa95fb0286d8407d9d8d3c867d06c7a1fc4	common_voice_gju_42604466.mp3	d7f8f71b5e99d37cbd90d1066c8915b74f09dc5834c0aee284ab1bd0d39a16c3	اِ سنا ڈَنگی پوچا کے بالاکوٹ نا لے گیا		2	0	fourties				gju	
e65a8c3ba525042ceba11e102309b2525de4d7748b513787fc3ecc50c13c97654e626571fcdb8a6d96b78af3e6c5bfa95fb0286d8407d9d8d3c867d06c7a1fc4	common_voice_gju_42604454.mp3	d2030003abc00dd91e1f3898bf73a7ecf607fd1e66b019cc35fe6c62fc67338d	اس نے کہیو جے پل ما راہ بناؤں		2	0	fourties				gju	
e65a8c3ba525042ceba11e102309b2525de4d7748b513787fc3ecc50c13c97654e626571fcdb8a6d96b78af3e6c5bfa95fb0286d8407d9d8d3c867d06c7a1fc4	common_voice_gju_42604453.mp3	e191b09ee64cee59854bace6c6979720ad9a29de23857dddb1c690b4976bfcda	ترئی بھادرا نا حاجی نظام دین اتو ٹریا۔		2	0	fourties				gju	
e65a8c3ba525042ceba11e102309b2525de4d7748b513787fc3ecc50c13c97654e626571fcdb8a6d96b78af3e6c5bfa95fb0286d8407d9d8d3c867d06c7a1fc4	common_voice_gju_42604451.mp3	dc63e31a9a2ed6638ecc9f142a02f158566302bec6d906e20009fb236df68a12	ہم سارا صحت مند راہاں گا		2	0	fourties				gju	
e65a8c3ba525042ceba11e102309b2525de4d7748b513787fc3ecc50c13c97654e626571fcdb8a6d96b78af3e6c5bfa95fb0286d8407d9d8d3c867d06c7a1fc4	common_voice_gju_42604450.mp3	a2b19207a3e3dbb5cad72138182d6a9ba5fefc56a21ec05b95c7aa78b6c8e487	سپ کو چھامر ہتھ ما لیو ہے		2	0	fourties				gju	
e65a8c3ba525042ceba11e102309b2525de4d7748b513787fc3ecc50c13c97654e626571fcdb8a6d96b78af3e6c5bfa95fb0286d8407d9d8d3c867d06c7a1fc4	common_voice_gju_42604449.mp3	cada244ca5fb856e6f4c949038627ff3ca364ba69eb2a2033e7ed0dbc129e562	تھوڑا جا دُور چل گیا		2	0	fourties				gju	
e65a8c3ba525042ceba11e102309b2525de4d7748b513787fc3ecc50c13c97654e626571fcdb8a6d96b78af3e6c5bfa95fb0286d8407d9d8d3c867d06c7a1fc4	common_voice_gju_42604427.mp3	1d50867546d540802682adf1fad51869d247385e177c34b5fb072667f1eb78c8	” ہوں بیٹکیاں کا حق واسطے لڑتی رہوں “ مریم نے مَنا کہیو		2	0	fourties				gju	
e65a8c3ba525042ceba11e102309b2525de4d7748b513787fc3ecc50c13c97654e626571fcdb8a6d96b78af3e6c5bfa95fb0286d8407d9d8d3c867d06c7a1fc4	common_voice_gju_42604424.mp3	be56d99d0cd661c5e9b80a20903a9ee77cddea96832090f2a1675ef5964f3031	ہوں بچاں نا دیکھوں تھی		2	0	fourties				gju	
e65a8c3ba525042ceba11e102309b2525de4d7748b513787fc3ecc50c13c97654e626571fcdb8a6d96b78af3e6c5bfa95fb0286d8407d9d8d3c867d06c7a1fc4	common_voice_gju_42604422.mp3	dba5b3de368b75f200daddde8680d90e50b6e3097b8e19eacb3f96b71ded871f	اس کا بچا بے نال نس گیا		2	0	fourties				gju	
e65a8c3ba525042ceba11e102309b2525de4d7748b513787fc3ecc50c13c97654e626571fcdb8a6d96b78af3e6c5bfa95fb0286d8407d9d8d3c867d06c7a1fc4	common_voice_gju_42604421.mp3	d765fda66dda79e892aa623887735ee034f8006f073b4794801f4143557f4908	ٹبر نا لے کے ٹر گیو		2	0	fourties				gju	
e65a8c3ba525042ceba11e102309b2525de4d7748b513787fc3ecc50c13c97654e626571fcdb8a6d96b78af3e6c5bfa95fb0286d8407d9d8d3c867d06c7a1fc4	common_voice_gju_42604419.mp3	d667b790e624df6e68ddc8b80665597a5f15136856d6c8313f5ddfac23431075	یہ چار جنا رچھ نا مارن چل گیا		2	0	fourties				gju	
e65a8c3ba525042ceba11e102309b2525de4d7748b513787fc3ecc50c13c97654e626571fcdb8a6d96b78af3e6c5bfa95fb0286d8407d9d8d3c867d06c7a1fc4	common_voice_gju_42604418.mp3	be31902f8f71b3cf6ea19709fc73ac15e3a2ab4f0ef9faed4e55487cb340c807	راکھاں اس کول پوہچیا		2	0	fourties				gju	
e65a8c3ba525042ceba11e102309b2525de4d7748b513787fc3ecc50c13c97654e626571fcdb8a6d96b78af3e6c5bfa95fb0286d8407d9d8d3c867d06c7a1fc4	common_voice_gju_42604387.mp3	ae5d124f062506879a93428eeb05abddb00038a39d9802861eb234b5b0c04a07	بھائی آیو		2	0	fourties				gju	
e65a8c3ba525042ceba11e102309b2525de4d7748b513787fc3ecc50c13c97654e626571fcdb8a6d96b78af3e6c5bfa95fb0286d8407d9d8d3c867d06c7a1fc4	common_voice_gju_42604386.mp3	df69bafc2dbf81f526fd4c0531011e0eb55217c8474dce5a4043d5c980857c14	رات بارش ما بکری مار کے بن ما لا چھُڑی		2	0	fourties				gju	
e65a8c3ba525042ceba11e102309b2525de4d7748b513787fc3ecc50c13c97654e626571fcdb8a6d96b78af3e6c5bfa95fb0286d8407d9d8d3c867d06c7a1fc4	common_voice_gju_42604385.mp3	b1d0f182066fc4724a39712369607187e7c2163df52f32ac25203885d362ed8f	توہ کیوں روئے		2	0	fourties				gju	
e65a8c3ba525042ceba11e102309b2525de4d7748b513787fc3ecc50c13c97654e626571fcdb8a6d96b78af3e6c5bfa95fb0286d8407d9d8d3c867d06c7a1fc4	common_voice_gju_42604384.mp3	c0896b3f9850ba344ed36e2172d902f1073117c668711e84d3f91988f46fd726	کپڑا بے دتا		2	0	fourties				gju	
e65a8c3ba525042ceba11e102309b2525de4d7748b513787fc3ecc50c13c97654e626571fcdb8a6d96b78af3e6c5bfa95fb0286d8407d9d8d3c867d06c7a1fc4	common_voice_gju_42604378.mp3	dbe74a7ae23d6ddae77f8c1e96b119a4b8586d6c8bf7991948a8a4e78ec9546d	کاہڈ لگ گیو		2	0	fourties				gju	
e65a8c3ba525042ceba11e102309b2525de4d7748b513787fc3ecc50c13c97654e626571fcdb8a6d96b78af3e6c5bfa95fb0286d8407d9d8d3c867d06c7a1fc4	common_voice_gju_42604377.mp3	b01b1f3b1b0e8bda2f0dcbef9196eb9e84d235629af067ff8d7aa94ecda800c3	رات لوک اُنھ بیماراں تا بیٹھا رہیا		2	0	fourties				gju	
e65a8c3ba525042ceba11e102309b2525de4d7748b513787fc3ecc50c13c97654e626571fcdb8a6d96b78af3e6c5bfa95fb0286d8407d9d8d3c867d06c7a1fc4	common_voice_gju_42604376.mp3	d58d956ca4abba28df2f06c053744e666d69f8caac6a7294d73040cc1917d459	شنگر		2	0	fourties				gju	
e65a8c3ba525042ceba11e102309b2525de4d7748b513787fc3ecc50c13c97654e626571fcdb8a6d96b78af3e6c5bfa95fb0286d8407d9d8d3c867d06c7a1fc4	common_voice_gju_42604375.mp3	dfde05af49b0f218c5338feef2c7ab8c81d4eedf4f7767a6e32861c7b1a86ff9	ٹُرتاں ٹُرتاں یوہ بھارواں نا لے کے مچھل پوہچھیو۔		2	0	fourties				gju	
e65a8c3ba525042ceba11e102309b2525de4d7748b513787fc3ecc50c13c97654e626571fcdb8a6d96b78af3e6c5bfa95fb0286d8407d9d8d3c867d06c7a1fc4	common_voice_gju_42604374.mp3	a0592728754a53fc2b9d74154c988117fb52fc2fe7b33faa0aa41174a380400b	ایک دھیانی نے لاری نا ہتھ دِتو		2	0	fourties				gju	
e65a8c3ba525042ceba11e102309b2525de4d7748b513787fc3ecc50c13c97654e626571fcdb8a6d96b78af3e6c5bfa95fb0286d8407d9d8d3c867d06c7a1fc4	common_voice_gju_42604373.mp3	dfa9c0d3ea53405ea49619a3863c1e73212d83e7fc49078f3f30bceabb6f58ce	اُس راکھا نے مولوی بنیامین نا کہیو جے تم اپنی بکریاں نا رکھ ما نہ چھوڈیو ں		2	0	fourties				gju	
e65a8c3ba525042ceba11e102309b2525de4d7748b513787fc3ecc50c13c97654e626571fcdb8a6d96b78af3e6c5bfa95fb0286d8407d9d8d3c867d06c7a1fc4	common_voice_gju_42604372.mp3	a99da0a4d5023ef2c97b4e0a5e130dc14a10ade33d969fe0b66221eab0847f91	گل زادا رِچھ نے مُچ زیادہ زخمی کر لیو تھو		2	0	fourties				gju	
e65a8c3ba525042ceba11e102309b2525de4d7748b513787fc3ecc50c13c97654e626571fcdb8a6d96b78af3e6c5bfa95fb0286d8407d9d8d3c867d06c7a1fc4	common_voice_gju_42604371.mp3	e184e5ed5ff2ee885505ba7515b893a386ee509ffbcbfb05c3eff4ff100b4576	پر مَنا اُس ٹیم کوئی کرنو تھو کیوں جے میری عزت سخت خطرا ما تھی		2	0	fourties				gju	
e65a8c3ba525042ceba11e102309b2525de4d7748b513787fc3ecc50c13c97654e626571fcdb8a6d96b78af3e6c5bfa95fb0286d8407d9d8d3c867d06c7a1fc4	common_voice_gju_42604370.mp3	e2ad28d613791859c1fcb680da96e7292b6d923542167fd96ffbb14425d54975	ماس مُک گیو تھو		2	0	fourties				gju	
e65a8c3ba525042ceba11e102309b2525de4d7748b513787fc3ecc50c13c97654e626571fcdb8a6d96b78af3e6c5bfa95fb0286d8407d9d8d3c867d06c7a1fc4	common_voice_gju_42604369.mp3	db76e5ffeb34f338c4188a1f8eb2a1de4303260dde80cc1ec0bee7b6162de11f	اُنھ کا باقی جنا کچر ڈھُونڈن واسطے گیا ایک ماہلی ما کچر پھَسی وی لبھی		2	0	fourties				gju	
e65a8c3ba525042ceba11e102309b2525de4d7748b513787fc3ecc50c13c97654e626571fcdb8a6d96b78af3e6c5bfa95fb0286d8407d9d8d3c867d06c7a1fc4	common_voice_gju_42604365.mp3	c965e2c574b8a337a58bffb802654dcab0a903632c9a86fe8504443ce95bca2f	سوا نیہہ چلتو‘‘		2	0	fourties				gju	
e65a8c3ba525042ceba11e102309b2525de4d7748b513787fc3ecc50c13c97654e626571fcdb8a6d96b78af3e6c5bfa95fb0286d8407d9d8d3c867d06c7a1fc4	common_voice_gju_42604364.mp3	ca5997e9e869b849afac29bfc8e88a9c82edc39ab7bf576575acf795d1e54536	اُت پنجی اُسو تک رہیا		2	0	fourties				gju	
e65a8c3ba525042ceba11e102309b2525de4d7748b513787fc3ecc50c13c97654e626571fcdb8a6d96b78af3e6c5bfa95fb0286d8407d9d8d3c867d06c7a1fc4	common_voice_gju_42604363.mp3	d6169d59641a27630fe28666e881dc1d45b6a1b6cf413f3f1a5dd1df93654a81	تھوڑی جئی کاہڈ موڑ کا بِچوں رُڑٰی		2	0	fourties				gju	
e65a8c3ba525042ceba11e102309b2525de4d7748b513787fc3ecc50c13c97654e626571fcdb8a6d96b78af3e6c5bfa95fb0286d8407d9d8d3c867d06c7a1fc4	common_voice_gju_42604362.mp3	cd67f40f0b7e9da8f325e9963dc11a75e7f2e843e4d00fd5f0cf0ad5deb7d4a5	مولوی یونس نے جنازو لاری ما رکھیو		2	0	fourties				gju	
e65a8c3ba525042ceba11e102309b2525de4d7748b513787fc3ecc50c13c97654e626571fcdb8a6d96b78af3e6c5bfa95fb0286d8407d9d8d3c867d06c7a1fc4	common_voice_gju_42604360.mp3	db75e61c4648e5914435ec959534143d41143419245aac7f9e0901a0f94843d7	خاصا دُور تھا		2	0	fourties				gju	
e65a8c3ba525042ceba11e102309b2525de4d7748b513787fc3ecc50c13c97654e626571fcdb8a6d96b78af3e6c5bfa95fb0286d8407d9d8d3c867d06c7a1fc4	common_voice_gju_42604358.mp3	c3219781387e9964298c7a57bf8d4351425492bc3326bef09e1fa93b2fe62e81	کسے نے دسیو ہے جی رچھ کو پِتو دارو بسطے چنگو ہوئے وہ آن کے بادشاہ کا پوت نا دیوں		2	0	fourties				gju	
e65a8c3ba525042ceba11e102309b2525de4d7748b513787fc3ecc50c13c97654e626571fcdb8a6d96b78af3e6c5bfa95fb0286d8407d9d8d3c867d06c7a1fc4	common_voice_gju_42604357.mp3	bdb86ee088b76497353382c6a484e86f30606c6abc2b8079638bed91838f8fe3	اُس کا ڈیرا ہاڑی نے اُ س		2	0	fourties				gju	
e65a8c3ba525042ceba11e102309b2525de4d7748b513787fc3ecc50c13c97654e626571fcdb8a6d96b78af3e6c5bfa95fb0286d8407d9d8d3c867d06c7a1fc4	common_voice_gju_42604356.mp3	caa08861b2a12f4bc21b170f25374f72708fbf1285a903b1b245cda672eedbe0	میں یوہ ہِریو		2	0	fourties				gju	
e65a8c3ba525042ceba11e102309b2525de4d7748b513787fc3ecc50c13c97654e626571fcdb8a6d96b78af3e6c5bfa95fb0286d8407d9d8d3c867d06c7a1fc4	common_voice_gju_42604355.mp3	c369ec2f5cf240be1a5f3a4b553511cf514671386c5d75c9f2dc80098a3d50e9	یہ بھُوت انگریزاں کا جاتکاں کا رنگ کا تھا		2	0	fourties				gju	
e65a8c3ba525042ceba11e102309b2525de4d7748b513787fc3ecc50c13c97654e626571fcdb8a6d96b78af3e6c5bfa95fb0286d8407d9d8d3c867d06c7a1fc4	common_voice_gju_42604354.mp3	d39d29f7075c0398f2610b30a91e248f99b7f03506e3c25299e6ba416bc3592b	کہن لگو		2	0	fourties				gju	
e65a8c3ba525042ceba11e102309b2525de4d7748b513787fc3ecc50c13c97654e626571fcdb8a6d96b78af3e6c5bfa95fb0286d8407d9d8d3c867d06c7a1fc4	common_voice_gju_42604353.mp3	9fc7e4e5e1398f50ef3994127c00d26b056a393504fd1ecbfbdd53ce7f7b25fd	یوہ جِسو یاہ گل سوچ کے اُٹھیو		2	0	fourties				gju	
e65a8c3ba525042ceba11e102309b2525de4d7748b513787fc3ecc50c13c97654e626571fcdb8a6d96b78af3e6c5bfa95fb0286d8407d9d8d3c867d06c7a1fc4	common_voice_gju_42604352.mp3	d9670f06d80cc935e08400203e9d86f3c4523ed19cd688f9df8b6ded52c9d838	ویہ بیمار لوک ہسپتا ل ما پوہچایا		2	0	fourties				gju	
e65a8c3ba525042ceba11e102309b2525de4d7748b513787fc3ecc50c13c97654e626571fcdb8a6d96b78af3e6c5bfa95fb0286d8407d9d8d3c867d06c7a1fc4	common_voice_gju_42604351.mp3	bcb78bde48a69a34e1da58a4e8cf346823e8123896d5858b201f75dd65425743	نماشاں کی نماز ما ترے فرض تے دو سنت ہوویں۔		2	0	fourties				gju	
e65a8c3ba525042ceba11e102309b2525de4d7748b513787fc3ecc50c13c97654e626571fcdb8a6d96b78af3e6c5bfa95fb0286d8407d9d8d3c867d06c7a1fc4	common_voice_gju_42604349.mp3	c14d863e92cd0a7df8a63c6d66be53ea083d3668a17f2e0e683288eea396d622	محمد ساجد		2	0	fourties				gju	
e65a8c3ba525042ceba11e102309b2525de4d7748b513787fc3ecc50c13c97654e626571fcdb8a6d96b78af3e6c5bfa95fb0286d8407d9d8d3c867d06c7a1fc4	common_voice_gju_42604346.mp3	b4a6295f04b54928263a51662ca0d1233b3df74368b5c2ce54cebc84e6586bdb	اُنھاں نے سوچیو جے ہن		2	0	fourties				gju	
e65a8c3ba525042ceba11e102309b2525de4d7748b513787fc3ecc50c13c97654e626571fcdb8a6d96b78af3e6c5bfa95fb0286d8407d9d8d3c867d06c7a1fc4	common_voice_gju_42604345.mp3	bc1379868a79cb51eaccec58eedcec18949e35b8f3ca656808e4316b8a44512e	لبھے گو		2	0	fourties				gju	
e65a8c3ba525042ceba11e102309b2525de4d7748b513787fc3ecc50c13c97654e626571fcdb8a6d96b78af3e6c5bfa95fb0286d8407d9d8d3c867d06c7a1fc4	common_voice_gju_42604344.mp3	cbd7e42d30cd9c83d3a66464a25b58e8be44766232b88307ade07cad596d5f2b	کہن لگی منا دس تیں کِہڑو انٹڑو آنیو تھو		2	0	fourties				gju	
e65a8c3ba525042ceba11e102309b2525de4d7748b513787fc3ecc50c13c97654e626571fcdb8a6d96b78af3e6c5bfa95fb0286d8407d9d8d3c867d06c7a1fc4	common_voice_gju_42604343.mp3	d8619c65e1648f5ca7e5e474f5fb521caaac7355e932524936e0b38eeaa0e06b	اس نے یاہ گل کہی		2	0	fourties				gju	
e65a8c3ba525042ceba11e102309b2525de4d7748b513787fc3ecc50c13c97654e626571fcdb8a6d96b78af3e6c5bfa95fb0286d8407d9d8d3c867d06c7a1fc4	common_voice_gju_42604342.mp3	b1f3dad4e886378aac516317d5e1a943e17af85c21613f87fc10906b3ce9578f	وہ جاگیو		2	0	fourties				gju	
e65a8c3ba525042ceba11e102309b2525de4d7748b513787fc3ecc50c13c97654e626571fcdb8a6d96b78af3e6c5bfa95fb0286d8407d9d8d3c867d06c7a1fc4	common_voice_gju_42604338.mp3	de43ffafd7d5f89f0001be96d8aa3334447cec3de094e69d61ba8a76b0baf911	ساراں		2	0	fourties				gju	
e65a8c3ba525042ceba11e102309b2525de4d7748b513787fc3ecc50c13c97654e626571fcdb8a6d96b78af3e6c5bfa95fb0286d8407d9d8d3c867d06c7a1fc4	common_voice_gju_42604337.mp3	de71744eb7c7a2ac98da5788d6f4d56cef215e9b7800280b480df99ae70167fa	کیوں جے دھِی نا جِت دِیوں اس کو اصلی ڈیرو وُہی وھے “		2	0	fourties				gju	
e65a8c3ba525042ceba11e102309b2525de4d7748b513787fc3ecc50c13c97654e626571fcdb8a6d96b78af3e6c5bfa95fb0286d8407d9d8d3c867d06c7a1fc4	common_voice_gju_42604336.mp3	a21bfb90f431e070cf4057e3288c1f5d2bcf5f73fdac9b6524375bae8bcb4e24	غونو غون کی		2	0	fourties				gju	
e65a8c3ba525042ceba11e102309b2525de4d7748b513787fc3ecc50c13c97654e626571fcdb8a6d96b78af3e6c5bfa95fb0286d8407d9d8d3c867d06c7a1fc4	common_voice_gju_42604335.mp3	c5545426b22608eb03c11000f55fd975a8b9157f84f50e135cd97b159dafa84e	چار یا ترے رکات آلی نماز ما پہلا قعدہ ما اتحیات کے حساب اتنو بیسنو۔		2	0	fourties				gju	
e65a8c3ba525042ceba11e102309b2525de4d7748b513787fc3ecc50c13c97654e626571fcdb8a6d96b78af3e6c5bfa95fb0286d8407d9d8d3c867d06c7a1fc4	common_voice_gju_42604334.mp3	ded6643570bc59493d69a8bcb041136a0ac21fffbbec8753f2431611c6e22c65	اِنھ دیسی لوکاں نے ان کو بال بچو لیو		2	0	fourties				gju	
e65a8c3ba525042ceba11e102309b2525de4d7748b513787fc3ecc50c13c97654e626571fcdb8a6d96b78af3e6c5bfa95fb0286d8407d9d8d3c867d06c7a1fc4	common_voice_gju_42604328.mp3	cd9e8b537fb115e68b45b0a7f5b54826a4183dc9f91127febb2b79ebaa377899	اِنھ نے صلاح کری		2	0	fourties				gju	
e65a8c3ba525042ceba11e102309b2525de4d7748b513787fc3ecc50c13c97654e626571fcdb8a6d96b78af3e6c5bfa95fb0286d8407d9d8d3c867d06c7a1fc4	common_voice_gju_42604326.mp3	ac379bad8eba4275f25bbdccb48fc4cf23dbb031b6b24d5402609541b97e4282	اس جنا کو ناں گل زادا تھو		2	0	fourties				gju	
e65a8c3ba525042ceba11e102309b2525de4d7748b513787fc3ecc50c13c97654e626571fcdb8a6d96b78af3e6c5bfa95fb0286d8407d9d8d3c867d06c7a1fc4	common_voice_gju_42604324.mp3	cafd414b5ec8ff6c69d72f6307560e4dd9166035677ae02aff26725213a001d3	بن ما تھو		2	0	fourties				gju	
e65a8c3ba525042ceba11e102309b2525de4d7748b513787fc3ecc50c13c97654e626571fcdb8a6d96b78af3e6c5bfa95fb0286d8407d9d8d3c867d06c7a1fc4	common_voice_gju_42604321.mp3	d2ff598631f49d0062a2a06f3803db5645e20da5db1fe463681c3902bb4f1e61	نَس آیا تھا		2	0	fourties				gju	
e65a8c3ba525042ceba11e102309b2525de4d7748b513787fc3ecc50c13c97654e626571fcdb8a6d96b78af3e6c5bfa95fb0286d8407d9d8d3c867d06c7a1fc4	common_voice_gju_42604320.mp3	cb84b478eb923dbba69eb0405c043a6f92fa8779f4f4e63bc1b3104b3b3669ef	اپنا بھائیاں نا کہیو اپنا مال نا لے کے چلوں اللہ کے حوالے		2	0	fourties				gju	
e65a8c3ba525042ceba11e102309b2525de4d7748b513787fc3ecc50c13c97654e626571fcdb8a6d96b78af3e6c5bfa95fb0286d8407d9d8d3c867d06c7a1fc4	common_voice_gju_42604318.mp3	cf639de09541861c30cce2297892fd819aba8e68b68ee12cc032ec8949bfe485	رِچھ نے ایک دم اٹھ کے اس پو حملو کر لیو		2	0	fourties				gju	
e65a8c3ba525042ceba11e102309b2525de4d7748b513787fc3ecc50c13c97654e626571fcdb8a6d96b78af3e6c5bfa95fb0286d8407d9d8d3c867d06c7a1fc4	common_voice_gju_42604317.mp3	b23c2d7f1925fe66150f4a3adefc410f7106e2b156b3952d52c2b541cc5648fb	وہ ایک بوٹا کا ہیٹھ چھاں ما سو رہیو		2	0	fourties				gju	
e65a8c3ba525042ceba11e102309b2525de4d7748b513787fc3ecc50c13c97654e626571fcdb8a6d96b78af3e6c5bfa95fb0286d8407d9d8d3c867d06c7a1fc4	common_voice_gju_42604315.mp3	933b694b2c713232fd5820454c97e05ffafc118c30db0120736216ee83c977a1	پر ہوں نَستی گئی		2	0	fourties				gju	
e65a8c3ba525042ceba11e102309b2525de4d7748b513787fc3ecc50c13c97654e626571fcdb8a6d96b78af3e6c5bfa95fb0286d8407d9d8d3c867d06c7a1fc4	common_voice_gju_42604308.mp3	9be41003e23407ee71b07559e9e7af896eeb89fd815d35631b6b93d47960e7b8	دیکھیو		2	0	fourties				gju	
e65a8c3ba525042ceba11e102309b2525de4d7748b513787fc3ecc50c13c97654e626571fcdb8a6d96b78af3e6c5bfa95fb0286d8407d9d8d3c867d06c7a1fc4	common_voice_gju_42604307.mp3	8d913f41aab002febc3d8f7f008a2b3ab59a0be7896a139b47c63d7226a2f506	بادشاہ مُچ خوش ہویو		2	0	fourties				gju	
e65a8c3ba525042ceba11e102309b2525de4d7748b513787fc3ecc50c13c97654e626571fcdb8a6d96b78af3e6c5bfa95fb0286d8407d9d8d3c867d06c7a1fc4	common_voice_gju_42604306.mp3	9772f9788d47c90de7b0c1c9b05729c9f2a94987c6cb37cf411bed0dddc27e9d	کہن لگی		2	0	fourties				gju	
e65a8c3ba525042ceba11e102309b2525de4d7748b513787fc3ecc50c13c97654e626571fcdb8a6d96b78af3e6c5bfa95fb0286d8407d9d8d3c867d06c7a1fc4	common_voice_gju_42604305.mp3	dc0f232375332f78f46bb74fe8c7e93e3dcb9e92fd66185291db77d34b68f899	ہوں ستاں زمیناں کے ہیٹھ لہہ ایو ہے		2	0	fourties				gju	
e65a8c3ba525042ceba11e102309b2525de4d7748b513787fc3ecc50c13c97654e626571fcdb8a6d96b78af3e6c5bfa95fb0286d8407d9d8d3c867d06c7a1fc4	common_voice_gju_42604304.mp3	b3bda13b7b2c6aace2172bed5d02e9b9d9884a4ee57b0279545698fa90031bd7	چھَت پو ہور بھی مُچ ادمی تھا		2	0	fourties				gju	
e65a8c3ba525042ceba11e102309b2525de4d7748b513787fc3ecc50c13c97654e626571fcdb8a6d96b78af3e6c5bfa95fb0286d8407d9d8d3c867d06c7a1fc4	common_voice_gju_42604302.mp3	b92bce4c2b0b256be7447f8b64dbff5766b9f80adaf391c56ed17d9140e6c5c8	بر انھ لوکاں نے خوش خوشحال گزاری بھادرو لگو		2	0	fourties				gju	
e65a8c3ba525042ceba11e102309b2525de4d7748b513787fc3ecc50c13c97654e626571fcdb8a6d96b78af3e6c5bfa95fb0286d8407d9d8d3c867d06c7a1fc4	common_voice_gju_42604301.mp3	a96e267848523eedcbc50360d05ec77eb2ceccda476c0d024ce973fb3eb50d9a	لیلو ک		2	0	fourties				gju	
e65a8c3ba525042ceba11e102309b2525de4d7748b513787fc3ecc50c13c97654e626571fcdb8a6d96b78af3e6c5bfa95fb0286d8407d9d8d3c867d06c7a1fc4	common_voice_gju_42604300.mp3	ca27c17153cce0da1ff9cfb5ca553899916ed4c3092164ff8ff7a9c029cd375f	بکری ڈھُونڈن چل گیا		2	0	fourties				gju	
e65a8c3ba525042ceba11e102309b2525de4d7748b513787fc3ecc50c13c97654e626571fcdb8a6d96b78af3e6c5bfa95fb0286d8407d9d8d3c867d06c7a1fc4	common_voice_gju_42604298.mp3	c874e0af395284440c2244265681bf4ff80a61d164078192ef3feb4272285348	مہاری ایک دھیانی نجوڑ ہے		2	0	fourties				gju	
e65a8c3ba525042ceba11e102309b2525de4d7748b513787fc3ecc50c13c97654e626571fcdb8a6d96b78af3e6c5bfa95fb0286d8407d9d8d3c867d06c7a1fc4	common_voice_gju_42604297.mp3	835d0e49b2e90919455afae24aa203faf6caa08c5720bda52f248a03f1c65ef4	اُت چل کے دیو نا ماراں ‘‘		2	0	fourties				gju	
e65a8c3ba525042ceba11e102309b2525de4d7748b513787fc3ecc50c13c97654e626571fcdb8a6d96b78af3e6c5bfa95fb0286d8407d9d8d3c867d06c7a1fc4	common_voice_gju_42604288.mp3	9be36b1263b88e047dda2bf550adeb33a1bd5559f8266570c7ae1ab3fd924944	اُت ڈاکٹراں نے واہ چیک شیک کری		2	0	fourties				gju	
e65a8c3ba525042ceba11e102309b2525de4d7748b513787fc3ecc50c13c97654e626571fcdb8a6d96b78af3e6c5bfa95fb0286d8407d9d8d3c867d06c7a1fc4	common_voice_gju_42604287.mp3	c3c66c7a685c06fd0833a01d6cf317a433361c71a4cbee417488830fe61cdb6c	اس اَپے ہمت کر کے بندوکھ شندوکھ دَس کے اپنو بیاہ کرایو		2	0	fourties				gju	
e65a8c3ba525042ceba11e102309b2525de4d7748b513787fc3ecc50c13c97654e626571fcdb8a6d96b78af3e6c5bfa95fb0286d8407d9d8d3c867d06c7a1fc4	common_voice_gju_42604285.mp3	de0e595b7215848d66130cdd1fc3695f25e95131702e815a28081fa589425c45	وہ اپنی دھیانی نا کہن لگو جی ہوں بزار نا گیو تھو		2	0	fourties				gju	
e65a8c3ba525042ceba11e102309b2525de4d7748b513787fc3ecc50c13c97654e626571fcdb8a6d96b78af3e6c5bfa95fb0286d8407d9d8d3c867d06c7a1fc4	common_voice_gju_42604284.mp3	cb2ed64ab45b80d5f3c26687ec9072195c7686cf1b6c7f1f2e925f7dea988db5	بھادری کے نال مقابلو کیو۔		2	0	fourties				gju	
e65a8c3ba525042ceba11e102309b2525de4d7748b513787fc3ecc50c13c97654e626571fcdb8a6d96b78af3e6c5bfa95fb0286d8407d9d8d3c867d06c7a1fc4	common_voice_gju_42604278.mp3	96a8934a901fd2bd98308c5ae5590b524953e49cd8f2ceb5a4ab60125291418c	کھوال چھُڑی با بکری بچا لئی		2	0	fourties				gju	
e65a8c3ba525042ceba11e102309b2525de4d7748b513787fc3ecc50c13c97654e626571fcdb8a6d96b78af3e6c5bfa95fb0286d8407d9d8d3c867d06c7a1fc4	common_voice_gju_42604277.mp3	d2688bfc89dcc9da4d7c82c37c34dce3ad77f8ffa201092c3ba303244a692b8d	کے پتو تیرا سنگی کسا ہوئے		2	0	fourties				gju	
e65a8c3ba525042ceba11e102309b2525de4d7748b513787fc3ecc50c13c97654e626571fcdb8a6d96b78af3e6c5bfa95fb0286d8407d9d8d3c867d06c7a1fc4	common_voice_gju_42604276.mp3	9652c0e8680f48bf8fb22783fa959f36209d98621bf8b2d1b0f1d7f209d59e3c	لوک بھارو کُوہ کو کھاتا رہیا		2	0	fourties				gju	
e65a8c3ba525042ceba11e102309b2525de4d7748b513787fc3ecc50c13c97654e626571fcdb8a6d96b78af3e6c5bfa95fb0286d8407d9d8d3c867d06c7a1fc4	common_voice_gju_42604263.mp3	c79363c94ed43de735b67f45c00b99ecdb4b0e46b5fb21cdfd8c09a470fb26d5	پل بَرتی رہی		2	0	fourties				gju	
e65a8c3ba525042ceba11e102309b2525de4d7748b513787fc3ecc50c13c97654e626571fcdb8a6d96b78af3e6c5bfa95fb0286d8407d9d8d3c867d06c7a1fc4	common_voice_gju_42604261.mp3	7964fa686a7d214f00419565c11f1e5eca524cfbf04a7f399e05f4d2c8ed6af7	چنگو سلوک کریو		2	0	fourties				gju	
e65a8c3ba525042ceba11e102309b2525de4d7748b513787fc3ecc50c13c97654e626571fcdb8a6d96b78af3e6c5bfa95fb0286d8407d9d8d3c867d06c7a1fc4	common_voice_gju_42604258.mp3	c22ae5e6d4fa218ae1ba7b7d0dc548f752e65e0009d72f9462ca3e625e6780f7	چنڈ کی گٹی کول پوہچیا پل بے لگی وی تھی		2	0	fourties				gju	
e65a8c3ba525042ceba11e102309b2525de4d7748b513787fc3ecc50c13c97654e626571fcdb8a6d96b78af3e6c5bfa95fb0286d8407d9d8d3c867d06c7a1fc4	common_voice_gju_42604257.mp3	b7d65275381cf3d20b5a10b4b095b4c562efec4f15fbd0d94bdfaa1c367f41d6	ہر قسم کی سختی		2	0	fourties				gju	
e65a8c3ba525042ceba11e102309b2525de4d7748b513787fc3ecc50c13c97654e626571fcdb8a6d96b78af3e6c5bfa95fb0286d8407d9d8d3c867d06c7a1fc4	common_voice_gju_42604256.mp3	ae3e79bb05590498bb36c819e9648a96af226a3a1580e902c752bdd1298c150a	جہڑاں نے ساگ نیہہ کھادو تھو ویہ سارا ات ہی رہیا		2	0	fourties				gju	
e65a8c3ba525042ceba11e102309b2525de4d7748b513787fc3ecc50c13c97654e626571fcdb8a6d96b78af3e6c5bfa95fb0286d8407d9d8d3c867d06c7a1fc4	common_voice_gju_42604253.mp3	b4ed6eeb0c807d53cc80407f926e500c217aec5c12239dc839f7003a4bce1e1b	تم رچھ ناڑ کے کریں		2	0	fourties				gju	
e65a8c3ba525042ceba11e102309b2525de4d7748b513787fc3ecc50c13c97654e626571fcdb8a6d96b78af3e6c5bfa95fb0286d8407d9d8d3c867d06c7a1fc4	common_voice_gju_42604252.mp3	a9454dfe3e2a2f57172c9600d1c13bf5a4fc120f93ea13703f210611fb9acbb5	سوچن لگو جی یوہ		2	0	fourties				gju	
e65a8c3ba525042ceba11e102309b2525de4d7748b513787fc3ecc50c13c97654e626571fcdb8a6d96b78af3e6c5bfa95fb0286d8407d9d8d3c867d06c7a1fc4	common_voice_gju_42604251.mp3	dc48080ed9fffcb8f090b9c24ac8f805c22d663f4cab788448c3c05bef2597da	یوہ سپ بوٹا اپر چڑھے تھو		2	0	fourties				gju	
e65a8c3ba525042ceba11e102309b2525de4d7748b513787fc3ecc50c13c97654e626571fcdb8a6d96b78af3e6c5bfa95fb0286d8407d9d8d3c867d06c7a1fc4	common_voice_gju_42604250.mp3	d66795b0953b2053fc51ceb123c1fff1e9af22a5965895c037a811371bdc2aa0	دُوجو اُپلے پاس		2	0	fourties				gju	
e65a8c3ba525042ceba11e102309b2525de4d7748b513787fc3ecc50c13c97654e626571fcdb8a6d96b78af3e6c5bfa95fb0286d8407d9d8d3c867d06c7a1fc4	common_voice_gju_42604249.mp3	d5e10dbda8390bb595a4b23b02424fc5cee96077e35466e9856b146c056db617	اُس دھیاڑی وہ ڈیرا		2	0	fourties				gju	
e65a8c3ba525042ceba11e102309b2525de4d7748b513787fc3ecc50c13c97654e626571fcdb8a6d96b78af3e6c5bfa95fb0286d8407d9d8d3c867d06c7a1fc4	common_voice_gju_42604247.mp3	ad8f6e4fd524bee14df0d71c89dceeccd124c2627fd6cddc186b99d54ef8c121	واپس آ کے ماں باپ کی مدد کرے تھا		2	0	fourties				gju	
e65a8c3ba525042ceba11e102309b2525de4d7748b513787fc3ecc50c13c97654e626571fcdb8a6d96b78af3e6c5bfa95fb0286d8407d9d8d3c867d06c7a1fc4	common_voice_gju_42604246.mp3	b5420949f96f9b46ff73972305c85000eb6ecd8a750279ac2dea20805fac06b8	ویہ دیسی لوک ترے جنا بندوق لے کے اس کے نال آیا		2	0	fourties				gju	
e65a8c3ba525042ceba11e102309b2525de4d7748b513787fc3ecc50c13c97654e626571fcdb8a6d96b78af3e6c5bfa95fb0286d8407d9d8d3c867d06c7a1fc4	common_voice_gju_42604245.mp3	d44e1497068cc96aa9599d44eac0fa9c27a98daad1e7fe463d7b1092aa612631	کہیو تم اس جماعت ما ضرور حصو لیوں		2	0	fourties				gju	
e65a8c3ba525042ceba11e102309b2525de4d7748b513787fc3ecc50c13c97654e626571fcdb8a6d96b78af3e6c5bfa95fb0286d8407d9d8d3c867d06c7a1fc4	common_voice_gju_42604244.mp3	adcd5734164399f84ae3ae0a39866de7390fe3c014ad0dbbbe92971ba5e1afeb	لوکاں نے بٹلا ہو کے واہ		2	0	fourties				gju	
e65a8c3ba525042ceba11e102309b2525de4d7748b513787fc3ecc50c13c97654e626571fcdb8a6d96b78af3e6c5bfa95fb0286d8407d9d8d3c867d06c7a1fc4	common_voice_gju_42604243.mp3	cff07eeb1708b4d6e80929b36cc1deaaae1bdcc56123dbfc0dfe9f0ef068cd08	بکری کاڑ ما تھی		2	0	fourties				gju	
e65a8c3ba525042ceba11e102309b2525de4d7748b513787fc3ecc50c13c97654e626571fcdb8a6d96b78af3e6c5bfa95fb0286d8407d9d8d3c867d06c7a1fc4	common_voice_gju_42604240.mp3	c83460220de2f91e9d0563dbe3597dffb3bca04081b5143d731f2853daf05520	واہ ہسپتال ما جلدی پوہچ جاتی		2	0	fourties				gju	
e65a8c3ba525042ceba11e102309b2525de4d7748b513787fc3ecc50c13c97654e626571fcdb8a6d96b78af3e6c5bfa95fb0286d8407d9d8d3c867d06c7a1fc4	common_voice_gju_42604239.mp3	dd8dad79d05be187b421a071c3a4e4a5d8c5df18726a58cf8b6e43d41ac35227	کِسے گراں تا نس کے جا رہیا تھا		2	0	fourties				gju	
e65a8c3ba525042ceba11e102309b2525de4d7748b513787fc3ecc50c13c97654e626571fcdb8a6d96b78af3e6c5bfa95fb0286d8407d9d8d3c867d06c7a1fc4	common_voice_gju_42604238.mp3	dda4494f59cb91851ece612ca5dd120901699137961d06024fa9dbeab341c0e1	ہم نے اُت فوجیاں کو راشن پِٹکاں پو پوہچان کو کم کریو		2	0	fourties				gju	
e65a8c3ba525042ceba11e102309b2525de4d7748b513787fc3ecc50c13c97654e626571fcdb8a6d96b78af3e6c5bfa95fb0286d8407d9d8d3c867d06c7a1fc4	common_voice_gju_42604237.mp3	dda3feebdde00721f9aa29bd07f55d3aa562dec3632d7da2a9466ec90360a534	ایک ماشٹریانی نے پروین		2	0	fourties				gju	
e65a8c3ba525042ceba11e102309b2525de4d7748b513787fc3ecc50c13c97654e626571fcdb8a6d96b78af3e6c5bfa95fb0286d8407d9d8d3c867d06c7a1fc4	common_voice_gju_42604236.mp3	b4e68588815cf5a21db9c31a15471b38c7d64efbb67f8c37459430cfb1d2a2e5	اُت پوہچن		2	0	fourties				gju	
e65a8c3ba525042ceba11e102309b2525de4d7748b513787fc3ecc50c13c97654e626571fcdb8a6d96b78af3e6c5bfa95fb0286d8407d9d8d3c867d06c7a1fc4	common_voice_gju_42604229.mp3	d35391f83ab0ced4f7b28fc56e306dedaed28ef3545763b08dec0ef08a239f10	نماشاں کو ٹیم تھو بدل لسکن کڑکن لگو		2	0	fourties				gju	
e65a8c3ba525042ceba11e102309b2525de4d7748b513787fc3ecc50c13c97654e626571fcdb8a6d96b78af3e6c5bfa95fb0286d8407d9d8d3c867d06c7a1fc4	common_voice_gju_42604228.mp3	d02dee1405afd07360d2fc16db623559d46b7662602a3aaffab5f70eef8673be	اِن نے قابلیاں		2	0	fourties				gju	
e65a8c3ba525042ceba11e102309b2525de4d7748b513787fc3ecc50c13c97654e626571fcdb8a6d96b78af3e6c5bfa95fb0286d8407d9d8d3c867d06c7a1fc4	common_voice_gju_42604226.mp3	d4ca8e14b9966807aaddfb5bb2142f73047b6c192965558fc8c792f2e0d04ebd	ویہ کہن لگا		2	0	fourties				gju	
e65a8c3ba525042ceba11e102309b2525de4d7748b513787fc3ecc50c13c97654e626571fcdb8a6d96b78af3e6c5bfa95fb0286d8407d9d8d3c867d06c7a1fc4	common_voice_gju_42604225.mp3	c292348795905cdfbbee32307c5e808044820a2c99975b371b7860870bb17bc2	بابو کو ڈیرو تھو اس کے نال ہور کوئی نیہہ تھو		2	0	fourties				gju	
e65a8c3ba525042ceba11e102309b2525de4d7748b513787fc3ecc50c13c97654e626571fcdb8a6d96b78af3e6c5bfa95fb0286d8407d9d8d3c867d06c7a1fc4	common_voice_gju_42604222.mp3	b6a42102d37d0a3d1e14541e8a9ca1ece90bab7ddfb9d658715042b118803d1e	نوئی کری		2	0	fourties				gju	
e65a8c3ba525042ceba11e102309b2525de4d7748b513787fc3ecc50c13c97654e626571fcdb8a6d96b78af3e6c5bfa95fb0286d8407d9d8d3c867d06c7a1fc4	common_voice_gju_42604220.mp3	c9d43c1cfe7c9796fe56086898dd4cf416a33e36804eac0b8a1329886d891263	تاں وہ روٹی کھائے‘‘		2	0	fourties				gju	
e65a8c3ba525042ceba11e102309b2525de4d7748b513787fc3ecc50c13c97654e626571fcdb8a6d96b78af3e6c5bfa95fb0286d8407d9d8d3c867d06c7a1fc4	common_voice_gju_42604219.mp3	ccc2b964fd9d0c7f2949b289429b7c32059cab46df79c6fc798ef664a57eda19	اس کے نال اس کا پُوت منشی		2	0	fourties				gju	
e65a8c3ba525042ceba11e102309b2525de4d7748b513787fc3ecc50c13c97654e626571fcdb8a6d96b78af3e6c5bfa95fb0286d8407d9d8d3c867d06c7a1fc4	common_voice_gju_42604218.mp3	daad27cd5afd0609448ca9e840ce0ac04cb8a8715bd546f2f990aafeb5d9e3c6	پَل ما سارو مال رَل گیو پل کے ہیٹھ ہو کے سَتر بکری مر گئی		2	0	fourties				gju	
e65a8c3ba525042ceba11e102309b2525de4d7748b513787fc3ecc50c13c97654e626571fcdb8a6d96b78af3e6c5bfa95fb0286d8407d9d8d3c867d06c7a1fc4	common_voice_gju_42604205.mp3	d153563b0651d507d2906e449dd4388fe6fb45e70250cf0d2844f0d2ac1d4aa5	سورت فاتحہ ہر رکات ما پڑھنی۔		2	0	fourties				gju	
e65a8c3ba525042ceba11e102309b2525de4d7748b513787fc3ecc50c13c97654e626571fcdb8a6d96b78af3e6c5bfa95fb0286d8407d9d8d3c867d06c7a1fc4	common_voice_gju_42604204.mp3	cedd34d908d6b0339d2197c786fa17004c7411c9c13e81c12fa4fc1245588741	تھہارو جد بھی دل کرے تم آؤں		2	0	fourties				gju	
e65a8c3ba525042ceba11e102309b2525de4d7748b513787fc3ecc50c13c97654e626571fcdb8a6d96b78af3e6c5bfa95fb0286d8407d9d8d3c867d06c7a1fc4	common_voice_gju_42604203.mp3	98dfad95c473ff4e3016ca038a90c961c78f2cd4500f27345f8c96c7f491ef50	اک ناڑ ما ویہہ چرے تھی		2	0	fourties				gju	
e65a8c3ba525042ceba11e102309b2525de4d7748b513787fc3ecc50c13c97654e626571fcdb8a6d96b78af3e6c5bfa95fb0286d8407d9d8d3c867d06c7a1fc4	common_voice_gju_42604202.mp3	d3ff2f581ef397e8fff30bf9d3c32af1de5b73ecee2d8d7bb06e1d12fd07d2e9	باپ نے یوہ ایک ڈھارہ ما ما چھوڈ دتو		2	0	fourties				gju	
e65a8c3ba525042ceba11e102309b2525de4d7748b513787fc3ecc50c13c97654e626571fcdb8a6d96b78af3e6c5bfa95fb0286d8407d9d8d3c867d06c7a1fc4	common_voice_gju_42604201.mp3	d5459c3c9d2010546c6d824b3cf889ec6a02e0d20608cfcd3a985daf0595bab1	پڑی کے ہیٹھ سَٹ چھُڑیو		2	0	fourties				gju	
e65a8c3ba525042ceba11e102309b2525de4d7748b513787fc3ecc50c13c97654e626571fcdb8a6d96b78af3e6c5bfa95fb0286d8407d9d8d3c867d06c7a1fc4	common_voice_gju_42604198.mp3	bb827b9625cce8fee173bda303aa331f91bf6ee9e30d406767bd3abf2c1f2b9e	را ت اِنھ لوکاں نے راہ ما پَل کے ہیٹھ گُزاری		2	0	fourties				gju	
e65a8c3ba525042ceba11e102309b2525de4d7748b513787fc3ecc50c13c97654e626571fcdb8a6d96b78af3e6c5bfa95fb0286d8407d9d8d3c867d06c7a1fc4	common_voice_gju_42604197.mp3	c9810b55defc7cc85f76193cbb73842ab9ae31c19c5c5e7c4ffd870d25916b4b	مولوی بنیامین		2	0	fourties				gju	
e65a8c3ba525042ceba11e102309b2525de4d7748b513787fc3ecc50c13c97654e626571fcdb8a6d96b78af3e6c5bfa95fb0286d8407d9d8d3c867d06c7a1fc4	common_voice_gju_42604196.mp3	d50e80ade9966c42af1b026323e4e07b94f517d5fa7eb2c0d69f3bd1193f403f	ویہ دوڑتا آیا		2	0	fourties				gju	
e65a8c3ba525042ceba11e102309b2525de4d7748b513787fc3ecc50c13c97654e626571fcdb8a6d96b78af3e6c5bfa95fb0286d8407d9d8d3c867d06c7a1fc4	common_voice_gju_42604195.mp3	ad86ad8df649e96edd2776569b116989ebcb4f8a17a371d10d706a6b1be4f945	ویہ دو بھائی اُٹھیا		2	0	fourties				gju	
e65a8c3ba525042ceba11e102309b2525de4d7748b513787fc3ecc50c13c97654e626571fcdb8a6d96b78af3e6c5bfa95fb0286d8407d9d8d3c867d06c7a1fc4	common_voice_gju_42604194.mp3	8c2f9b6ce3d6a16409768f898a7fa9bde04a7d83a13dffab849e2cad5f21660b	اِنھ لوکاں نے رچھ اُ		2	0	fourties				gju	
e65a8c3ba525042ceba11e102309b2525de4d7748b513787fc3ecc50c13c97654e626571fcdb8a6d96b78af3e6c5bfa95fb0286d8407d9d8d3c867d06c7a1fc4	common_voice_gju_42604190.mp3	c88e30340da63bc545b88b908a3d155feddecc328cebad6be0d8f0de371dfea1	توہ اِت کیوں کھڑو ہے		2	0	fourties				gju	
e65a8c3ba525042ceba11e102309b2525de4d7748b513787fc3ecc50c13c97654e626571fcdb8a6d96b78af3e6c5bfa95fb0286d8407d9d8d3c867d06c7a1fc4	common_voice_gju_42604189.mp3	8ce2db6dcc36da012dac144f03828f9a234014def056c365f85f06358b226771	اُس نا کِسنے کہیو تھارے کاہڈ دشمن آگیا		2	0	fourties				gju	
e65a8c3ba525042ceba11e102309b2525de4d7748b513787fc3ecc50c13c97654e626571fcdb8a6d96b78af3e6c5bfa95fb0286d8407d9d8d3c867d06c7a1fc4	common_voice_gju_42604188.mp3	a4c3c1559f5a74fa8200c2a155f931f85880aabb474d2558e9e3c4442b2a9cc5	ہوں کوئی نیہہ کر سکوں تھی		2	0	fourties				gju	
e65a8c3ba525042ceba11e102309b2525de4d7748b513787fc3ecc50c13c97654e626571fcdb8a6d96b78af3e6c5bfa95fb0286d8407d9d8d3c867d06c7a1fc4	common_voice_gju_42604187.mp3	cf406d02aa42fbccc4002b628c64096330feebe16797a5abc06503e9e7fba6e6	اُس پڑی ما رچھ سُتو وو تھو		2	0	fourties				gju	
e65a8c3ba525042ceba11e102309b2525de4d7748b513787fc3ecc50c13c97654e626571fcdb8a6d96b78af3e6c5bfa95fb0286d8407d9d8d3c867d06c7a1fc4	common_voice_gju_42604186.mp3	bd82cfaa46efd836765ae48cd3aa3450ad16e5761fa0563039e52ea9e8d4c079	یوہ جاتک اُت ڈھارا ما ایک یا دو دھیاڑا ما لُگو رہیو		2	0	fourties				gju	
e65a8c3ba525042ceba11e102309b2525de4d7748b513787fc3ecc50c13c97654e626571fcdb8a6d96b78af3e6c5bfa95fb0286d8407d9d8d3c867d06c7a1fc4	common_voice_gju_42604179.mp3	db99e540caefc61c374afaa35dc33c46fc266fadbae1dc0a09f3874c1f07f420	معافی منگی		2	0	fourties				gju	
e65a8c3ba525042ceba11e102309b2525de4d7748b513787fc3ecc50c13c97654e626571fcdb8a6d96b78af3e6c5bfa95fb0286d8407d9d8d3c867d06c7a1fc4	common_voice_gju_42604178.mp3	c4e66bd8bc276054efb44d8fed1536a331f48d9ef846a7e0aa70b95c12cf935f	ہوں بکری شیکوں		2	0	fourties				gju	
e65a8c3ba525042ceba11e102309b2525de4d7748b513787fc3ecc50c13c97654e626571fcdb8a6d96b78af3e6c5bfa95fb0286d8407d9d8d3c867d06c7a1fc4	common_voice_gju_42604177.mp3	b23002f99184aa17774651ff26549d2861aae79422d271f874b42bd395af7650	جنو ہوسئی کے کاہڈ بھَج بھَج کے ہری جا رہیو بارے نپ نا سکیو		2	0	fourties				gju	
e65a8c3ba525042ceba11e102309b2525de4d7748b513787fc3ecc50c13c97654e626571fcdb8a6d96b78af3e6c5bfa95fb0286d8407d9d8d3c867d06c7a1fc4	common_voice_gju_42604176.mp3	94380e91996a8242f28911aad52d71c148525795498a22010d22fbbf5c87a211	مچھی		2	0	fourties				gju	
e65a8c3ba525042ceba11e102309b2525de4d7748b513787fc3ecc50c13c97654e626571fcdb8a6d96b78af3e6c5bfa95fb0286d8407d9d8d3c867d06c7a1fc4	common_voice_gju_42604175.mp3	c564b0dbddcc68089445288abf7a8df5c9388674dc72af8ae985cc2f677f1fbc	انھ لوکاں کو بال بچو جہڑو شونٹر تا نیڑے تھو وہ اُنگاں کڈھیو		2	0	fourties				gju	
e65a8c3ba525042ceba11e102309b2525de4d7748b513787fc3ecc50c13c97654e626571fcdb8a6d96b78af3e6c5bfa95fb0286d8407d9d8d3c867d06c7a1fc4	common_voice_gju_42604166.mp3	d598b8690c4ba739436187d7667ffe5e36645e4ac6407b0186c5411824059cca	کینجو مدھے		2	0	fourties				gju	
e65a8c3ba525042ceba11e102309b2525de4d7748b513787fc3ecc50c13c97654e626571fcdb8a6d96b78af3e6c5bfa95fb0286d8407d9d8d3c867d06c7a1fc4	common_voice_gju_42604165.mp3	c2432ef9f161ca3517c1e00ed72dffff311ae2c79ab6f8bd84cdf4cf872fd147	پہلا رنگ کی شے ویہ وھے جہڑی وجود نا بدھن ما مدد دیئے		2	0	fourties				gju	
e65a8c3ba525042ceba11e102309b2525de4d7748b513787fc3ecc50c13c97654e626571fcdb8a6d96b78af3e6c5bfa95fb0286d8407d9d8d3c867d06c7a1fc4	common_voice_gju_42604164.mp3	d7ffda275cfa0a019e31ca91429fe913543b5bc9a688cb850161b582c4df32d7	بابو		2	0	fourties				gju	
e65a8c3ba525042ceba11e102309b2525de4d7748b513787fc3ecc50c13c97654e626571fcdb8a6d96b78af3e6c5bfa95fb0286d8407d9d8d3c867d06c7a1fc4	common_voice_gju_42604163.mp3	ae7e7c28059332725eb3536246a91952a004d6f4a62e9df62dbd278b839ad1de	فوج نے		2	0	fourties				gju	
e65a8c3ba525042ceba11e102309b2525de4d7748b513787fc3ecc50c13c97654e626571fcdb8a6d96b78af3e6c5bfa95fb0286d8407d9d8d3c867d06c7a1fc4	common_voice_gju_42604162.mp3	bd8250750c9b0f4a2930a0ba1a10c27f72f2c47f4977f1b8fabbf8e7601320cc	اُس کا ڈیرا ہاڑی مچ سیانی تھی		2	0	fourties				gju	
e65a8c3ba525042ceba11e102309b2525de4d7748b513787fc3ecc50c13c97654e626571fcdb8a6d96b78af3e6c5bfa95fb0286d8407d9d8d3c867d06c7a1fc4	common_voice_gju_42604160.mp3	70aed0bba7495e98691e846d3b5e53e448023a1c9d3c6d3b55b979b4627a9ca2	کاہڈ ہیضو گراں		2	0	fourties				gju	
e65a8c3ba525042ceba11e102309b2525de4d7748b513787fc3ecc50c13c97654e626571fcdb8a6d96b78af3e6c5bfa95fb0286d8407d9d8d3c867d06c7a1fc4	common_voice_gju_42604159.mp3	c39395f85bb0b5cdcb397fc5e02819c7a496cb6a23100baeedac266641fa0657	اِت اُنھ نے مُچ دھیاڑا گزاریا		2	0	fourties				gju	
e65a8c3ba525042ceba11e102309b2525de4d7748b513787fc3ecc50c13c97654e626571fcdb8a6d96b78af3e6c5bfa95fb0286d8407d9d8d3c867d06c7a1fc4	common_voice_gju_42604158.mp3	bba4b8dd0a77d40ac180125848955513b5cdf6caa0cfde5da7bb7d5ae17d2702	سامان لاری ما لد کے جوجاٹی پوہچایو		2	0	fourties				gju	
e65a8c3ba525042ceba11e102309b2525de4d7748b513787fc3ecc50c13c97654e626571fcdb8a6d96b78af3e6c5bfa95fb0286d8407d9d8d3c867d06c7a1fc4	common_voice_gju_42604157.mp3	cca87e373014b005e2bb577a33a523385cfbb09b65cf639fa83e2fc16a939b94	ایک رچھ نہوں ٹیڈو مڑیو		2	0	fourties				gju	
e65a8c3ba525042ceba11e102309b2525de4d7748b513787fc3ecc50c13c97654e626571fcdb8a6d96b78af3e6c5bfa95fb0286d8407d9d8d3c867d06c7a1fc4	common_voice_gju_42604156.mp3	9a3a87393f47a3fec3be7da389d7df3b27ddc7e621e09abd681f7ca8af04d22d	اُس نے وہ لڑو اُنھ پو بیچ چھوڈیو		2	0	fourties				gju	
e65a8c3ba525042ceba11e102309b2525de4d7748b513787fc3ecc50c13c97654e626571fcdb8a6d96b78af3e6c5bfa95fb0286d8407d9d8d3c867d06c7a1fc4	common_voice_gju_42604155.mp3	c5b97c4a90211b9d5ca050e153a176c785a646b028c33b037b7953697354944d	پروین کی نِکی بیٹکی ایک سال کی تھی		2	0	fourties				gju	
e65a8c3ba525042ceba11e102309b2525de4d7748b513787fc3ecc50c13c97654e626571fcdb8a6d96b78af3e6c5bfa95fb0286d8407d9d8d3c867d06c7a1fc4	common_voice_gju_42604153.mp3	b3eca7c464c61e9cfb13af7d21ced4a34027b54ff2a45b979331acb6e9ac603c	بِدمعاش پٹھان کا دو ٹکڑا ہو گیا		2	0	fourties				gju	
e65a8c3ba525042ceba11e102309b2525de4d7748b513787fc3ecc50c13c97654e626571fcdb8a6d96b78af3e6c5bfa95fb0286d8407d9d8d3c867d06c7a1fc4	common_voice_gju_42604151.mp3	55dfa34e52fc84945acf21d7a8636797aec439503dee4a1bf2e7672045995222	اُنھ با بِدیا کر کے ڈیرے موسیٰ خان نا چھوڈ کے چل گیو		2	0	fourties				gju	
e65a8c3ba525042ceba11e102309b2525de4d7748b513787fc3ecc50c13c97654e626571fcdb8a6d96b78af3e6c5bfa95fb0286d8407d9d8d3c867d06c7a1fc4	common_voice_gju_42604149.mp3	75c2f822c35854f96c5d480b65a1a326188b4f3ec84aca9f8527f4d33de73e7e	اَسو یہ اُتو ٹُر آیاچَنڈ کی گلی ما پوہچیا		2	0	fourties				gju	
e65a8c3ba525042ceba11e102309b2525de4d7748b513787fc3ecc50c13c97654e626571fcdb8a6d96b78af3e6c5bfa95fb0286d8407d9d8d3c867d06c7a1fc4	common_voice_gju_42604147.mp3	ca62e16182ec059e3f023eb2319b0f9f3bc422280911996e17ca03d065d7c6fe	لوک ہیٹو لنگتا گیا		2	0	fourties				gju	
e65a8c3ba525042ceba11e102309b2525de4d7748b513787fc3ecc50c13c97654e626571fcdb8a6d96b78af3e6c5bfa95fb0286d8407d9d8d3c867d06c7a1fc4	common_voice_gju_42604145.mp3	d0ca7d76c4ad79e852efc13cbbd7f452c850a72af635c5233ec84c13e1760d43	کاہڈ دوجی بادشاہی ما جا رہیو		2	0	fourties				gju	
e65a8c3ba525042ceba11e102309b2525de4d7748b513787fc3ecc50c13c97654e626571fcdb8a6d96b78af3e6c5bfa95fb0286d8407d9d8d3c867d06c7a1fc4	common_voice_gju_42604144.mp3	b956d7d474af6f456ab800e1ca64d208564aa94fa1be1b9d230ef4037f9889ee	یوہ نس جائے گو‘‘		2	0	fourties				gju	
e65a8c3ba525042ceba11e102309b2525de4d7748b513787fc3ecc50c13c97654e626571fcdb8a6d96b78af3e6c5bfa95fb0286d8407d9d8d3c867d06c7a1fc4	common_voice_gju_42604143.mp3	d3fa99b5a14715766739baa6cd16d3e00e3507c0d96d683a39be98525a5c685e	رچھ نَس گیا		2	0	fourties				gju	
e65a8c3ba525042ceba11e102309b2525de4d7748b513787fc3ecc50c13c97654e626571fcdb8a6d96b78af3e6c5bfa95fb0286d8407d9d8d3c867d06c7a1fc4	common_voice_gju_42604142.mp3	a17f0f1987bbefe8f7faaf9590e20f0a28a8a569d838690b1983dd2e6c73b51d	کیوں جی وہ مہارا		2	0	fourties				gju	
e65a8c3ba525042ceba11e102309b2525de4d7748b513787fc3ecc50c13c97654e626571fcdb8a6d96b78af3e6c5bfa95fb0286d8407d9d8d3c867d06c7a1fc4	common_voice_gju_42604137.mp3	bccc625647582fda2ab6c660a5a983e1aae3b7c8ac72623ae899237e3e9dadb6	دھیاڑی بھی واہ پل لگی رہی		2	0	fourties				gju	
e65a8c3ba525042ceba11e102309b2525de4d7748b513787fc3ecc50c13c97654e626571fcdb8a6d96b78af3e6c5bfa95fb0286d8407d9d8d3c867d06c7a1fc4	common_voice_gju_42604136.mp3	d5c698f569f319bb4b0eb71e188de3334597f6c174370560723fb6162d900cc2	مغرب کی نماز نا نماشاں کی نماز کہیں۔		2	0	fourties				gju	
e65a8c3ba525042ceba11e102309b2525de4d7748b513787fc3ecc50c13c97654e626571fcdb8a6d96b78af3e6c5bfa95fb0286d8407d9d8d3c867d06c7a1fc4	common_voice_gju_42604135.mp3	c3c47ec931bd4c9e6cc15be809da258c2c7739f0facc231755295afdd6456a67	ویہ تھوڑو تھوڑو کھائے اُنھ کی خوراک ہچھی ہووے۔		2	0	fourties				gju	
e65a8c3ba525042ceba11e102309b2525de4d7748b513787fc3ecc50c13c97654e626571fcdb8a6d96b78af3e6c5bfa95fb0286d8407d9d8d3c867d06c7a1fc4	common_voice_gju_42604132.mp3	c0f07d01980a584914b9ec8f2b5acb93c5c6d0337d6a6b6a6d9c124f84f14252	سارا رات رُڑھ گیا ہے‘ ‘		2	0	fourties				gju	
e65a8c3ba525042ceba11e102309b2525de4d7748b513787fc3ecc50c13c97654e626571fcdb8a6d96b78af3e6c5bfa95fb0286d8407d9d8d3c867d06c7a1fc4	common_voice_gju_42604130.mp3	d6e5a24b23d40e5d7059afff7b6a7736582aaf57e6a8bfc3601c9e7753ea7876	وہ جنو سوچے تھو جی ہوں بے کار شے لیوں لگو		2	0	fourties				gju	
e65a8c3ba525042ceba11e102309b2525de4d7748b513787fc3ecc50c13c97654e626571fcdb8a6d96b78af3e6c5bfa95fb0286d8407d9d8d3c867d06c7a1fc4	common_voice_gju_42604129.mp3	a7f48d6adf2cd6d9719dd4b793a3b823798d1f03961c4017bf42ffd0ea43190d	پنج سو بکری تھی اُس نے ویہ سامی		2	0	fourties				gju	
e65a8c3ba525042ceba11e102309b2525de4d7748b513787fc3ecc50c13c97654e626571fcdb8a6d96b78af3e6c5bfa95fb0286d8407d9d8d3c867d06c7a1fc4	common_voice_gju_42604128.mp3	c6e27e5c110486964a8728c0ebf95998e3b14a4a0510d82ec8632894c00ef692	اُ س کو دَم خرچ ہو گیو		2	0	fourties				gju	
e65a8c3ba525042ceba11e102309b2525de4d7748b513787fc3ecc50c13c97654e626571fcdb8a6d96b78af3e6c5bfa95fb0286d8407d9d8d3c867d06c7a1fc4	common_voice_gju_42604127.mp3	d1afb928a215c442b3c6fa6f30918adb8dd42dcee10b6c29a29fbfea0f7471a3	مدوک پسند کروں کیوں جی ہر ایک جوان لڑائی بسطے تیار ہووے		2	0	fourties				gju	
e65a8c3ba525042ceba11e102309b2525de4d7748b513787fc3ecc50c13c97654e626571fcdb8a6d96b78af3e6c5bfa95fb0286d8407d9d8d3c867d06c7a1fc4	common_voice_gju_42604113.mp3	d2ad603687c2e3fc15017c2c4b80197e3400d14efae398e2103473951ecf304e	جنا نے کہیو جی ہوں مدیہرے دسوں گو جی میری ذات کے ہے		2	0	fourties				gju	
e65a8c3ba525042ceba11e102309b2525de4d7748b513787fc3ecc50c13c97654e626571fcdb8a6d96b78af3e6c5bfa95fb0286d8407d9d8d3c867d06c7a1fc4	common_voice_gju_42604112.mp3	d7e8de56cf607f68a099102bc624daac8938a7569a553f22755ef04b80248435	موڑ کے ڈیرے آنیو		2	0	fourties				gju	
e65a8c3ba525042ceba11e102309b2525de4d7748b513787fc3ecc50c13c97654e626571fcdb8a6d96b78af3e6c5bfa95fb0286d8407d9d8d3c867d06c7a1fc4	common_voice_gju_42604109.mp3	cbc2b7ff3ae67c70b0556142ba73c26b551d130242884370fd838f5cdc692ff5	کائی شے اِنھ کے ہتھ نہ آئی		2	0	fourties				gju	
e65a8c3ba525042ceba11e102309b2525de4d7748b513787fc3ecc50c13c97654e626571fcdb8a6d96b78af3e6c5bfa95fb0286d8407d9d8d3c867d06c7a1fc4	common_voice_gju_42604106.mp3	c4fd7677bb6e12ed581ba63136e7dfdfc992f0073b51a54322646af055071a19	سپیشل لاری بُک کر کے سارا لوک کیل آیا		2	0	fourties				gju	
e65a8c3ba525042ceba11e102309b2525de4d7748b513787fc3ecc50c13c97654e626571fcdb8a6d96b78af3e6c5bfa95fb0286d8407d9d8d3c867d06c7a1fc4	common_voice_gju_42604105.mp3	895446bf008a2398bb8a4104a0ea9d019ab9e76863b70a3063369bcbbc3c7e7a	اُت مُچ گھا تھو		2	0	fourties				gju	
e65a8c3ba525042ceba11e102309b2525de4d7748b513787fc3ecc50c13c97654e626571fcdb8a6d96b78af3e6c5bfa95fb0286d8407d9d8d3c867d06c7a1fc4	common_voice_gju_42604104.mp3	cca1e13b397e074fcf895e0c6a9663ad3d6ff4e751f68c6b230d0020bd3bbdc7	بیٹکی ٹرن کے قابل نہ تھی کیوں جے بھربھانو نے اس کا پیر چَٹ چَٹ کے پتلا کر چھُڑیا تھا		2	0	fourties				gju	
e65a8c3ba525042ceba11e102309b2525de4d7748b513787fc3ecc50c13c97654e626571fcdb8a6d96b78af3e6c5bfa95fb0286d8407d9d8d3c867d06c7a1fc4	common_voice_gju_42604103.mp3	b113123b60d473d9b54c88c670d006477db8f5cefba59ae183b41a1006edd51d	چلتیں چلتیں ایک ٹھار ما گیا		2	0	fourties				gju	
e65a8c3ba525042ceba11e102309b2525de4d7748b513787fc3ecc50c13c97654e626571fcdb8a6d96b78af3e6c5bfa95fb0286d8407d9d8d3c867d06c7a1fc4	common_voice_gju_42604097.mp3	b6a84d4c476fa5d461cefe6adb0ca4a03079d23fae452ad2a031b66e3c080262	جہڑا رِچھ نے واہ بکری کھادی تھی وہ رِچھ اُت آگیو۔		2	0	fourties				gju	
e65a8c3ba525042ceba11e102309b2525de4d7748b513787fc3ecc50c13c97654e626571fcdb8a6d96b78af3e6c5bfa95fb0286d8407d9d8d3c867d06c7a1fc4	common_voice_gju_42604096.mp3	c51261e4381c704c3ca105aa4be5eeaf9c6f1bce9f677af1ccfbabe166ce562e	اسرائیل کسانا کی حالت مُچ خراب تھی اس واسطے ڈَنگی بَدھی		2	0	fourties				gju	
e65a8c3ba525042ceba11e102309b2525de4d7748b513787fc3ecc50c13c97654e626571fcdb8a6d96b78af3e6c5bfa95fb0286d8407d9d8d3c867d06c7a1fc4	common_voice_gju_42604095.mp3	b515579d632751ed73a0505ff75501a9d64049bead5891977df84074dcd13c3d	ہلمت کا ڈاکٹر نے یوہ کیل		2	0	fourties				gju	
e65a8c3ba525042ceba11e102309b2525de4d7748b513787fc3ecc50c13c97654e626571fcdb8a6d96b78af3e6c5bfa95fb0286d8407d9d8d3c867d06c7a1fc4	common_voice_gju_42604094.mp3	be8869ed179fadabbfca4e7b1fe1c105b1bb3d1ee6289c4d03e5fbc46f058d9d	طلاق لینو چاہوں تھی		2	0	fourties				gju	
e65a8c3ba525042ceba11e102309b2525de4d7748b513787fc3ecc50c13c97654e626571fcdb8a6d96b78af3e6c5bfa95fb0286d8407d9d8d3c867d06c7a1fc4	common_voice_gju_42604093.mp3	bdeda09ec9b5cbb4482ca5b7e5286b68b3a3da40de68f4a59683af2031d98ce6	کہن لگو ایک بیٹکی کو جِرگو تھو		2	0	fourties				gju	
e65a8c3ba525042ceba11e102309b2525de4d7748b513787fc3ecc50c13c97654e626571fcdb8a6d96b78af3e6c5bfa95fb0286d8407d9d8d3c867d06c7a1fc4	common_voice_gju_42604092.mp3	cb191c512fae5c701a316367ad21d5ab44a8d2416ebb6a49341f57164b8df944	لہہ کے رچھ مارنو شروع کیو		2	0	fourties				gju	
e65a8c3ba525042ceba11e102309b2525de4d7748b513787fc3ecc50c13c97654e626571fcdb8a6d96b78af3e6c5bfa95fb0286d8407d9d8d3c867d06c7a1fc4	common_voice_gju_42604091.mp3	d67cbc3d77750823c1eb48ca4413dda426ae2584ba4a92603406fba347f65753	یہ لاری لے کے آیا		2	0	fourties				gju	
e65a8c3ba525042ceba11e102309b2525de4d7748b513787fc3ecc50c13c97654e626571fcdb8a6d96b78af3e6c5bfa95fb0286d8407d9d8d3c867d06c7a1fc4	common_voice_gju_42604090.mp3	c53fa5c4ab6bb9ee23da8a9983f78d5163f76b4d80f12aa979af76e6c3119088	مھارا ڈیرا اس جا		2	0	fourties				gju	
e65a8c3ba525042ceba11e102309b2525de4d7748b513787fc3ecc50c13c97654e626571fcdb8a6d96b78af3e6c5bfa95fb0286d8407d9d8d3c867d06c7a1fc4	common_voice_gju_42604089.mp3	d6fed7d842fefc5d57a87cfa747a9fab04ee4f4068eb27ed42b08a3ee8ecb5dd	ماں نے اُنھ کی گل سنی		2	0	fourties				gju	
e65a8c3ba525042ceba11e102309b2525de4d7748b513787fc3ecc50c13c97654e626571fcdb8a6d96b78af3e6c5bfa95fb0286d8407d9d8d3c867d06c7a1fc4	common_voice_gju_42604088.mp3	8d68b9e2573146faa2351c6db08f11dd4bbff1e3845f5f94dc6d181ec174afbc	نِکی بیٹکی بھی سکول نیہہ چلے تھیَ		2	0	fourties				gju	
e65a8c3ba525042ceba11e102309b2525de4d7748b513787fc3ecc50c13c97654e626571fcdb8a6d96b78af3e6c5bfa95fb0286d8407d9d8d3c867d06c7a1fc4	common_voice_gju_42604086.mp3	b99d5aeffbd71b146adc6329b565b87294eac440323c1319add5d3cabd034026	پل بے رُڑ گیا		2	0	fourties				gju	
e65a8c3ba525042ceba11e102309b2525de4d7748b513787fc3ecc50c13c97654e626571fcdb8a6d96b78af3e6c5bfa95fb0286d8407d9d8d3c867d06c7a1fc4	common_voice_gju_42604085.mp3	50d8889af17b7d6347d12e78a7c6ebad3ce4c2dce68f4c3c6b5e1115dba25b49	محبوب بانیا کو ڈیرو اُ		2	0	fourties				gju	
e65a8c3ba525042ceba11e102309b2525de4d7748b513787fc3ecc50c13c97654e626571fcdb8a6d96b78af3e6c5bfa95fb0286d8407d9d8d3c867d06c7a1fc4	common_voice_gju_42604084.mp3	8341d342f724173504ddb59f6ce13c16f83ccca24874cf389fc5335f97b8f109	ہوں اُتو بھی نس گیو		2	0	fourties				gju	
e65a8c3ba525042ceba11e102309b2525de4d7748b513787fc3ecc50c13c97654e626571fcdb8a6d96b78af3e6c5bfa95fb0286d8407d9d8d3c867d06c7a1fc4	common_voice_gju_42604083.mp3	246f72b8951159c3ebd1d77492d7093acf1a18d3622f7831355a42ca1e99e88c	مال کو کوئی پتو نیہہ		2	0	fourties				gju	
e65a8c3ba525042ceba11e102309b2525de4d7748b513787fc3ecc50c13c97654e626571fcdb8a6d96b78af3e6c5bfa95fb0286d8407d9d8d3c867d06c7a1fc4	common_voice_gju_42604072.mp3	bb29dbc5f5bca424566feceadfa948e98367a124e394b077a63701d6ae6129a0	آن کے اِتوں ڈیرا نا ٹرک ما لد کے آنوں گو		2	0	fourties				gju	
e65a8c3ba525042ceba11e102309b2525de4d7748b513787fc3ecc50c13c97654e626571fcdb8a6d96b78af3e6c5bfa95fb0286d8407d9d8d3c867d06c7a1fc4	common_voice_gju_42604071.mp3	c9b0a73f7621e24a6d3b40b45eee2fa1f35c09d6ce25e69ff6a78e5ffce6db42	صبح یہ بکری بٹلی کرن واسطے گیا		2	0	fourties				gju	
e65a8c3ba525042ceba11e102309b2525de4d7748b513787fc3ecc50c13c97654e626571fcdb8a6d96b78af3e6c5bfa95fb0286d8407d9d8d3c867d06c7a1fc4	common_voice_gju_42604070.mp3	af31d3c420f8f62b97b1843c25592b677e813b34fcf2e93b0dd9f8476c6bded6	حضرت محمد ﷺ کا بارہ چاچا تھا۔		2	1	fourties				gju	
e65a8c3ba525042ceba11e102309b2525de4d7748b513787fc3ecc50c13c97654e626571fcdb8a6d96b78af3e6c5bfa95fb0286d8407d9d8d3c867d06c7a1fc4	common_voice_gju_42604069.mp3	ba395a0119184789168932ee54efb78f366ce07c112029a0606daed09d10d2a4	اِس کوڑے کہڑو لُڑو تھو وہ اــس نے بھگیاڑ		2	0	fourties				gju	
e65a8c3ba525042ceba11e102309b2525de4d7748b513787fc3ecc50c13c97654e626571fcdb8a6d96b78af3e6c5bfa95fb0286d8407d9d8d3c867d06c7a1fc4	common_voice_gju_42604068.mp3	d3836647b1839a9a0ef1dc233d442a701b9b7f40bb0a6ba0d263e2b49e29006d	تھانہ ما پوہچ گیا۔		2	0	fourties				gju	
e65a8c3ba525042ceba11e102309b2525de4d7748b513787fc3ecc50c13c97654e626571fcdb8a6d96b78af3e6c5bfa95fb0286d8407d9d8d3c867d06c7a1fc4	common_voice_gju_42604065.mp3	b521b343487b8a11a7c436144a2c7a96c5ff63cd65494256cfc7a55b5d068e76	بادشاہ نے پٹھان نا کہیو		2	0	fourties				gju	
e65a8c3ba525042ceba11e102309b2525de4d7748b513787fc3ecc50c13c97654e626571fcdb8a6d96b78af3e6c5bfa95fb0286d8407d9d8d3c867d06c7a1fc4	common_voice_gju_42604062.mp3	a3d0617268b91b025bc91a72bd1e2d9a324b69035a97abf00feea503b52341cd	دوجا جنا نے آ کے ڈنڈ شن کری		2	0	fourties				gju	
e65a8c3ba525042ceba11e102309b2525de4d7748b513787fc3ecc50c13c97654e626571fcdb8a6d96b78af3e6c5bfa95fb0286d8407d9d8d3c867d06c7a1fc4	common_voice_gju_42604061.mp3	799a39a7ef5e1802ca3fa423944bb277f04c5a921318db36587d5914951a5c85	باپ واسطے یوہ نِکو جاتک سامنو مُچ مشکل کَم تھو		2	0	fourties				gju	
e65a8c3ba525042ceba11e102309b2525de4d7748b513787fc3ecc50c13c97654e626571fcdb8a6d96b78af3e6c5bfa95fb0286d8407d9d8d3c867d06c7a1fc4	common_voice_gju_42604060.mp3	99b33650d98f99a3eef22ee2f354ee380f07924730ca948bc04af8a522ffabf9	چھیمو واقعو		2	0	fourties				gju	
e65a8c3ba525042ceba11e102309b2525de4d7748b513787fc3ecc50c13c97654e626571fcdb8a6d96b78af3e6c5bfa95fb0286d8407d9d8d3c867d06c7a1fc4	common_voice_gju_42604057.mp3	acb3a1f2d3061d0a94933abcc0480ef60a2b2dc876707f2e54559c55a21c3223	یو ہ واقعو کٹا کاکا نال پیش آیو		2	0	fourties				gju	
e65a8c3ba525042ceba11e102309b2525de4d7748b513787fc3ecc50c13c97654e626571fcdb8a6d96b78af3e6c5bfa95fb0286d8407d9d8d3c867d06c7a1fc4	common_voice_gju_42604056.mp3	967f8398fe67aa5f4018e3f54486a945b665e8765b4282374d526d9f20302f3f	بُڈھی نے کہیو		2	0	fourties				gju	
e65a8c3ba525042ceba11e102309b2525de4d7748b513787fc3ecc50c13c97654e626571fcdb8a6d96b78af3e6c5bfa95fb0286d8407d9d8d3c867d06c7a1fc4	common_voice_gju_42604055.mp3	8f9a9c400fc45b0fa8ba500d373ee7c2dbdaf473b5698388c0343b11decaa943	اس کی بخشش کرے		2	0	fourties				gju	
e65a8c3ba525042ceba11e102309b2525de4d7748b513787fc3ecc50c13c97654e626571fcdb8a6d96b78af3e6c5bfa95fb0286d8407d9d8d3c867d06c7a1fc4	common_voice_gju_42604054.mp3	c27ffacc1f00fa6eeae924909f6518cd8335de051d8ece32e5294a975bc0c352	ادھی آپ رکھی		2	0	fourties				gju	
e65a8c3ba525042ceba11e102309b2525de4d7748b513787fc3ecc50c13c97654e626571fcdb8a6d96b78af3e6c5bfa95fb0286d8407d9d8d3c867d06c7a1fc4	common_voice_gju_42604053.mp3	750eecdb5c377e9256e122bfb3cc879f933fee4578b1dfddc03d1994c54299b3	باقی ترے شِکار نا جا رہیا		2	0	fourties				gju	
e65a8c3ba525042ceba11e102309b2525de4d7748b513787fc3ecc50c13c97654e626571fcdb8a6d96b78af3e6c5bfa95fb0286d8407d9d8d3c867d06c7a1fc4	common_voice_gju_42604037.mp3	b98960e562ae4d5813d1d857cee17271a3a176e19975b3c816983a048e0dd4fd	اگے ایک ڈیرا ما گیو		2	1	fourties				gju	
e65a8c3ba525042ceba11e102309b2525de4d7748b513787fc3ecc50c13c97654e626571fcdb8a6d96b78af3e6c5bfa95fb0286d8407d9d8d3c867d06c7a1fc4	common_voice_gju_42604036.mp3	caa8c0bfddf57853d50d117ca3766e677911b61cacfcfebd97f1b8a972ca69a7	بڑی بڑی ڈَنڈ کر ی جے پِچھاں لُڑو مارے گیو		2	0	fourties				gju	
e65a8c3ba525042ceba11e102309b2525de4d7748b513787fc3ecc50c13c97654e626571fcdb8a6d96b78af3e6c5bfa95fb0286d8407d9d8d3c867d06c7a1fc4	common_voice_gju_42604035.mp3	bd405437b822120fd2e6318030f84c70a1c1ead62b497a7a767f3e2d44ecb0ce	یوہ سو رُپیو لیوں		2	1	fourties				gju	
e65a8c3ba525042ceba11e102309b2525de4d7748b513787fc3ecc50c13c97654e626571fcdb8a6d96b78af3e6c5bfa95fb0286d8407d9d8d3c867d06c7a1fc4	common_voice_gju_42604034.mp3	c2799df072ae3c46ef1fa2c416c497173db3614804f9661931bbb4b140baaa44	بر بڑی مزا کی کَڈی		2	0	fourties				gju	
e65a8c3ba525042ceba11e102309b2525de4d7748b513787fc3ecc50c13c97654e626571fcdb8a6d96b78af3e6c5bfa95fb0286d8407d9d8d3c867d06c7a1fc4	common_voice_gju_42603977.mp3	8bf4cf7f5b393153dbb81d2759fb6bec9d0fab33bcbc75f3ece0849c5e0282b2	اس نے میرے		2	0	fourties				gju	
e65a8c3ba525042ceba11e102309b2525de4d7748b513787fc3ecc50c13c97654e626571fcdb8a6d96b78af3e6c5bfa95fb0286d8407d9d8d3c867d06c7a1fc4	common_voice_gju_42603976.mp3	c8ddd1346a1d3e3909dd370ed36811a2d13e5e8efc387a57bd906d2e0038dec9	مولوی بنیامین نے کہیو تم کَدے مَنا سارو پاکستان چا دیئے گا		2	0	fourties				gju	
e65a8c3ba525042ceba11e102309b2525de4d7748b513787fc3ecc50c13c97654e626571fcdb8a6d96b78af3e6c5bfa95fb0286d8407d9d8d3c867d06c7a1fc4	common_voice_gju_42603975.mp3	7586236fcf50b934836ef2f38ab9ca2abbb377c228c0f767a2bcd161673f86ed	خان نے کہیو تَم کائی ایسو ادمی ڈُھونڈو جہڑو اس نِکا جاتک نا سامے		2	0	fourties				gju	
e65a8c3ba525042ceba11e102309b2525de4d7748b513787fc3ecc50c13c97654e626571fcdb8a6d96b78af3e6c5bfa95fb0286d8407d9d8d3c867d06c7a1fc4	common_voice_gju_42603974.mp3	ba64b8e0a02ee1b0a6b3c16bb3f95156f624fbc662287d9580345f29c8989459	ایک دو فوجی رہ گیاکِہڑا نس نیہہ سکیں تھا		2	0	fourties				gju	
e65a8c3ba525042ceba11e102309b2525de4d7748b513787fc3ecc50c13c97654e626571fcdb8a6d96b78af3e6c5bfa95fb0286d8407d9d8d3c867d06c7a1fc4	common_voice_gju_42603973.mp3	8052a725a3c91d4cb072622ec5b7a19d15a0d6a8673541c6168c32fcdff615b8	بکری رات مینہ ما بن ما رہی		2	0	fourties				gju	
e65a8c3ba525042ceba11e102309b2525de4d7748b513787fc3ecc50c13c97654e626571fcdb8a6d96b78af3e6c5bfa95fb0286d8407d9d8d3c867d06c7a1fc4	common_voice_gju_42603971.mp3	824b9cb76af156cc9db467197ff3ca046594c701e0ecf895481fe2b6a8f67443	گھوڑی کو انٹڑو		2	0	fourties				gju	
e65a8c3ba525042ceba11e102309b2525de4d7748b513787fc3ecc50c13c97654e626571fcdb8a6d96b78af3e6c5bfa95fb0286d8407d9d8d3c867d06c7a1fc4	common_voice_gju_42603969.mp3	b3c880762f6f0fe503842026a8bc7db7870fd4f3e59d9ff7537023903af2372c	میرا ماں باپ پرشان تھا کہ میرو بیاہ ہو جائے		2	0	fourties				gju	
e65a8c3ba525042ceba11e102309b2525de4d7748b513787fc3ecc50c13c97654e626571fcdb8a6d96b78af3e6c5bfa95fb0286d8407d9d8d3c867d06c7a1fc4	common_voice_gju_42603968.mp3	d213de267b9118c008f25b091f5f1891f4e87a7d67e79939cab3288e003eb46f	کافی لوک پنجاب ما رہن لگ گیا		2	0	fourties				gju	
e65a8c3ba525042ceba11e102309b2525de4d7748b513787fc3ecc50c13c97654e626571fcdb8a6d96b78af3e6c5bfa95fb0286d8407d9d8d3c867d06c7a1fc4	common_voice_gju_42603966.mp3	ab5497a6138a3bbb526690fd3d30f0a015efa8843942606043c3f0b6b8dae861	نکل کے نَس گیا		2	0	fourties				gju	
e65a8c3ba525042ceba11e102309b2525de4d7748b513787fc3ecc50c13c97654e626571fcdb8a6d96b78af3e6c5bfa95fb0286d8407d9d8d3c867d06c7a1fc4	common_voice_gju_42603962.mp3	d2c3b600e769cca756ba60fb45dec335e3647d5cd098bf3f86dedae75cf12673	ماں ساراں بچاں نا لوری سنائے تھی:		2	0	fourties				gju	
e65a8c3ba525042ceba11e102309b2525de4d7748b513787fc3ecc50c13c97654e626571fcdb8a6d96b78af3e6c5bfa95fb0286d8407d9d8d3c867d06c7a1fc4	common_voice_gju_42603961.mp3	ced9cd558d0ebb82dcb3682f6b2c982d2fa6c4c912fe325be6b63ce1af9c4362	مھارو چاچو		2	0	fourties				gju	
e65a8c3ba525042ceba11e102309b2525de4d7748b513787fc3ecc50c13c97654e626571fcdb8a6d96b78af3e6c5bfa95fb0286d8407d9d8d3c867d06c7a1fc4	common_voice_gju_42603960.mp3	b3b395e3c95fca8d6d75449d25d64911f0764be76d889bf8a75183e47116eb8c	اُت بکریاں واسطے جُوہ مُچ تھی		2	0	fourties				gju	
e65a8c3ba525042ceba11e102309b2525de4d7748b513787fc3ecc50c13c97654e626571fcdb8a6d96b78af3e6c5bfa95fb0286d8407d9d8d3c867d06c7a1fc4	common_voice_gju_42603959.mp3	cce2a2d5a2164ed593fba3e8e28431ca4397d51ff0513494e9dcc8183c3973e4	وہ پٹیاں ما باپ نال کم کرے تھو		2	0	fourties				gju	
e65a8c3ba525042ceba11e102309b2525de4d7748b513787fc3ecc50c13c97654e626571fcdb8a6d96b78af3e6c5bfa95fb0286d8407d9d8d3c867d06c7a1fc4	common_voice_gju_42603958.mp3	4df4336c919371a776c0f0b87f5e53328f3c937546fdef0b34406c1dbc9b9d1f	دھیانی یاہ گل سُن کے مُچ ہسن لگی		2	0	fourties				gju	
e65a8c3ba525042ceba11e102309b2525de4d7748b513787fc3ecc50c13c97654e626571fcdb8a6d96b78af3e6c5bfa95fb0286d8407d9d8d3c867d06c7a1fc4	common_voice_gju_42603957.mp3	d2ed3433653880952ffa63d2206055b74e964674b09623210c1b78916af771da	کہیو ات اس کو علاج نیہہ		2	0	fourties				gju	
e65a8c3ba525042ceba11e102309b2525de4d7748b513787fc3ecc50c13c97654e626571fcdb8a6d96b78af3e6c5bfa95fb0286d8407d9d8d3c867d06c7a1fc4	common_voice_gju_42603956.mp3	bd7126742a9fcc21ad90793b507c4f64c0f8c5e4ce41e502dadd543745d0d54c	ایک دھیاڑے میری سنگن نجمہ آئی		2	0	fourties				gju	
e65a8c3ba525042ceba11e102309b2525de4d7748b513787fc3ecc50c13c97654e626571fcdb8a6d96b78af3e6c5bfa95fb0286d8407d9d8d3c867d06c7a1fc4	common_voice_gju_42603955.mp3	ca1fd51e444fb9220effb04747777339bb8b85f9d8e6429904b6f29599c03186	افسر مولوی بنیامین کے ڈیرے آیا		2	0	fourties				gju	
e65a8c3ba525042ceba11e102309b2525de4d7748b513787fc3ecc50c13c97654e626571fcdb8a6d96b78af3e6c5bfa95fb0286d8407d9d8d3c867d06c7a1fc4	common_voice_gju_42603954.mp3	770397b3c827f5b6f135f660c79b55f592694feddf4808fca6aa19f3526c083f	اس صندوق کی کنجی نو لکھیا نا دیتی		2	0	fourties				gju	
e65a8c3ba525042ceba11e102309b2525de4d7748b513787fc3ecc50c13c97654e626571fcdb8a6d96b78af3e6c5bfa95fb0286d8407d9d8d3c867d06c7a1fc4	common_voice_gju_42603953.mp3	b9318d657ae99d5b63afd8b2ae34895ebb6af374a72012795b6c8600e90fe7d8	نہ لاری کو راہ تھو		2	0	fourties				gju	
e65a8c3ba525042ceba11e102309b2525de4d7748b513787fc3ecc50c13c97654e626571fcdb8a6d96b78af3e6c5bfa95fb0286d8407d9d8d3c867d06c7a1fc4	common_voice_gju_42603946.mp3	c4ff1e504a4a75b45fcde593dcc45eca4b257b7f5db490abe1c73eb8878c480a	چنگی سبزی وھے		2	0	fourties				gju	
e65a8c3ba525042ceba11e102309b2525de4d7748b513787fc3ecc50c13c97654e626571fcdb8a6d96b78af3e6c5bfa95fb0286d8407d9d8d3c867d06c7a1fc4	common_voice_gju_42603944.mp3	aeebaa9e5ea54cedf838544e62c351fa49911d6da51a95fa6f0eb4acf58a1ca3	محمد نزیر کھاہری		2	0	fourties				gju	
e65a8c3ba525042ceba11e102309b2525de4d7748b513787fc3ecc50c13c97654e626571fcdb8a6d96b78af3e6c5bfa95fb0286d8407d9d8d3c867d06c7a1fc4	common_voice_gju_42603943.mp3	c9b72911d046aba2c301414b1a0da390b0f838d35a43658f08759ad74b61440f	ایک بکری گُم گئی		2	0	fourties				gju	
e65a8c3ba525042ceba11e102309b2525de4d7748b513787fc3ecc50c13c97654e626571fcdb8a6d96b78af3e6c5bfa95fb0286d8407d9d8d3c867d06c7a1fc4	common_voice_gju_42603940.mp3	914db1e07e578207107caaaca8e7fc3cd9e780da4f878555c08b244d1af173d6	ماس کَپ کے پکھنی کا منہ ما گھلیو		2	0	fourties				gju	
e65a8c3ba525042ceba11e102309b2525de4d7748b513787fc3ecc50c13c97654e626571fcdb8a6d96b78af3e6c5bfa95fb0286d8407d9d8d3c867d06c7a1fc4	common_voice_gju_42603937.mp3	ac05193dad870d66be8e1b7740658bce9844b9897fbf909c347a67c81d153f0f	ایک منٹ کھڑو ہو		2	0	fourties				gju	
e65a8c3ba525042ceba11e102309b2525de4d7748b513787fc3ecc50c13c97654e626571fcdb8a6d96b78af3e6c5bfa95fb0286d8407d9d8d3c867d06c7a1fc4	common_voice_gju_42603936.mp3	cf747bb44b263a094ac6710cb54cf506a0e47dcfbb41c3ff0a02bf41c52d1a8a	وہ بُڑاوائی آن کے ڈاکٹر		2	0	fourties				gju	
e65a8c3ba525042ceba11e102309b2525de4d7748b513787fc3ecc50c13c97654e626571fcdb8a6d96b78af3e6c5bfa95fb0286d8407d9d8d3c867d06c7a1fc4	common_voice_gju_42603935.mp3	cf54a68f0ebe8f054299ed9701af47323cac2f15652c440258c17505f8d00938	وہ اس تا دوڑ آیو		2	0	fourties				gju	
e65a8c3ba525042ceba11e102309b2525de4d7748b513787fc3ecc50c13c97654e626571fcdb8a6d96b78af3e6c5bfa95fb0286d8407d9d8d3c867d06c7a1fc4	common_voice_gju_42603934.mp3	b51fb216d66cce9a8af3e6a9aa6b2aec990693ce607e599c8ec887d25249686a	عصر کی نماز نا دیگر کی نماز کہیں۔		2	0	fourties				gju	
e65a8c3ba525042ceba11e102309b2525de4d7748b513787fc3ecc50c13c97654e626571fcdb8a6d96b78af3e6c5bfa95fb0286d8407d9d8d3c867d06c7a1fc4	common_voice_gju_42603933.mp3	ba392f4d34a2538b7a36dd2c91d84146b132128acd0c834d919de051df6661b3	راہ ما نوسیری کولے حاجی صاحب کا دُوجا بھائی محمد ساجد		2	0	fourties				gju	
e65a8c3ba525042ceba11e102309b2525de4d7748b513787fc3ecc50c13c97654e626571fcdb8a6d96b78af3e6c5bfa95fb0286d8407d9d8d3c867d06c7a1fc4	common_voice_gju_42603932.mp3	c2ad1e3854ea91c067a3760d12b876d5234334f8dabcc279413f38b734c2edd3	ویہ ہس بھی گئی		2	0	fourties				gju	
e65a8c3ba525042ceba11e102309b2525de4d7748b513787fc3ecc50c13c97654e626571fcdb8a6d96b78af3e6c5bfa95fb0286d8407d9d8d3c867d06c7a1fc4	common_voice_gju_42603931.mp3	bf814ead2ce307d36b083d0c72380b885be1dfbb5e51bde7e7972ad1cf9d9348	اُت بلادری کا لوک بے پوہچ آیا		2	0	fourties				gju	
e65a8c3ba525042ceba11e102309b2525de4d7748b513787fc3ecc50c13c97654e626571fcdb8a6d96b78af3e6c5bfa95fb0286d8407d9d8d3c867d06c7a1fc4	common_voice_gju_42603930.mp3	7878f4d685504990781001c22dfad30099536c76b490b86603a42634e47eb5b6	ویہ ہر کَم اپنا ٹیم پو کرے تھا		2	0	fourties				gju	
e65a8c3ba525042ceba11e102309b2525de4d7748b513787fc3ecc50c13c97654e626571fcdb8a6d96b78af3e6c5bfa95fb0286d8407d9d8d3c867d06c7a1fc4	common_voice_gju_42603929.mp3	c99cb8061803c04f8d01160451db87b1ed6ccf2e1a6b98e15991be1f997297e8	ٹھیک ہے‘‘		2	0	fourties				gju	
e65a8c3ba525042ceba11e102309b2525de4d7748b513787fc3ecc50c13c97654e626571fcdb8a6d96b78af3e6c5bfa95fb0286d8407d9d8d3c867d06c7a1fc4	common_voice_gju_42603928.mp3	9f687892a8d39668db242f0fea7281dcbd0af0dede2018e2a6b7bf3a8fe2478d	بکری شِیکی		2	0	fourties				gju	
e65a8c3ba525042ceba11e102309b2525de4d7748b513787fc3ecc50c13c97654e626571fcdb8a6d96b78af3e6c5bfa95fb0286d8407d9d8d3c867d06c7a1fc4	common_voice_gju_42603927.mp3	9a2cb2fc674af609757195997a84d3136e3f984f3e299e1cb3596b3608636f5d	دینہا ہوں آپ رہوں گو		2	0	fourties				gju	
e65a8c3ba525042ceba11e102309b2525de4d7748b513787fc3ecc50c13c97654e626571fcdb8a6d96b78af3e6c5bfa95fb0286d8407d9d8d3c867d06c7a1fc4	common_voice_gju_42603926.mp3	ccc22d6c0afa72695e6cb31552e055da4749d2299ec98473832f3428bf0c99b3	مور ا کا منہ پو ایک بڑی بھاری گَٹی دھری		2	0	fourties				gju	
e65a8c3ba525042ceba11e102309b2525de4d7748b513787fc3ecc50c13c97654e626571fcdb8a6d96b78af3e6c5bfa95fb0286d8407d9d8d3c867d06c7a1fc4	common_voice_gju_42603924.mp3	97a83ca27f063c57669929ebe8e74adf8ea4b9016456a22bf48633a9937cf962	” مِل جُل کے کَم کرنو “		2	0	fourties				gju	
e65a8c3ba525042ceba11e102309b2525de4d7748b513787fc3ecc50c13c97654e626571fcdb8a6d96b78af3e6c5bfa95fb0286d8407d9d8d3c867d06c7a1fc4	common_voice_gju_42603923.mp3	c65a919ffbce818d009f95b76f21ca3669ea36b4a3eed43da09f0108cde53498	منیر کا دو گھوڑا تھا		2	0	fourties				gju	
e65a8c3ba525042ceba11e102309b2525de4d7748b513787fc3ecc50c13c97654e626571fcdb8a6d96b78af3e6c5bfa95fb0286d8407d9d8d3c867d06c7a1fc4	common_voice_gju_42603922.mp3	bc3b4dde727dca9aaf5c56536668b9501ba08c8e549a152d90a86ce918da6a0c	کَٹھا کو		2	0	fourties				gju	
e65a8c3ba525042ceba11e102309b2525de4d7748b513787fc3ecc50c13c97654e626571fcdb8a6d96b78af3e6c5bfa95fb0286d8407d9d8d3c867d06c7a1fc4	common_voice_gju_42603917.mp3	634c667bbbd77eb126fd00533b51fa8d377cb160ba8d1be91351b64bb64e09b1	کاہڈ وہ جاتک جوان ہو گیو		2	0	fourties				gju	
e65a8c3ba525042ceba11e102309b2525de4d7748b513787fc3ecc50c13c97654e626571fcdb8a6d96b78af3e6c5bfa95fb0286d8407d9d8d3c867d06c7a1fc4	common_voice_gju_42603915.mp3	8d0fc813448ce5b415bbccdf29facf7a36d05f1df972e4f9494e04abf5beeb8c	کاہڈ اِنھ کو مال		2	0	fourties				gju	
e65a8c3ba525042ceba11e102309b2525de4d7748b513787fc3ecc50c13c97654e626571fcdb8a6d96b78af3e6c5bfa95fb0286d8407d9d8d3c867d06c7a1fc4	common_voice_gju_42603914.mp3	b540e1565a0301e88a0fd149f3913f0769a6bb96256684db8e9603a18a2f716c	بھیڈ آنی تے چاہ کئی۔		2	0	fourties				gju	
e65a8c3ba525042ceba11e102309b2525de4d7748b513787fc3ecc50c13c97654e626571fcdb8a6d96b78af3e6c5bfa95fb0286d8407d9d8d3c867d06c7a1fc4	common_voice_gju_42603913.mp3	bf8eb3f71044bf1dd3ca9e062cb86185e27e320c52f2e94afe9f41b6b5f87a29	سارا غرق نہ ہو جاں		2	0	fourties				gju	
e65a8c3ba525042ceba11e102309b2525de4d7748b513787fc3ecc50c13c97654e626571fcdb8a6d96b78af3e6c5bfa95fb0286d8407d9d8d3c867d06c7a1fc4	common_voice_gju_42603908.mp3	c84060ab3916d019f93c4b81d40c7e11d36e9e1b8e3314524a606b7871860db9	راکھاں نے سمجھیو جے یوہ جنو		2	0	fourties				gju	
e65a8c3ba525042ceba11e102309b2525de4d7748b513787fc3ecc50c13c97654e626571fcdb8a6d96b78af3e6c5bfa95fb0286d8407d9d8d3c867d06c7a1fc4	common_voice_gju_42603905.mp3	cfed38067d7948fe93349405ccd95473bee1eeefc84275e0266a11370ce863bc	نپ نہ سکیو		2	0	fourties				gju	
e65a8c3ba525042ceba11e102309b2525de4d7748b513787fc3ecc50c13c97654e626571fcdb8a6d96b78af3e6c5bfa95fb0286d8407d9d8d3c867d06c7a1fc4	common_voice_gju_42603904.mp3	956e3a7e2b9a690bdb2910d09304066b112040e9a76b90fc0852501accf241c7	بکروال لوکاں کو یوہ ایک مُچ بڑو مسلو تھو۔		2	0	fourties				gju	
e65a8c3ba525042ceba11e102309b2525de4d7748b513787fc3ecc50c13c97654e626571fcdb8a6d96b78af3e6c5bfa95fb0286d8407d9d8d3c867d06c7a1fc4	common_voice_gju_42603903.mp3	a6a01f06415d42756ff283277f014c3251d6eb1a0a62e5d4f306247180720be7	لوک بر اپنی اپنی جا ما تھا		2	0	fourties				gju	
e65a8c3ba525042ceba11e102309b2525de4d7748b513787fc3ecc50c13c97654e626571fcdb8a6d96b78af3e6c5bfa95fb0286d8407d9d8d3c867d06c7a1fc4	common_voice_gju_42603902.mp3	baf464f83045a50d575d8fddc393dd25e3c1ef45cac0ae90e24287b61c68d3f0	دراوا کو راہ پو ٹُر گیا		2	0	fourties				gju	
e65a8c3ba525042ceba11e102309b2525de4d7748b513787fc3ecc50c13c97654e626571fcdb8a6d96b78af3e6c5bfa95fb0286d8407d9d8d3c867d06c7a1fc4	common_voice_gju_42603898.mp3	ca7e125074748baad5e4c3a59b5cef8590ec93d93c80f9b163ebe4b75cc27c65	لوکاں نے قبر کڈھ کے دوجے دھیاڑے جنازو دَب چھُڑیو		2	0	fourties				gju	
e65a8c3ba525042ceba11e102309b2525de4d7748b513787fc3ecc50c13c97654e626571fcdb8a6d96b78af3e6c5bfa95fb0286d8407d9d8d3c867d06c7a1fc4	common_voice_gju_42603897.mp3	d074c4b9f8e8a052e177fd37f46b0dd3b45bcc92018feb303c871e1334718c75	کاہڈ منا کِس نے کہیو جے یہ تنّا بکری نہیہ دیتا		2	0	fourties				gju	
e65a8c3ba525042ceba11e102309b2525de4d7748b513787fc3ecc50c13c97654e626571fcdb8a6d96b78af3e6c5bfa95fb0286d8407d9d8d3c867d06c7a1fc4	common_voice_gju_42603896.mp3	ced80ad8fd9eaa0c41f71bd1961a6a5de68ced7832f625c03b1495ab24288435	لوکاں کول کھان		2	0	fourties				gju	
e65a8c3ba525042ceba11e102309b2525de4d7748b513787fc3ecc50c13c97654e626571fcdb8a6d96b78af3e6c5bfa95fb0286d8407d9d8d3c867d06c7a1fc4	common_voice_gju_42603893.mp3	72b0c762b2776e703c5ab114d595e8608e0b10f42c582d714e8d433bc9f66110	وُہ اِکے سکول ما ماشٹر		2	0	fourties				gju	
e65a8c3ba525042ceba11e102309b2525de4d7748b513787fc3ecc50c13c97654e626571fcdb8a6d96b78af3e6c5bfa95fb0286d8407d9d8d3c867d06c7a1fc4	common_voice_gju_42603892.mp3	b9a3ab8c6d4179147d8ef8b9022c373a78e6938eea225e147e28b18a866765de	میں ڈِٹھو		2	0	fourties				gju	
e65a8c3ba525042ceba11e102309b2525de4d7748b513787fc3ecc50c13c97654e626571fcdb8a6d96b78af3e6c5bfa95fb0286d8407d9d8d3c867d06c7a1fc4	common_voice_gju_42603891.mp3	b96a027f9648b7feec5ba233779a16db1c411e8b8fd3bdc08ac671d101952e66	کے دیکھے جے سچ بو راکھا نے اُنھ کی ساری بکری شیک کے اَگے دھری وو		2	0	fourties				gju	
e65a8c3ba525042ceba11e102309b2525de4d7748b513787fc3ecc50c13c97654e626571fcdb8a6d96b78af3e6c5bfa95fb0286d8407d9d8d3c867d06c7a1fc4	common_voice_gju_42603890.mp3	d0be11f820ecaa648a5b249ed3c58c47f55e14383d1f3763270861e800bf6ba8	ایک کچر		2	0	fourties				gju	
e65a8c3ba525042ceba11e102309b2525de4d7748b513787fc3ecc50c13c97654e626571fcdb8a6d96b78af3e6c5bfa95fb0286d8407d9d8d3c867d06c7a1fc4	common_voice_gju_42603888.mp3	8b676cfd85709ae17bcd51a30e3d56cb6103ffb8c54a5817d178f57cadd3b63f	میری ماں کہن لگی ” میرو خیال		2	0	fourties				gju	
e65a8c3ba525042ceba11e102309b2525de4d7748b513787fc3ecc50c13c97654e626571fcdb8a6d96b78af3e6c5bfa95fb0286d8407d9d8d3c867d06c7a1fc4	common_voice_gju_42603885.mp3	c93d296ceb094eb64684c66c95ff6901b26d432d0303ab8987df61ff0209fe42	نساپے دُھپ لگ گئی		2	0	fourties				gju	
e65a8c3ba525042ceba11e102309b2525de4d7748b513787fc3ecc50c13c97654e626571fcdb8a6d96b78af3e6c5bfa95fb0286d8407d9d8d3c867d06c7a1fc4	common_voice_gju_42603884.mp3	be55cffd704ecd35ad702f75b01fcf10293945ca23d423f90782b774d04168ac	گلی ما اِن م پورات ہو گئی		2	0	fourties				gju	
e65a8c3ba525042ceba11e102309b2525de4d7748b513787fc3ecc50c13c97654e626571fcdb8a6d96b78af3e6c5bfa95fb0286d8407d9d8d3c867d06c7a1fc4	common_voice_gju_42603883.mp3	a13633687f2984a60b99c0bb607043d6950373c560d57ca6723debea851e40d7	اِت انھ نے تمُو لایا		2	0	fourties				gju	
e65a8c3ba525042ceba11e102309b2525de4d7748b513787fc3ecc50c13c97654e626571fcdb8a6d96b78af3e6c5bfa95fb0286d8407d9d8d3c867d06c7a1fc4	common_voice_gju_42603882.mp3	61bb0033a6516573cd65bd582fff00a88d02f4016ad42059d3d68caf01b7caa8	میں سوچیو یہ باہر کا بکر ا		2	0	fourties				gju	
e65a8c3ba525042ceba11e102309b2525de4d7748b513787fc3ecc50c13c97654e626571fcdb8a6d96b78af3e6c5bfa95fb0286d8407d9d8d3c867d06c7a1fc4	common_voice_gju_42603881.mp3	c00aaf38e8f36adcc41f9f77c74cf74f94c7c67926b9f9497fa0db51d47fa0c2	ویہ شے ہمنا ایک جا کر کے پکانی چاہیے		2	0	fourties				gju	
e65a8c3ba525042ceba11e102309b2525de4d7748b513787fc3ecc50c13c97654e626571fcdb8a6d96b78af3e6c5bfa95fb0286d8407d9d8d3c867d06c7a1fc4	common_voice_gju_42603873.mp3	990c75d359ab7c9ee751cd1e2a3ad6da8c73bb790f7b18a69a721e4f7bf59939	اُس جا ما ہسپتا ل بے اِنھ لوکاں		2	0	fourties				gju	
e65a8c3ba525042ceba11e102309b2525de4d7748b513787fc3ecc50c13c97654e626571fcdb8a6d96b78af3e6c5bfa95fb0286d8407d9d8d3c867d06c7a1fc4	common_voice_gju_42603872.mp3	cf3817a10a1cffdfd2b3f79b30454a02efc4b8118191676db54f647a4225e45b	کچر جہڑی تنہاں پل ما پھسی وی تھی ویہ بے بھا ر سٹ کے تنہاں زمینداراں کا پاس تا چل گئی		2	0	fourties				gju	
e65a8c3ba525042ceba11e102309b2525de4d7748b513787fc3ecc50c13c97654e626571fcdb8a6d96b78af3e6c5bfa95fb0286d8407d9d8d3c867d06c7a1fc4	common_voice_gju_42603871.mp3	bbb613b2023077ab8074db5dc2e1b611eb4b6167f6e5f19c051abf166fec406f	میرو باپ کوئی مُچ امیر جنو		2	0	fourties				gju	
e65a8c3ba525042ceba11e102309b2525de4d7748b513787fc3ecc50c13c97654e626571fcdb8a6d96b78af3e6c5bfa95fb0286d8407d9d8d3c867d06c7a1fc4	common_voice_gju_42603870.mp3	b05ea113af78d9dc3ac4672c4b9b27c4623f223b1867670a545334707fadf842	پٹھاناں کی ایک دھیانی ائی		2	0	fourties				gju	
e65a8c3ba525042ceba11e102309b2525de4d7748b513787fc3ecc50c13c97654e626571fcdb8a6d96b78af3e6c5bfa95fb0286d8407d9d8d3c867d06c7a1fc4	common_voice_gju_42603869.mp3	cbd0fe8f5c5a1041c69b697e7856f1879526d16bace6787432286eaef2a74c7e	اُت وَلا کو ڈیرو		2	0	fourties				gju	
e65a8c3ba525042ceba11e102309b2525de4d7748b513787fc3ecc50c13c97654e626571fcdb8a6d96b78af3e6c5bfa95fb0286d8407d9d8d3c867d06c7a1fc4	common_voice_gju_42603868.mp3	ccbec34ed7aa78cf7cdffde3c20779e608e93d025ddc1564898663f68cbaed39	تاں خپا ہے		2	0	fourties				gju	
e65a8c3ba525042ceba11e102309b2525de4d7748b513787fc3ecc50c13c97654e626571fcdb8a6d96b78af3e6c5bfa95fb0286d8407d9d8d3c867d06c7a1fc4	common_voice_gju_42603866.mp3	b751978c88a2e0427228b873858e7ebfff1e8fa50bbefa1b0fefdd43dbcc502e	ست چیدین پانی کا ضرورت ہے‘‘		2	0	fourties				gju	
e65a8c3ba525042ceba11e102309b2525de4d7748b513787fc3ecc50c13c97654e626571fcdb8a6d96b78af3e6c5bfa95fb0286d8407d9d8d3c867d06c7a1fc4	common_voice_gju_42603865.mp3	cf1d88a94d24fe9689278289e9d37f68b6ab756bf8cb4a4c86461327608493c2	نہ پھل فروٹ آنیوں		2	0	fourties				gju	
e65a8c3ba525042ceba11e102309b2525de4d7748b513787fc3ecc50c13c97654e626571fcdb8a6d96b78af3e6c5bfa95fb0286d8407d9d8d3c867d06c7a1fc4	common_voice_gju_42603864.mp3	be40f2cd0c558164c6cd83707264f84e76d2bbae5e8d3debaff8d03a9cae3071	سامان پَل		2	0	fourties				gju	
e65a8c3ba525042ceba11e102309b2525de4d7748b513787fc3ecc50c13c97654e626571fcdb8a6d96b78af3e6c5bfa95fb0286d8407d9d8d3c867d06c7a1fc4	common_voice_gju_42603863.mp3	ce10f42f861c40d748ccb854d86a780ac0fc8f3dea86493216b4c270d5addcc1	جنازا کا پوہچن نال ہی ویہ بھی آ گیا۔		2	0	fourties				gju	
e65a8c3ba525042ceba11e102309b2525de4d7748b513787fc3ecc50c13c97654e626571fcdb8a6d96b78af3e6c5bfa95fb0286d8407d9d8d3c867d06c7a1fc4	common_voice_gju_42603861.mp3	c13946a87f3d000c351f5b5569f2a3ac0af16d7cd7925aa9dcc888c250992250	اپنی گوجری زبان ما لکھن		2	0	fourties				gju	
e65a8c3ba525042ceba11e102309b2525de4d7748b513787fc3ecc50c13c97654e626571fcdb8a6d96b78af3e6c5bfa95fb0286d8407d9d8d3c867d06c7a1fc4	common_voice_gju_42603860.mp3	cebccb97e4a52f8ff3809502f4c0ac9e1664cb913820e05cd3d7a763253d4c45	وہ بھی جا کے اُسے بادشاہ کا سر پو بیٹھو		2	0	fourties				gju	
e65a8c3ba525042ceba11e102309b2525de4d7748b513787fc3ecc50c13c97654e626571fcdb8a6d96b78af3e6c5bfa95fb0286d8407d9d8d3c867d06c7a1fc4	common_voice_gju_42603859.mp3	83ccfb4cf76ba5bfd1626befaefeeaf19d9f82e6c79a875e9bf569abd2ff1932	فر ویہ نس گیا		2	0	fourties				gju	
e65a8c3ba525042ceba11e102309b2525de4d7748b513787fc3ecc50c13c97654e626571fcdb8a6d96b78af3e6c5bfa95fb0286d8407d9d8d3c867d06c7a1fc4	common_voice_gju_42603853.mp3	c2e5c8a473873019c3978ba12e114c7cda3581104b745f6af8fcf93a8ce9b1a6	بادشاہ ایو		2	0	fourties				gju	
e65a8c3ba525042ceba11e102309b2525de4d7748b513787fc3ecc50c13c97654e626571fcdb8a6d96b78af3e6c5bfa95fb0286d8407d9d8d3c867d06c7a1fc4	common_voice_gju_42603852.mp3	afb63d9c189a43a4c8bc58d66674cfd2cad300c8afbf64918932d80fe06259ee	نَس کے چل گیا		2	1	fourties				gju	
e65a8c3ba525042ceba11e102309b2525de4d7748b513787fc3ecc50c13c97654e626571fcdb8a6d96b78af3e6c5bfa95fb0286d8407d9d8d3c867d06c7a1fc4	common_voice_gju_42603851.mp3	4dfdfb104faab8aa17d81440f538533a6c3a22d698a0c0b2b452275e8a6018e9	ویہ جنازا نا اُت لے آیا		2	0	fourties				gju	
e65a8c3ba525042ceba11e102309b2525de4d7748b513787fc3ecc50c13c97654e626571fcdb8a6d96b78af3e6c5bfa95fb0286d8407d9d8d3c867d06c7a1fc4	common_voice_gju_42603850.mp3	6cd1bf78e2eb9aee5cb0a04afdc0346a5e34146da83758e9fa483df3795a1ceb	وہ جن نیہہ تھو		2	0	fourties				gju	
e65a8c3ba525042ceba11e102309b2525de4d7748b513787fc3ecc50c13c97654e626571fcdb8a6d96b78af3e6c5bfa95fb0286d8407d9d8d3c867d06c7a1fc4	common_voice_gju_42603849.mp3	c19d098f0a2ec0f7f6968ca5987121f74abf249d2ceda4d0f5a78ab4901f26de	بھربھانو نے یہ جنا بیٹکی لے کے چلتا دیکھیا		2	0	fourties				gju	
e65a8c3ba525042ceba11e102309b2525de4d7748b513787fc3ecc50c13c97654e626571fcdb8a6d96b78af3e6c5bfa95fb0286d8407d9d8d3c867d06c7a1fc4	common_voice_gju_42603848.mp3	c20139394c754c218553b5e28f0595dc476afb9fb1138ea79980248d7ea3d22b	منہ دھونو، دوئے ہتھ کہنیاں سمیت دھونا،مسحو کرنو،گٹاں سمیت پیر دھونا۔		2	0	fourties				gju	
e65a8c3ba525042ceba11e102309b2525de4d7748b513787fc3ecc50c13c97654e626571fcdb8a6d96b78af3e6c5bfa95fb0286d8407d9d8d3c867d06c7a1fc4	common_voice_gju_42603847.mp3	b208ba115e9a43771bafa6a2009c9a704f259690f7faf1284dc2fe8c980aebb7	رات اُت اِنھاں نے تمو لایا		2	0	fourties				gju	
e65a8c3ba525042ceba11e102309b2525de4d7748b513787fc3ecc50c13c97654e626571fcdb8a6d96b78af3e6c5bfa95fb0286d8407d9d8d3c867d06c7a1fc4	common_voice_gju_42603846.mp3	7940f86f8be1f02ab09e577d41a29480ff498baf25ae62e6aaff3c8a732e11cc	وہ کہن لگو جی میرو گھوڑو بی اِسو ہووے جی وہ بھج نہ سکے		2	0	fourties				gju	
e65a8c3ba525042ceba11e102309b2525de4d7748b513787fc3ecc50c13c97654e626571fcdb8a6d96b78af3e6c5bfa95fb0286d8407d9d8d3c867d06c7a1fc4	common_voice_gju_42603845.mp3	610baf9f52ef5056b8852b699f1810e41bf854932730355da7ba2c3e72c07438	اُتو نپ کے آنیو		2	0	fourties				gju	
e65a8c3ba525042ceba11e102309b2525de4d7748b513787fc3ecc50c13c97654e626571fcdb8a6d96b78af3e6c5bfa95fb0286d8407d9d8d3c867d06c7a1fc4	common_voice_gju_42603844.mp3	c011689fa2ff5dc6f0a081e3d62e4dca3333e9a43a2ceb62fa8ebd7be620d4e6	پری بی بی مر گئی		2	0	fourties				gju	
e65a8c3ba525042ceba11e102309b2525de4d7748b513787fc3ecc50c13c97654e626571fcdb8a6d96b78af3e6c5bfa95fb0286d8407d9d8d3c867d06c7a1fc4	common_voice_gju_42603842.mp3	c8ce765adab277150a7535daf2c9814528d1fb57d4d7e06209b2a9cfdbe78d65	اس بیٹکی کوڑے ایک نِکو جیو صندوق تھو		2	0	fourties				gju	
e65a8c3ba525042ceba11e102309b2525de4d7748b513787fc3ecc50c13c97654e626571fcdb8a6d96b78af3e6c5bfa95fb0286d8407d9d8d3c867d06c7a1fc4	common_voice_gju_42603841.mp3	98fc9b7ed3321525b33a41e4c119dcad319c85290c35e2f0a2a1976530978839	قیوم بانی کو پُوت اعجاز اس حاد ثہ ما مر گیا		2	0	fourties				gju	
e65a8c3ba525042ceba11e102309b2525de4d7748b513787fc3ecc50c13c97654e626571fcdb8a6d96b78af3e6c5bfa95fb0286d8407d9d8d3c867d06c7a1fc4	common_voice_gju_42603840.mp3	7b2cb754587999dc464d7801bf83b5cff203ddd470505a38b8a434c9a57c4072	جھَنڈاں ہالی کول اِنھاں نے روجاں کی عید کری کُجھ دھیاڑا اُت رہ کے اُٹھیا		2	0	fourties				gju	
e65a8c3ba525042ceba11e102309b2525de4d7748b513787fc3ecc50c13c97654e626571fcdb8a6d96b78af3e6c5bfa95fb0286d8407d9d8d3c867d06c7a1fc4	common_voice_gju_42603839.mp3	9d3a408999e7adbced6f8bf481c0cc15deb5c2dcc4564a72657101e8abd6cd74	پندرمو واقعو		2	0	fourties				gju	
e65a8c3ba525042ceba11e102309b2525de4d7748b513787fc3ecc50c13c97654e626571fcdb8a6d96b78af3e6c5bfa95fb0286d8407d9d8d3c867d06c7a1fc4	common_voice_gju_42603832.mp3	a40db86aca7c354402768fe87cd6f1c5f54ca5a3bac0795cc2828320f7132148	اس کا جاتک اس کا جنازہ ما نہ پوہچ سکیا		2	0	fourties				gju	
e65a8c3ba525042ceba11e102309b2525de4d7748b513787fc3ecc50c13c97654e626571fcdb8a6d96b78af3e6c5bfa95fb0286d8407d9d8d3c867d06c7a1fc4	common_voice_gju_42603831.mp3	a2c3b7d040ffc4789cfe1cfa1138e4f55f9a14f8b97060de0dba37ccbb77bbc7	ہوں اس نا ہسپتال ما داخل کرا کے آیو		2	0	fourties				gju	
e65a8c3ba525042ceba11e102309b2525de4d7748b513787fc3ecc50c13c97654e626571fcdb8a6d96b78af3e6c5bfa95fb0286d8407d9d8d3c867d06c7a1fc4	common_voice_gju_42603830.mp3	a6863a3ec4bcacefcc3ab8f9ca0acd77c2540b94efb8e6ee2817078ec3b1a807	دُکھ کی چھاں		2	0	fourties				gju	
e65a8c3ba525042ceba11e102309b2525de4d7748b513787fc3ecc50c13c97654e626571fcdb8a6d96b78af3e6c5bfa95fb0286d8407d9d8d3c867d06c7a1fc4	common_voice_gju_42603826.mp3	ac7003737323425a3f257b544077a7d7f5a4bb69455d26cf5516b71b007c74c9	اس کو جہیڑو مال بنے وہ بھی دیوں		2	0	fourties				gju	
e65a8c3ba525042ceba11e102309b2525de4d7748b513787fc3ecc50c13c97654e626571fcdb8a6d96b78af3e6c5bfa95fb0286d8407d9d8d3c867d06c7a1fc4	common_voice_gju_42603821.mp3	c42323feb1031b060149f22c4d42eba4b89bf85a0913bd74e8483a0be8191fdc	یہ سوال نیہہ پُچھ سکتی		2	0	fourties				gju	
e65a8c3ba525042ceba11e102309b2525de4d7748b513787fc3ecc50c13c97654e626571fcdb8a6d96b78af3e6c5bfa95fb0286d8407d9d8d3c867d06c7a1fc4	common_voice_gju_42603819.mp3	c289aa0f75b66fce7b72b0e1ad3099b7b0c9c988129afd0eaaf6f06fc2385c12	نزیر چوہان		2	0	fourties				gju	
e65a8c3ba525042ceba11e102309b2525de4d7748b513787fc3ecc50c13c97654e626571fcdb8a6d96b78af3e6c5bfa95fb0286d8407d9d8d3c867d06c7a1fc4	common_voice_gju_42603817.mp3	b9bfe4ce900a4bf6148975d8094b5d3b8c3e11864ff884a78e0c48c1a7e1a887	ہوں گلی		2	0	fourties				gju	
e65a8c3ba525042ceba11e102309b2525de4d7748b513787fc3ecc50c13c97654e626571fcdb8a6d96b78af3e6c5bfa95fb0286d8407d9d8d3c867d06c7a1fc4	common_voice_gju_42603816.mp3	b0cc91b24e51c5852247ae163c52b0702d70fbaf87a0c68e9dba7debfec57f70	رات بھی چنگو راڑو تھو		2	0	fourties				gju	
e65a8c3ba525042ceba11e102309b2525de4d7748b513787fc3ecc50c13c97654e626571fcdb8a6d96b78af3e6c5bfa95fb0286d8407d9d8d3c867d06c7a1fc4	common_voice_gju_42603814.mp3	7c983e973cbaa1351d4948d841cc7a655183fbb1b4bbcb5ff6c3894397f808f1	کائے شے لے کے نہ کھانیے		2	0	fourties				gju	
e65a8c3ba525042ceba11e102309b2525de4d7748b513787fc3ecc50c13c97654e626571fcdb8a6d96b78af3e6c5bfa95fb0286d8407d9d8d3c867d06c7a1fc4	common_voice_gju_42603812.mp3	c094bc29793cad98e0e598b54bd6811416793403ea6c67507842a8a928484020	اُت ایک جنو آیو کہن لگو اس جاتک نا ہوں ساموں گو		2	0	fourties				gju	
e65a8c3ba525042ceba11e102309b2525de4d7748b513787fc3ecc50c13c97654e626571fcdb8a6d96b78af3e6c5bfa95fb0286d8407d9d8d3c867d06c7a1fc4	common_voice_gju_42603806.mp3	c45fd51246add695e27a44b9c8a891d28006de533b79a2017711ac8eb9e4ffa6	اس کی واہ رچھنی کی کھادی وی بانہہ بے کار ہو گئی		2	0	fourties				gju	
e65a8c3ba525042ceba11e102309b2525de4d7748b513787fc3ecc50c13c97654e626571fcdb8a6d96b78af3e6c5bfa95fb0286d8407d9d8d3c867d06c7a1fc4	common_voice_gju_42603805.mp3	6a995afa513323c93c0266494de56b0be0c6e4af3e3e2d66130b972a1ec715f1	بکری رہ گئی باقی ست		2	0	fourties				gju	
e65a8c3ba525042ceba11e102309b2525de4d7748b513787fc3ecc50c13c97654e626571fcdb8a6d96b78af3e6c5bfa95fb0286d8407d9d8d3c867d06c7a1fc4	common_voice_gju_42603803.mp3	cc62683e781e18f8dc79d56a3ec056393389506b41b2bea81c0fbfe5fb42f4b9	اس کے اَگے ایک بھانڈا ما روٹی کُٹ کے چھوڈ دِتی		2	0	fourties				gju	
e65a8c3ba525042ceba11e102309b2525de4d7748b513787fc3ecc50c13c97654e626571fcdb8a6d96b78af3e6c5bfa95fb0286d8407d9d8d3c867d06c7a1fc4	common_voice_gju_42603802.mp3	c30abfbbad2f44a9b2b31a6cc89455c754d5f0c07af2ed5143ad37d9667fe69a	واہ دھیانی اپنا جنا لے کے مُڑ آئی		2	0	fourties				gju	
e65a8c3ba525042ceba11e102309b2525de4d7748b513787fc3ecc50c13c97654e626571fcdb8a6d96b78af3e6c5bfa95fb0286d8407d9d8d3c867d06c7a1fc4	common_voice_gju_42603801.mp3	bd83eade13c55316101419e3d7348c17e6772283aa1b59e904fcaafdf5c8fdc4	نولکھیا نے بڈھی		2	0	fourties				gju	
e65a8c3ba525042ceba11e102309b2525de4d7748b513787fc3ecc50c13c97654e626571fcdb8a6d96b78af3e6c5bfa95fb0286d8407d9d8d3c867d06c7a1fc4	common_voice_gju_42603793.mp3	cc0e2a3106c8e40afe4f20c4747f7271e4674c1d46000077b381d5cb6f48d2e8	چلم چوکی پوہچایا		2	0	fourties				gju	
e65a8c3ba525042ceba11e102309b2525de4d7748b513787fc3ecc50c13c97654e626571fcdb8a6d96b78af3e6c5bfa95fb0286d8407d9d8d3c867d06c7a1fc4	common_voice_gju_42603792.mp3	b63849c07b466e7fc86978dc6fdcb5b1b106a1c8173ede3c70552fcab992d6d0	اُت اِنھ پو مییہ لگ گیو		2	0	fourties				gju	
e65a8c3ba525042ceba11e102309b2525de4d7748b513787fc3ecc50c13c97654e626571fcdb8a6d96b78af3e6c5bfa95fb0286d8407d9d8d3c867d06c7a1fc4	common_voice_gju_42603790.mp3	cac1e15f634a3adb810d975267fb85689b9dc8536252b1a5b8fe346c58078ff4	اونٹھاں ہاڑا نے کہیو جی ٹھیک ہے		2	0	fourties				gju	
e65a8c3ba525042ceba11e102309b2525de4d7748b513787fc3ecc50c13c97654e626571fcdb8a6d96b78af3e6c5bfa95fb0286d8407d9d8d3c867d06c7a1fc4	common_voice_gju_42603789.mp3	573d2801a69cbf408cebb05297565587c6bd2933c996353a901224473516f791	جے ہم سارا مل کے اَگے بدھاں		2	0	fourties				gju	
e65a8c3ba525042ceba11e102309b2525de4d7748b513787fc3ecc50c13c97654e626571fcdb8a6d96b78af3e6c5bfa95fb0286d8407d9d8d3c867d06c7a1fc4	common_voice_gju_42603788.mp3	cd39ec9e9f3c43ab8415ecb1c9dd11a0732a6c830591e99db5ba455d9f6a42a7	اِکو جنو آیو		2	0	fourties				gju	
e65a8c3ba525042ceba11e102309b2525de4d7748b513787fc3ecc50c13c97654e626571fcdb8a6d96b78af3e6c5bfa95fb0286d8407d9d8d3c867d06c7a1fc4	common_voice_gju_42603787.mp3	9d34a0ed6f3924f7cfa1d91862be3ad4061cb6e84329f3b14e24dde53726aed4	کہن لگا توہ مھارے		2	0	fourties				gju	
e65a8c3ba525042ceba11e102309b2525de4d7748b513787fc3ecc50c13c97654e626571fcdb8a6d96b78af3e6c5bfa95fb0286d8407d9d8d3c867d06c7a1fc4	common_voice_gju_42603786.mp3	be50c98808c53254f4869d74ae7ab8e85ce00be04eee3ddd8f40b62133b0ef10	لوکاں کا مُچ اس کا تھوڑا تھا		2	0	fourties				gju	
e65a8c3ba525042ceba11e102309b2525de4d7748b513787fc3ecc50c13c97654e626571fcdb8a6d96b78af3e6c5bfa95fb0286d8407d9d8d3c867d06c7a1fc4	common_voice_gju_42603785.mp3	a743efa70e45d6a7800d58cb59119fa38adff26dd12e2569c9bbcc0413744c37	بادشاہی ا س کی ہو گئی		2	0	fourties				gju	
e65a8c3ba525042ceba11e102309b2525de4d7748b513787fc3ecc50c13c97654e626571fcdb8a6d96b78af3e6c5bfa95fb0286d8407d9d8d3c867d06c7a1fc4	common_voice_gju_42603783.mp3	c059abfab954f75f4c2b68f1ea8cb8b71e382d6bdaee486c7e4228139abff123	واہ کبھی باکھی منہ موڑے		2	0	fourties				gju	
e65a8c3ba525042ceba11e102309b2525de4d7748b513787fc3ecc50c13c97654e626571fcdb8a6d96b78af3e6c5bfa95fb0286d8407d9d8d3c867d06c7a1fc4	common_voice_gju_42603782.mp3	9c97494923b5d3588226a0bd6d598e203cfe0dfd444189af2ca5fdf38c05196a	بلا نے اِنھ کو کَڑھیو وو دُدھ بے پی لیو		2	0	fourties				gju	
e65a8c3ba525042ceba11e102309b2525de4d7748b513787fc3ecc50c13c97654e626571fcdb8a6d96b78af3e6c5bfa95fb0286d8407d9d8d3c867d06c7a1fc4	common_voice_gju_42603781.mp3	a271d05659eb319657534ff2df5efea4facb26a02c2e2f153da9d1f96a005d61	یوب چا چا کا پُوت بکری لے کے اٹھمقام پوہچ گیا تھا		2	0	fourties				gju	
e65a8c3ba525042ceba11e102309b2525de4d7748b513787fc3ecc50c13c97654e626571fcdb8a6d96b78af3e6c5bfa95fb0286d8407d9d8d3c867d06c7a1fc4	common_voice_gju_42603780.mp3	a82ff510558ae1ab02763a16903689ffde1043237d54f0572aca15f37f05bd63	مکھن		2	0	fourties				gju	
e65a8c3ba525042ceba11e102309b2525de4d7748b513787fc3ecc50c13c97654e626571fcdb8a6d96b78af3e6c5bfa95fb0286d8407d9d8d3c867d06c7a1fc4	common_voice_gju_42603779.mp3	9b51b39ebe09ae56dd7c3fec1a0af58c2f8171216a7703eab044d7b188371e02	اُس جنا نے لوہار		2	0	fourties				gju	
e65a8c3ba525042ceba11e102309b2525de4d7748b513787fc3ecc50c13c97654e626571fcdb8a6d96b78af3e6c5bfa95fb0286d8407d9d8d3c867d06c7a1fc4	common_voice_gju_42603775.mp3	befca153e0f1d53f5fee20aef6cb8d5e12b8158dfe0c05cb2cc091a8605e2a4e	اِنھ کا بیمار ہسپتال ما پوہچ نیہہ سکتا		2	0	fourties				gju	
e65a8c3ba525042ceba11e102309b2525de4d7748b513787fc3ecc50c13c97654e626571fcdb8a6d96b78af3e6c5bfa95fb0286d8407d9d8d3c867d06c7a1fc4	common_voice_gju_42603774.mp3	b5eff33d13c9cf3ac67e27eee6cd9dde41a13ee4cc83fc9ba5b663674028ace7	اُنھاں نے یوہ چایو		2	0	fourties				gju	
e65a8c3ba525042ceba11e102309b2525de4d7748b513787fc3ecc50c13c97654e626571fcdb8a6d96b78af3e6c5bfa95fb0286d8407d9d8d3c867d06c7a1fc4	common_voice_gju_42603773.mp3	a229a54bfab36f34dd975badf8d981538365565497f940b8f9203068cf8e872d	ترے دھیاڑاں کاہڈ نماشاں بکری دواریاں ما پوہچی		2	0	fourties				gju	
e65a8c3ba525042ceba11e102309b2525de4d7748b513787fc3ecc50c13c97654e626571fcdb8a6d96b78af3e6c5bfa95fb0286d8407d9d8d3c867d06c7a1fc4	common_voice_gju_42603771.mp3	c8b2336ee1e7e55aca1261ea9767ad625db65565537cfa112faa9a683ba00863	حاجی صاحب نے کہیو اس کا ڈیرا نا لَدو اِنھ کی کچر پل ما بَدھی وی تھی اِنھاں نے کچر پِیڑی		2	0	fourties				gju	
e65a8c3ba525042ceba11e102309b2525de4d7748b513787fc3ecc50c13c97654e626571fcdb8a6d96b78af3e6c5bfa95fb0286d8407d9d8d3c867d06c7a1fc4	common_voice_gju_42603770.mp3	c1f3e5a3cf5cfbbe26f7d864916bcc442a4faa314f18a0421d023eaf9936e815	اُنھ لوکاں نے کہیو		2	0	fourties				gju	
e65a8c3ba525042ceba11e102309b2525de4d7748b513787fc3ecc50c13c97654e626571fcdb8a6d96b78af3e6c5bfa95fb0286d8407d9d8d3c867d06c7a1fc4	common_voice_gju_42603766.mp3	c89adb5c34b6c3f08898ffb287ce703211a52d4ad9dd3525300c8f294e5d1499	اُتو اس نے بُوبن کا گراں ما ایک ادمی چلایو اُت ایک جنو مولوی تھو جہڑو جِن بھُوت کُڈھے تھو		2	0	fourties				gju	
e65a8c3ba525042ceba11e102309b2525de4d7748b513787fc3ecc50c13c97654e626571fcdb8a6d96b78af3e6c5bfa95fb0286d8407d9d8d3c867d06c7a1fc4	common_voice_gju_42603765.mp3	cb0b7d836b813180c722e1c68a34b332231706926feccf4e651268edfce80e26	شہزادی نے کہیو ٹھیک ہے "		2	0	fourties				gju	
e65a8c3ba525042ceba11e102309b2525de4d7748b513787fc3ecc50c13c97654e626571fcdb8a6d96b78af3e6c5bfa95fb0286d8407d9d8d3c867d06c7a1fc4	common_voice_gju_42603764.mp3	b65d74cf95dc08b43ddfecc20eae9261ac4e15bc34b4115f9fb80262ea616775	اَگے		2	0	fourties				gju	
e65a8c3ba525042ceba11e102309b2525de4d7748b513787fc3ecc50c13c97654e626571fcdb8a6d96b78af3e6c5bfa95fb0286d8407d9d8d3c867d06c7a1fc4	common_voice_gju_42603762.mp3	ae963081982055d9fa522b387394e9ce558b8f46aee113e99c90d94c324fcccb	گھوڑو بھی چنگو چن کے لیو		2	0	fourties				gju	
e65a8c3ba525042ceba11e102309b2525de4d7748b513787fc3ecc50c13c97654e626571fcdb8a6d96b78af3e6c5bfa95fb0286d8407d9d8d3c867d06c7a1fc4	common_voice_gju_42603761.mp3	bdba4cb5986896b83d364b7bf1f0f7423f4cb9f142c396512a23a339d20cc36a	اس قبرستان ما دَب چھُڑیو		2	0	fourties				gju	
e65a8c3ba525042ceba11e102309b2525de4d7748b513787fc3ecc50c13c97654e626571fcdb8a6d96b78af3e6c5bfa95fb0286d8407d9d8d3c867d06c7a1fc4	common_voice_gju_42603760.mp3	b619091c5fd108aed74ee0457e1f1999869537ba211fdcd5c6f9dab221e42362	اپنا سنگی کو منجو بدلا چھڑیو		2	0	fourties				gju	
e65a8c3ba525042ceba11e102309b2525de4d7748b513787fc3ecc50c13c97654e626571fcdb8a6d96b78af3e6c5bfa95fb0286d8407d9d8d3c867d06c7a1fc4	common_voice_gju_42603759.mp3	a68f7571ecf69595561c832beda3e0ffae6c8513113003f2acd48ccb6ad5acb2	دیو نے گٹی پچھاں کر کے چھاڑ ماری		2	0	fourties				gju	
e65a8c3ba525042ceba11e102309b2525de4d7748b513787fc3ecc50c13c97654e626571fcdb8a6d96b78af3e6c5bfa95fb0286d8407d9d8d3c867d06c7a1fc4	common_voice_gju_42603758.mp3	b937556def13a96661db735eba97ec37e3a2e001578a080ebb5d1d0e81b90448	سار ی بکری خیر خرامی تھی		2	0	fourties				gju	
e65a8c3ba525042ceba11e102309b2525de4d7748b513787fc3ecc50c13c97654e626571fcdb8a6d96b78af3e6c5bfa95fb0286d8407d9d8d3c867d06c7a1fc4	common_voice_gju_42603756.mp3	bc2ba44417b6108a8cf3f56dc568dfcfe244cf8c64ffe58ab89f3d79ac1a45ff	غونو غون کا تماشا نا چلاں ‘‘		2	0	fourties				gju	
e65a8c3ba525042ceba11e102309b2525de4d7748b513787fc3ecc50c13c97654e626571fcdb8a6d96b78af3e6c5bfa95fb0286d8407d9d8d3c867d06c7a1fc4	common_voice_gju_42603755.mp3	95d8d30d3d74aadef24f90fb87d3502de1e64abbe10544c2a45b22cfe23558b4	ڈاکٹراں نے وہ چیک شیک کِیو		2	0	fourties				gju	
e65a8c3ba525042ceba11e102309b2525de4d7748b513787fc3ecc50c13c97654e626571fcdb8a6d96b78af3e6c5bfa95fb0286d8407d9d8d3c867d06c7a1fc4	common_voice_gju_42603754.mp3	b3314b0057473638b898592f37291109c60e6d4d2ae12a771980e712286ae06c	منا اپنی بھیڈ چران بسطے ٹھار		2	0	fourties				gju	
e65a8c3ba525042ceba11e102309b2525de4d7748b513787fc3ecc50c13c97654e626571fcdb8a6d96b78af3e6c5bfa95fb0286d8407d9d8d3c867d06c7a1fc4	common_voice_gju_42603753.mp3	bbba8758d10cc14e64cd9d1ebd055e40271bd040d660bbde153859ac321be326	کسے پاس کو ئی ادمی بشر نظر نیہہ آئے		2	0	fourties				gju	
e65a8c3ba525042ceba11e102309b2525de4d7748b513787fc3ecc50c13c97654e626571fcdb8a6d96b78af3e6c5bfa95fb0286d8407d9d8d3c867d06c7a1fc4	common_voice_gju_42603752.mp3	c3ca8894aca6c0030fc1e71fb3265af5f779f75f1e4d375cab36f5c19d954c11	تپوس کرے شہزادی نے کہیو		2	0	fourties				gju	
e65a8c3ba525042ceba11e102309b2525de4d7748b513787fc3ecc50c13c97654e626571fcdb8a6d96b78af3e6c5bfa95fb0286d8407d9d8d3c867d06c7a1fc4	common_voice_gju_42603751.mp3	a4fead033a02b33f08b3180ba0c5c7acbd5a0206b2197049c473fe76155b6d13	ہمنا روٹی بی پکی لبھے گی		2	0	fourties				gju	
e65a8c3ba525042ceba11e102309b2525de4d7748b513787fc3ecc50c13c97654e626571fcdb8a6d96b78af3e6c5bfa95fb0286d8407d9d8d3c867d06c7a1fc4	common_voice_gju_42603750.mp3	b43f5397dbdf889a74b1d74c22e576b13f681c69d23bebf845c0932db11f20ea	اِنھ ترواں گلاں نے وہ ساری عمر بسطے کامیاب کر چھوڈیو		2	0	fourties				gju	
e65a8c3ba525042ceba11e102309b2525de4d7748b513787fc3ecc50c13c97654e626571fcdb8a6d96b78af3e6c5bfa95fb0286d8407d9d8d3c867d06c7a1fc4	common_voice_gju_42603749.mp3	bb11add294ef8b6240d1aa1e14d6577e7d22f48ce807f5884e7728f4b5608d6c	اُس جنا نے کہیو جی اِس کی کتنی قیمت ہے		2	0	fourties				gju	
e65a8c3ba525042ceba11e102309b2525de4d7748b513787fc3ecc50c13c97654e626571fcdb8a6d96b78af3e6c5bfa95fb0286d8407d9d8d3c867d06c7a1fc4	common_voice_gju_42603748.mp3	bba12ff0726908e5d8c0576d1dda1e4990d6300a098320ebc8d36de7287e06e5	ڈیرا تا نہ آ سکیا		2	0	fourties				gju	
e65a8c3ba525042ceba11e102309b2525de4d7748b513787fc3ecc50c13c97654e626571fcdb8a6d96b78af3e6c5bfa95fb0286d8407d9d8d3c867d06c7a1fc4	common_voice_gju_42603747.mp3	c0f7c78b31be25ac64fb1633c9852ef1083afc109d2652612164d4bdef637dbd	رات کِ		2	0	fourties				gju	
e65a8c3ba525042ceba11e102309b2525de4d7748b513787fc3ecc50c13c97654e626571fcdb8a6d96b78af3e6c5bfa95fb0286d8407d9d8d3c867d06c7a1fc4	common_voice_gju_42603746.mp3	b8b456a308d12f4a6a9ed844a56421bc803f0750b544206262184420ca760994	فر جہیڑا آدمی نے ہوں سامیو تھو وہ بے مر گیو اُس کی ٹبری بھی مر گئی جہیڑی نے دودھ پیالیو تھو		2	0	fourties				gju	
e65a8c3ba525042ceba11e102309b2525de4d7748b513787fc3ecc50c13c97654e626571fcdb8a6d96b78af3e6c5bfa95fb0286d8407d9d8d3c867d06c7a1fc4	common_voice_gju_42603745.mp3	c84bc49911699dc66425eec00a196021f0c7de9a939d857f7dd51faf6b385694	باقی سارا مر گیا		2	0	fourties				gju	
e65a8c3ba525042ceba11e102309b2525de4d7748b513787fc3ecc50c13c97654e626571fcdb8a6d96b78af3e6c5bfa95fb0286d8407d9d8d3c867d06c7a1fc4	common_voice_gju_42603744.mp3	99cb9290aa11d6d62dc0c71d25d5c6540478121ce4522a4679d92ea58402981c	اس ناآنوں ہوں اُس نا پھانسی کروں		2	0	fourties				gju	
e65a8c3ba525042ceba11e102309b2525de4d7748b513787fc3ecc50c13c97654e626571fcdb8a6d96b78af3e6c5bfa95fb0286d8407d9d8d3c867d06c7a1fc4	common_voice_gju_42603743.mp3	ab5f9c45ceeec0a86e5c93a80b2db15cda478c3274a574015d81e7174d4e306e	یہ لوک اٹھمقام پوہچ گیا		2	0	fourties				gju	
e65a8c3ba525042ceba11e102309b2525de4d7748b513787fc3ecc50c13c97654e626571fcdb8a6d96b78af3e6c5bfa95fb0286d8407d9d8d3c867d06c7a1fc4	common_voice_gju_42603742.mp3	5af0bfa3298c7dfce43584ea70e67480f5b25ac10dbc3fe4f63ba972cbca50fe	گگئی ما تھا اس کو ڈیرو جنوائی ما پوہچ گیو		2	0	fourties				gju	
e65a8c3ba525042ceba11e102309b2525de4d7748b513787fc3ecc50c13c97654e626571fcdb8a6d96b78af3e6c5bfa95fb0286d8407d9d8d3c867d06c7a1fc4	common_voice_gju_42603741.mp3	be7812a8ce529c96b538688a1386d030f876f8026b43891b27a0364f6189a819	ہن مُڑ کے نیہہ آتو		2	0	fourties				gju	
e65a8c3ba525042ceba11e102309b2525de4d7748b513787fc3ecc50c13c97654e626571fcdb8a6d96b78af3e6c5bfa95fb0286d8407d9d8d3c867d06c7a1fc4	common_voice_gju_42603740.mp3	aebceca575240281d32ba3da9e6e98b474ff27b16aaf657de097add4c5ddb6c5	واہ دھیانی		2	0	fourties				gju	
e65a8c3ba525042ceba11e102309b2525de4d7748b513787fc3ecc50c13c97654e626571fcdb8a6d96b78af3e6c5bfa95fb0286d8407d9d8d3c867d06c7a1fc4	common_voice_gju_42601788.mp3	c4c2796245bfbb0d21ddae184655b14d59692d96cbe3c38c4c48dbeef7e8fcfd	چھ کچر مر گئی تھی		2	0	fourties				gju	
e65a8c3ba525042ceba11e102309b2525de4d7748b513787fc3ecc50c13c97654e626571fcdb8a6d96b78af3e6c5bfa95fb0286d8407d9d8d3c867d06c7a1fc4	common_voice_gju_42601787.mp3	87585d2780ccb1eced27fcc083c91a3671c0369f2d83c3f2e81d78dc90f57d05	اس دھیاڑی ویہ لوک اپنو بادشاہ مقرر کرے تھا		2	0	fourties				gju	
e65a8c3ba525042ceba11e102309b2525de4d7748b513787fc3ecc50c13c97654e626571fcdb8a6d96b78af3e6c5bfa95fb0286d8407d9d8d3c867d06c7a1fc4	common_voice_gju_42601785.mp3	c58cccc3f7d59f294da16b433a7374c6c16bffac16d008aefda47d66777b6b57	یہ مُچ رُنا پِٹیا		2	0	fourties				gju	
e65a8c3ba525042ceba11e102309b2525de4d7748b513787fc3ecc50c13c97654e626571fcdb8a6d96b78af3e6c5bfa95fb0286d8407d9d8d3c867d06c7a1fc4	common_voice_gju_42601776.mp3	c4c5bec05f7779215a8a99a38bb0d99cb47f5ada2aefe989d1ea76f3c4fff64e	کائے شے بے نیہ ہَلے تھی		2	0	fourties				gju	
e65a8c3ba525042ceba11e102309b2525de4d7748b513787fc3ecc50c13c97654e626571fcdb8a6d96b78af3e6c5bfa95fb0286d8407d9d8d3c867d06c7a1fc4	common_voice_gju_42601775.mp3	75df2633be25b7f33bc19da856aad3cfb13a96782a45f5e12de94d5a47abd25b	با اِت بے اس کو علاج نہ ہویو کیوں جے اس کو مُچ ٹیم ہسپتال پوہچاتاں ما لگ گیو		2	0	fourties				gju	
e65a8c3ba525042ceba11e102309b2525de4d7748b513787fc3ecc50c13c97654e626571fcdb8a6d96b78af3e6c5bfa95fb0286d8407d9d8d3c867d06c7a1fc4	common_voice_gju_42601773.mp3	b9aa1dd8a8ef1857a6a321edc8736fff6eeffb33bc92504b1af223f1fafbb8c9	جا کو پاک صاف ہونو۔		2	0	fourties				gju	
e65a8c3ba525042ceba11e102309b2525de4d7748b513787fc3ecc50c13c97654e626571fcdb8a6d96b78af3e6c5bfa95fb0286d8407d9d8d3c867d06c7a1fc4	common_voice_gju_42601772.mp3	a1e4ff9d45a068e1bd3a37c37abbc27c3bdd92affb737adf4de52dd85eaef08e	بیٹکیاں نے مانکا شانکا لایا۔		2	0	fourties				gju	
e65a8c3ba525042ceba11e102309b2525de4d7748b513787fc3ecc50c13c97654e626571fcdb8a6d96b78af3e6c5bfa95fb0286d8407d9d8d3c867d06c7a1fc4	common_voice_gju_42601770.mp3	bc1fe63b4302656ccc6794628ad74e236956f9424439b9999bc4086e514a197c	پہلو روجو بے اُت رکھیو۔		2	0	fourties				gju	
e65a8c3ba525042ceba11e102309b2525de4d7748b513787fc3ecc50c13c97654e626571fcdb8a6d96b78af3e6c5bfa95fb0286d8407d9d8d3c867d06c7a1fc4	common_voice_gju_42601769.mp3	c06b540b65fcb6ab0d36a30369ca4a2a47a33e8a5882d2bb186cfbfccc192eac	اونٹھاں ہاڑا نے کہیو		2	0	fourties				gju	
e65a8c3ba525042ceba11e102309b2525de4d7748b513787fc3ecc50c13c97654e626571fcdb8a6d96b78af3e6c5bfa95fb0286d8407d9d8d3c867d06c7a1fc4	common_voice_gju_42601768.mp3	81f3d048114716fbb94e3a13da4871763c65e50baf46fc59cd009738907ea483	بھی وہ اِنھ سنگیاں نا کہن لگو		2	0	fourties				gju	
e65a8c3ba525042ceba11e102309b2525de4d7748b513787fc3ecc50c13c97654e626571fcdb8a6d96b78af3e6c5bfa95fb0286d8407d9d8d3c867d06c7a1fc4	common_voice_gju_42601767.mp3	b21ee51737197a2f371e5962a67fe7bbf09489d298a5194a96a555e6a0b33701	کا پیر کاہڈ تا مڑیا وا تھا		2	0	fourties				gju	
e65a8c3ba525042ceba11e102309b2525de4d7748b513787fc3ecc50c13c97654e626571fcdb8a6d96b78af3e6c5bfa95fb0286d8407d9d8d3c867d06c7a1fc4	common_voice_gju_42601765.mp3	aba77d4bb49680e2720e2ad2a356df5605732837cebe3bf8754e45b1be7b6c8e	دوجی ٹنگ دوجا گھوڑا ناڑ بَدھی		2	0	fourties				gju	
e65a8c3ba525042ceba11e102309b2525de4d7748b513787fc3ecc50c13c97654e626571fcdb8a6d96b78af3e6c5bfa95fb0286d8407d9d8d3c867d06c7a1fc4	common_voice_gju_42601761.mp3	b5ae7a4229de1f2834bb218556c5ef059b3628021018efb0db1c8d1da2094180	بھی اس نا منا دسیوں		2	0	fourties				gju	
e65a8c3ba525042ceba11e102309b2525de4d7748b513787fc3ecc50c13c97654e626571fcdb8a6d96b78af3e6c5bfa95fb0286d8407d9d8d3c867d06c7a1fc4	common_voice_gju_42601760.mp3	9f8e1e7563973f63a170c8aff7e61cf83b55d23fe08497f20a886f3198163f9e	فوج کا افسر نے انھ لوکاں کی خذمت واسطے اپنا جوان چلایا		2	0	fourties				gju	
e65a8c3ba525042ceba11e102309b2525de4d7748b513787fc3ecc50c13c97654e626571fcdb8a6d96b78af3e6c5bfa95fb0286d8407d9d8d3c867d06c7a1fc4	common_voice_gju_42601758.mp3	a596bbdb2670d06e0325fff8c30364fb1477808f36ef9ff2ffa4c85a79f55b1d	چوہان بلادری کی ساری کچر گُم گئی تھی یاہ پل چودہ دھیاڑا برہتی رہی		2	0	fourties				gju	
e65a8c3ba525042ceba11e102309b2525de4d7748b513787fc3ecc50c13c97654e626571fcdb8a6d96b78af3e6c5bfa95fb0286d8407d9d8d3c867d06c7a1fc4	common_voice_gju_42601757.mp3	42aa844e39ecadd86c2e9355b2bc3f267e5f1a4cb58f920a90fac7347c5e2f80	وہ اپنے ڈیرے سُتو وو تھو اس نا خواب آئی جے مھاری بکری رکھ		2	0	fourties				gju	
e65a8c3ba525042ceba11e102309b2525de4d7748b513787fc3ecc50c13c97654e626571fcdb8a6d96b78af3e6c5bfa95fb0286d8407d9d8d3c867d06c7a1fc4	common_voice_gju_42601755.mp3	c0eb0cec5f1975e3c879ba55367c06a6115670e82ba3bc3de66f60b5c37cf31e	سائیں کاکا کی دس بکری تھی		2	0	fourties				gju	
e65a8c3ba525042ceba11e102309b2525de4d7748b513787fc3ecc50c13c97654e626571fcdb8a6d96b78af3e6c5bfa95fb0286d8407d9d8d3c867d06c7a1fc4	common_voice_gju_42601753.mp3	a1a788fd1429adb83529861297a7efafa1c0c118d43a4203c5ef112e9fed981d	مہنگا بے مُچ ہوے		2	0	fourties				gju	
e65a8c3ba525042ceba11e102309b2525de4d7748b513787fc3ecc50c13c97654e626571fcdb8a6d96b78af3e6c5bfa95fb0286d8407d9d8d3c867d06c7a1fc4	common_voice_gju_42601752.mp3	12e80edc0a1f209405a5f7770278c8790e720156bce72676090a5c24589de555	مصیبت کو مقابلو کرتا رہیا		2	0	fourties				gju	
e65a8c3ba525042ceba11e102309b2525de4d7748b513787fc3ecc50c13c97654e626571fcdb8a6d96b78af3e6c5bfa95fb0286d8407d9d8d3c867d06c7a1fc4	common_voice_gju_42601751.mp3	b2aa4133dfba1461c96edbd954fcbc59a1ffbbe61f90ca988d057c237851a861	تپوس کیو جی تمنا روزی کون دیے		2	0	fourties				gju	
e65a8c3ba525042ceba11e102309b2525de4d7748b513787fc3ecc50c13c97654e626571fcdb8a6d96b78af3e6c5bfa95fb0286d8407d9d8d3c867d06c7a1fc4	common_voice_gju_42601745.mp3	c5963539aa4edd4e5f2f9c3b5164ddc5295756dcebb8ae8d197579c741ecb9c1	تماچو کولے تھو۔		2	0	fourties				gju	
e65a8c3ba525042ceba11e102309b2525de4d7748b513787fc3ecc50c13c97654e626571fcdb8a6d96b78af3e6c5bfa95fb0286d8407d9d8d3c867d06c7a1fc4	common_voice_gju_42601744.mp3	a606e4523b69329d29fb96005a8f24aa08c33f35cfea4da9ed7c51e1621f0143	وہ ستو تھو		2	0	fourties				gju	
e65a8c3ba525042ceba11e102309b2525de4d7748b513787fc3ecc50c13c97654e626571fcdb8a6d96b78af3e6c5bfa95fb0286d8407d9d8d3c867d06c7a1fc4	common_voice_gju_42601742.mp3	c17d7962c8d849a931b7572c6cbd330d99f712c091488b84027445ef9c1612c7	نولکھیو جد مورا ما لتھو		2	0	fourties				gju	
e65a8c3ba525042ceba11e102309b2525de4d7748b513787fc3ecc50c13c97654e626571fcdb8a6d96b78af3e6c5bfa95fb0286d8407d9d8d3c867d06c7a1fc4	common_voice_gju_42601741.mp3	6c681809e941ada30cda4ce22f65c80ad6b912a4e580bd30744c58200eb4cf22	وہ مچ ماڑدار تھو		2	0	fourties				gju	
e65a8c3ba525042ceba11e102309b2525de4d7748b513787fc3ecc50c13c97654e626571fcdb8a6d96b78af3e6c5bfa95fb0286d8407d9d8d3c867d06c7a1fc4	common_voice_gju_42601740.mp3	89e6f1238f94411e2e834a925f2c7528c7754ed13a2fa16408397ddfec2b6f7d	جِرگہ کرتا رہیا		2	0	fourties				gju	
e65a8c3ba525042ceba11e102309b2525de4d7748b513787fc3ecc50c13c97654e626571fcdb8a6d96b78af3e6c5bfa95fb0286d8407d9d8d3c867d06c7a1fc4	common_voice_gju_42601738.mp3	b1ffddabf9083fa5471760dc01f254d3a9bf149f7d4dec7d8434a6dfc96ccab0	تماچو بے بدھ لیو۔		2	0	fourties				gju	
e65a8c3ba525042ceba11e102309b2525de4d7748b513787fc3ecc50c13c97654e626571fcdb8a6d96b78af3e6c5bfa95fb0286d8407d9d8d3c867d06c7a1fc4	common_voice_gju_42601737.mp3	c41eef3cceba73c5a5e27184d8c20e713d721e5c4b1f3e1ed3cff352d40da3fd	میرِی جان کمن لگی		2	0	fourties				gju	
e65a8c3ba525042ceba11e102309b2525de4d7748b513787fc3ecc50c13c97654e626571fcdb8a6d96b78af3e6c5bfa95fb0286d8407d9d8d3c867d06c7a1fc4	common_voice_gju_42601735.mp3	9a2d3f924c2f577575406fce53437689c99704b57a712ef81f65ed8cdda3babc	چلتیں چلتیں اگے ایک ٹھار ما گیو		2	0	fourties				gju	
e65a8c3ba525042ceba11e102309b2525de4d7748b513787fc3ecc50c13c97654e626571fcdb8a6d96b78af3e6c5bfa95fb0286d8407d9d8d3c867d06c7a1fc4	common_voice_gju_42601729.mp3	a30608251ee2cce754b7759801344418734e19a1a8feb769b7d1b2bcefa9a658	رِچھ جس ٹیم اس تا دوڑ کے آیو		2	0	fourties				gju	
e65a8c3ba525042ceba11e102309b2525de4d7748b513787fc3ecc50c13c97654e626571fcdb8a6d96b78af3e6c5bfa95fb0286d8407d9d8d3c867d06c7a1fc4	common_voice_gju_42601728.mp3	974a74528c68952f92df2b0cdfc1fad29627a09d104b8f7a411d8da96efcf7d8	بیساکھ ما ڈیر ا پٹیا		2	0	fourties				gju	
e65a8c3ba525042ceba11e102309b2525de4d7748b513787fc3ecc50c13c97654e626571fcdb8a6d96b78af3e6c5bfa95fb0286d8407d9d8d3c867d06c7a1fc4	common_voice_gju_42601727.mp3	937f98c08d111a96ab633073e00160ac04d658abcfa8705300d4abc65d879920	دُوجی جیپ جس ما مولوی بنیامین		2	0	fourties				gju	
e65a8c3ba525042ceba11e102309b2525de4d7748b513787fc3ecc50c13c97654e626571fcdb8a6d96b78af3e6c5bfa95fb0286d8407d9d8d3c867d06c7a1fc4	common_voice_gju_42601726.mp3	b5abc81e9407194270c728e73ce757a1f7f2309918a8c1d712e2ba5f71f22bc2	دودھ ما روٹی کُٹ کے اس کے سامنے چھوڈ دتّی		2	0	fourties				gju	
e65a8c3ba525042ceba11e102309b2525de4d7748b513787fc3ecc50c13c97654e626571fcdb8a6d96b78af3e6c5bfa95fb0286d8407d9d8d3c867d06c7a1fc4	common_voice_gju_42601725.mp3	9107f998f10431c74611b541475c3705230759a5624e867c27f73bdab8134298	تیر لنگھا ئے تھو		2	0	fourties				gju	
e65a8c3ba525042ceba11e102309b2525de4d7748b513787fc3ecc50c13c97654e626571fcdb8a6d96b78af3e6c5bfa95fb0286d8407d9d8d3c867d06c7a1fc4	common_voice_gju_42601722.mp3	ad34bb0a5744bb90fec49aa50adc80ddcbcb55b35c19351f5b8475047d892b90	مظفرآباد تک اِن کو سفر بڑو ہچھو گزریو		2	0	fourties				gju	
e65a8c3ba525042ceba11e102309b2525de4d7748b513787fc3ecc50c13c97654e626571fcdb8a6d96b78af3e6c5bfa95fb0286d8407d9d8d3c867d06c7a1fc4	common_voice_gju_42601720.mp3	b3a762fe69393a23cfbbc8c82048132adde67fce7ad8b1f2ef9efe2c68c56604	راہ پو مُچ فائر کرے تھا		2	0	fourties				gju	
e65a8c3ba525042ceba11e102309b2525de4d7748b513787fc3ecc50c13c97654e626571fcdb8a6d96b78af3e6c5bfa95fb0286d8407d9d8d3c867d06c7a1fc4	common_voice_gju_42601719.mp3	c3ceaaddb1311a9a89b86b9ce7055ee718ad29294ad55142c8e01cdb358cb546	تم اپر چڑھوں‘‘		2	0	fourties				gju	
e65a8c3ba525042ceba11e102309b2525de4d7748b513787fc3ecc50c13c97654e626571fcdb8a6d96b78af3e6c5bfa95fb0286d8407d9d8d3c867d06c7a1fc4	common_voice_gju_42601718.mp3	c44955592dab6c813302b8544e7799e056ebde6d7a67a7301afa488a8f6d645f	پروین نے کہیو ہوں اپنا ڈیرا ہالا نال گل کروں گی جے ہوں کد آؤں		2	0	fourties				gju	
e65a8c3ba525042ceba11e102309b2525de4d7748b513787fc3ecc50c13c97654e626571fcdb8a6d96b78af3e6c5bfa95fb0286d8407d9d8d3c867d06c7a1fc4	common_voice_gju_42601717.mp3	79a37627f57c4f76488c764f4fc7eeb4dc2da9a6a2967c49fdb70007ea82548e	اِنھ کا پیراں		2	0	fourties				gju	
e65a8c3ba525042ceba11e102309b2525de4d7748b513787fc3ecc50c13c97654e626571fcdb8a6d96b78af3e6c5bfa95fb0286d8407d9d8d3c867d06c7a1fc4	common_voice_gju_42601714.mp3	c529ed071996ca1ab52ba6389077ee83c60bb7078aa6f0d06dcb5e6bfebb0cec	موبین بانیا کی بکری تھی		2	0	fourties				gju	
e65a8c3ba525042ceba11e102309b2525de4d7748b513787fc3ecc50c13c97654e626571fcdb8a6d96b78af3e6c5bfa95fb0286d8407d9d8d3c867d06c7a1fc4	common_voice_gju_42601713.mp3	c19656b26cf6c6e0fbd29493523b558fbf03815bd4e9cb656c812b4deb777fad	بادشاہ کہن لگو جی یوہ مچ ہی بہادر جنو ہے		2	0	fourties				gju	
e65a8c3ba525042ceba11e102309b2525de4d7748b513787fc3ecc50c13c97654e626571fcdb8a6d96b78af3e6c5bfa95fb0286d8407d9d8d3c867d06c7a1fc4	common_voice_gju_42601712.mp3	952b6a80798547ffdf8bfb1562754bc62c7dc9654e237cafc03688db32e4e6ef	ماما ! جس دھیاڑی بڈھی پوت ناڑ یاہ صلاح کرے تھی جی ہم رچھ ناڑ ٹھگی کراں گا		2	0	fourties				gju	
e65a8c3ba525042ceba11e102309b2525de4d7748b513787fc3ecc50c13c97654e626571fcdb8a6d96b78af3e6c5bfa95fb0286d8407d9d8d3c867d06c7a1fc4	common_voice_gju_42601711.mp3	b481edbccc6d57cce1ecdfaa488ff069c0641f8e151be0a2f8e1fc13114504ad	نیہہ تھو پر ہم نے مُچ سُکھ ہیریو		2	0	fourties				gju	
e65a8c3ba525042ceba11e102309b2525de4d7748b513787fc3ecc50c13c97654e626571fcdb8a6d96b78af3e6c5bfa95fb0286d8407d9d8d3c867d06c7a1fc4	common_voice_gju_42601710.mp3	9d0332305a5dde6a3bdc37ee0ab77dacd2ab70e36829d9681ceb909012bbbcca	دکاندار نے اِساں کہیو ـ" توہ ڈیرے اپڑائے گو		2	0	fourties				gju	
e65a8c3ba525042ceba11e102309b2525de4d7748b513787fc3ecc50c13c97654e626571fcdb8a6d96b78af3e6c5bfa95fb0286d8407d9d8d3c867d06c7a1fc4	common_voice_gju_42601709.mp3	a600d6776f3135ae0545605cf10ea503323265fed8dac5ab8c418580e058ea3e	ڈیرا کول سامی تھی وُہ اپنی کچراں تا کُہاڑی نال کَچھل کَپ کے گھَلتو رہیو		2	0	fourties				gju	
e65a8c3ba525042ceba11e102309b2525de4d7748b513787fc3ecc50c13c97654e626571fcdb8a6d96b78af3e6c5bfa95fb0286d8407d9d8d3c867d06c7a1fc4	common_voice_gju_42601708.mp3	adc231b94e5048ab2ac1c45e05205d5fb8aebe4c79f2e28037e32b4f311e8f57	جنازو پوہچیو		2	0	fourties				gju	
e65a8c3ba525042ceba11e102309b2525de4d7748b513787fc3ecc50c13c97654e626571fcdb8a6d96b78af3e6c5bfa95fb0286d8407d9d8d3c867d06c7a1fc4	common_voice_gju_42601707.mp3	8df36390a6f8c9f1f188bf40c260313682ca9de700ccc83776087195306410eb	تخت منا		2	0	fourties				gju	
e65a8c3ba525042ceba11e102309b2525de4d7748b513787fc3ecc50c13c97654e626571fcdb8a6d96b78af3e6c5bfa95fb0286d8407d9d8d3c867d06c7a1fc4	common_voice_gju_42601706.mp3	ba4b47b615226ec947ebaf7bf9a5d7d8af17d1d3c4cff9e8617c22b469ef8ec7	رچھ ناڈھُونڈ کے ماراں رچھ بکری کھا کے رجیو وو		2	0	fourties				gju	
e65a8c3ba525042ceba11e102309b2525de4d7748b513787fc3ecc50c13c97654e626571fcdb8a6d96b78af3e6c5bfa95fb0286d8407d9d8d3c867d06c7a1fc4	common_voice_gju_42601705.mp3	bf954e7065571a4e67a7fa3b77a67e8070e5f33e50d311e4d5007e1d10085a2e	اُتو ٹر گیو		2	0	fourties				gju	
e65a8c3ba525042ceba11e102309b2525de4d7748b513787fc3ecc50c13c97654e626571fcdb8a6d96b78af3e6c5bfa95fb0286d8407d9d8d3c867d06c7a1fc4	common_voice_gju_42601700.mp3	bdb0bfbc095a7ea3d489f68c773a211d7a05aa8127556af6ab4ea4e4e03a0d4c	فرشتہ اللہ کی نورانی مخلوق ہیں۔		2	0	fourties				gju	
e65a8c3ba525042ceba11e102309b2525de4d7748b513787fc3ecc50c13c97654e626571fcdb8a6d96b78af3e6c5bfa95fb0286d8407d9d8d3c867d06c7a1fc4	common_voice_gju_42601699.mp3	adb03ddc987148aa235b0df286f9c98f5e55ffc4c3ac75d79c5e90d94cbbe14d	یوہ ہر رنگ کی دال ما بے وھے		2	0	fourties				gju	
e65a8c3ba525042ceba11e102309b2525de4d7748b513787fc3ecc50c13c97654e626571fcdb8a6d96b78af3e6c5bfa95fb0286d8407d9d8d3c867d06c7a1fc4	common_voice_gju_42601698.mp3	c13f25cea48ce21ef9992c264a69315563468fcf8bc3b10965ff7c3a1db0c6e5	سینڈلی کی اس نا بیماری آئی دُوجے دھیاڑے قصائی کول پوہچائی		2	0	fourties				gju	
e65a8c3ba525042ceba11e102309b2525de4d7748b513787fc3ecc50c13c97654e626571fcdb8a6d96b78af3e6c5bfa95fb0286d8407d9d8d3c867d06c7a1fc4	common_voice_gju_42601697.mp3	b05ce329c0bbd70706095f95d1e3d9dec9ab855d33112f407e1b9921c0c96ca0	کالا خان بانیو		2	0	fourties				gju	
e65a8c3ba525042ceba11e102309b2525de4d7748b513787fc3ecc50c13c97654e626571fcdb8a6d96b78af3e6c5bfa95fb0286d8407d9d8d3c867d06c7a1fc4	common_voice_gju_42601696.mp3	950b3dc2e40f19e322632d40061ec5beb6bef60a40d8845a0cb2f6c281a03efc	جہڑاں نے ساگ کھادو تھو جن ما علم دین بھی تھو		2	0	fourties				gju	
e65a8c3ba525042ceba11e102309b2525de4d7748b513787fc3ecc50c13c97654e626571fcdb8a6d96b78af3e6c5bfa95fb0286d8407d9d8d3c867d06c7a1fc4	common_voice_gju_42601685.mp3	b55b617dbaf3617e9d0cb9b1fe6911ab3193918539f1a3098cc7e2b00b5bc853	کیل کی عوام نے کڈھ لیا		2	0	fourties				gju	
e65a8c3ba525042ceba11e102309b2525de4d7748b513787fc3ecc50c13c97654e626571fcdb8a6d96b78af3e6c5bfa95fb0286d8407d9d8d3c867d06c7a1fc4	common_voice_gju_42601684.mp3	7a093c748c811780a40c75d1bdefe019c7c11c49728a36f84457d1b8614063c7	لِسو ماڑو مال لَدیو		2	0	fourties				gju	
e65a8c3ba525042ceba11e102309b2525de4d7748b513787fc3ecc50c13c97654e626571fcdb8a6d96b78af3e6c5bfa95fb0286d8407d9d8d3c867d06c7a1fc4	common_voice_gju_42601683.mp3	b737a8ffa080574aa1fe86a409eda5988fa8f4e32095e7d21b1dfda252a1082f	اِس کے ناڑ بیاہ کروں گی		2	0	fourties				gju	
e65a8c3ba525042ceba11e102309b2525de4d7748b513787fc3ecc50c13c97654e626571fcdb8a6d96b78af3e6c5bfa95fb0286d8407d9d8d3c867d06c7a1fc4	common_voice_gju_42601682.mp3	ac4428a7bf8bfe670a2e3d3fc4e24e6c60ff527cd58c8a7e303d9af3db8dac3e	مولوی بنیامین کی دو دھی میوہ جان		2	0	fourties				gju	
e65a8c3ba525042ceba11e102309b2525de4d7748b513787fc3ecc50c13c97654e626571fcdb8a6d96b78af3e6c5bfa95fb0286d8407d9d8d3c867d06c7a1fc4	common_voice_gju_42601681.mp3	b49751b2e089010760e5af2a02a2b158ee0d45c9e124146e5daf739b9ff18e1b	عیداں کی نماز ما زیادہ تکبیر کہنی۔		2	0	fourties				gju	
e65a8c3ba525042ceba11e102309b2525de4d7748b513787fc3ecc50c13c97654e626571fcdb8a6d96b78af3e6c5bfa95fb0286d8407d9d8d3c867d06c7a1fc4	common_voice_gju_42601674.mp3	bf14024a685e3df162c8efae62bce282c5986afbcabf427e2873802b77ed24a8	یہ صرف اَٹھ ادمی تھا		2	0	fourties				gju	
e65a8c3ba525042ceba11e102309b2525de4d7748b513787fc3ecc50c13c97654e626571fcdb8a6d96b78af3e6c5bfa95fb0286d8407d9d8d3c867d06c7a1fc4	common_voice_gju_42601673.mp3	c2a8120fb6685f736c56805bea0dac0b3dbfd7cfdf03524aef0eb702d0fbbc47	اِنھاں لوکاں نے مُچ مصیبت دیکھی		2	0	fourties				gju	
e65a8c3ba525042ceba11e102309b2525de4d7748b513787fc3ecc50c13c97654e626571fcdb8a6d96b78af3e6c5bfa95fb0286d8407d9d8d3c867d06c7a1fc4	common_voice_gju_42601671.mp3	9dcd705b5448cac46ee4034a84b90f65ab4ea16523b57d0d37041d30be75f152	ویہ اِس نا کہن لگا		2	0	fourties				gju	
e65a8c3ba525042ceba11e102309b2525de4d7748b513787fc3ecc50c13c97654e626571fcdb8a6d96b78af3e6c5bfa95fb0286d8407d9d8d3c867d06c7a1fc4	common_voice_gju_42601670.mp3	93a8466605252c44be73bbe9c6fc4c186075e14499f85bd6c694a724d132746a	جنا نے یوہ لاری ما رکھیو		2	0	fourties				gju	
e65a8c3ba525042ceba11e102309b2525de4d7748b513787fc3ecc50c13c97654e626571fcdb8a6d96b78af3e6c5bfa95fb0286d8407d9d8d3c867d06c7a1fc4	common_voice_gju_42601664.mp3	bf5b89121e39df126367b993a8294fdd69520b944f01cc9b7c5ec03d2c84b5b5	نولکھیو کہن لگو		2	0	fourties				gju	
e65a8c3ba525042ceba11e102309b2525de4d7748b513787fc3ecc50c13c97654e626571fcdb8a6d96b78af3e6c5bfa95fb0286d8407d9d8d3c867d06c7a1fc4	common_voice_gju_42601663.mp3	bce5d729103cc2fa0804f938bd9dc4eef0e22231de56dd60d66a5c0b446abd25	اپنو پوت کوہ چھُڑیو		2	0	fourties				gju	
e65a8c3ba525042ceba11e102309b2525de4d7748b513787fc3ecc50c13c97654e626571fcdb8a6d96b78af3e6c5bfa95fb0286d8407d9d8d3c867d06c7a1fc4	common_voice_gju_42601662.mp3	c06214d39fe02a1d26ccf06cd3e299b23dc4e1b838062438a2f95b927ba851fc	بیٹکی نے ایک دم اعلان کیو		2	0	fourties				gju	
e65a8c3ba525042ceba11e102309b2525de4d7748b513787fc3ecc50c13c97654e626571fcdb8a6d96b78af3e6c5bfa95fb0286d8407d9d8d3c867d06c7a1fc4	common_voice_gju_42601661.mp3	7db5a8cc889d2c838636b5039403c80988a679236db6aef43d9b711d263c1ffb	یہ بڑا حیریان ہویا جے یو ہ اِت کس نے چھوڈ دِتو		2	0	fourties				gju	
e65a8c3ba525042ceba11e102309b2525de4d7748b513787fc3ecc50c13c97654e626571fcdb8a6d96b78af3e6c5bfa95fb0286d8407d9d8d3c867d06c7a1fc4	common_voice_gju_42601660.mp3	b3dd2f84c16ca799271902d1a04634552f67e54303840806368841ea02d2fe45	کُجھ دھیاڑاں		2	0	fourties				gju	
e65a8c3ba525042ceba11e102309b2525de4d7748b513787fc3ecc50c13c97654e626571fcdb8a6d96b78af3e6c5bfa95fb0286d8407d9d8d3c867d06c7a1fc4	common_voice_gju_42601659.mp3	bf837c624995a60a55a0ca08510419764ca77fd23a571251d088da1931c80894	اپنے چھپیری کڑو کرتو گیو		2	0	fourties				gju	
e65a8c3ba525042ceba11e102309b2525de4d7748b513787fc3ecc50c13c97654e626571fcdb8a6d96b78af3e6c5bfa95fb0286d8407d9d8d3c867d06c7a1fc4	common_voice_gju_42601658.mp3	a4b4e922818c0bffe1c2b2060dd6f7c96dfed7cf19a769ec3791d8ecbbb1f4bc	بھار لاہ کے کھائی پکائی کریں تھا		2	0	fourties				gju	
e65a8c3ba525042ceba11e102309b2525de4d7748b513787fc3ecc50c13c97654e626571fcdb8a6d96b78af3e6c5bfa95fb0286d8407d9d8d3c867d06c7a1fc4	common_voice_gju_42601657.mp3	57023722f92469b3e4cba729ce20dfd24e81efb384d37158de9e888d661f6567	ترنا جس بِڑے ایو		2	0	fourties				gju	
e65a8c3ba525042ceba11e102309b2525de4d7748b513787fc3ecc50c13c97654e626571fcdb8a6d96b78af3e6c5bfa95fb0286d8407d9d8d3c867d06c7a1fc4	common_voice_gju_42601656.mp3	b64c875f495b8ac3b5e0b2510ccc31f4c143f7ac8fcab1b6fe66c79fb3973925	مدیہرے اُ ٹھیا		2	0	fourties				gju	
e65a8c3ba525042ceba11e102309b2525de4d7748b513787fc3ecc50c13c97654e626571fcdb8a6d96b78af3e6c5bfa95fb0286d8407d9d8d3c867d06c7a1fc4	common_voice_gju_42601655.mp3	a1c8a5d4b30d51eb5d104576bf7adaabeb3f4e8cf056bd3b59dbdc9549d26928	سسُو سوہراں نا میرو زیور موڑ کے دینو پیو		2	0	fourties				gju	
e65a8c3ba525042ceba11e102309b2525de4d7748b513787fc3ecc50c13c97654e626571fcdb8a6d96b78af3e6c5bfa95fb0286d8407d9d8d3c867d06c7a1fc4	common_voice_gju_42601651.mp3	bdda4c9438f3c21693e48cad9c1050910c0628483bca2a91e90addf7a61ff519	بکریاں کا اجڑی ات ہی تھا		2	0	fourties				gju	
e65a8c3ba525042ceba11e102309b2525de4d7748b513787fc3ecc50c13c97654e626571fcdb8a6d96b78af3e6c5bfa95fb0286d8407d9d8d3c867d06c7a1fc4	common_voice_gju_42601650.mp3	90ac5b9840ddf56ac1a275187ceb86f085694760668a022860601491be60db6d	صحت بھی ٹھیک نیہہ رہسے		2	0	fourties				gju	
e65a8c3ba525042ceba11e102309b2525de4d7748b513787fc3ecc50c13c97654e626571fcdb8a6d96b78af3e6c5bfa95fb0286d8407d9d8d3c867d06c7a1fc4	common_voice_gju_42601649.mp3	b8b1e76d181f029f57c33005277d9099f0867abbd12471eb6e0fcad9173f8456	ختم پڑھ کے ریہا		2	0	fourties				gju	
e65a8c3ba525042ceba11e102309b2525de4d7748b513787fc3ecc50c13c97654e626571fcdb8a6d96b78af3e6c5bfa95fb0286d8407d9d8d3c867d06c7a1fc4	common_voice_gju_42601648.mp3	be06474abee5258f7cbad5363a1f17913616386cb9b19dba4910d10b0e1e063d	باقی رہ گئی نوبکری		2	0	fourties				gju	
e65a8c3ba525042ceba11e102309b2525de4d7748b513787fc3ecc50c13c97654e626571fcdb8a6d96b78af3e6c5bfa95fb0286d8407d9d8d3c867d06c7a1fc4	common_voice_gju_42601647.mp3	b77de1997e643b0205266cf8bd4408ab9c1c9e392db7c3439b3e3bf88a33ba68	سیال کا دیس ما آیا		2	0	fourties				gju	
e65a8c3ba525042ceba11e102309b2525de4d7748b513787fc3ecc50c13c97654e626571fcdb8a6d96b78af3e6c5bfa95fb0286d8407d9d8d3c867d06c7a1fc4	common_voice_gju_42601644.mp3	62fbd79ef298c199b046049998e4b13e3d0e88fa5d8b44b3cb18102d1105cab3	سارا میرو خیال کرے تھا		2	0	fourties				gju	
e65a8c3ba525042ceba11e102309b2525de4d7748b513787fc3ecc50c13c97654e626571fcdb8a6d96b78af3e6c5bfa95fb0286d8407d9d8d3c867d06c7a1fc4	common_voice_gju_42601642.mp3	aefaacc24e5d857ecc7d841dd14ce5bbd877a1ced6ba25c4aa6ec0973755217a	سنگیاں نے جنازو ساہرا تا کَڈھیو		2	0	fourties				gju	
e65a8c3ba525042ceba11e102309b2525de4d7748b513787fc3ecc50c13c97654e626571fcdb8a6d96b78af3e6c5bfa95fb0286d8407d9d8d3c867d06c7a1fc4	common_voice_gju_42601641.mp3	7f4216a7d1960344a2e101d24339b7b74d31c6ac591deb9e6e8d3bf1176a2e9d	اُسیں بزار ما ہوانا دیکھیا		2	0	fourties				gju	
e65a8c3ba525042ceba11e102309b2525de4d7748b513787fc3ecc50c13c97654e626571fcdb8a6d96b78af3e6c5bfa95fb0286d8407d9d8d3c867d06c7a1fc4	common_voice_gju_42601640.mp3	a0a85b75c1de0590849334e2c34ec86eb050d607a0696fe600140a49e9f964e2	اگے دراوہ کو راہ بند تھو		2	0	fourties				gju	
e65a8c3ba525042ceba11e102309b2525de4d7748b513787fc3ecc50c13c97654e626571fcdb8a6d96b78af3e6c5bfa95fb0286d8407d9d8d3c867d06c7a1fc4	common_voice_gju_42601639.mp3	87a916b3fd1a1a1ac397c67caf355ef612690b24ed53ecd87cf371af31828fd2	ہوں اُن بیہاں بکریاں پو بیس رِہیو		2	0	fourties				gju	
e65a8c3ba525042ceba11e102309b2525de4d7748b513787fc3ecc50c13c97654e626571fcdb8a6d96b78af3e6c5bfa95fb0286d8407d9d8d3c867d06c7a1fc4	common_voice_gju_42601638.mp3	6a460c8c3e59d099d2bb3a2fb18efd6ae077c487c87dbae6d148663d61929ba4	یوبا ڈوئی نے جھب جھب بھیڈ کوہ کے اُنھ کا زخماں پو بھیڈ کی کھرڑی بَدھی		2	0	fourties				gju	
e65a8c3ba525042ceba11e102309b2525de4d7748b513787fc3ecc50c13c97654e626571fcdb8a6d96b78af3e6c5bfa95fb0286d8407d9d8d3c867d06c7a1fc4	common_voice_gju_42601636.mp3	a5aa5d43bff9154160b04f955890d6d93c68296180f9173118010654b66cacf8	یوہ میرے کے کاری		2	0	fourties				gju	
e65a8c3ba525042ceba11e102309b2525de4d7748b513787fc3ecc50c13c97654e626571fcdb8a6d96b78af3e6c5bfa95fb0286d8407d9d8d3c867d06c7a1fc4	common_voice_gju_42601635.mp3	7fddd8d8b5b99a893b60aa80ddde384df3596d2b9716e19bbc8b7e98fc2d3eae	کجھ دھیاڑاں		2	0	fourties				gju	
e65a8c3ba525042ceba11e102309b2525de4d7748b513787fc3ecc50c13c97654e626571fcdb8a6d96b78af3e6c5bfa95fb0286d8407d9d8d3c867d06c7a1fc4	common_voice_gju_42601627.mp3	7bff590aad4727cd983df51ef82cacd5c62ce759e922d84a29fd1f7d1ef4d230	اُت سپ نیہہ ذر کی سیلی دھری ہے		2	0	fourties				gju	
e65a8c3ba525042ceba11e102309b2525de4d7748b513787fc3ecc50c13c97654e626571fcdb8a6d96b78af3e6c5bfa95fb0286d8407d9d8d3c867d06c7a1fc4	common_voice_gju_42601625.mp3	a4b06bc6d9ba45dffb058a6782402a1992de90a6ed0df322baef95272a6666a6	کہیو اس نا ہن ساموں تم نے اس کے نال مُچ ظلم کریو		2	0	fourties				gju	
e65a8c3ba525042ceba11e102309b2525de4d7748b513787fc3ecc50c13c97654e626571fcdb8a6d96b78af3e6c5bfa95fb0286d8407d9d8d3c867d06c7a1fc4	common_voice_gju_42601624.mp3	ad0f9f7c99b561373d08c12ee356f3e51a403cf28c364ab88ac176a679f27644	میں وہ دھیاڑی دوڑا دوڑا کے نپ نہ سکیو		2	0	fourties				gju	
e65a8c3ba525042ceba11e102309b2525de4d7748b513787fc3ecc50c13c97654e626571fcdb8a6d96b78af3e6c5bfa95fb0286d8407d9d8d3c867d06c7a1fc4	common_voice_gju_42601623.mp3	beb645ce8d6e3fc8748215974d85eca4f367843d1afec5574d9db2cf9d00600b	میرا کَنا ں ما جیدی کی واز آئے لگی تھی		2	0	fourties				gju	
e65a8c3ba525042ceba11e102309b2525de4d7748b513787fc3ecc50c13c97654e626571fcdb8a6d96b78af3e6c5bfa95fb0286d8407d9d8d3c867d06c7a1fc4	common_voice_gju_42601618.mp3	ae520a44e1be5d4ff1efa3a6bc5583b06faaa47ffa6daf52a8761d1d579e4efc	آخر جنگلات کا بڑ ا بڑا		2	0	fourties				gju	
e65a8c3ba525042ceba11e102309b2525de4d7748b513787fc3ecc50c13c97654e626571fcdb8a6d96b78af3e6c5bfa95fb0286d8407d9d8d3c867d06c7a1fc4	common_voice_gju_42601617.mp3	9a9e71d2a48e8b36ab435542fd434ae53ea1aba7427949ba114be3932b3587a0	اِنھ نے سوچیو جے ہن اس نا ڈاکٹراں کول کس طرح پوہچاں		2	0	fourties				gju	
e65a8c3ba525042ceba11e102309b2525de4d7748b513787fc3ecc50c13c97654e626571fcdb8a6d96b78af3e6c5bfa95fb0286d8407d9d8d3c867d06c7a1fc4	common_voice_gju_42601616.mp3	b5609355b6298aec9f04f5f981cfee6ecb45c7ec25ead698586dea40b108decc	چھال ماری		2	0	fourties				gju	
e65a8c3ba525042ceba11e102309b2525de4d7748b513787fc3ecc50c13c97654e626571fcdb8a6d96b78af3e6c5bfa95fb0286d8407d9d8d3c867d06c7a1fc4	common_voice_gju_42601610.mp3	a73d9e21f2858cd25beaa1ff4521900f99420de7bc2d45fe6ea3e9693d5369bc	لوکاں کی تھوڑی تھوڑی بکری اُت تھی		2	0	fourties				gju	
e65a8c3ba525042ceba11e102309b2525de4d7748b513787fc3ecc50c13c97654e626571fcdb8a6d96b78af3e6c5bfa95fb0286d8407d9d8d3c867d06c7a1fc4	common_voice_gju_42601609.mp3	b2d400a06f0eb541b6e7be4a0aac95476601fa10e85a5a9434e8c16667196416	ہم اُنھ کو پتو کراں ویہ گھوڑاں پو چڑھ کے آیا		2	0	fourties				gju	
e65a8c3ba525042ceba11e102309b2525de4d7748b513787fc3ecc50c13c97654e626571fcdb8a6d96b78af3e6c5bfa95fb0286d8407d9d8d3c867d06c7a1fc4	common_voice_gju_42601608.mp3	7fe65432456122ec574f24e650c222534869891bbd6b54dee211dabd59843f0b	اُس نے مَنا شہر گی ایک وکیل دھیانی کا بارا ما دَسیو		2	0	fourties				gju	
e65a8c3ba525042ceba11e102309b2525de4d7748b513787fc3ecc50c13c97654e626571fcdb8a6d96b78af3e6c5bfa95fb0286d8407d9d8d3c867d06c7a1fc4	common_voice_gju_42601607.mp3	4e1769b17bed72b9a342e85aa0efd374371137e4d57d7fc6e33489c67951009f	جیدی نا بے سزا لبھی		2	0	fourties				gju	
e65a8c3ba525042ceba11e102309b2525de4d7748b513787fc3ecc50c13c97654e626571fcdb8a6d96b78af3e6c5bfa95fb0286d8407d9d8d3c867d06c7a1fc4	common_voice_gju_42601606.mp3	4240d87253e0dfe143d2d176b269dc18aeec619bff8a5bf33f6dda885cf53105	اس طرح مچ بیماری لگن کو خطرو وھے“		2	0	fourties				gju	
e65a8c3ba525042ceba11e102309b2525de4d7748b513787fc3ecc50c13c97654e626571fcdb8a6d96b78af3e6c5bfa95fb0286d8407d9d8d3c867d06c7a1fc4	common_voice_gju_42601605.mp3	2d6f465b97d76830fb8cca63ce07e28855a9e42194292a80f90f06e25021fd81	کے بَدلو لیوں		2	0	fourties				gju	
e65a8c3ba525042ceba11e102309b2525de4d7748b513787fc3ecc50c13c97654e626571fcdb8a6d96b78af3e6c5bfa95fb0286d8407d9d8d3c867d06c7a1fc4	common_voice_gju_42601604.mp3	bc446f6053b541cf0a628e8bd31ad82d55e87e0533382a5e0ce218931f93b9cf	صُبح کوئی ترے بجا کا ٹیم بو		2	0	fourties				gju	
e65a8c3ba525042ceba11e102309b2525de4d7748b513787fc3ecc50c13c97654e626571fcdb8a6d96b78af3e6c5bfa95fb0286d8407d9d8d3c867d06c7a1fc4	common_voice_gju_42601603.mp3	9134ba02673ac504f97b383b462d5ac828237051c07fae87142f65d07d2677a9	واہ رون		2	0	fourties				gju	
e65a8c3ba525042ceba11e102309b2525de4d7748b513787fc3ecc50c13c97654e626571fcdb8a6d96b78af3e6c5bfa95fb0286d8407d9d8d3c867d06c7a1fc4	common_voice_gju_42601602.mp3	c1587c89f405103457a3c38659778b167f252fded41eba5cfdae0cccb1ba9f44	زخمی کیل کا ہسپتال ما پوہچایا		2	0	fourties				gju	
e65a8c3ba525042ceba11e102309b2525de4d7748b513787fc3ecc50c13c97654e626571fcdb8a6d96b78af3e6c5bfa95fb0286d8407d9d8d3c867d06c7a1fc4	common_voice_gju_42601601.mp3	af5a6fc3d4c24603134798aff1c7d5a2a757851b77c2b290056e5f8644f630dc	بادشاہ نے واہ نِکی دھی ایک غریب جنا نا دِتّی		2	0	fourties				gju	
e65a8c3ba525042ceba11e102309b2525de4d7748b513787fc3ecc50c13c97654e626571fcdb8a6d96b78af3e6c5bfa95fb0286d8407d9d8d3c867d06c7a1fc4	common_voice_gju_42601598.mp3	bfc41bd8f9c82dab581ed980137783f6e64c6d6d97bacc972e40008d6e6fcff7	مچ لوک بَٹلا ہو گیا		2	0	fourties				gju	
e65a8c3ba525042ceba11e102309b2525de4d7748b513787fc3ecc50c13c97654e626571fcdb8a6d96b78af3e6c5bfa95fb0286d8407d9d8d3c867d06c7a1fc4	common_voice_gju_42601597.mp3	b858babe4ddaa16fd2f5154c86b80fa6ea4fe9e71290f4c8c90b2f5f1c50b041	فوجی جواناں نے انھ کا جنازا بے کڈھیا		2	0	fourties				gju	
e65a8c3ba525042ceba11e102309b2525de4d7748b513787fc3ecc50c13c97654e626571fcdb8a6d96b78af3e6c5bfa95fb0286d8407d9d8d3c867d06c7a1fc4	common_voice_gju_42601596.mp3	649f2f0adbd8ed84c2f4c4e0c0964d1319428f043a46da0013f87ac1487660f5	اِنھ تا دوڑیو		2	0	fourties				gju	
e65a8c3ba525042ceba11e102309b2525de4d7748b513787fc3ecc50c13c97654e626571fcdb8a6d96b78af3e6c5bfa95fb0286d8407d9d8d3c867d06c7a1fc4	common_voice_gju_42601594.mp3	935ba0646bbfcfaa47c5953cad419e6b1193f57673a65097dde4355a579c4a22	اللہ تعالی نے تیہاڑ تے رات ما پنج نماز فرض کی ہیں۔		2	0	fourties				gju	
e65a8c3ba525042ceba11e102309b2525de4d7748b513787fc3ecc50c13c97654e626571fcdb8a6d96b78af3e6c5bfa95fb0286d8407d9d8d3c867d06c7a1fc4	common_voice_gju_42601591.mp3	be982dc47612945544355c809d2708006b43ca6c34687ba69515c08ff5e86635	لگی تھی		2	0	fourties				gju	
e65a8c3ba525042ceba11e102309b2525de4d7748b513787fc3ecc50c13c97654e626571fcdb8a6d96b78af3e6c5bfa95fb0286d8407d9d8d3c867d06c7a1fc4	common_voice_gju_42601589.mp3	7f7e7f412f175b31119e22194cc87846b75289b2b783a7ee61ce7733ee5c6768	ہوں اُنھ کے ڈیرے کُکڑاں بسطے گیو تھو		2	0	fourties				gju	
e65a8c3ba525042ceba11e102309b2525de4d7748b513787fc3ecc50c13c97654e626571fcdb8a6d96b78af3e6c5bfa95fb0286d8407d9d8d3c867d06c7a1fc4	common_voice_gju_42601588.mp3	98e33bf01762111242bb73e8fc914e3d592d2a6a2e95aa99babd7c6e78a74d25	ہوں روجو کھولوں گو		2	0	fourties				gju	
e65a8c3ba525042ceba11e102309b2525de4d7748b513787fc3ecc50c13c97654e626571fcdb8a6d96b78af3e6c5bfa95fb0286d8407d9d8d3c867d06c7a1fc4	common_voice_gju_42601587.mp3	92fb5abf9dc7484f9107a95405f48d644b10a084ab6e6a5f75ce0b9db8e079bd	سارا لوک حریان ہویا		2	0	fourties				gju	
e65a8c3ba525042ceba11e102309b2525de4d7748b513787fc3ecc50c13c97654e626571fcdb8a6d96b78af3e6c5bfa95fb0286d8407d9d8d3c867d06c7a1fc4	common_voice_gju_42601586.mp3	6befad06f0f802f02e1bb48421dd5cf75f3b9ccc1319409d2bfefc2c81f7edd3	مَنا بے طلاق لَبھ گئی		2	0	fourties				gju	
e65a8c3ba525042ceba11e102309b2525de4d7748b513787fc3ecc50c13c97654e626571fcdb8a6d96b78af3e6c5bfa95fb0286d8407d9d8d3c867d06c7a1fc4	common_voice_gju_42601585.mp3	a6d6ceaa769c071cbd968d51bfa13701981aab7050d7cab70a74940a5afe1ffe	رچھنی نے بکرو چھوڈ کے اس پو حملو کر چھُڑیو		2	0	fourties				gju	
e65a8c3ba525042ceba11e102309b2525de4d7748b513787fc3ecc50c13c97654e626571fcdb8a6d96b78af3e6c5bfa95fb0286d8407d9d8d3c867d06c7a1fc4	common_voice_gju_42601584.mp3	bda2e5f4303f437d248a1c282051f1a9727d9fdd6de01936c266d568881105c9	دھیانی نے دکاندار پو رپوٹ کی		2	0	fourties				gju	
e65a8c3ba525042ceba11e102309b2525de4d7748b513787fc3ecc50c13c97654e626571fcdb8a6d96b78af3e6c5bfa95fb0286d8407d9d8d3c867d06c7a1fc4	common_voice_gju_42601583.mp3	95c71de23be35ea5ff0d14454afa0a5ce9a8b1c721b2f4ae7993e12b48b7fd67	جنا نے لاری کھلی کر لئی		2	0	fourties				gju	
e65a8c3ba525042ceba11e102309b2525de4d7748b513787fc3ecc50c13c97654e626571fcdb8a6d96b78af3e6c5bfa95fb0286d8407d9d8d3c867d06c7a1fc4	common_voice_gju_42601582.mp3	bc3011773de33bd1bf9d44bad7257b0092a305bcf14b01671cb4d37eea9f5730	ویہ پروین کے ڈیرے گئی		2	0	fourties				gju	
e65a8c3ba525042ceba11e102309b2525de4d7748b513787fc3ecc50c13c97654e626571fcdb8a6d96b78af3e6c5bfa95fb0286d8407d9d8d3c867d06c7a1fc4	common_voice_gju_42601581.mp3	a86184772252e44205c16df7f7bc7fb935b0d363a9db9c6e4ce7d652f8e3798b	ویہ ماں نا کہن لگا		2	0	fourties				gju	
e65a8c3ba525042ceba11e102309b2525de4d7748b513787fc3ecc50c13c97654e626571fcdb8a6d96b78af3e6c5bfa95fb0286d8407d9d8d3c867d06c7a1fc4	common_voice_gju_42601580.mp3	bd1eb1b4afdf82a598a3b03fe1d8812c0be422cfe88130f8a072cff6db44c5b9	دُوجی رنگ کی شے اناج آلو		2	0	fourties				gju	
e65a8c3ba525042ceba11e102309b2525de4d7748b513787fc3ecc50c13c97654e626571fcdb8a6d96b78af3e6c5bfa95fb0286d8407d9d8d3c867d06c7a1fc4	common_voice_gju_42601578.mp3	8eb13c1a185950440af58ac90b12863c94c645035078707b94a4a0f70ff9dd42	کفتاں کی نماز ما چار فرض، دو سنت تے ترے وتر ہوویں۔		2	0	fourties				gju	
e65a8c3ba525042ceba11e102309b2525de4d7748b513787fc3ecc50c13c97654e626571fcdb8a6d96b78af3e6c5bfa95fb0286d8407d9d8d3c867d06c7a1fc4	common_voice_gju_42601577.mp3	91736ff997a700d3377c8ed71865cf0360f34b2aaf98875857c017ccc662e5a6	اگے ایک ہو ر جنو پٹی ما ہاڑ مارے تھو		2	0	fourties				gju	
e65a8c3ba525042ceba11e102309b2525de4d7748b513787fc3ecc50c13c97654e626571fcdb8a6d96b78af3e6c5bfa95fb0286d8407d9d8d3c867d06c7a1fc4	common_voice_gju_42601576.mp3	b1a65518b0fb22f87ac882fe8dd3025ecff3474f17bbe5f4a57887d28fb281ef	اسرائیل نے رِچھ نا ڈھُونڈن واسطے ترے		2	0	fourties				gju	
e65a8c3ba525042ceba11e102309b2525de4d7748b513787fc3ecc50c13c97654e626571fcdb8a6d96b78af3e6c5bfa95fb0286d8407d9d8d3c867d06c7a1fc4	common_voice_gju_42601570.mp3	b77a66660af26de8342c22f3a64db2c9745e5ea806d82237514b473594a9e633	ویہ یاہ صلاح کرے تھا		2	0	fourties				gju	
e65a8c3ba525042ceba11e102309b2525de4d7748b513787fc3ecc50c13c97654e626571fcdb8a6d96b78af3e6c5bfa95fb0286d8407d9d8d3c867d06c7a1fc4	common_voice_gju_42601569.mp3	b12775c055c312adb57361c3ee24e38728cd68988ec2de58edbb33349e442f4d	اللہ کو لکھ لکھ شکر ادا کریو		2	0	fourties				gju	
e65a8c3ba525042ceba11e102309b2525de4d7748b513787fc3ecc50c13c97654e626571fcdb8a6d96b78af3e6c5bfa95fb0286d8407d9d8d3c867d06c7a1fc4	common_voice_gju_42601568.mp3	5525c7b29a5e35b2cbe372c03e4e86d7a023f45a8deafd5bd198d11ee8ee9271	کے وجہ ہے		2	0	fourties				gju	
e65a8c3ba525042ceba11e102309b2525de4d7748b513787fc3ecc50c13c97654e626571fcdb8a6d96b78af3e6c5bfa95fb0286d8407d9d8d3c867d06c7a1fc4	common_voice_gju_42601567.mp3	bfd9f6fec23e560bbdab264b801b7d0893eb497a63fdf3f047ad18f2461bf60a	تَنا اس کے نال چلنو پے گو “		2	0	fourties				gju	
e65a8c3ba525042ceba11e102309b2525de4d7748b513787fc3ecc50c13c97654e626571fcdb8a6d96b78af3e6c5bfa95fb0286d8407d9d8d3c867d06c7a1fc4	common_voice_gju_42601566.mp3	b41d028ca029262e91e5a6cd5e7c7d4fe99e8ebb54e171ad8ab1fbeeabe3e94e	چلوں غونو غون نا دیکھ آوں جی کِسو غونو غون ہے		2	0	fourties				gju	
e65a8c3ba525042ceba11e102309b2525de4d7748b513787fc3ecc50c13c97654e626571fcdb8a6d96b78af3e6c5bfa95fb0286d8407d9d8d3c867d06c7a1fc4	common_voice_gju_42601564.mp3	83da726e423cef1648d24cf6e50f962a7038da41a7e47f86ad2482ae69c3e6ca	ہم اس نا ڈاکٹر کولے لے چلاں گا“		2	0	fourties				gju	
e65a8c3ba525042ceba11e102309b2525de4d7748b513787fc3ecc50c13c97654e626571fcdb8a6d96b78af3e6c5bfa95fb0286d8407d9d8d3c867d06c7a1fc4	common_voice_gju_42601563.mp3	371804e12e700695ba6a37a83667a22f4052c32d292c48c67cf71d79d9253613	دوڑا دوڑا کے اگے ایک جا ما گیا		2	0	fourties				gju	
e65a8c3ba525042ceba11e102309b2525de4d7748b513787fc3ecc50c13c97654e626571fcdb8a6d96b78af3e6c5bfa95fb0286d8407d9d8d3c867d06c7a1fc4	common_voice_gju_42601561.mp3	b892c3948256f91ec8da64ff650354ba5355b10ba756049978289d5f1c67c09b	چنگی		2	0	fourties				gju	
e65a8c3ba525042ceba11e102309b2525de4d7748b513787fc3ecc50c13c97654e626571fcdb8a6d96b78af3e6c5bfa95fb0286d8407d9d8d3c867d06c7a1fc4	common_voice_gju_42601560.mp3	ad2ade58fe3dda9395f4d8e8b11660142574a5bc2963ec9d4b4dcc0d54da16d9	یاہ گھانی ہون اِت مُک گئی		2	0	fourties				gju	
e65a8c3ba525042ceba11e102309b2525de4d7748b513787fc3ecc50c13c97654e626571fcdb8a6d96b78af3e6c5bfa95fb0286d8407d9d8d3c867d06c7a1fc4	common_voice_gju_42601558.mp3	801f62b081ca5ca32e676cf17a779be40587b98107410df838c824caecd8ab04	ان ساراں نبیاں تے سب تے اچی شان مہارا بنی حضرت محمدﷺ کی ہے۔		2	0	fourties				gju	
e65a8c3ba525042ceba11e102309b2525de4d7748b513787fc3ecc50c13c97654e626571fcdb8a6d96b78af3e6c5bfa95fb0286d8407d9d8d3c867d06c7a1fc4	common_voice_gju_42601554.mp3	b9ad426cc7bff1deee18cdf5278ff7bc3324a258aaf44a126295acd311cb6c97	کچر کاہڈ رہ گئی		2	0	fourties				gju	
e65a8c3ba525042ceba11e102309b2525de4d7748b513787fc3ecc50c13c97654e626571fcdb8a6d96b78af3e6c5bfa95fb0286d8407d9d8d3c867d06c7a1fc4	common_voice_gju_42601553.mp3	aea932d29fa92db6ce3219d0f844ca3ddd9357b0f0391601b2574ed6d3e2587e	ایک بِڑے اِنھ بچڑاں نے شور کئی		2	0	fourties				gju	
e65a8c3ba525042ceba11e102309b2525de4d7748b513787fc3ecc50c13c97654e626571fcdb8a6d96b78af3e6c5bfa95fb0286d8407d9d8d3c867d06c7a1fc4	common_voice_gju_42601552.mp3	ad38f435170dd47fafa3b2622726ca29b03340d5d22deee58cd8fe20ef56af03	سراج دین کھاہری اِنھ لوکاں کو ڈیرو بَر نِکی دیواسئی ما تھو		2	0	fourties				gju	
e65a8c3ba525042ceba11e102309b2525de4d7748b513787fc3ecc50c13c97654e626571fcdb8a6d96b78af3e6c5bfa95fb0286d8407d9d8d3c867d06c7a1fc4	common_voice_gju_42601551.mp3	9d1eb97e3e892f8ae887c5608f384efe1e70e60febabbd2433a61ef07fbe0c07	ہوں جیدی		2	0	fourties				gju	
e65a8c3ba525042ceba11e102309b2525de4d7748b513787fc3ecc50c13c97654e626571fcdb8a6d96b78af3e6c5bfa95fb0286d8407d9d8d3c867d06c7a1fc4	common_voice_gju_42601549.mp3	a204475ece1f01504d0a5deb496caa34407d61ce4c96bdcd3e8cc0913eb0e255	مَنا مارے وہ اُتو بے نَس گیو		2	0	fourties				gju	
e65a8c3ba525042ceba11e102309b2525de4d7748b513787fc3ecc50c13c97654e626571fcdb8a6d96b78af3e6c5bfa95fb0286d8407d9d8d3c867d06c7a1fc4	common_voice_gju_42601548.mp3	88e8cf4745f4d5915f75bdb346bae5a66019383dc18e5fb8f6724f88358c6f64	وجود نا طاقت دیئے		2	0	fourties				gju	
e65a8c3ba525042ceba11e102309b2525de4d7748b513787fc3ecc50c13c97654e626571fcdb8a6d96b78af3e6c5bfa95fb0286d8407d9d8d3c867d06c7a1fc4	common_voice_gju_42601546.mp3	b5aa49cc5820fbdaf393d87646f306a3df4e8e1e271fc9bd04d7d7ab1cecdac0	قیو م		2	0	fourties				gju	
e65a8c3ba525042ceba11e102309b2525de4d7748b513787fc3ecc50c13c97654e626571fcdb8a6d96b78af3e6c5bfa95fb0286d8407d9d8d3c867d06c7a1fc4	common_voice_gju_42601545.mp3	bc469bb39caa82c942b52a7733b16c48cc7ff748786049e4eb3ee121c6cca48d	ہم ڈیرو لَداں		2	0	fourties				gju	
e65a8c3ba525042ceba11e102309b2525de4d7748b513787fc3ecc50c13c97654e626571fcdb8a6d96b78af3e6c5bfa95fb0286d8407d9d8d3c867d06c7a1fc4	common_voice_gju_42601543.mp3	ba07e0cc9e0d53b84bb751bb91924a87a902183de492660b562ff94442fd1125	صبح یہ لوک بھی اِنھ کے نال گیا		2	0	fourties				gju	
e65a8c3ba525042ceba11e102309b2525de4d7748b513787fc3ecc50c13c97654e626571fcdb8a6d96b78af3e6c5bfa95fb0286d8407d9d8d3c867d06c7a1fc4	common_voice_gju_42601540.mp3	738af80c23d8d2e5f51028111a7a0f1056d492d092056b7847d84aafc4df1db7	اِنھ رچھاں نا بکری کھان کو پتو ہی نیہہ ہوتو		2	0	fourties				gju	
e65a8c3ba525042ceba11e102309b2525de4d7748b513787fc3ecc50c13c97654e626571fcdb8a6d96b78af3e6c5bfa95fb0286d8407d9d8d3c867d06c7a1fc4	common_voice_gju_42601539.mp3	ab58492f3be4927b92940f85651583f55a0a866da83f10adc34d0bbe704b37c9	کیل کا لوک مدد واسطے آیاتھا		2	0	fourties				gju	
e65a8c3ba525042ceba11e102309b2525de4d7748b513787fc3ecc50c13c97654e626571fcdb8a6d96b78af3e6c5bfa95fb0286d8407d9d8d3c867d06c7a1fc4	common_voice_gju_42601538.mp3	11842d135a83d8b55e0feddf48bd19a8e2fe5448ec4097b0be447b27150e8878	دو دھیاڑا کوشش کری بارے تاپ نہ لَتھو		2	0	fourties				gju	
e65a8c3ba525042ceba11e102309b2525de4d7748b513787fc3ecc50c13c97654e626571fcdb8a6d96b78af3e6c5bfa95fb0286d8407d9d8d3c867d06c7a1fc4	common_voice_gju_42601527.mp3	8a43b7aee9fae465912c27511a2634b474ed12c672a328eb88ff3f8d082ab29b	تیمم پاک مٹٰی نال ہووے۔		2	0	fourties				gju	
e65a8c3ba525042ceba11e102309b2525de4d7748b513787fc3ecc50c13c97654e626571fcdb8a6d96b78af3e6c5bfa95fb0286d8407d9d8d3c867d06c7a1fc4	common_voice_gju_42601526.mp3	b82ac285a33b8db6fa6470094323d277e9841a7215c88150c98e05fd4833fb2f	رُڑیو وو تھو		2	0	fourties				gju	
e65a8c3ba525042ceba11e102309b2525de4d7748b513787fc3ecc50c13c97654e626571fcdb8a6d96b78af3e6c5bfa95fb0286d8407d9d8d3c867d06c7a1fc4	common_voice_gju_42601525.mp3	b2e8f968b95c5e9e8468bad443f0f1f644825bf5d6abd06c74b2281c33873fe3	کڈھ کے گلی		2	0	fourties				gju	
e65a8c3ba525042ceba11e102309b2525de4d7748b513787fc3ecc50c13c97654e626571fcdb8a6d96b78af3e6c5bfa95fb0286d8407d9d8d3c867d06c7a1fc4	common_voice_gju_42601524.mp3	a6da89fa1bfbd3d7bba2dc454f7f0ae1dfca0e05ca83a24689d9364375a80630	ساری بیٹکیاں نا خس لیے گو ‘‘		2	0	fourties				gju	
e65a8c3ba525042ceba11e102309b2525de4d7748b513787fc3ecc50c13c97654e626571fcdb8a6d96b78af3e6c5bfa95fb0286d8407d9d8d3c867d06c7a1fc4	common_voice_gju_42601523.mp3	baffc48fe97fc5f0ad3096bf7da30a16d971054501157687c479c76f9ded4d46	حسن بی بی اس حادثہ ما مُچ زخمی ہو گئی تھی		2	0	fourties				gju	
e65a8c3ba525042ceba11e102309b2525de4d7748b513787fc3ecc50c13c97654e626571fcdb8a6d96b78af3e6c5bfa95fb0286d8407d9d8d3c867d06c7a1fc4	common_voice_gju_42601512.mp3	50f600b115000e22241e9179803eb1e88fe61b03c0c0302a8dcf4c78ca0a231f	کیوں جے اُس ٹیم بیر ا لیلا نیہہ لبھے تھا		2	0	fourties				gju	
e65a8c3ba525042ceba11e102309b2525de4d7748b513787fc3ecc50c13c97654e626571fcdb8a6d96b78af3e6c5bfa95fb0286d8407d9d8d3c867d06c7a1fc4	common_voice_gju_42601510.mp3	4418d1a921fa2227996248b774f2586de471cfb766b1055a4d45e80f94d5dd40	وضو کرنو		2	0	fourties				gju	
e65a8c3ba525042ceba11e102309b2525de4d7748b513787fc3ecc50c13c97654e626571fcdb8a6d96b78af3e6c5bfa95fb0286d8407d9d8d3c867d06c7a1fc4	common_voice_gju_42601509.mp3	9c1437a6b84aabb8e52a9ddb5afa67bfbbc003a05e027e15594015e6c8874292	توہ		2	0	fourties				gju	
e65a8c3ba525042ceba11e102309b2525de4d7748b513787fc3ecc50c13c97654e626571fcdb8a6d96b78af3e6c5bfa95fb0286d8407d9d8d3c867d06c7a1fc4	common_voice_gju_42601508.mp3	a041a0a62b59aa2786889771d702418be86448d9b74616a18c36ca902b3726f8	الائی کا ایوب خان کولے لے آیا		2	0	fourties				gju	
e65a8c3ba525042ceba11e102309b2525de4d7748b513787fc3ecc50c13c97654e626571fcdb8a6d96b78af3e6c5bfa95fb0286d8407d9d8d3c867d06c7a1fc4	common_voice_gju_42601507.mp3	bcc5f2eef17b56639d28cb72d6a8e43e81c1557d27ae3ac288a919f2155160c2	ایک بِڑے اس نے شور سنی		2	0	fourties				gju	
e65a8c3ba525042ceba11e102309b2525de4d7748b513787fc3ecc50c13c97654e626571fcdb8a6d96b78af3e6c5bfa95fb0286d8407d9d8d3c867d06c7a1fc4	common_voice_gju_42601506.mp3	52751d0f0b70a66c243feef83d0b8552a373759167de217d1c734ac3ec3355b5	بھربھانو نے آ کے ا یک نِکی بیٹکی نَپی		2	0	fourties				gju	
e65a8c3ba525042ceba11e102309b2525de4d7748b513787fc3ecc50c13c97654e626571fcdb8a6d96b78af3e6c5bfa95fb0286d8407d9d8d3c867d06c7a1fc4	common_voice_gju_42601505.mp3	b7757697ac255304e616d303472c4c6f35c9cd7f45978ed020951274d684d586	سوٹی ٹُٹ گئی		2	0	fourties				gju	
e65a8c3ba525042ceba11e102309b2525de4d7748b513787fc3ecc50c13c97654e626571fcdb8a6d96b78af3e6c5bfa95fb0286d8407d9d8d3c867d06c7a1fc4	common_voice_gju_42601504.mp3	9c3f840adb745bb89d9dafedaf49d4f87d57a3483f0d74be1f45c71053f2c2d2	ہم پھٹال تا ہیراں لگا پچھاں نی ہیرتا		2	1	fourties				gju	
e65a8c3ba525042ceba11e102309b2525de4d7748b513787fc3ecc50c13c97654e626571fcdb8a6d96b78af3e6c5bfa95fb0286d8407d9d8d3c867d06c7a1fc4	common_voice_gju_42601503.mp3	8b3499cba316965f2dbe4bf82fe25756c7c77087139cb9d5cab654878cc2deb8	ہچھو		2	0	fourties				gju	
e65a8c3ba525042ceba11e102309b2525de4d7748b513787fc3ecc50c13c97654e626571fcdb8a6d96b78af3e6c5bfa95fb0286d8407d9d8d3c867d06c7a1fc4	common_voice_gju_42601497.mp3	8b1566f6e2cdf03fef79fd3894c1dc92fc8dadc8ebe9ce835e6815899846ca60	بلے بلے چلتاں یہ لوک پہلی کتک تک چنڈ کی گلی کا مُنڈھ ما جا رہیا		2	0	fourties				gju	
e65a8c3ba525042ceba11e102309b2525de4d7748b513787fc3ecc50c13c97654e626571fcdb8a6d96b78af3e6c5bfa95fb0286d8407d9d8d3c867d06c7a1fc4	common_voice_gju_42601495.mp3	7608d6bdb7def4dd389c0e52dadfd1003f5cccabac96a45a54c4e36ea4452a6a	اِت بڑا بڑا لوک آیا ہے		2	0	fourties				gju	
e65a8c3ba525042ceba11e102309b2525de4d7748b513787fc3ecc50c13c97654e626571fcdb8a6d96b78af3e6c5bfa95fb0286d8407d9d8d3c867d06c7a1fc4	common_voice_gju_42601494.mp3	8ea1834680949833172d80c0e9c683f84db76c4b6e62d1d1c11198b5f70ac4a3	باہر نَس گیو		2	0	fourties				gju	
e65a8c3ba525042ceba11e102309b2525de4d7748b513787fc3ecc50c13c97654e626571fcdb8a6d96b78af3e6c5bfa95fb0286d8407d9d8d3c867d06c7a1fc4	common_voice_gju_42601493.mp3	9a8ee4039e1a19482a71d0c62ea8c073791e20c3005d79386464160b23a927b6	جہڑو کوہستانی کے نال پیش آیو		2	0	fourties				gju	
e65a8c3ba525042ceba11e102309b2525de4d7748b513787fc3ecc50c13c97654e626571fcdb8a6d96b78af3e6c5bfa95fb0286d8407d9d8d3c867d06c7a1fc4	common_voice_gju_42601485.mp3	67d3fd473c070857854985fa87dbceb169639ad8acad791a7b2a0453764066ce	گلی بند نہ ہو جائے یہ اُٹھ کے اپنا ڈیرا تا نٹھا		2	0	fourties				gju	
e65a8c3ba525042ceba11e102309b2525de4d7748b513787fc3ecc50c13c97654e626571fcdb8a6d96b78af3e6c5bfa95fb0286d8407d9d8d3c867d06c7a1fc4	common_voice_gju_42601483.mp3	b136ad8b8e7d2d96272ab6cc0caf4f9af334d7f2863e4be0013cc2d9c5e896b9	بھی واہ سوہنی بیٹکی کہن لگی		2	0	fourties				gju	
e65a8c3ba525042ceba11e102309b2525de4d7748b513787fc3ecc50c13c97654e626571fcdb8a6d96b78af3e6c5bfa95fb0286d8407d9d8d3c867d06c7a1fc4	common_voice_gju_42601482.mp3	7df0b26a8bc9ac7fe996a470457a81b39d0bf5d09b2dedeb23bbd76fccf309aa	شہزادی نے ارماند کیو		2	0	fourties				gju	
e65a8c3ba525042ceba11e102309b2525de4d7748b513787fc3ecc50c13c97654e626571fcdb8a6d96b78af3e6c5bfa95fb0286d8407d9d8d3c867d06c7a1fc4	common_voice_gju_42601480.mp3	ac6abece7007e01535f2f8e9318aac5f07e5aaf21a920dee91c603474198250a	کُہاڑی چا کے گیو		2	0	fourties				gju	
e65a8c3ba525042ceba11e102309b2525de4d7748b513787fc3ecc50c13c97654e626571fcdb8a6d96b78af3e6c5bfa95fb0286d8407d9d8d3c867d06c7a1fc4	common_voice_gju_42601479.mp3	b207ac61a5748164d26e7115407ad3728b1dd8e86a639fe984a0cb764244d021	پروین مچ پریشان تھی		2	0	fourties				gju	
e65a8c3ba525042ceba11e102309b2525de4d7748b513787fc3ecc50c13c97654e626571fcdb8a6d96b78af3e6c5bfa95fb0286d8407d9d8d3c867d06c7a1fc4	common_voice_gju_42601477.mp3	5ec88d2047cea16690b28c130145267fdd170e5d2463f0d6ea5c2ac3c4cd8df9	مظفرآباد		2	0	fourties				gju	
e65a8c3ba525042ceba11e102309b2525de4d7748b513787fc3ecc50c13c97654e626571fcdb8a6d96b78af3e6c5bfa95fb0286d8407d9d8d3c867d06c7a1fc4	common_voice_gju_42601476.mp3	bcdfa8dd3075a2d6c96d8ebbe1766e859e096c0accd88e38d7f572f7baaf8eb5	خوراک کی قسم		2	0	fourties				gju	
e65a8c3ba525042ceba11e102309b2525de4d7748b513787fc3ecc50c13c97654e626571fcdb8a6d96b78af3e6c5bfa95fb0286d8407d9d8d3c867d06c7a1fc4	common_voice_gju_42601475.mp3	aec9902d6eade17618466fa81fe1521d2a4f27d2395e4045117791412f65f6e7	انگوٹھی کَڈھی		2	0	fourties				gju	
e65a8c3ba525042ceba11e102309b2525de4d7748b513787fc3ecc50c13c97654e626571fcdb8a6d96b78af3e6c5bfa95fb0286d8407d9d8d3c867d06c7a1fc4	common_voice_gju_42601474.mp3	a702a4616881536db8b1b938db295862cc4406c3feceab784c483b58a2a13837	مچ ڈاہڈو جنو ہے		2	0	fourties				gju	
e65a8c3ba525042ceba11e102309b2525de4d7748b513787fc3ecc50c13c97654e626571fcdb8a6d96b78af3e6c5bfa95fb0286d8407d9d8d3c867d06c7a1fc4	common_voice_gju_42601471.mp3	5536e382f4f885be7d89a65f3b39b4b4452657f67e4f20a6ead8d99d1206c3db	پل کا ڈھیر لگا تھا		2	0	fourties				gju	
e65a8c3ba525042ceba11e102309b2525de4d7748b513787fc3ecc50c13c97654e626571fcdb8a6d96b78af3e6c5bfa95fb0286d8407d9d8d3c867d06c7a1fc4	common_voice_gju_42601470.mp3	b7747044260ea8920107d5438f65e6832ffd124317131b1cba7448d6b4749b0c	جرابا پھس گیا تھا کیوں جے دو دھیا ڑا اِنھ نے یہ پیراں تے نیہہ کڈھیا تھا۔		2	0	fourties				gju	
e65a8c3ba525042ceba11e102309b2525de4d7748b513787fc3ecc50c13c97654e626571fcdb8a6d96b78af3e6c5bfa95fb0286d8407d9d8d3c867d06c7a1fc4	common_voice_gju_42601469.mp3	7598aa41d8f37799a042b3639ca2925cac8601712016efead7d70e7de7dd6b94	اُس جناں نے منڈھ		2	0	fourties				gju	
e65a8c3ba525042ceba11e102309b2525de4d7748b513787fc3ecc50c13c97654e626571fcdb8a6d96b78af3e6c5bfa95fb0286d8407d9d8d3c867d06c7a1fc4	common_voice_gju_42601468.mp3	99d12ccd44a5633e23de517fa6a885790655a05ebdb81c758496388ac75d7583	بشیر کھٹانہ کو ڈٰیرو تھو۔		2	0	fourties				gju	
e65a8c3ba525042ceba11e102309b2525de4d7748b513787fc3ecc50c13c97654e626571fcdb8a6d96b78af3e6c5bfa95fb0286d8407d9d8d3c867d06c7a1fc4	common_voice_gju_42601456.mp3	a9c063933d09f1229cffe465c844ce88f4b693aa428223ef77ad734e749fe479	ویہ اِ س جنا نے مار چھڑیا		2	0	fourties				gju	
e65a8c3ba525042ceba11e102309b2525de4d7748b513787fc3ecc50c13c97654e626571fcdb8a6d96b78af3e6c5bfa95fb0286d8407d9d8d3c867d06c7a1fc4	common_voice_gju_42601453.mp3	b3440f0d2bc20046114c1900f3b21447e216d431bda87713086782899f98f0fa	اس کا بھائی نوردین		2	0	fourties				gju	
e65a8c3ba525042ceba11e102309b2525de4d7748b513787fc3ecc50c13c97654e626571fcdb8a6d96b78af3e6c5bfa95fb0286d8407d9d8d3c867d06c7a1fc4	common_voice_gju_42601452.mp3	9740ed779b1fab237a275e980a1d067a9965aca7cc5e79c8293e6964b7e28f16	اُنھاں نا اُت باپ کی موت کو پتو دو چار دھیاڑاں		2	0	fourties				gju	
e65a8c3ba525042ceba11e102309b2525de4d7748b513787fc3ecc50c13c97654e626571fcdb8a6d96b78af3e6c5bfa95fb0286d8407d9d8d3c867d06c7a1fc4	common_voice_gju_42601450.mp3	559fc1d474b63f3bf81493118d635ba9ce62d090b7a57ad99d589680ec334978	گلی ما جہیڑی لاش رہ گئی تھی فوج نے چھ دن		2	0	fourties				gju	
e65a8c3ba525042ceba11e102309b2525de4d7748b513787fc3ecc50c13c97654e626571fcdb8a6d96b78af3e6c5bfa95fb0286d8407d9d8d3c867d06c7a1fc4	common_voice_gju_42601444.mp3	a8bc47d4c8671a3409d5a58e1889984f2f750c1ab1c8a3f4b1ddbbe3ab5ced69	ہم رَتی گلی		2	0	fourties				gju	
e65a8c3ba525042ceba11e102309b2525de4d7748b513787fc3ecc50c13c97654e626571fcdb8a6d96b78af3e6c5bfa95fb0286d8407d9d8d3c867d06c7a1fc4	common_voice_gju_42601443.mp3	9e1f955a2575574a2139e764064159751c534c7d14751a47d51305ac4b2987e3	بھی واہ پکھنی اُس نا کہن لگی		2	0	fourties				gju	
e65a8c3ba525042ceba11e102309b2525de4d7748b513787fc3ecc50c13c97654e626571fcdb8a6d96b78af3e6c5bfa95fb0286d8407d9d8d3c867d06c7a1fc4	common_voice_gju_42601442.mp3	9f0da5bc0ab195a46bb8e6b892414dec97dd3e3cb49dd627403905d5e66aba65	میں کہیو میں گلی ما اس طرح جِن بھُوت دیکھیا		2	0	fourties				gju	
e65a8c3ba525042ceba11e102309b2525de4d7748b513787fc3ecc50c13c97654e626571fcdb8a6d96b78af3e6c5bfa95fb0286d8407d9d8d3c867d06c7a1fc4	common_voice_gju_42601440.mp3	863d56b6effc22fd751bfd105c03d250e4686b53b944019afd20c45d5d8e3616	اُس کا پُوت کو ناں نورو		2	0	fourties				gju	
e65a8c3ba525042ceba11e102309b2525de4d7748b513787fc3ecc50c13c97654e626571fcdb8a6d96b78af3e6c5bfa95fb0286d8407d9d8d3c867d06c7a1fc4	common_voice_gju_42601434.mp3	b2eaab3166b33760b475e0bbedacd4ef698fb59e948f995b1fe2d9cc0bcba473	تم بہانا کریں تھا		2	0	fourties				gju	
e65a8c3ba525042ceba11e102309b2525de4d7748b513787fc3ecc50c13c97654e626571fcdb8a6d96b78af3e6c5bfa95fb0286d8407d9d8d3c867d06c7a1fc4	common_voice_gju_42601433.mp3	b07df68bf6ff2771da2522b300d8dc1df34a80ad8fc46c773d515a78de3238e2	اس تے کاہڈ جنو ہتھ تہنی کے ہیٹھ رکھنا، بیٹکی ہتھ سینہ اہر رکھے گی۔		2	0	fourties				gju	
e65a8c3ba525042ceba11e102309b2525de4d7748b513787fc3ecc50c13c97654e626571fcdb8a6d96b78af3e6c5bfa95fb0286d8407d9d8d3c867d06c7a1fc4	common_voice_gju_42601432.mp3	a86110be4edb6b9f60388480ee9eeea4a713e48d8ce803b519c5798177ff5158	بکری شیکنی تھی		2	0	fourties				gju	
e65a8c3ba525042ceba11e102309b2525de4d7748b513787fc3ecc50c13c97654e626571fcdb8a6d96b78af3e6c5bfa95fb0286d8407d9d8d3c867d06c7a1fc4	common_voice_gju_42601431.mp3	ba81e88647fa19b9613e3a980137caddf468ff41e17670ee65b49044df4f5021	بشیر مَنا ڈیرے لے آیو		2	0	fourties				gju	
e65a8c3ba525042ceba11e102309b2525de4d7748b513787fc3ecc50c13c97654e626571fcdb8a6d96b78af3e6c5bfa95fb0286d8407d9d8d3c867d06c7a1fc4	common_voice_gju_42601430.mp3	6d33a146a0bfb5a0bd83a8a3505bf603de0461927b924f61da6801f031e96fc3	ہارون		2	0	fourties				gju	
e65a8c3ba525042ceba11e102309b2525de4d7748b513787fc3ecc50c13c97654e626571fcdb8a6d96b78af3e6c5bfa95fb0286d8407d9d8d3c867d06c7a1fc4	common_voice_gju_42601423.mp3	b684ce67d07f53248e96587da0f2f3ba79fd0d3837abc38e3bdc029a46f07cc6	اِنھ ساراں نے صلاح کر کے ٹَبر جاتک چلا چھُڑیا		2	0	fourties				gju	
e65a8c3ba525042ceba11e102309b2525de4d7748b513787fc3ecc50c13c97654e626571fcdb8a6d96b78af3e6c5bfa95fb0286d8407d9d8d3c867d06c7a1fc4	common_voice_gju_42601421.mp3	a34c92d87cb67e9116112ddb685ceda146b8bd10396aec4b9d140ae52e645c91	گل منا کھول چھُڑ		2	0	fourties				gju	
e65a8c3ba525042ceba11e102309b2525de4d7748b513787fc3ecc50c13c97654e626571fcdb8a6d96b78af3e6c5bfa95fb0286d8407d9d8d3c867d06c7a1fc4	common_voice_gju_42601420.mp3	76324c5b0e6c31de44b0a3a438497da7912855909baa87d9d75347d260414751	ساری گل سُنتی رہی کیوں جے جَد ڈیرا ہالا مھارا بیاہ کی گَل کرے		2	0	fourties				gju	
e65a8c3ba525042ceba11e102309b2525de4d7748b513787fc3ecc50c13c97654e626571fcdb8a6d96b78af3e6c5bfa95fb0286d8407d9d8d3c867d06c7a1fc4	common_voice_gju_42601409.mp3	5473806be627cb2f9715c5825578b57549a188adb7bf7b5517afa67f5f8a0519	مکئی ادھی تیری ہے ادھی میری ہے میر و خیا ل کرینے		2	0	fourties				gju	
e65a8c3ba525042ceba11e102309b2525de4d7748b513787fc3ecc50c13c97654e626571fcdb8a6d96b78af3e6c5bfa95fb0286d8407d9d8d3c867d06c7a1fc4	common_voice_gju_42601408.mp3	8608b4d3832e58f72c02c5e130537827da4970312a873270d27be02dce694dd0	چھیمی دھیاڑی بادشاہ نا کہن لگو جی ہوں تیار ہے		2	0	fourties				gju	
e65a8c3ba525042ceba11e102309b2525de4d7748b513787fc3ecc50c13c97654e626571fcdb8a6d96b78af3e6c5bfa95fb0286d8407d9d8d3c867d06c7a1fc4	common_voice_gju_42601407.mp3	81a15166c6df4d30f09360d3d6167573f1882674f12f11de491ea03e8b787d8a	سیؤ		2	0	fourties				gju	
e65a8c3ba525042ceba11e102309b2525de4d7748b513787fc3ecc50c13c97654e626571fcdb8a6d96b78af3e6c5bfa95fb0286d8407d9d8d3c867d06c7a1fc4	common_voice_gju_42601406.mp3	a5c1d8fe03ba978277484175b91f0be4b27eb86d235818f7737c6a00cd5223c1	کھوتو دتو		2	0	fourties				gju	
e65a8c3ba525042ceba11e102309b2525de4d7748b513787fc3ecc50c13c97654e626571fcdb8a6d96b78af3e6c5bfa95fb0286d8407d9d8d3c867d06c7a1fc4	common_voice_gju_42601400.mp3	4cf69c6c6a525bc724707a45c21ca3af9fcece58abb4add284291e970fe77ff8	لاری کو راہ نَسدا نسیری تک وھے تھو اُتو پِچھاں یہ لوک ٹُر کے چلے تھا		2	0	fourties				gju	
e65a8c3ba525042ceba11e102309b2525de4d7748b513787fc3ecc50c13c97654e626571fcdb8a6d96b78af3e6c5bfa95fb0286d8407d9d8d3c867d06c7a1fc4	common_voice_gju_42601398.mp3	5696683099bd5362bc8ac35b38e85c0ecc76b4ea4bbef6846d13cd07ac8280e7	لَکھی ختم پڑھن کا ادمی پُورا نیہہ تھا		2	0	fourties				gju	
e65a8c3ba525042ceba11e102309b2525de4d7748b513787fc3ecc50c13c97654e626571fcdb8a6d96b78af3e6c5bfa95fb0286d8407d9d8d3c867d06c7a1fc4	common_voice_gju_42601397.mp3	90602c167a29de9f598e19255150c0ae20db21a52f734b6d34b91945fd99849d	نہ لبھتی		2	0	fourties				gju	
e65a8c3ba525042ceba11e102309b2525de4d7748b513787fc3ecc50c13c97654e626571fcdb8a6d96b78af3e6c5bfa95fb0286d8407d9d8d3c867d06c7a1fc4	common_voice_gju_42601395.mp3	af92abba1d3754491fa8fedd65afa4f2cb829ccb91d490ca1075ef41d5b85da0	گَٹی رُڑ		2	0	fourties				gju	
e65a8c3ba525042ceba11e102309b2525de4d7748b513787fc3ecc50c13c97654e626571fcdb8a6d96b78af3e6c5bfa95fb0286d8407d9d8d3c867d06c7a1fc4	common_voice_gju_42601394.mp3	6e35e9fdc2c140eff70254210be4660c5d5dcbff76ae38e22c2861787a43f229	تلے جامی بوکڑا کو ڈیرو تھو		2	0	fourties				gju	
e65a8c3ba525042ceba11e102309b2525de4d7748b513787fc3ecc50c13c97654e626571fcdb8a6d96b78af3e6c5bfa95fb0286d8407d9d8d3c867d06c7a1fc4	common_voice_gju_42601384.mp3	affe957542e357292aa614c70ff02127dec9c6640478981a5de142964a84ae79	توہ آپ پہلاں چڑھ		2	0	fourties				gju	
e65a8c3ba525042ceba11e102309b2525de4d7748b513787fc3ecc50c13c97654e626571fcdb8a6d96b78af3e6c5bfa95fb0286d8407d9d8d3c867d06c7a1fc4	common_voice_gju_42601383.mp3	9d6531d128ee16a736a722bae0a3d9fead65b551b3dd903a6c6209e3fa6cc63e	یہ کہن لگا		2	0	fourties				gju	
e65a8c3ba525042ceba11e102309b2525de4d7748b513787fc3ecc50c13c97654e626571fcdb8a6d96b78af3e6c5bfa95fb0286d8407d9d8d3c867d06c7a1fc4	common_voice_gju_42601382.mp3	7a6f091f29d3d9d7e777536d8acf2ea0a253de7b0fd18ef61b236c1a28981e5e	بکریاں تا کَچھل کَپ کے گھَلتا رہیا		2	0	fourties				gju	
e65a8c3ba525042ceba11e102309b2525de4d7748b513787fc3ecc50c13c97654e626571fcdb8a6d96b78af3e6c5bfa95fb0286d8407d9d8d3c867d06c7a1fc4	common_voice_gju_42601381.mp3	98b469146ffb059a1fd7e1424b90f1169f22015a86b1609c2c7ad6b4418f6743	وہ اس نا ہمیشاں یاد رکھے گو		2	0	fourties				gju	
e65a8c3ba525042ceba11e102309b2525de4d7748b513787fc3ecc50c13c97654e626571fcdb8a6d96b78af3e6c5bfa95fb0286d8407d9d8d3c867d06c7a1fc4	common_voice_gju_42601379.mp3	77d211c8e7aabca83e1ea961f96cf21c887b43519fe08228bfa033064dc5e50e	پنج دھیاڑی مہلت منگ کے		2	0	fourties				gju	
e65a8c3ba525042ceba11e102309b2525de4d7748b513787fc3ecc50c13c97654e626571fcdb8a6d96b78af3e6c5bfa95fb0286d8407d9d8d3c867d06c7a1fc4	common_voice_gju_42601378.mp3	b51c0f92588bb06174b63c6fb0ceae2c1b916172539369a7ad93b8439c0047a0	ڈیرے آ کے قیو م نے بھربھانو کی گل سنائی اس کا باپ کالا خان نے کہیو یوہ بھربھانو مُچ		2	0	fourties				gju	
e65a8c3ba525042ceba11e102309b2525de4d7748b513787fc3ecc50c13c97654e626571fcdb8a6d96b78af3e6c5bfa95fb0286d8407d9d8d3c867d06c7a1fc4	common_voice_gju_42601377.mp3	8658d1c25558bacfcd36676d474cb3a5e75d897d132041a8d4251b2781f3f7b4	اِنھ کا باپ حاجی اسماعیل نے کہیو اوہ لڑوں ڈیرا نا نہ لَدوں پَچھاں پل زیادہ وھے گی		2	0	fourties				gju	
e65a8c3ba525042ceba11e102309b2525de4d7748b513787fc3ecc50c13c97654e626571fcdb8a6d96b78af3e6c5bfa95fb0286d8407d9d8d3c867d06c7a1fc4	common_voice_gju_42601376.mp3	a318ef9c3e7ffa7b168f6a01b731e0aadc1d9f39c67fd7a7f7600c568d1e1fe4	رات نساپے بارش لگ گئی		2	0	fourties				gju	
e65a8c3ba525042ceba11e102309b2525de4d7748b513787fc3ecc50c13c97654e626571fcdb8a6d96b78af3e6c5bfa95fb0286d8407d9d8d3c867d06c7a1fc4	common_voice_gju_42601375.mp3	ab2e8aa869a580e26cd01aec1829cab8e185255635d9c282c87dff1604deaa87	خاصی دور تھی		2	0	fourties				gju	
e65a8c3ba525042ceba11e102309b2525de4d7748b513787fc3ecc50c13c97654e626571fcdb8a6d96b78af3e6c5bfa95fb0286d8407d9d8d3c867d06c7a1fc4	common_voice_gju_42601353.mp3	8c26f543435e212e85ee2dbcfdd03e2067a3ad4ed08094768a2a300ab20a33c6	نا کِشاں ماروں گو		2	0	fourties				gju	
e65a8c3ba525042ceba11e102309b2525de4d7748b513787fc3ecc50c13c97654e626571fcdb8a6d96b78af3e6c5bfa95fb0286d8407d9d8d3c867d06c7a1fc4	common_voice_gju_42601352.mp3	664a6414f04ecd08be8c9a425e104017cba8ad83d924d0139fe20e6e6f139b6d	اس گٹی نا مورا اُپروں چَکوں‘‘		2	0	fourties				gju	
e65a8c3ba525042ceba11e102309b2525de4d7748b513787fc3ecc50c13c97654e626571fcdb8a6d96b78af3e6c5bfa95fb0286d8407d9d8d3c867d06c7a1fc4	common_voice_gju_42601351.mp3	9280c5e9bd70aa5138241a6d15cfd073e820ed0a18697c131d3d2441a43321aa	وہ مُچ پیسا لیے گو ہوں مُچ پرشان تھی		2	0	fourties				gju	
e65a8c3ba525042ceba11e102309b2525de4d7748b513787fc3ecc50c13c97654e626571fcdb8a6d96b78af3e6c5bfa95fb0286d8407d9d8d3c867d06c7a1fc4	common_voice_gju_42601350.mp3	71be0449125205c67fcdaea9cd4a118f688ec361496263c9bed86cb58a45fa9f	کچر سامتا بے رہیا		2	0	fourties				gju	
e65a8c3ba525042ceba11e102309b2525de4d7748b513787fc3ecc50c13c97654e626571fcdb8a6d96b78af3e6c5bfa95fb0286d8407d9d8d3c867d06c7a1fc4	common_voice_gju_42601349.mp3	916d7a855e659a9d5867dc3e1582c69d6203fd337f74a4bb32f70e0ff7eb65f7	کہیو جے تم جہڑا پیسا پہلاں کا راکھا نا دیے تھا ویہ مُچ تھوڑا		2	0	fourties				gju	
e65a8c3ba525042ceba11e102309b2525de4d7748b513787fc3ecc50c13c97654e626571fcdb8a6d96b78af3e6c5bfa95fb0286d8407d9d8d3c867d06c7a1fc4	common_voice_gju_42601344.mp3	9898cd41ddd060e57819f6d3613a1b1d64a2c73591c41bb02743d85dbbfa2a49	انھ نے نولکھیو رسا ناڑ مدھ کے مورا ما لاہیو		2	0	fourties				gju	
e65a8c3ba525042ceba11e102309b2525de4d7748b513787fc3ecc50c13c97654e626571fcdb8a6d96b78af3e6c5bfa95fb0286d8407d9d8d3c867d06c7a1fc4	common_voice_gju_42601343.mp3	48e7763b08a82117f532e34805508e41737806e1b6f83459174970154dbd09be	نہ جی		2	0	fourties				gju	
e65a8c3ba525042ceba11e102309b2525de4d7748b513787fc3ecc50c13c97654e626571fcdb8a6d96b78af3e6c5bfa95fb0286d8407d9d8d3c867d06c7a1fc4	common_voice_gju_42601342.mp3	b0568e170e9e9ba0c80ffc0ff5c3e68ab7392790f2cac78340be550744f0cec2	ہو ر ہوں نی بُجیو		2	0	fourties				gju	
e65a8c3ba525042ceba11e102309b2525de4d7748b513787fc3ecc50c13c97654e626571fcdb8a6d96b78af3e6c5bfa95fb0286d8407d9d8d3c867d06c7a1fc4	common_voice_gju_42601341.mp3	8418555ce39ab636de42aeb183d5c4cef61b6a048dce471415e392fd0b007ada	بِساکھ ڈیرو پٹ کے کاگان تا ٹُر گیا		2	0	fourties				gju	
e65a8c3ba525042ceba11e102309b2525de4d7748b513787fc3ecc50c13c97654e626571fcdb8a6d96b78af3e6c5bfa95fb0286d8407d9d8d3c867d06c7a1fc4	common_voice_gju_42601339.mp3	8ac41029feddad98da854a6d32ec96e01c4fab0260e3e834a7347f1c30e4bf1f	اللہ اکبر کہتے بلے سر اچو رکھنو۔		2	0	fourties				gju	
e65a8c3ba525042ceba11e102309b2525de4d7748b513787fc3ecc50c13c97654e626571fcdb8a6d96b78af3e6c5bfa95fb0286d8407d9d8d3c867d06c7a1fc4	common_voice_gju_42601333.mp3	b8122fa7f6504a1ef50e4274f3f1722aa04884a24e143da624f8884c5807114d	یون کہن لگو اُس جنا نا ڈھونڈوں جس نے یوہ جاتک چھوڈیو		2	0	fourties				gju	
e65a8c3ba525042ceba11e102309b2525de4d7748b513787fc3ecc50c13c97654e626571fcdb8a6d96b78af3e6c5bfa95fb0286d8407d9d8d3c867d06c7a1fc4	common_voice_gju_42601332.mp3	55ba372511e8823d19fb05092b92b80fa3f9b4d6ea4a81c61ce613a7ad010d8d	یہ لوک چار پنج دھیاڑا اُت پَل ما بند رہیا		2	0	fourties				gju	
e65a8c3ba525042ceba11e102309b2525de4d7748b513787fc3ecc50c13c97654e626571fcdb8a6d96b78af3e6c5bfa95fb0286d8407d9d8d3c867d06c7a1fc4	common_voice_gju_42601331.mp3	a56b0b77b18e96bd8da9e836742780a730d1eee8bc987797f19df74e3470bfa3	دکاندار نے بھی ٹقلا ماریا جی یوہ گھوڑی کو انٹڑو ہے		2	0	fourties				gju	
e65a8c3ba525042ceba11e102309b2525de4d7748b513787fc3ecc50c13c97654e626571fcdb8a6d96b78af3e6c5bfa95fb0286d8407d9d8d3c867d06c7a1fc4	common_voice_gju_42601329.mp3	a2a07072468acdd82743508e263e5a857850349456b16abc63473e0fee4ed52a	پَہی ارماند کروں توہ ضرور دسے گو		2	0	fourties				gju	
e65a8c3ba525042ceba11e102309b2525de4d7748b513787fc3ecc50c13c97654e626571fcdb8a6d96b78af3e6c5bfa95fb0286d8407d9d8d3c867d06c7a1fc4	common_voice_gju_42597265.mp3	87997699b4691d41aba0d23dec16fad63766e9a6699b12d0ba6448568deb28b1	ادو میرا بیاہ کی گَل کرے تھا		2	0	fourties				gju	
e65a8c3ba525042ceba11e102309b2525de4d7748b513787fc3ecc50c13c97654e626571fcdb8a6d96b78af3e6c5bfa95fb0286d8407d9d8d3c867d06c7a1fc4	common_voice_gju_42597264.mp3	8dd7f50307060c45c01ab48e94ec47179837e8aa880391bd14de2b470fd11d36	اس وجہ		2	0	fourties				gju	
e65a8c3ba525042ceba11e102309b2525de4d7748b513787fc3ecc50c13c97654e626571fcdb8a6d96b78af3e6c5bfa95fb0286d8407d9d8d3c867d06c7a1fc4	common_voice_gju_42597263.mp3	ab0bf781b6a6d0c874a714751a6e508017970a7f97d9598a3fe1eec2fb065bee	ہو اجڑی بکری چُگاوے تھا ویہ دوڑ کے آیا اُنھاں نے بڑی بڑی ڈنڈ کری		2	0	fourties				gju	
e65a8c3ba525042ceba11e102309b2525de4d7748b513787fc3ecc50c13c97654e626571fcdb8a6d96b78af3e6c5bfa95fb0286d8407d9d8d3c867d06c7a1fc4	common_voice_gju_42597262.mp3	b24f4bec5e39c54a5373dc8a62d7de2fde93fd8bd6ac2227f074d5e24389b999	پٹی جا رہیو		2	0	fourties				gju	
e65a8c3ba525042ceba11e102309b2525de4d7748b513787fc3ecc50c13c97654e626571fcdb8a6d96b78af3e6c5bfa95fb0286d8407d9d8d3c867d06c7a1fc4	common_voice_gju_42597261.mp3	8b75e5e505f1d515ff72a468e644d0cb60208ad5effdbe257e3368764fd6dba3	پر ہمنا صاف پانی نیہہ لبھتو		2	0	fourties				gju	
e65a8c3ba525042ceba11e102309b2525de4d7748b513787fc3ecc50c13c97654e626571fcdb8a6d96b78af3e6c5bfa95fb0286d8407d9d8d3c867d06c7a1fc4	common_voice_gju_42597254.mp3	ad24f07fb033f132ce1997126e5efbcd485acf67d4c86e2e92f3afae4c6edf69	رات اُنھ پو اُت پل بے لگ گئی		2	0	fourties				gju	
e65a8c3ba525042ceba11e102309b2525de4d7748b513787fc3ecc50c13c97654e626571fcdb8a6d96b78af3e6c5bfa95fb0286d8407d9d8d3c867d06c7a1fc4	common_voice_gju_42597253.mp3	accd0f4f016fe5b650bed8f42535b53a74ae4240af287a4ed44d867dcfe8951e	اُنھ سالاں ما		2	0	fourties				gju	
e65a8c3ba525042ceba11e102309b2525de4d7748b513787fc3ecc50c13c97654e626571fcdb8a6d96b78af3e6c5bfa95fb0286d8407d9d8d3c867d06c7a1fc4	common_voice_gju_42597251.mp3	6e130ace2398a9201a023561adf2427ac0add18ef35bd132c07b9ab1169a11d0	اس نا سخت آرام کی ضرورت		2	0	fourties				gju	
e65a8c3ba525042ceba11e102309b2525de4d7748b513787fc3ecc50c13c97654e626571fcdb8a6d96b78af3e6c5bfa95fb0286d8407d9d8d3c867d06c7a1fc4	common_voice_gju_42597245.mp3	8b68984c09ca0246e0ad632d0c01d4b9357b631f6028d7e564316681134da739	راہ ما سکولی جاتک بلی نا ماریں تھا		2	0	fourties				gju	
e65a8c3ba525042ceba11e102309b2525de4d7748b513787fc3ecc50c13c97654e626571fcdb8a6d96b78af3e6c5bfa95fb0286d8407d9d8d3c867d06c7a1fc4	common_voice_gju_42597244.mp3	b212f495bfd72d204908c9c1127842dd764c3a4fa70ad716b7871297f7a68be9	ہمت کر کے اِنھاں نے اُنھ کو بال بچو اَچھر کول پوہچا لیو اُت ہور سارا ڈیرا بے تھا پل اُسے شانے بر		2	0	fourties				gju	
e65a8c3ba525042ceba11e102309b2525de4d7748b513787fc3ecc50c13c97654e626571fcdb8a6d96b78af3e6c5bfa95fb0286d8407d9d8d3c867d06c7a1fc4	common_voice_gju_42597243.mp3	b3dc5c759aa25baa6bf22c2bee8eae1d1b236444b1bc5ff7a16edae9fdf17c47	ایک لیلی زخمی تھی		2	0	fourties				gju	
e65a8c3ba525042ceba11e102309b2525de4d7748b513787fc3ecc50c13c97654e626571fcdb8a6d96b78af3e6c5bfa95fb0286d8407d9d8d3c867d06c7a1fc4	common_voice_gju_42597242.mp3	a8a9fa8916bb36901635bf13d745af5f83dea328bd028cbb7a543be0d9098a5e	ٹوہ ما مار چھڑیو		2	0	fourties				gju	
e65a8c3ba525042ceba11e102309b2525de4d7748b513787fc3ecc50c13c97654e626571fcdb8a6d96b78af3e6c5bfa95fb0286d8407d9d8d3c867d06c7a1fc4	common_voice_gju_42597240.mp3	53b4c4b92299357e3d9b741a97bfd99f49ae52611bbe5bfa7d222f7d03d2a460	اس نا نیند آئے‘‘		2	0	fourties				gju	
e65a8c3ba525042ceba11e102309b2525de4d7748b513787fc3ecc50c13c97654e626571fcdb8a6d96b78af3e6c5bfa95fb0286d8407d9d8d3c867d06c7a1fc4	common_voice_gju_42597239.mp3	a62e3cee265e6d7809722036d7cf1fcc85fd4cc38785fbdf6dd636fc8250ce96	اُنھ نے ڈر		2	0	fourties				gju	
e65a8c3ba525042ceba11e102309b2525de4d7748b513787fc3ecc50c13c97654e626571fcdb8a6d96b78af3e6c5bfa95fb0286d8407d9d8d3c867d06c7a1fc4	common_voice_gju_42597238.mp3	92a8c07f7679a8be587838a69de9004dd83b34b91099117e9ba3b532d3b6c58e	اُس نے اپنی گھانی آپ سنائی		2	0	fourties				gju	
e65a8c3ba525042ceba11e102309b2525de4d7748b513787fc3ecc50c13c97654e626571fcdb8a6d96b78af3e6c5bfa95fb0286d8407d9d8d3c867d06c7a1fc4	common_voice_gju_42597237.mp3	ad0fd012e7c1c5f0f60ca7b6d429d9624973cd6d265554da86471044a6f8c951	ہسپتال چلایو		2	0	fourties				gju	
e65a8c3ba525042ceba11e102309b2525de4d7748b513787fc3ecc50c13c97654e626571fcdb8a6d96b78af3e6c5bfa95fb0286d8407d9d8d3c867d06c7a1fc4	common_voice_gju_42597236.mp3	8d24552b3c89db77a9da3c27c7ba8e518b88369c28f4d641ef04a5fe1be36b7d	اُت میرو باپ مُچ پرشان ہویو		2	0	fourties				gju	
e65a8c3ba525042ceba11e102309b2525de4d7748b513787fc3ecc50c13c97654e626571fcdb8a6d96b78af3e6c5bfa95fb0286d8407d9d8d3c867d06c7a1fc4	common_voice_gju_42595002.mp3	9ec7b4cd7f5b22e93401a7fddac16af8313f62a01a9ea4095d1688f0587af13f	ایک دھیاڑے ہوں اپنا کمرا ما آئی		2	0	fourties				gju	
e65a8c3ba525042ceba11e102309b2525de4d7748b513787fc3ecc50c13c97654e626571fcdb8a6d96b78af3e6c5bfa95fb0286d8407d9d8d3c867d06c7a1fc4	common_voice_gju_42595001.mp3	b16be8b250f1ff74a59172384713acddde661ac960aa08f5e968a8173d3c2926	یوہ آلو		2	0	fourties				gju	
e65a8c3ba525042ceba11e102309b2525de4d7748b513787fc3ecc50c13c97654e626571fcdb8a6d96b78af3e6c5bfa95fb0286d8407d9d8d3c867d06c7a1fc4	common_voice_gju_42595000.mp3	9f954ab14978a64a5879351918be3116e529222340bbd48e2211de2a35c32cca	وکیل بیٹکی کو ناں مریم تھو		2	0	fourties				gju	
e65a8c3ba525042ceba11e102309b2525de4d7748b513787fc3ecc50c13c97654e626571fcdb8a6d96b78af3e6c5bfa95fb0286d8407d9d8d3c867d06c7a1fc4	common_voice_gju_42594999.mp3	81d61fcf037cae753f2328a6d5817c94ea51694e2a8a4cb260452a90e5c2f00b	ساری رچھاں نے کھا لئی وھے گی		2	0	fourties				gju	
e65a8c3ba525042ceba11e102309b2525de4d7748b513787fc3ecc50c13c97654e626571fcdb8a6d96b78af3e6c5bfa95fb0286d8407d9d8d3c867d06c7a1fc4	common_voice_gju_42594998.mp3	833c6cab1e1a64adb33c47c9aef696eb7d6280c7c5339b5dddab926c72bae0ae	میں مُچ دُکھ کٹیا آؤں ہوں		2	0	fourties				gju	
e65a8c3ba525042ceba11e102309b2525de4d7748b513787fc3ecc50c13c97654e626571fcdb8a6d96b78af3e6c5bfa95fb0286d8407d9d8d3c867d06c7a1fc4	common_voice_gju_42594997.mp3	8e147c731d22c3be6a7514c1e5c4462e1f1e5222e63f772a494188df8714c94b	مڑ کے گیا		2	0	fourties				gju	
e65a8c3ba525042ceba11e102309b2525de4d7748b513787fc3ecc50c13c97654e626571fcdb8a6d96b78af3e6c5bfa95fb0286d8407d9d8d3c867d06c7a1fc4	common_voice_gju_42594996.mp3	50da12a6b944d589f3beef2c93500eb757e0499747133700ac8cc4bdd8cf8f3a	ایک سال مولوی بنیامین کسانہ کو ڈیرو سیال دھان گلی ہالی رَکھ ما تھو		2	0	fourties				gju	
e65a8c3ba525042ceba11e102309b2525de4d7748b513787fc3ecc50c13c97654e626571fcdb8a6d96b78af3e6c5bfa95fb0286d8407d9d8d3c867d06c7a1fc4	common_voice_gju_42594995.mp3	85a73019e288c8506e5d66ba56e8c6e3f483516c898b90b87c701ca207b0e66f	اِنھاں نے اپنا بھانڈا شانڈا بَدھیا		2	0	fourties				gju	
e65a8c3ba525042ceba11e102309b2525de4d7748b513787fc3ecc50c13c97654e626571fcdb8a6d96b78af3e6c5bfa95fb0286d8407d9d8d3c867d06c7a1fc4	common_voice_gju_42594994.mp3	95142edc342e450c8484746f7e774b942b45b46670869e3f0d1639c7cb566aa2	میرا بی دو نکا نکا بچہ تھا کہڑا بِچو ایک ندی ما رُڑھ گیو		2	0	fourties				gju	
e65a8c3ba525042ceba11e102309b2525de4d7748b513787fc3ecc50c13c97654e626571fcdb8a6d96b78af3e6c5bfa95fb0286d8407d9d8d3c867d06c7a1fc4	common_voice_gju_42594993.mp3	a5f99807f7fae92ae68db04d76cf8fbd3c614173ab16a505e3c428506cabb948	پِچھاں بن ما بکری بَٹلی کرن گیو		2	0	fourties				gju	
e65a8c3ba525042ceba11e102309b2525de4d7748b513787fc3ecc50c13c97654e626571fcdb8a6d96b78af3e6c5bfa95fb0286d8407d9d8d3c867d06c7a1fc4	common_voice_gju_42594992.mp3	ad1330d95722bfcc020abaad12d381ef86c9c42bd6f125e16ace62da7f2b00c6	مولوی یونس اِت جنازہ نا دَب کے		2	0	fourties				gju	
e65a8c3ba525042ceba11e102309b2525de4d7748b513787fc3ecc50c13c97654e626571fcdb8a6d96b78af3e6c5bfa95fb0286d8407d9d8d3c867d06c7a1fc4	common_voice_gju_42594991.mp3	a3d87be48a2c7236f38b97113ceef1a45841844af89942970efeed269daadfe6	اس بچی نا آرام کرن دیوں جے اس نا جھب آرام آ جائے		2	0	fourties				gju	
e65a8c3ba525042ceba11e102309b2525de4d7748b513787fc3ecc50c13c97654e626571fcdb8a6d96b78af3e6c5bfa95fb0286d8407d9d8d3c867d06c7a1fc4	common_voice_gju_42594990.mp3	b49cc5f42cf6b6cebfa9a1d50708f947d5b3957fe4e308d53264544de9dd150d	مندو وھے گو ؟		2	0	fourties				gju	
e65a8c3ba525042ceba11e102309b2525de4d7748b513787fc3ecc50c13c97654e626571fcdb8a6d96b78af3e6c5bfa95fb0286d8407d9d8d3c867d06c7a1fc4	common_voice_gju_42594989.mp3	a0b74e6d103683f7dd0f9a8df19e8542d8710b31e8319ceeb5de75353af9e490	اس نے ساری حالت ڈاکٹر نا دسی		2	0	fourties				gju	
e65a8c3ba525042ceba11e102309b2525de4d7748b513787fc3ecc50c13c97654e626571fcdb8a6d96b78af3e6c5bfa95fb0286d8407d9d8d3c867d06c7a1fc4	common_voice_gju_42594988.mp3	9768aa72459ef93875b4b04e321685b17adab7a31b2c00f9b5a6a07168ab2eda	اِکا بکری کو ٹُٹیو لَک		2	0	fourties				gju	
e65a8c3ba525042ceba11e102309b2525de4d7748b513787fc3ecc50c13c97654e626571fcdb8a6d96b78af3e6c5bfa95fb0286d8407d9d8d3c867d06c7a1fc4	common_voice_gju_42594987.mp3	9b5f067c5fd2e6a06e3419ddf443712118afa9f39012356c4175b8ede268afff	رات انھ نے نیہہ سیانیو جی یوہ مہارو پوت ہے		2	0	fourties				gju	
e65a8c3ba525042ceba11e102309b2525de4d7748b513787fc3ecc50c13c97654e626571fcdb8a6d96b78af3e6c5bfa95fb0286d8407d9d8d3c867d06c7a1fc4	common_voice_gju_42594986.mp3	b27d9bd79db38ada1ada4c719d831ee138a6846ae7a15ab2b1c79135c4499310	لوہار نے اُساں کہیو جی ہوں تنا سال کو سو روپیو مزوری دیوں گو		2	0	fourties				gju	
e65a8c3ba525042ceba11e102309b2525de4d7748b513787fc3ecc50c13c97654e626571fcdb8a6d96b78af3e6c5bfa95fb0286d8407d9d8d3c867d06c7a1fc4	common_voice_gju_42594985.mp3	8cddd71c5e3d2081f9d9ee4558bfcdb3046eab9296eb23b091939502b85103fe	دُکاندار نے اِساں کہیو اِس کو سو رُپیو ہے		2	0	fourties				gju	
e65a8c3ba525042ceba11e102309b2525de4d7748b513787fc3ecc50c13c97654e626571fcdb8a6d96b78af3e6c5bfa95fb0286d8407d9d8d3c867d06c7a1fc4	common_voice_gju_42594984.mp3	b3afddee1f5005541a60e19fa2fe308716ec290c4ecbe0789d51e22838e6572f	ادھی جئی رات ہوئی		2	0	fourties				gju	
e65a8c3ba525042ceba11e102309b2525de4d7748b513787fc3ecc50c13c97654e626571fcdb8a6d96b78af3e6c5bfa95fb0286d8407d9d8d3c867d06c7a1fc4	common_voice_gju_42594983.mp3	a38dea9254603d09db6090f8815163330244e826d40348cf2d3e90f00324f240	کاہڈو بھربھانو اس گَٹیاں کی مارتو ریہیو		2	0	fourties				gju	
e65a8c3ba525042ceba11e102309b2525de4d7748b513787fc3ecc50c13c97654e626571fcdb8a6d96b78af3e6c5bfa95fb0286d8407d9d8d3c867d06c7a1fc4	common_voice_gju_42594982.mp3	aa7e1f2db727c8fca64abb8e293ff623984706be9b1165366df1b2b7fec5ca05	جنازہ ما کافی لوک آگیا تھا با اس کی اپنی خاص بلادری		2	0	fourties				gju	
e65a8c3ba525042ceba11e102309b2525de4d7748b513787fc3ecc50c13c97654e626571fcdb8a6d96b78af3e6c5bfa95fb0286d8407d9d8d3c867d06c7a1fc4	common_voice_gju_42594981.mp3	9eaf7eb279c5e2354ce48bdd2a33fcd9a4022055f9f133e486d255cb29e399b0	بادشاہ اپناں دواں پوتاں نا چک کے نیہہ چاڑ سکے تھو		2	0	fourties				gju	
e65a8c3ba525042ceba11e102309b2525de4d7748b513787fc3ecc50c13c97654e626571fcdb8a6d96b78af3e6c5bfa95fb0286d8407d9d8d3c867d06c7a1fc4	common_voice_gju_42594980.mp3	89f34e5c5ea288e29fabd49fb6e369d400e6b96b3d35e724d91463701961120f	میں کہیو میرے نال اللہ کی ذات		2	0	fourties				gju	
e65a8c3ba525042ceba11e102309b2525de4d7748b513787fc3ecc50c13c97654e626571fcdb8a6d96b78af3e6c5bfa95fb0286d8407d9d8d3c867d06c7a1fc4	common_voice_gju_42594979.mp3	9ba176990ed29eb3d70af4d62a7b6002843c0dd00e0c660052abbed4f07e10a8	رچھ مر گیو		2	0	fourties				gju	
e65a8c3ba525042ceba11e102309b2525de4d7748b513787fc3ecc50c13c97654e626571fcdb8a6d96b78af3e6c5bfa95fb0286d8407d9d8d3c867d06c7a1fc4	common_voice_gju_42594978.mp3	a1a926655c44c022025f38e304dcbd9a85b13a7501862dc45308183142805fe3	اللہ نے بچا لیا		2	0	fourties				gju	
e65a8c3ba525042ceba11e102309b2525de4d7748b513787fc3ecc50c13c97654e626571fcdb8a6d96b78af3e6c5bfa95fb0286d8407d9d8d3c867d06c7a1fc4	common_voice_gju_42594977.mp3	8f4e514fb46d52d2fbfb275e28ea96024e068ab499ca2a356e4325c21ea4ab12	السلام علیکم کہہ کے نماز مکانی		2	0	fourties				gju	
e65a8c3ba525042ceba11e102309b2525de4d7748b513787fc3ecc50c13c97654e626571fcdb8a6d96b78af3e6c5bfa95fb0286d8407d9d8d3c867d06c7a1fc4	common_voice_gju_42594976.mp3	b262a51142686f522cc6acce14e6275c5be1c34ea7897b702977dd53d2187e01	اِکا بکری رِہ گئی راہ ما		2	0	fourties				gju	
e65a8c3ba525042ceba11e102309b2525de4d7748b513787fc3ecc50c13c97654e626571fcdb8a6d96b78af3e6c5bfa95fb0286d8407d9d8d3c867d06c7a1fc4	common_voice_gju_42594975.mp3	921c7a6cdd85e4c5cadebc32c0b25196f28dfd06a99f975a16bbae0705fdd687	رات اُت اس کا جاتک روتا		2	0	fourties				gju	
e65a8c3ba525042ceba11e102309b2525de4d7748b513787fc3ecc50c13c97654e626571fcdb8a6d96b78af3e6c5bfa95fb0286d8407d9d8d3c867d06c7a1fc4	common_voice_gju_42594974.mp3	7ec2d597bd5a563ce12878ceaeb179c9c5159bf90c0f8e1eb41ee2280b493848	الائی کا ایوب خان کو لے لے گیا		2	0	fourties				gju	
e65a8c3ba525042ceba11e102309b2525de4d7748b513787fc3ecc50c13c97654e626571fcdb8a6d96b78af3e6c5bfa95fb0286d8407d9d8d3c867d06c7a1fc4	common_voice_gju_42594973.mp3	acfd6a791925c75a8d8864215b880985040065163a14235dddccb406eaeadc4c	ہون یاہ درداں ہالی گھان مُک گئی		2	0	fourties				gju	
e65a8c3ba525042ceba11e102309b2525de4d7748b513787fc3ecc50c13c97654e626571fcdb8a6d96b78af3e6c5bfa95fb0286d8407d9d8d3c867d06c7a1fc4	common_voice_gju_42594972.mp3	a39dbdbe4687bfbea2264d7dab1ecd739cfa346f701efa7726b8fa5f7bfaed65	اِنھ کی بکری بھُکھ		2	0	fourties				gju	
e65a8c3ba525042ceba11e102309b2525de4d7748b513787fc3ecc50c13c97654e626571fcdb8a6d96b78af3e6c5bfa95fb0286d8407d9d8d3c867d06c7a1fc4	common_voice_gju_42594971.mp3	9a3e153ce0ce021af6d3925544d31e647f472bc49de72edbeed303a96fc9877e	اُس نے میری گہانی سُنی		2	0	fourties				gju	
e65a8c3ba525042ceba11e102309b2525de4d7748b513787fc3ecc50c13c97654e626571fcdb8a6d96b78af3e6c5bfa95fb0286d8407d9d8d3c867d06c7a1fc4	common_voice_gju_42594970.mp3	8a32da877a5eeee9a698efe99c6e07d40fc53c47e3b90072ef4d65744017e034	چنگی خوراک واہ وھے جس ما یہ تریہی شے موجود وھے		2	0	fourties				gju	
e65a8c3ba525042ceba11e102309b2525de4d7748b513787fc3ecc50c13c97654e626571fcdb8a6d96b78af3e6c5bfa95fb0286d8407d9d8d3c867d06c7a1fc4	common_voice_gju_42594969.mp3	94138e253d1f1d62b7fc762e57745bdd5f41d61103fe220524f42faea0cf8714	تھو		2	0	fourties				gju	
e65a8c3ba525042ceba11e102309b2525de4d7748b513787fc3ecc50c13c97654e626571fcdb8a6d96b78af3e6c5bfa95fb0286d8407d9d8d3c867d06c7a1fc4	common_voice_gju_42594968.mp3	9ad7f4d544de6986484fc5e75f4e8cec8e737ea76e4dd9623c6a875f9b7631c5	اُس ڈیرا ما ایک بلا ہِلی تھی		2	0	fourties				gju	
e65a8c3ba525042ceba11e102309b2525de4d7748b513787fc3ecc50c13c97654e626571fcdb8a6d96b78af3e6c5bfa95fb0286d8407d9d8d3c867d06c7a1fc4	common_voice_gju_42594967.mp3	9ca14209a4cadf8f5c453e8c95f110443b91667d726ef42a5e4be94df9909484	ڈیرے بے اس کو علاج کرتا رہیا		2	0	fourties				gju	
e65a8c3ba525042ceba11e102309b2525de4d7748b513787fc3ecc50c13c97654e626571fcdb8a6d96b78af3e6c5bfa95fb0286d8407d9d8d3c867d06c7a1fc4	common_voice_gju_42594966.mp3	b2761eaf9a277ef9cbabac7b0417b639cbdd3b7dcc773bf490dd9f70e37fdf6c	تھہانیدار نے کہیو		2	0	fourties				gju	
e65a8c3ba525042ceba11e102309b2525de4d7748b513787fc3ecc50c13c97654e626571fcdb8a6d96b78af3e6c5bfa95fb0286d8407d9d8d3c867d06c7a1fc4	common_voice_gju_42594965.mp3	ab0f8433547d1c3614d98a43271c2e6cdb2ac0d62ef547fdb39a8c80d2c23cbd	یوہ جنو مچ مشہور ہوگیو		2	0	fourties				gju	
e65a8c3ba525042ceba11e102309b2525de4d7748b513787fc3ecc50c13c97654e626571fcdb8a6d96b78af3e6c5bfa95fb0286d8407d9d8d3c867d06c7a1fc4	common_voice_gju_42594963.mp3	a4ff484447a3c7ce92ec5aa9e82c66ff49e304eead96728926ead73be3d018db	گل کا قضیہ		2	0	fourties				gju	
e65a8c3ba525042ceba11e102309b2525de4d7748b513787fc3ecc50c13c97654e626571fcdb8a6d96b78af3e6c5bfa95fb0286d8407d9d8d3c867d06c7a1fc4	common_voice_gju_42594962.mp3	5aae9a3a59d4e75e8621806d21d3e1628973ab9b1190389ccb811ed04840b008	وُہ میرے کاہڈ دوڑتو رہیو		2	0	fourties				gju	
e65a8c3ba525042ceba11e102309b2525de4d7748b513787fc3ecc50c13c97654e626571fcdb8a6d96b78af3e6c5bfa95fb0286d8407d9d8d3c867d06c7a1fc4	common_voice_gju_42594961.mp3	ad6b8c98f30ff7e0e1bc1f45db0a200f4d23391bb02992a252126d15a6d61850	راہ پو یہ لوک خیر خرام اپنی بر کی جا پو پوہچ گیا		2	0	fourties				gju	
e65a8c3ba525042ceba11e102309b2525de4d7748b513787fc3ecc50c13c97654e626571fcdb8a6d96b78af3e6c5bfa95fb0286d8407d9d8d3c867d06c7a1fc4	common_voice_gju_42594959.mp3	a883228872ee612536805e653ee3bef4cb9d99521b5264c9e0e14be6418c305a	اگے ایک سُکو کٹھو تھو		2	0	fourties				gju	
e65a8c3ba525042ceba11e102309b2525de4d7748b513787fc3ecc50c13c97654e626571fcdb8a6d96b78af3e6c5bfa95fb0286d8407d9d8d3c867d06c7a1fc4	common_voice_gju_42594954.mp3	6421e5f9ca3e5a4294f1d0072f4de9a5bf8126bad1df530dd9271c5d89d7d77a	بسطے مچ بڑو ٹوہ کھن اُس اُپر نکی نکی لکڑی دھر کے اُپر مِٹی سٹ		2	0	fourties				gju	
e65a8c3ba525042ceba11e102309b2525de4d7748b513787fc3ecc50c13c97654e626571fcdb8a6d96b78af3e6c5bfa95fb0286d8407d9d8d3c867d06c7a1fc4	common_voice_gju_42594953.mp3	a80283baa3021a873ef69a427cd1c303aeb1dea2cf93adc2770d5a676e773756	ہوں اس نا نپ کے دھروں گو		2	0	fourties				gju	
e65a8c3ba525042ceba11e102309b2525de4d7748b513787fc3ecc50c13c97654e626571fcdb8a6d96b78af3e6c5bfa95fb0286d8407d9d8d3c867d06c7a1fc4	common_voice_gju_42594952.mp3	891271011da696577f0c877460ccf2655d6d946ffb1408e7e63c599ed455a4a4	رچھ اُس بِڑے تیرے کوڑے بیٹھو ھووے گو		2	0	fourties				gju	
e65a8c3ba525042ceba11e102309b2525de4d7748b513787fc3ecc50c13c97654e626571fcdb8a6d96b78af3e6c5bfa95fb0286d8407d9d8d3c867d06c7a1fc4	common_voice_gju_42594951.mp3	0ab1b0bc285933b033c5d394577a33234daa00fb80ae598565e18595e79ff3a2	نولکھیو اس ڈیرے ما جا رہیو		2	0	fourties				gju	
e65a8c3ba525042ceba11e102309b2525de4d7748b513787fc3ecc50c13c97654e626571fcdb8a6d96b78af3e6c5bfa95fb0286d8407d9d8d3c867d06c7a1fc4	common_voice_gju_42594950.mp3	ae51d3eed6e574be96459393f822a32ec0785e65e091b54effe7e4956a7d11fd	مَدھ کے بی کوئی ہے		2	0	fourties				gju	
e65a8c3ba525042ceba11e102309b2525de4d7748b513787fc3ecc50c13c97654e626571fcdb8a6d96b78af3e6c5bfa95fb0286d8407d9d8d3c867d06c7a1fc4	common_voice_gju_42594949.mp3	8627a2e4179b8f3372c37200fd3acd07639c34230f267c6b24af6e39d05b8a3a	جنو رات نا اَیو		2	0	fourties				gju	
e65a8c3ba525042ceba11e102309b2525de4d7748b513787fc3ecc50c13c97654e626571fcdb8a6d96b78af3e6c5bfa95fb0286d8407d9d8d3c867d06c7a1fc4	common_voice_gju_42594948.mp3	62feae91984314594e7507c66346c6a6138be0c6b3d40133d12436ae5148f5c6	منا کسے بڈیرا نے کہیو تھو رِچھ		2	0	fourties				gju	
e65a8c3ba525042ceba11e102309b2525de4d7748b513787fc3ecc50c13c97654e626571fcdb8a6d96b78af3e6c5bfa95fb0286d8407d9d8d3c867d06c7a1fc4	common_voice_gju_42594947.mp3	a84c4e2f00fe3d3a4799fa11042d5e03fa4826f98c75caad3f23f9f44cdb863f	دیسی لوکاں نے یہ جنازا ان کے نال ہو کے دفنایا		2	0	fourties				gju	
e65a8c3ba525042ceba11e102309b2525de4d7748b513787fc3ecc50c13c97654e626571fcdb8a6d96b78af3e6c5bfa95fb0286d8407d9d8d3c867d06c7a1fc4	common_voice_gju_42594946.mp3	7b8c10431de37a7135fda57dd1801409dd5e1da2e81c2a22082afb64e066c900	اُت رہ گئی ہووے گی		2	0	fourties				gju	
e65a8c3ba525042ceba11e102309b2525de4d7748b513787fc3ecc50c13c97654e626571fcdb8a6d96b78af3e6c5bfa95fb0286d8407d9d8d3c867d06c7a1fc4	common_voice_gju_42594945.mp3	95d8a7c666def6ea9c3858c52ae67cbe526ccdaf57bbbed32408dc0c6f0ac571	وہ درشی کا بن ما بکری ڈُھونڈن لگ گیو		2	0	fourties				gju	
e65a8c3ba525042ceba11e102309b2525de4d7748b513787fc3ecc50c13c97654e626571fcdb8a6d96b78af3e6c5bfa95fb0286d8407d9d8d3c867d06c7a1fc4	common_voice_gju_42594944.mp3	abe0b65b32f93733daaf57bd6e1e271a176ed90fb54e98787e446f9c02f4e6f5	میں سوچیو جے میرو جنو کِسو وھے گو ؟ وُہ بُڈھو وھے گو جے جوان وھے گو ؟ وُہ سوہنو وھے گو یا		2	0	fourties				gju	
e65a8c3ba525042ceba11e102309b2525de4d7748b513787fc3ecc50c13c97654e626571fcdb8a6d96b78af3e6c5bfa95fb0286d8407d9d8d3c867d06c7a1fc4	common_voice_gju_42594943.mp3	af28147674638b64c6bad1bf7092cb4c124394ad65ee83392985c017b248957e	اونٹھاں ہاڑو اُس تا کھڑو رہیو		2	0	fourties				gju	
e65a8c3ba525042ceba11e102309b2525de4d7748b513787fc3ecc50c13c97654e626571fcdb8a6d96b78af3e6c5bfa95fb0286d8407d9d8d3c867d06c7a1fc4	common_voice_gju_42594942.mp3	94e0b4122c2879cc529a769014fb22bdec128fb35ca5e9fc5e79487ce207a2a3	ایک دھیاڑے دیکھیو		2	0	fourties				gju	
e65a8c3ba525042ceba11e102309b2525de4d7748b513787fc3ecc50c13c97654e626571fcdb8a6d96b78af3e6c5bfa95fb0286d8407d9d8d3c867d06c7a1fc4	common_voice_gju_42594941.mp3	ab3d23c500f498a2be5e002c93036b7c3d7d947841f3782cb85c7523fb70927c	اتنا ما ڈیرا ہالا سارا لوک پوہچ گیا		2	0	fourties				gju	
e65a8c3ba525042ceba11e102309b2525de4d7748b513787fc3ecc50c13c97654e626571fcdb8a6d96b78af3e6c5bfa95fb0286d8407d9d8d3c867d06c7a1fc4	common_voice_gju_42594940.mp3	9c0aba3c3d47257262d00a654522e2de007eabf6f751244fb1e70837eb0624bd	بعد کڈھ کے آنی		2	0	fourties				gju	
e65a8c3ba525042ceba11e102309b2525de4d7748b513787fc3ecc50c13c97654e626571fcdb8a6d96b78af3e6c5bfa95fb0286d8407d9d8d3c867d06c7a1fc4	common_voice_gju_42594939.mp3	8d3d1462f7a4df4a296e5f787d5a4629822d5cae18afff2b25cf38cb8269f400	پکھن نے کہیو		2	0	fourties				gju	
e65a8c3ba525042ceba11e102309b2525de4d7748b513787fc3ecc50c13c97654e626571fcdb8a6d96b78af3e6c5bfa95fb0286d8407d9d8d3c867d06c7a1fc4	common_voice_gju_42594938.mp3	ad93b13fec043c5a64c1f195c2eb561d58ce0093401246156bff535f75aa0a60	تپوس کرے گو جی میرا		2	0	fourties				gju	
e65a8c3ba525042ceba11e102309b2525de4d7748b513787fc3ecc50c13c97654e626571fcdb8a6d96b78af3e6c5bfa95fb0286d8407d9d8d3c867d06c7a1fc4	common_voice_gju_42594937.mp3	a1f35bfc062e54b0ebe0075af981d4bc8427a1ec8af8a182d395820ad8178cf6	ہمنا کُجھ نیہہ دیتو		2	0	fourties				gju	
e65a8c3ba525042ceba11e102309b2525de4d7748b513787fc3ecc50c13c97654e626571fcdb8a6d96b78af3e6c5bfa95fb0286d8407d9d8d3c867d06c7a1fc4	common_voice_gju_42594933.mp3	855fc0038ead185e9b4f4543e8a83bd6b4cfcbf0c667c099dbebf0e8cbcd1319	فصل بھی ہچھی وھے		2	0	fourties				gju	
e65a8c3ba525042ceba11e102309b2525de4d7748b513787fc3ecc50c13c97654e626571fcdb8a6d96b78af3e6c5bfa95fb0286d8407d9d8d3c867d06c7a1fc4	common_voice_gju_42594932.mp3	8419205b9b3478f8d03d5002f0729e7f84bb27d1071efdd878614cffd4452afc	سوٹی کی ایک جنا کے سَٹ کری جے شاید یہ بکریاں نا چھوڈ کے نس جائے		2	0	fourties				gju	
e65a8c3ba525042ceba11e102309b2525de4d7748b513787fc3ecc50c13c97654e626571fcdb8a6d96b78af3e6c5bfa95fb0286d8407d9d8d3c867d06c7a1fc4	common_voice_gju_42594931.mp3	92bc19dde67123be4db29f40ebf281df1d4c4ae537f596b33feafa1392d8f255	پھٹال بے تھی۔		2	0	fourties				gju	
e65a8c3ba525042ceba11e102309b2525de4d7748b513787fc3ecc50c13c97654e626571fcdb8a6d96b78af3e6c5bfa95fb0286d8407d9d8d3c867d06c7a1fc4	common_voice_gju_42594930.mp3	59e87cc228e8754d05ceea4675956722c645565260acc0ea8ebb310fac4d8bb0	اُتو وہ ملانو آیو		2	0	fourties				gju	
e65a8c3ba525042ceba11e102309b2525de4d7748b513787fc3ecc50c13c97654e626571fcdb8a6d96b78af3e6c5bfa95fb0286d8407d9d8d3c867d06c7a1fc4	common_voice_gju_42594929.mp3	81663e2472aa8972a5ccad8f9bfcf712198d9e264e0a334419f072b8283b8b1d	دال		2	0	fourties				gju	
e65a8c3ba525042ceba11e102309b2525de4d7748b513787fc3ecc50c13c97654e626571fcdb8a6d96b78af3e6c5bfa95fb0286d8407d9d8d3c867d06c7a1fc4	common_voice_gju_42594928.mp3	99f34602303dd992f06ba59682842b58d627dafee2c0f65fbac70b5437d76085	مہاری اس ٹھار ما مچ عمر ہو گئی ہے جی ہم نے انسان نیہہ دیکھیا		2	0	fourties				gju	
e65a8c3ba525042ceba11e102309b2525de4d7748b513787fc3ecc50c13c97654e626571fcdb8a6d96b78af3e6c5bfa95fb0286d8407d9d8d3c867d06c7a1fc4	common_voice_gju_42594927.mp3	4794351d14e3933dd48651856568abf8f61d34f9cfdcdeb3496cd64a6458d4e6	اپنا ایک بھتیجا نا کہیو تو ہ کاہڈ بکریاں نال آئے گو		2	0	fourties				gju	
e65a8c3ba525042ceba11e102309b2525de4d7748b513787fc3ecc50c13c97654e626571fcdb8a6d96b78af3e6c5bfa95fb0286d8407d9d8d3c867d06c7a1fc4	common_voice_gju_42594926.mp3	a2f7e10bbb078b3e535ca91c5eca0863fbf794a6cd225aa70c1088d39209ff94	گل زادا نے اپنا ڈیرا ہالاں نال صلاح کری جے بکری ندی پو نیہہ جا سکتی کیوں جے ندی پو بکری چارن کی جا نیہہ		2	0	fourties				gju	
e65a8c3ba525042ceba11e102309b2525de4d7748b513787fc3ecc50c13c97654e626571fcdb8a6d96b78af3e6c5bfa95fb0286d8407d9d8d3c867d06c7a1fc4	common_voice_gju_42594924.mp3	9b4989b792e5b75c632cb9619d50bc16c46799270b390e6adfea7729279e45c8	صندوق نیہہ کھول سکیا		2	0	fourties				gju	
e65a8c3ba525042ceba11e102309b2525de4d7748b513787fc3ecc50c13c97654e626571fcdb8a6d96b78af3e6c5bfa95fb0286d8407d9d8d3c867d06c7a1fc4	common_voice_gju_42594923.mp3	9e2878730d3c290f4369652c33055e3aa2263343282709b3abbdb49defccd332	چڑھ گیا تھا		2	0	fourties				gju	
e65a8c3ba525042ceba11e102309b2525de4d7748b513787fc3ecc50c13c97654e626571fcdb8a6d96b78af3e6c5bfa95fb0286d8407d9d8d3c867d06c7a1fc4	common_voice_gju_42594922.mp3	798033f701ec653450834c201d3c0e1ba3650bd83e9cfad54d18425f002b8080	بھی پکھنی نا کہن لگو		2	0	fourties				gju	
e65a8c3ba525042ceba11e102309b2525de4d7748b513787fc3ecc50c13c97654e626571fcdb8a6d96b78af3e6c5bfa95fb0286d8407d9d8d3c867d06c7a1fc4	common_voice_gju_42594921.mp3	85ed891fb3304d29729a74b3e579ccd450aef0ae701067d7ed703f1814330192	تَڑے لہہ گیو		2	0	fourties				gju	
e65a8c3ba525042ceba11e102309b2525de4d7748b513787fc3ecc50c13c97654e626571fcdb8a6d96b78af3e6c5bfa95fb0286d8407d9d8d3c867d06c7a1fc4	common_voice_gju_42594920.mp3	7776706fa51ded8e36a863a3a1614fb6cc1f601666941abb0dd6fd5ff7f24809	یوہ رُڑ گیو		2	0	fourties				gju	
e65a8c3ba525042ceba11e102309b2525de4d7748b513787fc3ecc50c13c97654e626571fcdb8a6d96b78af3e6c5bfa95fb0286d8407d9d8d3c867d06c7a1fc4	common_voice_gju_42594919.mp3	78049e73fae0def5dbb1eddfa8e72edb2ff5fe4aee7996f3013c02ea364cd5f6	وہ اُس دیس ما جا کے ایک لوہار ناڑ ٹِک گیو		2	0	fourties				gju	
e65a8c3ba525042ceba11e102309b2525de4d7748b513787fc3ecc50c13c97654e626571fcdb8a6d96b78af3e6c5bfa95fb0286d8407d9d8d3c867d06c7a1fc4	common_voice_gju_42594918.mp3	a0ef824fc9943db75ce12575e8618e18e8f6f2f48c933c6f29455f5eaf3ca7b2	اُنھاں نے علم دین کی کاہڈ ختم شتم پڑھایا		2	0	fourties				gju	
e65a8c3ba525042ceba11e102309b2525de4d7748b513787fc3ecc50c13c97654e626571fcdb8a6d96b78af3e6c5bfa95fb0286d8407d9d8d3c867d06c7a1fc4	common_voice_gju_42594912.mp3	87f2b3ddf92136147d7490e9e0869ef291677874b81b4b7c741469b1bcacf7b4	واہ کہن لگی		2	0	fourties				gju	
e65a8c3ba525042ceba11e102309b2525de4d7748b513787fc3ecc50c13c97654e626571fcdb8a6d96b78af3e6c5bfa95fb0286d8407d9d8d3c867d06c7a1fc4	common_voice_gju_42594911.mp3	5e762991a9b262a9cdc0fff3229513149e55e305bf4e17afc8521f4682e5c756	دادو ک		2	0	fourties				gju	
e65a8c3ba525042ceba11e102309b2525de4d7748b513787fc3ecc50c13c97654e626571fcdb8a6d96b78af3e6c5bfa95fb0286d8407d9d8d3c867d06c7a1fc4	common_voice_gju_42594910.mp3	af29dade102363305e0c5d785ac9bd3dd6f40fcaa5b884439886143cdc011c18	اُتو کُتو دوڑ کے آگیو میں اِنھ تا ڈَنڈ کری جے کُتا نا ڈَکو ں		2	0	fourties				gju	
e65a8c3ba525042ceba11e102309b2525de4d7748b513787fc3ecc50c13c97654e626571fcdb8a6d96b78af3e6c5bfa95fb0286d8407d9d8d3c867d06c7a1fc4	common_voice_gju_42594909.mp3	8d84d3eb50158837f36a6053c1dc909c3f078290cd586e8691e1f7074d93b7c7	گال سننی پے تھی میرو ساتھ دین ہالو اِت کوئی نیہہ تھو		2	0	fourties				gju	
e65a8c3ba525042ceba11e102309b2525de4d7748b513787fc3ecc50c13c97654e626571fcdb8a6d96b78af3e6c5bfa95fb0286d8407d9d8d3c867d06c7a1fc4	common_voice_gju_42594908.mp3	0b596e1ce08f7563fee1a3db8e31edd23a0eb4a58b275c3f974088f528579a26	یوہ جنو بی اس کے ناڑ ہو گیو		2	0	fourties				gju	
e65a8c3ba525042ceba11e102309b2525de4d7748b513787fc3ecc50c13c97654e626571fcdb8a6d96b78af3e6c5bfa95fb0286d8407d9d8d3c867d06c7a1fc4	common_voice_gju_42594907.mp3	af408f96fd4f475a9edc24089b58bb0f50a844f887b6f7bc9edb844f423f4cfb	یوہ جاتک اس ٹیم پکی عمر کو جنو		2	0	fourties				gju	
e65a8c3ba525042ceba11e102309b2525de4d7748b513787fc3ecc50c13c97654e626571fcdb8a6d96b78af3e6c5bfa95fb0286d8407d9d8d3c867d06c7a1fc4	common_voice_gju_42594906.mp3	9087e5eecef872415ccd8260e77d680bd7c7c7c4a461b513efac54b0a782a994	وہ کوہ کے بنڈیو		2	0	fourties				gju	
e65a8c3ba525042ceba11e102309b2525de4d7748b513787fc3ecc50c13c97654e626571fcdb8a6d96b78af3e6c5bfa95fb0286d8407d9d8d3c867d06c7a1fc4	common_voice_gju_42594905.mp3	a0a177521366b5d4667e9ad3beb59ffecc1f8a51515d15a01debbb21bbbcce6d	ویہ دوئے ہوانو لے کے دکاندار کوڑے گیا		2	0	fourties				gju	
e65a8c3ba525042ceba11e102309b2525de4d7748b513787fc3ecc50c13c97654e626571fcdb8a6d96b78af3e6c5bfa95fb0286d8407d9d8d3c867d06c7a1fc4	common_voice_gju_42594904.mp3	a3945895c12c0f50f9543b84afa3ce7301f280a5f083dc50550a284a0d8a5d17	بولیو میری صحت کوئی خراب تھی۔		2	0	fourties				gju	
e65a8c3ba525042ceba11e102309b2525de4d7748b513787fc3ecc50c13c97654e626571fcdb8a6d96b78af3e6c5bfa95fb0286d8407d9d8d3c867d06c7a1fc4	common_voice_gju_42594903.mp3	9337e1f22b4e64bf3bee206e50396c7e3c3516d23371c27c496c7a9c5b58619f	ڈَک بے نیہہ سکے تھا کَدے یہ لوک بکریاں نا رکھ		2	0	fourties				gju	
e65a8c3ba525042ceba11e102309b2525de4d7748b513787fc3ecc50c13c97654e626571fcdb8a6d96b78af3e6c5bfa95fb0286d8407d9d8d3c867d06c7a1fc4	common_voice_gju_42588303.mp3	793ced1f556eb40eeb27346a6c7f295892ea969c6f3f8a90bb392503bde8b8a4	ا ِنھ کا ڈیرا		2	0	fourties				gju	
e65a8c3ba525042ceba11e102309b2525de4d7748b513787fc3ecc50c13c97654e626571fcdb8a6d96b78af3e6c5bfa95fb0286d8407d9d8d3c867d06c7a1fc4	common_voice_gju_42588302.mp3	8fc2666fa133163bb3228bda9dae62290fd5510013311565207318033bed9f52	اس نا جا کہیو میرے نال		2	0	fourties				gju	
e65a8c3ba525042ceba11e102309b2525de4d7748b513787fc3ecc50c13c97654e626571fcdb8a6d96b78af3e6c5bfa95fb0286d8407d9d8d3c867d06c7a1fc4	common_voice_gju_42588301.mp3	a35480a34822e2ec4355bcd2a2748a99524d1e9a48468f8081f84f76efe14880	ماں ک		2	0	fourties				gju	
e65a8c3ba525042ceba11e102309b2525de4d7748b513787fc3ecc50c13c97654e626571fcdb8a6d96b78af3e6c5bfa95fb0286d8407d9d8d3c867d06c7a1fc4	common_voice_gju_42588300.mp3	a6b4eaee3ab6c08a0e1f9e0c08d830d41c51a5710466560fef096a43771cdf40	منشی بے رُڑ گیو		2	0	fourties				gju	
e65a8c3ba525042ceba11e102309b2525de4d7748b513787fc3ecc50c13c97654e626571fcdb8a6d96b78af3e6c5bfa95fb0286d8407d9d8d3c867d06c7a1fc4	common_voice_gju_42588299.mp3	9776987676d458c1d673fe0d9279843702961fca39ad12d600117e2b530c37a3	یہ میرے اَگے پِچھے آئے تھا میرا پیراں		2	0	fourties				gju	
e65a8c3ba525042ceba11e102309b2525de4d7748b513787fc3ecc50c13c97654e626571fcdb8a6d96b78af3e6c5bfa95fb0286d8407d9d8d3c867d06c7a1fc4	common_voice_gju_42588297.mp3	ada33aaaebfb20f3bb58512150124b3d5aec15d655c1477f7d7cf86a8f9cfda6	بچا چھُریو		2	0	fourties				gju	
e65a8c3ba525042ceba11e102309b2525de4d7748b513787fc3ecc50c13c97654e626571fcdb8a6d96b78af3e6c5bfa95fb0286d8407d9d8d3c867d06c7a1fc4	common_voice_gju_42588295.mp3	82d32fee1cbada5805d80657a84f773469252dceadc41a84dcce6f4bacc1e259	اس کی ایک سو ایک مھیس تھی		2	0	fourties				gju	
e65a8c3ba525042ceba11e102309b2525de4d7748b513787fc3ecc50c13c97654e626571fcdb8a6d96b78af3e6c5bfa95fb0286d8407d9d8d3c867d06c7a1fc4	common_voice_gju_42588294.mp3	ab059a6382c216316e21fa73f32642d2f6388124fa7d990275b822d18efcfd69	نِکی کہڑی دھی تھی واہ کہن لگی ہم نا روزی توہ نیہہ دیتو		2	0	fourties				gju	
e65a8c3ba525042ceba11e102309b2525de4d7748b513787fc3ecc50c13c97654e626571fcdb8a6d96b78af3e6c5bfa95fb0286d8407d9d8d3c867d06c7a1fc4	common_voice_gju_42588285.mp3	98c60349407bca7764abb2d9721926ba2e5c6435061669a061fdc2d3c1025eb8	بیہہ بھادرا نا یہ لوک ڈیرا لے کے گگئی ما آ گیا کیوں جے اگے جان ہالا لوکاں کو راہ یوہ ہی ہے۔		2	0	fourties				gju	
e65a8c3ba525042ceba11e102309b2525de4d7748b513787fc3ecc50c13c97654e626571fcdb8a6d96b78af3e6c5bfa95fb0286d8407d9d8d3c867d06c7a1fc4	common_voice_gju_42588284.mp3	580dacb5849816279e3e5a6f7b4e46c95a62c50427ca5de4ebbd4b785baefd4f	ہوں ڈر نال کَمن لگی		2	0	fourties				gju	
e65a8c3ba525042ceba11e102309b2525de4d7748b513787fc3ecc50c13c97654e626571fcdb8a6d96b78af3e6c5bfa95fb0286d8407d9d8d3c867d06c7a1fc4	common_voice_gju_42588283.mp3	a42a2467f7f662ff9b0f53b6dc6b1701a3b80a64a65b4b4d7c5d0542edd6b3fa	اُنھ کا پوہچن		2	0	fourties				gju	
e65a8c3ba525042ceba11e102309b2525de4d7748b513787fc3ecc50c13c97654e626571fcdb8a6d96b78af3e6c5bfa95fb0286d8407d9d8d3c867d06c7a1fc4	common_voice_gju_42588282.mp3	86667a2fa1ed2398df162db064e8203d58869db6d5fae25d74259b3e63539444	اس ما دو کالسری تھی		2	0	fourties				gju	
e65a8c3ba525042ceba11e102309b2525de4d7748b513787fc3ecc50c13c97654e626571fcdb8a6d96b78af3e6c5bfa95fb0286d8407d9d8d3c867d06c7a1fc4	common_voice_gju_42588281.mp3	7d1acf807087cf4842108a17b031628d75067b79d08604bc578067958b8832c0	ہو سکے ویہ لوک جہڑی خوراک کھائے اس نال پیٹ		2	0	fourties				gju	
e65a8c3ba525042ceba11e102309b2525de4d7748b513787fc3ecc50c13c97654e626571fcdb8a6d96b78af3e6c5bfa95fb0286d8407d9d8d3c867d06c7a1fc4	common_voice_gju_42588280.mp3	8cb7bcd49febf104c64c5550f11269322fe8dc9b789dff08be36b8de06f795b7	اس ما یوہ لڑو جِتو تھو		2	0	fourties				gju	
e65a8c3ba525042ceba11e102309b2525de4d7748b513787fc3ecc50c13c97654e626571fcdb8a6d96b78af3e6c5bfa95fb0286d8407d9d8d3c867d06c7a1fc4	common_voice_gju_42588279.mp3	95681c0fb89dd262a977355a933add2e25afa3b35ccbe360bb4287c5d72f06b6	اک دم مُوندو ہو گیو		2	0	fourties				gju	
e65a8c3ba525042ceba11e102309b2525de4d7748b513787fc3ecc50c13c97654e626571fcdb8a6d96b78af3e6c5bfa95fb0286d8407d9d8d3c867d06c7a1fc4	common_voice_gju_42588278.mp3	62eb119b6f773e917d61205762f07a9180d6f191e244a61661f88f44955e04c8	اگا		2	0	fourties				gju	
e65a8c3ba525042ceba11e102309b2525de4d7748b513787fc3ecc50c13c97654e626571fcdb8a6d96b78af3e6c5bfa95fb0286d8407d9d8d3c867d06c7a1fc4	common_voice_gju_42588277.mp3	a6773399b511ce7cf3a29f0082e4ae4a484a60ec720f46544468c0b825e71e07	فارغ ہو کے ڈیرا تا آں لگا		2	0	fourties				gju	
e65a8c3ba525042ceba11e102309b2525de4d7748b513787fc3ecc50c13c97654e626571fcdb8a6d96b78af3e6c5bfa95fb0286d8407d9d8d3c867d06c7a1fc4	common_voice_gju_42588276.mp3	9c4d08498db3712e2292cbf58cd16b04465d2fe75a734c6e44211074d847c046	نِکی بیٹکی ایک سال کی تھی		2	0	fourties				gju	
e65a8c3ba525042ceba11e102309b2525de4d7748b513787fc3ecc50c13c97654e626571fcdb8a6d96b78af3e6c5bfa95fb0286d8407d9d8d3c867d06c7a1fc4	common_voice_gju_42588275.mp3	9fecd927b52732473c0ded3858845fd45bbbdc6a5adaafac4cd933cdd606354e	کشاں یہ گھوڑیاں کے ناڑ بچڑا چُگے اِسا بچڑا ہوویں		2	0	fourties				gju	
e65a8c3ba525042ceba11e102309b2525de4d7748b513787fc3ecc50c13c97654e626571fcdb8a6d96b78af3e6c5bfa95fb0286d8407d9d8d3c867d06c7a1fc4	common_voice_gju_42588274.mp3	92adf69964bd18bf468f7fa8929dfaf45e1e4bb1253c1a8a906d904f8afdc314	دھیاڑے چواں پنجاں		2	0	fourties				gju	
e65a8c3ba525042ceba11e102309b2525de4d7748b513787fc3ecc50c13c97654e626571fcdb8a6d96b78af3e6c5bfa95fb0286d8407d9d8d3c867d06c7a1fc4	common_voice_gju_42588273.mp3	84f06cc986bd8efb33ebaf8285b42c35a6210934b09593c836fa2748e9f28450	لے آیو		2	0	fourties				gju	
e65a8c3ba525042ceba11e102309b2525de4d7748b513787fc3ecc50c13c97654e626571fcdb8a6d96b78af3e6c5bfa95fb0286d8407d9d8d3c867d06c7a1fc4	common_voice_gju_42588272.mp3	a04e052627e293c3bae5af0f2ed28421f4fb0a561c3f55e2c387d2a34404f7fc	گھوڑو ک		2	0	fourties				gju	
e65a8c3ba525042ceba11e102309b2525de4d7748b513787fc3ecc50c13c97654e626571fcdb8a6d96b78af3e6c5bfa95fb0286d8407d9d8d3c867d06c7a1fc4	common_voice_gju_42588271.mp3	a72ed52271b47928eee44634bae5abd7922aec5768901da08ab1986ac045a7f2	ایک سپ کو قصو		2	0	fourties				gju	
e65a8c3ba525042ceba11e102309b2525de4d7748b513787fc3ecc50c13c97654e626571fcdb8a6d96b78af3e6c5bfa95fb0286d8407d9d8d3c867d06c7a1fc4	common_voice_gju_42588269.mp3	a14d124648e6fd9e49e9952910979507c320d3168f21ed1abfaa21445ba65380	بارہ بجے کو ٹیم تھو		2	0	fourties				gju	
e65a8c3ba525042ceba11e102309b2525de4d7748b513787fc3ecc50c13c97654e626571fcdb8a6d96b78af3e6c5bfa95fb0286d8407d9d8d3c867d06c7a1fc4	common_voice_gju_42588266.mp3	7d7342637b09bc5bc8658c3607fd1a67c83e99c15125d50d02e6f786616b6b0f	اونٹھاں ہاڑا کی بہن اپنا جنا نا کہن لگی		2	0	fourties				gju	
e65a8c3ba525042ceba11e102309b2525de4d7748b513787fc3ecc50c13c97654e626571fcdb8a6d96b78af3e6c5bfa95fb0286d8407d9d8d3c867d06c7a1fc4	common_voice_gju_42588263.mp3	ab82bec124d59f5ef772a66883eb75012e0ff995cd526079f34e66313397c157	ان نے چاہ شاہ پکا کے پی کے ارام نال گیا بھی لو بھی کُھل گئی		2	0	fourties				gju	
e65a8c3ba525042ceba11e102309b2525de4d7748b513787fc3ecc50c13c97654e626571fcdb8a6d96b78af3e6c5bfa95fb0286d8407d9d8d3c867d06c7a1fc4	common_voice_gju_42588262.mp3	a6642587305eb46b1482e69f717606708ecc356fed3ff8437e80a584fbe847a2	بیٹھو بیٹھو چرئی مڑ کے ایو		2	0	fourties				gju	
e65a8c3ba525042ceba11e102309b2525de4d7748b513787fc3ecc50c13c97654e626571fcdb8a6d96b78af3e6c5bfa95fb0286d8407d9d8d3c867d06c7a1fc4	common_voice_gju_42588261.mp3	6754486b8187336105615810af9cef9f7f6d6021a0b875ea456524e5543ef3ac	ابراہیم چیچی کو ڈیرو بریا شکرگڑھ ما تھو		2	0	fourties				gju	
e65a8c3ba525042ceba11e102309b2525de4d7748b513787fc3ecc50c13c97654e626571fcdb8a6d96b78af3e6c5bfa95fb0286d8407d9d8d3c867d06c7a1fc4	common_voice_gju_42588260.mp3	a862b1205be016508558aa976ac71852b1f625179222c5c299d1095146ec7822	یوہ لُڑو دو یا ترے دھیاڑے اُت رہیو		2	0	fourties				gju	
e65a8c3ba525042ceba11e102309b2525de4d7748b513787fc3ecc50c13c97654e626571fcdb8a6d96b78af3e6c5bfa95fb0286d8407d9d8d3c867d06c7a1fc4	common_voice_gju_42588259.mp3	2fade4472e42ce29fc645e33ed5acf7f13a85c9c7226daa436c348e928ae4887	مشہور فرشتہ چار ہیں۔		2	0	fourties				gju	
e65a8c3ba525042ceba11e102309b2525de4d7748b513787fc3ecc50c13c97654e626571fcdb8a6d96b78af3e6c5bfa95fb0286d8407d9d8d3c867d06c7a1fc4	common_voice_gju_42588258.mp3	95690cf962a6296fa4e85f6da1f32daebfff0f32f03d9dbecc0bfe4ced3d0de0	تیری گل سُنے		2	0	fourties				gju	
e65a8c3ba525042ceba11e102309b2525de4d7748b513787fc3ecc50c13c97654e626571fcdb8a6d96b78af3e6c5bfa95fb0286d8407d9d8d3c867d06c7a1fc4	common_voice_gju_42588257.mp3	9895e4e64a64d2b84f33a8e927b8e5a9266fa1b50e455a28a89411e119aaa0d8	دُوجے دھیاڑے بھی یاہ بلا آ گئی اس نے اُنھ کو دُدھ پی لیو		2	0	fourties				gju	
e65a8c3ba525042ceba11e102309b2525de4d7748b513787fc3ecc50c13c97654e626571fcdb8a6d96b78af3e6c5bfa95fb0286d8407d9d8d3c867d06c7a1fc4	common_voice_gju_42588256.mp3	aa1735bab80062460d1357744806a11f8575cecc9cabb54b0e5b8e8e5d59533c	جے یہ لوک جِت رہ اُت لاریاں کی		2	0	fourties				gju	
e65a8c3ba525042ceba11e102309b2525de4d7748b513787fc3ecc50c13c97654e626571fcdb8a6d96b78af3e6c5bfa95fb0286d8407d9d8d3c867d06c7a1fc4	common_voice_gju_42588255.mp3	aad2351b2ad33bc3c701cf13827c1d7b5d119c4d9e8e3e5d5750d7cdf6460602	پیشی،دیگر کی ساری رکاتاں ما تے نماشاں کی تیجی تے کفتاں کی آخری دو رکاتاں ما آہستہ نال قرات کرنی۔		2	0	fourties				gju	
e65a8c3ba525042ceba11e102309b2525de4d7748b513787fc3ecc50c13c97654e626571fcdb8a6d96b78af3e6c5bfa95fb0286d8407d9d8d3c867d06c7a1fc4	common_voice_gju_42588254.mp3	85064d664e813e8f3f88ed0d5ed2aa932de4ac0046ba290898997ff67e870555	بندوق بے کور ما بند کری۔		2	0	fourties				gju	
e65a8c3ba525042ceba11e102309b2525de4d7748b513787fc3ecc50c13c97654e626571fcdb8a6d96b78af3e6c5bfa95fb0286d8407d9d8d3c867d06c7a1fc4	common_voice_gju_42588253.mp3	26ec9e1a8710005a850fa1a7c20f1de3284d662bd7a46d46f7179088267fb020	کاہڈ وہ بھربھانو کَدے دھیاڑی		2	0	fourties				gju	
e65a8c3ba525042ceba11e102309b2525de4d7748b513787fc3ecc50c13c97654e626571fcdb8a6d96b78af3e6c5bfa95fb0286d8407d9d8d3c867d06c7a1fc4	common_voice_gju_42588252.mp3	800ae47898dd036be819e42646812f4dfeb9d2cd1d806baaebfafe9ffa36fea8	اگے دراوہ کو راہ ہندستان کی فوج نے بند کر چھُڑیو تھو		2	0	fourties				gju	
e65a8c3ba525042ceba11e102309b2525de4d7748b513787fc3ecc50c13c97654e626571fcdb8a6d96b78af3e6c5bfa95fb0286d8407d9d8d3c867d06c7a1fc4	common_voice_gju_42588251.mp3	925ddc6c40c00f6c61145a11739d703b774e0f4c89f6dd7c546ed4d449347e8b	اس ساری مخلوق نے وہ اپنو بادشاہ بنا لیو		2	0	fourties				gju	
e65a8c3ba525042ceba11e102309b2525de4d7748b513787fc3ecc50c13c97654e626571fcdb8a6d96b78af3e6c5bfa95fb0286d8407d9d8d3c867d06c7a1fc4	common_voice_gju_42588250.mp3	a44b892fa3805b186920b8a334e05a0ea32e0d7aa353e8f5c549d60acc9d28d4	ویہ سوچے جے خوراک کو کم صرف پیٹ نا بھرنو ہوے		2	0	fourties				gju	
e65a8c3ba525042ceba11e102309b2525de4d7748b513787fc3ecc50c13c97654e626571fcdb8a6d96b78af3e6c5bfa95fb0286d8407d9d8d3c867d06c7a1fc4	common_voice_gju_42588249.mp3	8365017fb1161db75f5a2c8946b763a8e2ecf85686cf12b376145695fae583ac	ویہ جا رہیا		2	0	fourties				gju	
e65a8c3ba525042ceba11e102309b2525de4d7748b513787fc3ecc50c13c97654e626571fcdb8a6d96b78af3e6c5bfa95fb0286d8407d9d8d3c867d06c7a1fc4	common_voice_gju_42588248.mp3	a7188919e77f3b5baa2b7041c9bb7d5d37794f7ca2ca05282656af80b360f819	جنا نے نپ کے ارام ناڑ ہیٹھ دھریو		2	0	fourties				gju	
e65a8c3ba525042ceba11e102309b2525de4d7748b513787fc3ecc50c13c97654e626571fcdb8a6d96b78af3e6c5bfa95fb0286d8407d9d8d3c867d06c7a1fc4	common_voice_gju_42588247.mp3	9ce94c6356d01e8fdbc2edae75cb8de1527d1bc1fa41c18c5ef404e1f40c6077	میرا ڈھیڈ ما درد تھو		2	0	fourties				gju	
e65a8c3ba525042ceba11e102309b2525de4d7748b513787fc3ecc50c13c97654e626571fcdb8a6d96b78af3e6c5bfa95fb0286d8407d9d8d3c867d06c7a1fc4	common_voice_gju_42588246.mp3	5b48323b1a03d2002ea20f3b483d77f452ee8a36b3b53a57970d943cd1bc8cd7	انھ نے ڈیرو چا کے لُنڈی کا دومیل ما آ گیا		2	0	fourties				gju	
e65a8c3ba525042ceba11e102309b2525de4d7748b513787fc3ecc50c13c97654e626571fcdb8a6d96b78af3e6c5bfa95fb0286d8407d9d8d3c867d06c7a1fc4	common_voice_gju_42588242.mp3	a0e81ee9335a9e586b6db1d42b6903e55df274c0ab921aa77957009e358973f1	اس نا بکری تنہاں ڈیرا تا موڑی		2	0	fourties				gju	
e65a8c3ba525042ceba11e102309b2525de4d7748b513787fc3ecc50c13c97654e626571fcdb8a6d96b78af3e6c5bfa95fb0286d8407d9d8d3c867d06c7a1fc4	common_voice_gju_42588239.mp3	9dc402b006ac63d7b52b217547dd4e170717b3078c35bc33dd61d81e5ef8b68d	ٹُر گیو		2	0	fourties				gju	
e65a8c3ba525042ceba11e102309b2525de4d7748b513787fc3ecc50c13c97654e626571fcdb8a6d96b78af3e6c5bfa95fb0286d8407d9d8d3c867d06c7a1fc4	common_voice_gju_42588238.mp3	901817e3ce74b3b56e9f4ccf1b6c97b5ad58fd93d4ec320c948aa8bbd5f4e058	رچھ کو قصو		2	0	fourties				gju	
e65a8c3ba525042ceba11e102309b2525de4d7748b513787fc3ecc50c13c97654e626571fcdb8a6d96b78af3e6c5bfa95fb0286d8407d9d8d3c867d06c7a1fc4	common_voice_gju_42588237.mp3	7073d189c9d90eadb76da6fc48db2c47c161f9eff6f529c32d9953510b94d656	کاہڈ اُنھاں نے بکریاں بِہک نوئی کری		2	0	fourties				gju	
e65a8c3ba525042ceba11e102309b2525de4d7748b513787fc3ecc50c13c97654e626571fcdb8a6d96b78af3e6c5bfa95fb0286d8407d9d8d3c867d06c7a1fc4	common_voice_gju_42588236.mp3	962f8ee087b7a9e0f8475c120495ce2d8417d6c732941dc36796eac2282c722e	بادشاہ تخت اُپروں لہہ گیو		2	0	fourties				gju	
e65a8c3ba525042ceba11e102309b2525de4d7748b513787fc3ecc50c13c97654e626571fcdb8a6d96b78af3e6c5bfa95fb0286d8407d9d8d3c867d06c7a1fc4	common_voice_gju_42588235.mp3	74fe10b415aa0861eaa4024b5723058e56b6cfc4996f7bc6a2cdeff7507e7409	ایک ٹانگہ پو بیس کے اپنی دھی نا ڈاکٹر کولے لے گیا		2	0	fourties				gju	
e65a8c3ba525042ceba11e102309b2525de4d7748b513787fc3ecc50c13c97654e626571fcdb8a6d96b78af3e6c5bfa95fb0286d8407d9d8d3c867d06c7a1fc4	common_voice_gju_42588234.mp3	8d3152d0bffae864cd443b2453fc4c70963c956dc265466f54a063fbbc1d206c	کاہڈ پتو نیہہ ہور کِتنا لوک آتا وھے گا		2	0	fourties				gju	
e65a8c3ba525042ceba11e102309b2525de4d7748b513787fc3ecc50c13c97654e626571fcdb8a6d96b78af3e6c5bfa95fb0286d8407d9d8d3c867d06c7a1fc4	common_voice_gju_42588233.mp3	aaf5d40261c3650b31b75695041a0de45509fdd7b488317f116300468457fd83	حینف نے کہیو توہ اِت کائی ایمبولینس ہالا نال میری گل کرا		2	0	fourties				gju	
e65a8c3ba525042ceba11e102309b2525de4d7748b513787fc3ecc50c13c97654e626571fcdb8a6d96b78af3e6c5bfa95fb0286d8407d9d8d3c867d06c7a1fc4	common_voice_gju_42588232.mp3	8c07618876757ac38716651a2b16a0e3d7ca026b3d3f53a040de0c071d348c6b	اپنا باپ کو وہ سارو قصو سنایو		2	0	fourties				gju	
e65a8c3ba525042ceba11e102309b2525de4d7748b513787fc3ecc50c13c97654e626571fcdb8a6d96b78af3e6c5bfa95fb0286d8407d9d8d3c867d06c7a1fc4	common_voice_gju_42588231.mp3	707da38222f67564d678e6360719ecf5097b1c22e8bcc35b85ef77b2379ff197	پل کی لانی آگئی		2	0	fourties				gju	
e65a8c3ba525042ceba11e102309b2525de4d7748b513787fc3ecc50c13c97654e626571fcdb8a6d96b78af3e6c5bfa95fb0286d8407d9d8d3c867d06c7a1fc4	common_voice_gju_42588229.mp3	6f64639d3a264bb65e703db5da729b82636e6acc470864edf48847718e018b68	حاجی نزیر نے مولوی عبداللہ نا کہیو مولوی صاحب منا لکھی ختم پڑھ کے دیوؤں ٹیم پہی زیادہ لگ جائے		2	0	fourties				gju	
e65a8c3ba525042ceba11e102309b2525de4d7748b513787fc3ecc50c13c97654e626571fcdb8a6d96b78af3e6c5bfa95fb0286d8407d9d8d3c867d06c7a1fc4	common_voice_gju_42588228.mp3	761506132cfe22afbce65c18c2daa4f74cdc65665bdad7ae8ee979df815af788	ہوں بی تیرے ناڑ چلوںہے		2	0	fourties				gju	
e65a8c3ba525042ceba11e102309b2525de4d7748b513787fc3ecc50c13c97654e626571fcdb8a6d96b78af3e6c5bfa95fb0286d8407d9d8d3c867d06c7a1fc4	common_voice_gju_42588227.mp3	a74935133cc67b5a881061d8a63b26e507e30abca05c20031dfec3f140d2eac7	اِنھ نے اسی جا ما ویہ بھوت آپ اپنی اَکھیں دیکھیا		2	0	fourties				gju	
e65a8c3ba525042ceba11e102309b2525de4d7748b513787fc3ecc50c13c97654e626571fcdb8a6d96b78af3e6c5bfa95fb0286d8407d9d8d3c867d06c7a1fc4	common_voice_gju_42588226.mp3	a58d0b6b8fa92c99d277f931eec2e4c852ed51962e2cf2f48141c3eab610da58	یاہ بیٹکی خاصی تنگ ہوگئی		2	0	fourties				gju	
e65a8c3ba525042ceba11e102309b2525de4d7748b513787fc3ecc50c13c97654e626571fcdb8a6d96b78af3e6c5bfa95fb0286d8407d9d8d3c867d06c7a1fc4	common_voice_gju_42588220.mp3	a10976bc97fb17fc5972b7012766da12ef3a2702025e18e5e5188a667d20a99c	ہم نا صبر دیے		2	0	fourties				gju	
e65a8c3ba525042ceba11e102309b2525de4d7748b513787fc3ecc50c13c97654e626571fcdb8a6d96b78af3e6c5bfa95fb0286d8407d9d8d3c867d06c7a1fc4	common_voice_gju_42588219.mp3	a2689f1b5f241d90009ddf36fae98fb019767b5dd696ddc3735b95f2221e1504	توہ اپنا ڈیرا نا چل‘‘		2	0	fourties				gju	
e65a8c3ba525042ceba11e102309b2525de4d7748b513787fc3ecc50c13c97654e626571fcdb8a6d96b78af3e6c5bfa95fb0286d8407d9d8d3c867d06c7a1fc4	common_voice_gju_42588218.mp3	988e2833b295c1412ed2c8179ff50b2d59dd2a3250e4f44e13bcfc9125792126	محمد حنیف نا نال لے کے خربوش تا تیا ر ہو گیو		2	0	fourties				gju	
e65a8c3ba525042ceba11e102309b2525de4d7748b513787fc3ecc50c13c97654e626571fcdb8a6d96b78af3e6c5bfa95fb0286d8407d9d8d3c867d06c7a1fc4	common_voice_gju_42588217.mp3	8ef69a26af4b6db0d15bb19c26eb84c163ddf297ea6355d7fa933ca5b9bb816e	اکیووں واقعو		2	0	fourties				gju	
e65a8c3ba525042ceba11e102309b2525de4d7748b513787fc3ecc50c13c97654e626571fcdb8a6d96b78af3e6c5bfa95fb0286d8407d9d8d3c867d06c7a1fc4	common_voice_gju_42588216.mp3	9943711de338de0f727c964ac4e49b94e64969401a7c7b644c5d8eeb98886176	جنا نے ہو ر لوک بے سَد لیا		2	0	fourties				gju	
e65a8c3ba525042ceba11e102309b2525de4d7748b513787fc3ecc50c13c97654e626571fcdb8a6d96b78af3e6c5bfa95fb0286d8407d9d8d3c867d06c7a1fc4	common_voice_gju_42588215.mp3	a8d3c19b642d1656beef8bcf6fa700a0609b64df1391c074acceee907df518f1	ایک ماشٹریانی نے کہیو:”پالک		2	0	fourties				gju	
e65a8c3ba525042ceba11e102309b2525de4d7748b513787fc3ecc50c13c97654e626571fcdb8a6d96b78af3e6c5bfa95fb0286d8407d9d8d3c867d06c7a1fc4	common_voice_gju_42588214.mp3	aa7ef10ca39d53fd725e901e5ebe8f1add5d1224d00f712189e08dadb25ee0d9	جاوید کوئی کَم نیہہ کرے تھو		2	0	fourties				gju	
e65a8c3ba525042ceba11e102309b2525de4d7748b513787fc3ecc50c13c97654e626571fcdb8a6d96b78af3e6c5bfa95fb0286d8407d9d8d3c867d06c7a1fc4	common_voice_gju_42588213.mp3	537c9a20da96e28a0a32d3e9f7716031a5d74f3274393e2fefa0a0c8c440d6dc	بھی یہ اس مورا کوڑے گیا		2	0	fourties				gju	
e65a8c3ba525042ceba11e102309b2525de4d7748b513787fc3ecc50c13c97654e626571fcdb8a6d96b78af3e6c5bfa95fb0286d8407d9d8d3c867d06c7a1fc4	common_voice_gju_42588212.mp3	95cf772f81f2ce9925e74072ccb06cd7b5d0075a8abb31c86cf351f5423cefd4	کاہڈُو دُوجا اجڑی آیا		2	0	fourties				gju	
e65a8c3ba525042ceba11e102309b2525de4d7748b513787fc3ecc50c13c97654e626571fcdb8a6d96b78af3e6c5bfa95fb0286d8407d9d8d3c867d06c7a1fc4	common_voice_gju_42588211.mp3	9a2edb803f7c81da6b12f507a968cdbba3ed4c19b8cc3c0282eb444ac05ec62d	رچھ نے یاہ گل سنی		2	0	fourties				gju	
e65a8c3ba525042ceba11e102309b2525de4d7748b513787fc3ecc50c13c97654e626571fcdb8a6d96b78af3e6c5bfa95fb0286d8407d9d8d3c867d06c7a1fc4	common_voice_gju_42588210.mp3	9898080a339cd2aaf2b3cda5ba68e949a569e15c22441db2c373fb9e6127284f	لیاری بکری ترٹھی وی آئے لگی انھ نے بکری سُمہالی		2	0	fourties				gju	
e65a8c3ba525042ceba11e102309b2525de4d7748b513787fc3ecc50c13c97654e626571fcdb8a6d96b78af3e6c5bfa95fb0286d8407d9d8d3c867d06c7a1fc4	common_voice_gju_42588209.mp3	8ea7394aef7eba6656d1fa5c67948cc7b9a9986ab4576146013e91fcfad558d4	وہ گلگت		2	0	fourties				gju	
e65a8c3ba525042ceba11e102309b2525de4d7748b513787fc3ecc50c13c97654e626571fcdb8a6d96b78af3e6c5bfa95fb0286d8407d9d8d3c867d06c7a1fc4	common_voice_gju_42588208.mp3	9af0daa5db63532c7a049c8f81f34d07b8c8d0accc9a446399b4e1cb4ff0b6fd	انجیل حضٖرت عیسی علیہ السلام اپر نازل ہوئی۔		2	0	fourties				gju	
e65a8c3ba525042ceba11e102309b2525de4d7748b513787fc3ecc50c13c97654e626571fcdb8a6d96b78af3e6c5bfa95fb0286d8407d9d8d3c867d06c7a1fc4	common_voice_gju_42588207.mp3	88a003c8fe36b5fb4c7e47e5b6bdc5d5966e91cd67f3f34c6c0238df23def1a9	فوجیاں نے یہ جنا نال لیا		2	0	fourties				gju	
e65a8c3ba525042ceba11e102309b2525de4d7748b513787fc3ecc50c13c97654e626571fcdb8a6d96b78af3e6c5bfa95fb0286d8407d9d8d3c867d06c7a1fc4	common_voice_gju_42588206.mp3	aa94aeaef1a91f7d1eb77caeebf83a1b1ee582daf2f9c492b2c50b77ee561e2d	رچھ کے بھانے یوہ مر گیو		2	0	fourties				gju	
e65a8c3ba525042ceba11e102309b2525de4d7748b513787fc3ecc50c13c97654e626571fcdb8a6d96b78af3e6c5bfa95fb0286d8407d9d8d3c867d06c7a1fc4	common_voice_gju_42588204.mp3	a26e214b85662a200272afa99983311999d11dcbdf84705837e66c0651e67bea	ہن ہوں نہیہ مڑتو تنا میں کہیو تھو ارماند کرے گی ہن مڑ کے چل مزا کر		2	0	fourties				gju	
e65a8c3ba525042ceba11e102309b2525de4d7748b513787fc3ecc50c13c97654e626571fcdb8a6d96b78af3e6c5bfa95fb0286d8407d9d8d3c867d06c7a1fc4	common_voice_gju_42588201.mp3	96f88e1e5af121123aeb6c01fd501a4bbe47c2c11b320089d6cea109872dbb50	جاتک نماشاں نا مڑ کے ڈیرے آ گیا		2	0	fourties				gju	
e65a8c3ba525042ceba11e102309b2525de4d7748b513787fc3ecc50c13c97654e626571fcdb8a6d96b78af3e6c5bfa95fb0286d8407d9d8d3c867d06c7a1fc4	common_voice_gju_42588199.mp3	a18830cfe7a4320c1b7a99b611e10a6f783ab648f63d51d3074c79d2df3ffec4	یہ بالاکوٹ ما پوہچیا		2	0	fourties				gju	
e65a8c3ba525042ceba11e102309b2525de4d7748b513787fc3ecc50c13c97654e626571fcdb8a6d96b78af3e6c5bfa95fb0286d8407d9d8d3c867d06c7a1fc4	common_voice_gju_42588197.mp3	73d0acd2ed04d53fff66bdf1c01de174a2f728e0cd417f5255884af9b0246d08	جہیڑا پِچھے رہیا تھا ویہہ میر ملک کا لوکاں نے کڈھیا		2	0	fourties				gju	
e65a8c3ba525042ceba11e102309b2525de4d7748b513787fc3ecc50c13c97654e626571fcdb8a6d96b78af3e6c5bfa95fb0286d8407d9d8d3c867d06c7a1fc4	common_voice_gju_42588196.mp3	981e1d6209fb1a02f6462f1c0af794cfcdbf8d7aa0be293700982d315b5d44f5	دیو نے باڑ پٹن بسطے اپنی مُچھ نا ہتھ کیو		2	0	fourties				gju	
e65a8c3ba525042ceba11e102309b2525de4d7748b513787fc3ecc50c13c97654e626571fcdb8a6d96b78af3e6c5bfa95fb0286d8407d9d8d3c867d06c7a1fc4	common_voice_gju_42588194.mp3	80fa00d96f1fb0a76f8837db20847af3f326b17ba9edbb6d59199f89c9525ed5	نا کشن ماروں		2	0	fourties				gju	
e65a8c3ba525042ceba11e102309b2525de4d7748b513787fc3ecc50c13c97654e626571fcdb8a6d96b78af3e6c5bfa95fb0286d8407d9d8d3c867d06c7a1fc4	common_voice_gju_42588193.mp3	98850a905f88d637a1f77a4311a7c020425d1791fee4edc3c42cd4757bf1fff6	اُس نا کہیو یوہ جاتک فلانی جا ما ڈھارا ما دھریو وو لَبھو		2	0	fourties				gju	
e65a8c3ba525042ceba11e102309b2525de4d7748b513787fc3ecc50c13c97654e626571fcdb8a6d96b78af3e6c5bfa95fb0286d8407d9d8d3c867d06c7a1fc4	common_voice_gju_42588192.mp3	9c8fdbb080aaee30baaa82201a85bd4dfb386f6443b065d82f82534c4611cc48	مولوی صاحب		2	0	fourties				gju	
e65a8c3ba525042ceba11e102309b2525de4d7748b513787fc3ecc50c13c97654e626571fcdb8a6d96b78af3e6c5bfa95fb0286d8407d9d8d3c867d06c7a1fc4	common_voice_gju_42588191.mp3	9cc7b3d5b4da7b7c738f33451646313d98343038a5f9c363130756c4a0e98c17	مُچ کاہڈ رہ گیو تھو		2	0	fourties				gju	
e65a8c3ba525042ceba11e102309b2525de4d7748b513787fc3ecc50c13c97654e626571fcdb8a6d96b78af3e6c5bfa95fb0286d8407d9d8d3c867d06c7a1fc4	common_voice_gju_42588190.mp3	64106dc1989088892ba5f726f83963d2add078ad9866f20fe976bae2c5f904ac	مڑ کے آیا		2	0	fourties				gju	
e65a8c3ba525042ceba11e102309b2525de4d7748b513787fc3ecc50c13c97654e626571fcdb8a6d96b78af3e6c5bfa95fb0286d8407d9d8d3c867d06c7a1fc4	common_voice_gju_42588189.mp3	9023ea1b9b7269b5c1233eebd4160d130f49e3afcd711146ecfc286ef2d7885c	اس نے میر و پوت کوہ چھوڈیو		2	0	fourties				gju	
e65a8c3ba525042ceba11e102309b2525de4d7748b513787fc3ecc50c13c97654e626571fcdb8a6d96b78af3e6c5bfa95fb0286d8407d9d8d3c867d06c7a1fc4	common_voice_gju_42588188.mp3	d80a4dee581baa1844ffdf18bf28477829b0fad9fa28b70f5c29d0d6c648d243	اس کو ایک سنگی ہور بی آنوں‘‘		2	0	fourties				gju	
e65a8c3ba525042ceba11e102309b2525de4d7748b513787fc3ecc50c13c97654e626571fcdb8a6d96b78af3e6c5bfa95fb0286d8407d9d8d3c867d06c7a1fc4	common_voice_gju_42588187.mp3	9152ad741e3edd08a2e7e4859c9d5a5ace2271748007830e3ad8e52f181502a5	اِنھ نے صلاح کری جے اس سال کاگان کا راہ پو چلاں		2	0	fourties				gju	
e65a8c3ba525042ceba11e102309b2525de4d7748b513787fc3ecc50c13c97654e626571fcdb8a6d96b78af3e6c5bfa95fb0286d8407d9d8d3c867d06c7a1fc4	common_voice_gju_42588186.mp3	430d44e8a61344f982008fabe08e500b81165e270e847258c47e92406c828f62	حاجی صاحب سمیت بستی تا لے آیا دیسی لوکاں نے فوج نا خبر دِتی جے بکرالاں کو پورو قافلو پل ما ڈُب گیو		2	0	fourties				gju	
e65a8c3ba525042ceba11e102309b2525de4d7748b513787fc3ecc50c13c97654e626571fcdb8a6d96b78af3e6c5bfa95fb0286d8407d9d8d3c867d06c7a1fc4	common_voice_gju_42588185.mp3	47c93bbd2082022ccebbee9dec2b40a90cab45c9c24586bb1eaaf1766dc3da18	بھی واہ اس نا کہن لگی		2	0	fourties				gju	
e65a8c3ba525042ceba11e102309b2525de4d7748b513787fc3ecc50c13c97654e626571fcdb8a6d96b78af3e6c5bfa95fb0286d8407d9d8d3c867d06c7a1fc4	common_voice_gju_42588184.mp3	99fa130bac8c6bfee03f36917daf18116a513776f5f670da7b38282fa9471e5d	اللہ ہر مسلمان نا ایسا حادثاں		2	0	fourties				gju	
e65a8c3ba525042ceba11e102309b2525de4d7748b513787fc3ecc50c13c97654e626571fcdb8a6d96b78af3e6c5bfa95fb0286d8407d9d8d3c867d06c7a1fc4	common_voice_gju_42588183.mp3	6df2942a732c30da84500ea790b734f72e13cd559f4e84e972a543054449322f	ترواں دِناں ات پوہچیا۔		2	0	fourties				gju	
e65a8c3ba525042ceba11e102309b2525de4d7748b513787fc3ecc50c13c97654e626571fcdb8a6d96b78af3e6c5bfa95fb0286d8407d9d8d3c867d06c7a1fc4	common_voice_gju_42588182.mp3	a55db3a27ddd3a956e5141ce635948cbc59f4af6f0c908fe1ca5a3aad30dd54c	ہمنا اس چیز کو خیال رکھنو		2	0	fourties				gju	
e65a8c3ba525042ceba11e102309b2525de4d7748b513787fc3ecc50c13c97654e626571fcdb8a6d96b78af3e6c5bfa95fb0286d8407d9d8d3c867d06c7a1fc4	common_voice_gju_42588181.mp3	86a9a3b1fc3510fff18e9c47d4ed79c5055a92f15e2999ea42ceb961ccab91e1	ہر طرف پل ہی پل تھی		2	0	fourties				gju	
e65a8c3ba525042ceba11e102309b2525de4d7748b513787fc3ecc50c13c97654e626571fcdb8a6d96b78af3e6c5bfa95fb0286d8407d9d8d3c867d06c7a1fc4	common_voice_gju_42588180.mp3	53e1b15f06772baa6d0e31bdb41960ef10136cd295753b2b867f1f5652ce7564	اس نے ہوں آن کے اپنا بھائی نا اپڑایو		2	0	fourties				gju	
e65a8c3ba525042ceba11e102309b2525de4d7748b513787fc3ecc50c13c97654e626571fcdb8a6d96b78af3e6c5bfa95fb0286d8407d9d8d3c867d06c7a1fc4	common_voice_gju_42588179.mp3	98b733cf7cd64977323fd5095785a4b8be33346b9e84561dc461118eeb3f8053	لد کے ٹُریا		2	0	fourties				gju	
e65a8c3ba525042ceba11e102309b2525de4d7748b513787fc3ecc50c13c97654e626571fcdb8a6d96b78af3e6c5bfa95fb0286d8407d9d8d3c867d06c7a1fc4	common_voice_gju_42588178.mp3	9cd19aa2690bed2938810a7c9ca8aca57cb0ada7d16657c8bf6c4e480ce874ed	دُوجا لوکاں نا بے دسوں گی		2	0	fourties				gju	
e65a8c3ba525042ceba11e102309b2525de4d7748b513787fc3ecc50c13c97654e626571fcdb8a6d96b78af3e6c5bfa95fb0286d8407d9d8d3c867d06c7a1fc4	common_voice_gju_42588173.mp3	848d8060c34958ce788c88f5a48701d2796828b00230e5b73c3b6927acbc7841	ایک سال تک عدالت ما اُنھ کے خلاف کیس لگو رہیو		2	0	fourties				gju	
e65a8c3ba525042ceba11e102309b2525de4d7748b513787fc3ecc50c13c97654e626571fcdb8a6d96b78af3e6c5bfa95fb0286d8407d9d8d3c867d06c7a1fc4	common_voice_gju_42588171.mp3	674d6f80bd7a2d31d95cc930197e6f4bc3b3cf37fb040b9e94719aba11e7ae2f	نی نی کاکو		2	0	fourties				gju	
e65a8c3ba525042ceba11e102309b2525de4d7748b513787fc3ecc50c13c97654e626571fcdb8a6d96b78af3e6c5bfa95fb0286d8407d9d8d3c867d06c7a1fc4	common_voice_gju_42588170.mp3	6c1a28523957733d7eca75f452b960068315516520a7328d2b282c14d1ab9108	یوہ اللہ نے بَل کر چھُڑیو		2	0	fourties				gju	
e65a8c3ba525042ceba11e102309b2525de4d7748b513787fc3ecc50c13c97654e626571fcdb8a6d96b78af3e6c5bfa95fb0286d8407d9d8d3c867d06c7a1fc4	common_voice_gju_42588169.mp3	596b6a5fbab662f052ba2fb9ab8f002e7d6cbd861bb69e123be3ea162a54da20	بابو نے پھرڑی بکری نکھیڑی		2	0	fourties				gju	
e65a8c3ba525042ceba11e102309b2525de4d7748b513787fc3ecc50c13c97654e626571fcdb8a6d96b78af3e6c5bfa95fb0286d8407d9d8d3c867d06c7a1fc4	common_voice_gju_42588168.mp3	9ab7698bcbcf7625a0dd7f53f34f95b0e6fc27e8fa69edecd57f557cd86bfa41	سب تے نکی سورت کو ناں سورۃ کوثر ہے۔		2	0	fourties				gju	
e65a8c3ba525042ceba11e102309b2525de4d7748b513787fc3ecc50c13c97654e626571fcdb8a6d96b78af3e6c5bfa95fb0286d8407d9d8d3c867d06c7a1fc4	common_voice_gju_42588167.mp3	811b5624f4160c1fc412e8aad3905b954bd6b8b371aa0f2f54bb7403a3e83522	یوہ واقعو حاجی نظام دین کو		2	0	fourties				gju	
e65a8c3ba525042ceba11e102309b2525de4d7748b513787fc3ecc50c13c97654e626571fcdb8a6d96b78af3e6c5bfa95fb0286d8407d9d8d3c867d06c7a1fc4	common_voice_gju_42588166.mp3	6211fa1f41f115f183c45acc88613402fd541f642e142f316e1e8db4baccc0f6	اُس نے لوہار کے ناڑ ترے سال مزوری کئی		2	0	fourties				gju	
e65a8c3ba525042ceba11e102309b2525de4d7748b513787fc3ecc50c13c97654e626571fcdb8a6d96b78af3e6c5bfa95fb0286d8407d9d8d3c867d06c7a1fc4	common_voice_gju_42588165.mp3	4efa2adfc5a65a414ecfaa7c4aeb8287af6f19c42f5c3203e05742980a3d8858	ہن یوہ جنو مُچ کمزور ہو گیو		2	0	fourties				gju	
e65a8c3ba525042ceba11e102309b2525de4d7748b513787fc3ecc50c13c97654e626571fcdb8a6d96b78af3e6c5bfa95fb0286d8407d9d8d3c867d06c7a1fc4	common_voice_gju_42588164.mp3	5054b4dbbf7577cb6b3bc25740c83f004c96755edc0206144a448652bbbd305a	کیوں جے ویہ سوچے تھا جے ہن یوہ آ کے مھارو مال لیے گو		2	0	fourties				gju	
e65a8c3ba525042ceba11e102309b2525de4d7748b513787fc3ecc50c13c97654e626571fcdb8a6d96b78af3e6c5bfa95fb0286d8407d9d8d3c867d06c7a1fc4	common_voice_gju_42588163.mp3	96ac72b8c08dee17a76cdb74e555c8cc8ffc457fe3b3a26cbd74b7544ade7722	ہر نماز کا پنج فرض ہیں۔ تے کجھ کہیں کہ چھ ہیں		2	0	fourties				gju	
e65a8c3ba525042ceba11e102309b2525de4d7748b513787fc3ecc50c13c97654e626571fcdb8a6d96b78af3e6c5bfa95fb0286d8407d9d8d3c867d06c7a1fc4	common_voice_gju_42588162.mp3	38c519cf07dcafa3ba6ff4c3225dfc57ddd61118c9f59c01f2bd36e02c8d48d7	ہوں بی تیار ہے‘‘		2	0	fourties				gju	
e65a8c3ba525042ceba11e102309b2525de4d7748b513787fc3ecc50c13c97654e626571fcdb8a6d96b78af3e6c5bfa95fb0286d8407d9d8d3c867d06c7a1fc4	common_voice_gju_42588161.mp3	8bb8d1ee9a1af860898e774184b48f0d9d24122eea98a186e1342e8729acb8d2	مُچ لوکاں نا اس گل کی خبر نیہہ ہوتی جے یہ شے مھارا وُجود ما کے کَم کرے		2	0	fourties				gju	
e65a8c3ba525042ceba11e102309b2525de4d7748b513787fc3ecc50c13c97654e626571fcdb8a6d96b78af3e6c5bfa95fb0286d8407d9d8d3c867d06c7a1fc4	common_voice_gju_42588155.mp3	a3cf323528aa4aef6db905bdf5645826e92b1c95f4fc3a4677b971ca7a80c21b	اُنھ بیٹکیاں نے اِس نا کہیو		2	0	fourties				gju	
e65a8c3ba525042ceba11e102309b2525de4d7748b513787fc3ecc50c13c97654e626571fcdb8a6d96b78af3e6c5bfa95fb0286d8407d9d8d3c867d06c7a1fc4	common_voice_gju_42588154.mp3	8a6539300aa161dcaa0c59bd796f0ad8d5b8a252c1190ed21adbd75ba3750843	اِنھ نے اپنی بکری ماہلی تا چرن واسطے شیک چھُڑی		2	0	fourties				gju	
e65a8c3ba525042ceba11e102309b2525de4d7748b513787fc3ecc50c13c97654e626571fcdb8a6d96b78af3e6c5bfa95fb0286d8407d9d8d3c867d06c7a1fc4	common_voice_gju_42588153.mp3	68ce32308501bee4c894c1a23d99b41b48c9e3477b3709a36725698c30c92e66	وہ روٹی پکا کے بیٹھو تھو		2	0	fourties				gju	
e65a8c3ba525042ceba11e102309b2525de4d7748b513787fc3ecc50c13c97654e626571fcdb8a6d96b78af3e6c5bfa95fb0286d8407d9d8d3c867d06c7a1fc4	common_voice_gju_42588152.mp3	83eb463b193e179c28cbc418b2d472f37a4fb7aa583842e019d565cb988bdf6c	انھ دیسی لوکاں نے کچر دیکھی		2	0	fourties				gju	
e65a8c3ba525042ceba11e102309b2525de4d7748b513787fc3ecc50c13c97654e626571fcdb8a6d96b78af3e6c5bfa95fb0286d8407d9d8d3c867d06c7a1fc4	common_voice_gju_42588150.mp3	9099102a6aa5dbf2e8d71ef8b8e52d7c72b1c535fdc883ffd61227050f260afc	اُتو ٹُر آیا		2	0	fourties				gju	
e65a8c3ba525042ceba11e102309b2525de4d7748b513787fc3ecc50c13c97654e626571fcdb8a6d96b78af3e6c5bfa95fb0286d8407d9d8d3c867d06c7a1fc4	common_voice_gju_42588149.mp3	707aa9203a7f449474fef3d00741f25f47edcf8dee6aeb517cdeb18ace4969b2	اپنا مال نا سَٹ کے بال بچا نا لے نَس گیا		2	0	fourties				gju	
e65a8c3ba525042ceba11e102309b2525de4d7748b513787fc3ecc50c13c97654e626571fcdb8a6d96b78af3e6c5bfa95fb0286d8407d9d8d3c867d06c7a1fc4	common_voice_gju_42588148.mp3	a0f4a396c37783832db0d889b1da4142d2f3e51c968d09ab9404e9a1c04033ff	رب نے بادشاہی خس کے منا چا دتی ہے توہ ہن چل		2	0	fourties				gju	
e65a8c3ba525042ceba11e102309b2525de4d7748b513787fc3ecc50c13c97654e626571fcdb8a6d96b78af3e6c5bfa95fb0286d8407d9d8d3c867d06c7a1fc4	common_voice_gju_42588146.mp3	9f5e4aced9cef7ca93f2c916586cb33846ed4399222e4c7221ba73b6541f066b	وُہ ہر دھیاڑے میرے		2	0	fourties				gju	
e65a8c3ba525042ceba11e102309b2525de4d7748b513787fc3ecc50c13c97654e626571fcdb8a6d96b78af3e6c5bfa95fb0286d8407d9d8d3c867d06c7a1fc4	common_voice_gju_42588143.mp3	61f14f9583101f51f769c4af92220d730f144470088d7a25f7de76b48d6051e9	پہلی قسم کو کھانو جہڑو انسان کا اُجود نا بدھن ما مدد دیئے وہ ماس ہے۔		2	0	fourties				gju	
e65a8c3ba525042ceba11e102309b2525de4d7748b513787fc3ecc50c13c97654e626571fcdb8a6d96b78af3e6c5bfa95fb0286d8407d9d8d3c867d06c7a1fc4	common_voice_gju_42588140.mp3	9425c44562158e2dd97f7624875bc201d9ee16331ed887ab01d44c8b63134c8a	رچھ نے ترے بکری کھا لئی انھ نے ڈنڈ رولو کر کے رچھ نسا چھُڑیو		2	0	fourties				gju	
e65a8c3ba525042ceba11e102309b2525de4d7748b513787fc3ecc50c13c97654e626571fcdb8a6d96b78af3e6c5bfa95fb0286d8407d9d8d3c867d06c7a1fc4	common_voice_gju_42588138.mp3	a61294aec7eda6e2a93d018e7e7b96728aafc94256679a4853f6118927193558	کھٹانہ عبداللہ کو		2	0	fourties				gju	
e65a8c3ba525042ceba11e102309b2525de4d7748b513787fc3ecc50c13c97654e626571fcdb8a6d96b78af3e6c5bfa95fb0286d8407d9d8d3c867d06c7a1fc4	common_voice_gju_42588137.mp3	a4556d5d4ff4eb19282f7e7a938594a01c25cfca4adad73c67e4e50b59e1f1f1	اُنھ نے تیرے ناڑ ٹھگی کئی ہے		2	0	fourties				gju	
e65a8c3ba525042ceba11e102309b2525de4d7748b513787fc3ecc50c13c97654e626571fcdb8a6d96b78af3e6c5bfa95fb0286d8407d9d8d3c867d06c7a1fc4	common_voice_gju_42588136.mp3	a07f58b7785c17982d73baba1d44bda3bd9be1da9a5387cfb3d8492923fa1539	حساب واسطے ہوں		2	0	fourties				gju	
e65a8c3ba525042ceba11e102309b2525de4d7748b513787fc3ecc50c13c97654e626571fcdb8a6d96b78af3e6c5bfa95fb0286d8407d9d8d3c867d06c7a1fc4	common_voice_gju_42588135.mp3	91e8b6544f5e6321fd72baec4b16435eedd794446a8c75abdb6897955db9a883	تم سارا سوئے		2	0	fourties				gju	
e65a8c3ba525042ceba11e102309b2525de4d7748b513787fc3ecc50c13c97654e626571fcdb8a6d96b78af3e6c5bfa95fb0286d8407d9d8d3c867d06c7a1fc4	common_voice_gju_42588134.mp3	87057bd2b0da1b640e326ef40ef3391923e1350b6a396598a6f64f8ff5561e52	اگے لُگی ٹھار ما کے کراں گا ‘‘		2	0	fourties				gju	
e65a8c3ba525042ceba11e102309b2525de4d7748b513787fc3ecc50c13c97654e626571fcdb8a6d96b78af3e6c5bfa95fb0286d8407d9d8d3c867d06c7a1fc4	common_voice_gju_42588133.mp3	767f874711aca57a142701d9216f29e0379f48d2cc8a562249c558a0eee1ed85	وہ اِنھ نا ْکہن لگو		2	0	fourties				gju	
e65a8c3ba525042ceba11e102309b2525de4d7748b513787fc3ecc50c13c97654e626571fcdb8a6d96b78af3e6c5bfa95fb0286d8407d9d8d3c867d06c7a1fc4	common_voice_gju_42588132.mp3	93e8a44aea8fbf8b849539de84d965f36382ead65e1ae5a94a945001afa1e75c	اِنھ کا ڈیرا		2	0	fourties				gju	
e65a8c3ba525042ceba11e102309b2525de4d7748b513787fc3ecc50c13c97654e626571fcdb8a6d96b78af3e6c5bfa95fb0286d8407d9d8d3c867d06c7a1fc4	common_voice_gju_42588131.mp3	6e516dbbd40d83a3d51677546082d1ffb29c83d88470c1c30f67003efc8bd98c	سمجھو جس طرح قیامت کو منظر تھو		2	0	fourties				gju	
e65a8c3ba525042ceba11e102309b2525de4d7748b513787fc3ecc50c13c97654e626571fcdb8a6d96b78af3e6c5bfa95fb0286d8407d9d8d3c867d06c7a1fc4	common_voice_gju_42588130.mp3	8866d4363bbafa1b0e6173185ae266237fc23d928e738f0772761c56c023fe36	یہ اس ٹرک پو ڈیرا لد کے پھلا وائی پوہچیا		2	0	fourties				gju	
e65a8c3ba525042ceba11e102309b2525de4d7748b513787fc3ecc50c13c97654e626571fcdb8a6d96b78af3e6c5bfa95fb0286d8407d9d8d3c867d06c7a1fc4	common_voice_gju_42588129.mp3	812b67ea7cbc0a283d4ab4225cf819d076f0b84136feeecaa1e6f0f386663dd4	ہوں بھی نس گیو		2	0	fourties				gju	
e65a8c3ba525042ceba11e102309b2525de4d7748b513787fc3ecc50c13c97654e626571fcdb8a6d96b78af3e6c5bfa95fb0286d8407d9d8d3c867d06c7a1fc4	common_voice_gju_42588128.mp3	8d9fdbdbe22978b8bcedabd47d530adcc286123b709193b1bb210f04f75fef79	بھائی ڈر گیو		2	0	fourties				gju	
e65a8c3ba525042ceba11e102309b2525de4d7748b513787fc3ecc50c13c97654e626571fcdb8a6d96b78af3e6c5bfa95fb0286d8407d9d8d3c867d06c7a1fc4	common_voice_gju_42588127.mp3	991ebcdb60c9b4e451cc0a3900adb8d68e1e18a08d4c01408805f9709a1b312b	بڈھی نے کہیو		2	0	fourties				gju	
e65a8c3ba525042ceba11e102309b2525de4d7748b513787fc3ecc50c13c97654e626571fcdb8a6d96b78af3e6c5bfa95fb0286d8407d9d8d3c867d06c7a1fc4	common_voice_gju_42588126.mp3	52ef1885d94cb6fb4f61c20369d0ebffaa0e8dfe03ef23fbff01f7cf702b9767	ویہ سارا ایک دُوجا کی مدد کرے تھا		2	0	fourties				gju	
e65a8c3ba525042ceba11e102309b2525de4d7748b513787fc3ecc50c13c97654e626571fcdb8a6d96b78af3e6c5bfa95fb0286d8407d9d8d3c867d06c7a1fc4	common_voice_gju_42588124.mp3	9b826527c8b3a7e208455d27bd01e6f63438e0a260ec5154f081131f6269ed67	کوئی سمجھ نہ لگی		2	0	fourties				gju	
e65a8c3ba525042ceba11e102309b2525de4d7748b513787fc3ecc50c13c97654e626571fcdb8a6d96b78af3e6c5bfa95fb0286d8407d9d8d3c867d06c7a1fc4	common_voice_gju_42588123.mp3	18855e98374c4316a570a3e3b0e23efa550e8557620a2e36fe1c2f4dbb501de5	پٹوڑی بنا کے آنی ایک دھیاڑے کا کا نے دربلی بنا کے واہ پٹوڑی دھوئی		2	0	fourties				gju	
e65a8c3ba525042ceba11e102309b2525de4d7748b513787fc3ecc50c13c97654e626571fcdb8a6d96b78af3e6c5bfa95fb0286d8407d9d8d3c867d06c7a1fc4	common_voice_gju_42588122.mp3	878228fd851abcd2bcf1cc374e6476b6b9b53187dbc515a04bbd36f113e00315	اس نا پُچھیو		2	0	fourties				gju	
e65a8c3ba525042ceba11e102309b2525de4d7748b513787fc3ecc50c13c97654e626571fcdb8a6d96b78af3e6c5bfa95fb0286d8407d9d8d3c867d06c7a1fc4	common_voice_gju_42588121.mp3	77a0b040c476bfaa236509f01fc05b3d27f840245583f238a37e686c9a899415	حاجی ہور رات اِنھ لُگی بکریاں ما رہیا		2	0	fourties				gju	
e65a8c3ba525042ceba11e102309b2525de4d7748b513787fc3ecc50c13c97654e626571fcdb8a6d96b78af3e6c5bfa95fb0286d8407d9d8d3c867d06c7a1fc4	common_voice_gju_42588120.mp3	3d787f993a1e9e473fc47f2215bf48099a3b07d5ff28b060478c4875777cce0d	تپوس کرن لگا جی تیرو جنو کیناں گیو ہے		2	0	fourties				gju	
e65a8c3ba525042ceba11e102309b2525de4d7748b513787fc3ecc50c13c97654e626571fcdb8a6d96b78af3e6c5bfa95fb0286d8407d9d8d3c867d06c7a1fc4	common_voice_gju_42588116.mp3	5a1e98c74a4584618dde50051e5bae6e0a048e65be9072fe627e4b9f2fc16a75	بکری کچھل کے ہیٹھ آ کے کھلی ہو گئی		2	0	fourties				gju	
e65a8c3ba525042ceba11e102309b2525de4d7748b513787fc3ecc50c13c97654e626571fcdb8a6d96b78af3e6c5bfa95fb0286d8407d9d8d3c867d06c7a1fc4	common_voice_gju_42588115.mp3	8bcdd7e4da6ccf16c0e2e5c2c0acb8595b2769632e8ffa06600423bc9cad509d	باد شاہ نے اعلان کر کے لوک بٹلا کیا		2	0	fourties				gju	
e65a8c3ba525042ceba11e102309b2525de4d7748b513787fc3ecc50c13c97654e626571fcdb8a6d96b78af3e6c5bfa95fb0286d8407d9d8d3c867d06c7a1fc4	common_voice_gju_42588114.mp3	92b745dfc0c280135fa705f57fb3526ece7fe93d2275bbf7646f67802befaf91	کاہڈ ویہ شہر پوہچ گیا		2	0	fourties				gju	
e65a8c3ba525042ceba11e102309b2525de4d7748b513787fc3ecc50c13c97654e626571fcdb8a6d96b78af3e6c5bfa95fb0286d8407d9d8d3c867d06c7a1fc4	common_voice_gju_42588113.mp3	918da49cd57030c0500a16d7a025101a6535012921d2ea93c606e080c5371618	یہ تریہی سنگی ٹر گیا		2	0	fourties				gju	
e65a8c3ba525042ceba11e102309b2525de4d7748b513787fc3ecc50c13c97654e626571fcdb8a6d96b78af3e6c5bfa95fb0286d8407d9d8d3c867d06c7a1fc4	common_voice_gju_42588112.mp3	9b6a55687dd0c6e92a0543c98181370fe521a2e059f57409e642387d678430aa	سوچیو جے بکری		2	0	fourties				gju	
e65a8c3ba525042ceba11e102309b2525de4d7748b513787fc3ecc50c13c97654e626571fcdb8a6d96b78af3e6c5bfa95fb0286d8407d9d8d3c867d06c7a1fc4	common_voice_gju_42588111.mp3	883953038f4cf69d354ead528d954bc6e3bbfede2c0b3a34e68352a2aad64c24	رُڑ کے یوہ مُچ دور لگو		2	0	fourties				gju	
e65a8c3ba525042ceba11e102309b2525de4d7748b513787fc3ecc50c13c97654e626571fcdb8a6d96b78af3e6c5bfa95fb0286d8407d9d8d3c867d06c7a1fc4	common_voice_gju_42588110.mp3	8f823bddcfaba9221074be5ede1e9fae799aeef4f24cb7997ee976b93fc036b8	پروین یاہ گل سوچے لگی تھی		2	0	fourties				gju	
e65a8c3ba525042ceba11e102309b2525de4d7748b513787fc3ecc50c13c97654e626571fcdb8a6d96b78af3e6c5bfa95fb0286d8407d9d8d3c867d06c7a1fc4	common_voice_gju_42588109.mp3	8e321e79a8f852e39fd65a9430efadebf3c10d522c437ffd7fbdf83167cf2553	شکر قندی		2	0	fourties				gju	
e65a8c3ba525042ceba11e102309b2525de4d7748b513787fc3ecc50c13c97654e626571fcdb8a6d96b78af3e6c5bfa95fb0286d8407d9d8d3c867d06c7a1fc4	common_voice_gju_42588108.mp3	980f2afa24011dc4a5764cd3d40ca48dc7b159ac0ed9845428e93490b10a004e	مولوی صاحب نے کہیو ہن ہمت نہ ہاریو سارا جوان اگے جا کے		2	0	fourties				gju	
e65a8c3ba525042ceba11e102309b2525de4d7748b513787fc3ecc50c13c97654e626571fcdb8a6d96b78af3e6c5bfa95fb0286d8407d9d8d3c867d06c7a1fc4	common_voice_gju_42588107.mp3	8c0c64170be5add95e5fe0771738ba07d3765a60a10d3fdf42f5949f56473a1c	ہم ساگ		2	0	fourties				gju	
e65a8c3ba525042ceba11e102309b2525de4d7748b513787fc3ecc50c13c97654e626571fcdb8a6d96b78af3e6c5bfa95fb0286d8407d9d8d3c867d06c7a1fc4	common_voice_gju_42588106.mp3	9b169dd2cbcf7ca816c90448418f8063a3e5cca8b8711a39b81a935f9c83ead8	بھی نولکھیا نے اُس بیٹکی کے ناڑ بیاہ کریو		2	0	fourties				gju	
e65a8c3ba525042ceba11e102309b2525de4d7748b513787fc3ecc50c13c97654e626571fcdb8a6d96b78af3e6c5bfa95fb0286d8407d9d8d3c867d06c7a1fc4	common_voice_gju_42588105.mp3	93ded05525960729813b198cc702d1fa41241e6259bb6d8f79427aab62cc859e	راہ سارا بند ہو گیا		2	0	fourties				gju	
e65a8c3ba525042ceba11e102309b2525de4d7748b513787fc3ecc50c13c97654e626571fcdb8a6d96b78af3e6c5bfa95fb0286d8407d9d8d3c867d06c7a1fc4	common_voice_gju_42588104.mp3	6cce4b94cbdf11edaec05d5e6a45f7067a90fee6101008e3767e5d7991ea385e	اُنھ کا ڈیرا پَل		2	0	fourties				gju	
e65a8c3ba525042ceba11e102309b2525de4d7748b513787fc3ecc50c13c97654e626571fcdb8a6d96b78af3e6c5bfa95fb0286d8407d9d8d3c867d06c7a1fc4	common_voice_gju_42588103.mp3	798bcd16f80d079065b21536226160dc96b72ee163af87939bb026296cfcf195	وہ جنو کہن لگو		2	0	fourties				gju	
e65a8c3ba525042ceba11e102309b2525de4d7748b513787fc3ecc50c13c97654e626571fcdb8a6d96b78af3e6c5bfa95fb0286d8407d9d8d3c867d06c7a1fc4	common_voice_gju_42588102.mp3	9828290222498c03154d6841338efcaf4e12d98a46cbde106b7e63517e20b7cb	اُنھ کی ماں کہن لگی ’ میں اس		2	0	fourties				gju	
e65a8c3ba525042ceba11e102309b2525de4d7748b513787fc3ecc50c13c97654e626571fcdb8a6d96b78af3e6c5bfa95fb0286d8407d9d8d3c867d06c7a1fc4	common_voice_gju_42588101.mp3	a102600e005d5d23f3c4e3fa396b88429e7b84b3fa1e7ebb597314f6c7e08570	ہم فصل کپن ما تھاری مدد کراں گا		2	0	fourties				gju	
e65a8c3ba525042ceba11e102309b2525de4d7748b513787fc3ecc50c13c97654e626571fcdb8a6d96b78af3e6c5bfa95fb0286d8407d9d8d3c867d06c7a1fc4	common_voice_gju_42588100.mp3	8ba34c76ef2cc5be7da5ec8a721047d8b0ae82db2ea4198c75edbf3d23dcb8eb	جے اللہ نے میرو پُوت اس مصیبت		2	0	fourties				gju	
e65a8c3ba525042ceba11e102309b2525de4d7748b513787fc3ecc50c13c97654e626571fcdb8a6d96b78af3e6c5bfa95fb0286d8407d9d8d3c867d06c7a1fc4	common_voice_gju_42588099.mp3	6dc88e6e289903e11e283ccd495fffc3b80edd2eb22a477da5c560b086d11303	گوجری ما گہانی لکھن کو مقصد		2	0	fourties				gju	
e65a8c3ba525042ceba11e102309b2525de4d7748b513787fc3ecc50c13c97654e626571fcdb8a6d96b78af3e6c5bfa95fb0286d8407d9d8d3c867d06c7a1fc4	common_voice_gju_42588098.mp3	5ef764cc600f88fe136da819cbcd36746c56720ef3338fb6fdba8c8fce2b8066	سرداری کا گراں		2	0	fourties				gju	
e65a8c3ba525042ceba11e102309b2525de4d7748b513787fc3ecc50c13c97654e626571fcdb8a6d96b78af3e6c5bfa95fb0286d8407d9d8d3c867d06c7a1fc4	common_voice_gju_42588097.mp3	9adb1274dc853e4c7db042a6f463bdac409833c0627582e3bf5e7b502fbba683	تنا اعتبار نیہہ اتو		2	0	fourties				gju	
e65a8c3ba525042ceba11e102309b2525de4d7748b513787fc3ecc50c13c97654e626571fcdb8a6d96b78af3e6c5bfa95fb0286d8407d9d8d3c867d06c7a1fc4	common_voice_gju_42588096.mp3	7db1aa65cee59cdc16cd014159f454dc1a920909ccb392b39ab93f5faad481f4	سجو ہتھ کھبا ہتھ اپر رکھنو۔		2	0	fourties				gju	
e65a8c3ba525042ceba11e102309b2525de4d7748b513787fc3ecc50c13c97654e626571fcdb8a6d96b78af3e6c5bfa95fb0286d8407d9d8d3c867d06c7a1fc4	common_voice_gju_42588095.mp3	82e86862dbca7401a3222fa1a27cabcc50f765f7fab4df4c1e3bfa1939b60c69	اس کی ماں مر گئی تھی		2	0	fourties				gju	
e65a8c3ba525042ceba11e102309b2525de4d7748b513787fc3ecc50c13c97654e626571fcdb8a6d96b78af3e6c5bfa95fb0286d8407d9d8d3c867d06c7a1fc4	common_voice_gju_42588094.mp3	9c6e41651e87383991668d82683608567d121b88f0cb04717e997a96e4d33c44	سونج دوئے ٹُٹی وی		2	0	fourties				gju	
e65a8c3ba525042ceba11e102309b2525de4d7748b513787fc3ecc50c13c97654e626571fcdb8a6d96b78af3e6c5bfa95fb0286d8407d9d8d3c867d06c7a1fc4	common_voice_gju_42588092.mp3	8ff868d223ec5c9a6ceac6376bac7466f41971f0ce14c460856001bd46f1669f	دو رچھ بکریاں کے بچ		2	0	fourties				gju	
e65a8c3ba525042ceba11e102309b2525de4d7748b513787fc3ecc50c13c97654e626571fcdb8a6d96b78af3e6c5bfa95fb0286d8407d9d8d3c867d06c7a1fc4	common_voice_gju_42588091.mp3	86f3d897eba1f1d95f1f109e9b3a8c67f59bfe14f68a9f11ec548b1b1beb5fdb	حاجی صاحب ہور مُچ پرشان تھا اِنھاں نے اُپھراں پوسٹ تا واز کریو		2	0	fourties				gju	
e65a8c3ba525042ceba11e102309b2525de4d7748b513787fc3ecc50c13c97654e626571fcdb8a6d96b78af3e6c5bfa95fb0286d8407d9d8d3c867d06c7a1fc4	common_voice_gju_42588089.mp3	86f61ac35f33cf24691b45cd43e05d96bb971eb444ecef65dfe2f41af6492f8d	یاہ بَساکھ کی گل		2	0	fourties				gju	
e65a8c3ba525042ceba11e102309b2525de4d7748b513787fc3ecc50c13c97654e626571fcdb8a6d96b78af3e6c5bfa95fb0286d8407d9d8d3c867d06c7a1fc4	common_voice_gju_42588088.mp3	999cbf92db93050aceb0b5f857f1790b98a130ab7b20886853ca52d1085d8b93	ہور کوئی ادارہ اِنھ لوکاں واسطے کوئی خاص کم نیہہ کرتا تاں جے اِنھ لوکاں کا مسائل کم وھے		2	0	fourties				gju	
e65a8c3ba525042ceba11e102309b2525de4d7748b513787fc3ecc50c13c97654e626571fcdb8a6d96b78af3e6c5bfa95fb0286d8407d9d8d3c867d06c7a1fc4	common_voice_gju_42588087.mp3	93224d24f87c5558377fff9ae7039078ebf4ef6e228ad638775ea40fde720852	بکری رُڑ گئی		2	0	fourties				gju	
e65a8c3ba525042ceba11e102309b2525de4d7748b513787fc3ecc50c13c97654e626571fcdb8a6d96b78af3e6c5bfa95fb0286d8407d9d8d3c867d06c7a1fc4	common_voice_gju_42588086.mp3	76623f98ba68ef74d6d1eaec0a286da6c37f15d52a3a693256d19358ff5ec365	رِچھ جنا نا چھوڈ کے نَس گیو		2	0	fourties				gju	
e65a8c3ba525042ceba11e102309b2525de4d7748b513787fc3ecc50c13c97654e626571fcdb8a6d96b78af3e6c5bfa95fb0286d8407d9d8d3c867d06c7a1fc4	common_voice_gju_42588085.mp3	882e1c3eafc1d3d69282693288c2bb6d3c7681f7557285fd9449b4d1148237fa	کا کی نے کالی اُ ن چھٹ		2	0	fourties				gju	
e65a8c3ba525042ceba11e102309b2525de4d7748b513787fc3ecc50c13c97654e626571fcdb8a6d96b78af3e6c5bfa95fb0286d8407d9d8d3c867d06c7a1fc4	common_voice_gju_42588084.mp3	9d69d6f7e7483de4aa16b7384385791cb801c647bb99c47186788e3156161ed3	پروین نے سوچیو جے ہوں اِنھ کی گلاں پو عمل کروں گی		2	0	fourties				gju	
e65a8c3ba525042ceba11e102309b2525de4d7748b513787fc3ecc50c13c97654e626571fcdb8a6d96b78af3e6c5bfa95fb0286d8407d9d8d3c867d06c7a1fc4	common_voice_gju_42588083.mp3	5e6e795f1e165235b9c76c3481e4f23c356de505a791682d5d4134192449ef09	دریا کے اُرار پار پھِریا		2	0	fourties				gju	
e65a8c3ba525042ceba11e102309b2525de4d7748b513787fc3ecc50c13c97654e626571fcdb8a6d96b78af3e6c5bfa95fb0286d8407d9d8d3c867d06c7a1fc4	common_voice_gju_42588082.mp3	6b1fa9799226408e0185af0cde2a7791331400be922ce39a11b1caedbc4388e0	اللہ کی چار کتاب ہیں۔		2	0	fourties				gju	
e65a8c3ba525042ceba11e102309b2525de4d7748b513787fc3ecc50c13c97654e626571fcdb8a6d96b78af3e6c5bfa95fb0286d8407d9d8d3c867d06c7a1fc4	common_voice_gju_42588081.mp3	39a5923c80b31f3927a68e38b4216f6f16abd79ed6935d2caf789ce3aef0d263	یوہ رچھ کے سامنے مر گیو		2	0	fourties				gju	
e65a8c3ba525042ceba11e102309b2525de4d7748b513787fc3ecc50c13c97654e626571fcdb8a6d96b78af3e6c5bfa95fb0286d8407d9d8d3c867d06c7a1fc4	common_voice_gju_42588080.mp3	7e3d7eb5f6910985c4168fa2d8b21e5775cfc7c19243fa20c0f8a4c0334602d0	اس موت کو لوکاں نا مُچ صدمو لگو اللہ اس جوان کی بخشش کرے		2	0	fourties				gju	
e65a8c3ba525042ceba11e102309b2525de4d7748b513787fc3ecc50c13c97654e626571fcdb8a6d96b78af3e6c5bfa95fb0286d8407d9d8d3c867d06c7a1fc4	common_voice_gju_42588079.mp3	7a0bf877e1290501b193a86fa00fd92e48dfa736eb94a085ecf4528cea2fe720	لوکاں نے اس ٹھار ما جا کے دیکھیو		2	0	fourties				gju	
e65a8c3ba525042ceba11e102309b2525de4d7748b513787fc3ecc50c13c97654e626571fcdb8a6d96b78af3e6c5bfa95fb0286d8407d9d8d3c867d06c7a1fc4	common_voice_gju_42588078.mp3	6a57549746ce8b31ad441918d3df1b0273dca56667c675a2939d5b7302f7ec09	ہم سوچاں تھا جے جاوید اپنی دُکا ن پو چلتو رہیو۔		2	0	fourties				gju	
e65a8c3ba525042ceba11e102309b2525de4d7748b513787fc3ecc50c13c97654e626571fcdb8a6d96b78af3e6c5bfa95fb0286d8407d9d8d3c867d06c7a1fc4	common_voice_gju_42588077.mp3	6efa8de4d27e90546015d04c4b4d67fbdbbb694157e9b5be82127d97e51891c2	اُس لڑ ا نا اس گل کی خبر ہو گئی		2	0	fourties				gju	
e65a8c3ba525042ceba11e102309b2525de4d7748b513787fc3ecc50c13c97654e626571fcdb8a6d96b78af3e6c5bfa95fb0286d8407d9d8d3c867d06c7a1fc4	common_voice_gju_42588076.mp3	82ad6ca768f7fe2f0ac900829a4fe9456d379aeea04b20ae6d0a96ad874a9d34	رِہ گئی ترے بکری بَر کی جا ما		2	1	fourties				gju	
e65a8c3ba525042ceba11e102309b2525de4d7748b513787fc3ecc50c13c97654e626571fcdb8a6d96b78af3e6c5bfa95fb0286d8407d9d8d3c867d06c7a1fc4	common_voice_gju_42588075.mp3	63932674e82f885228c66da9c8dee9852ad916171d77154eb981adeff642403c	میں سنگی		2	0	fourties				gju	
e65a8c3ba525042ceba11e102309b2525de4d7748b513787fc3ecc50c13c97654e626571fcdb8a6d96b78af3e6c5bfa95fb0286d8407d9d8d3c867d06c7a1fc4	common_voice_gju_42588074.mp3	7bc645ab230940f4e1747a7847ef37c02612ced7dbce1fa563efda46725da9fd	ڈیرا		2	0	fourties				gju	
e65a8c3ba525042ceba11e102309b2525de4d7748b513787fc3ecc50c13c97654e626571fcdb8a6d96b78af3e6c5bfa95fb0286d8407d9d8d3c867d06c7a1fc4	common_voice_gju_42588073.mp3	933991ee8644074faa9e64c590f6131f674df8856c04a5662242986566989960	بکریاں کا اجڑی غلام مصطفی نے چاہ شاہ پی بکریاں نا لے چل گیو		2	0	fourties				gju	
e65a8c3ba525042ceba11e102309b2525de4d7748b513787fc3ecc50c13c97654e626571fcdb8a6d96b78af3e6c5bfa95fb0286d8407d9d8d3c867d06c7a1fc4	common_voice_gju_42588072.mp3	48f32c4a65743ec0551d355284e60c70193601e4e1a7879725d65bc115c03726	جنا نے بھی کہیو		2	0	fourties				gju	
e65a8c3ba525042ceba11e102309b2525de4d7748b513787fc3ecc50c13c97654e626571fcdb8a6d96b78af3e6c5bfa95fb0286d8407d9d8d3c867d06c7a1fc4	common_voice_gju_42588071.mp3	6c2238208ff4f06606f8dbf7feda5eedbbf2952d53c14de268f12f69cb40d0bf	تم چلوں ‘‘		2	0	fourties				gju	
e65a8c3ba525042ceba11e102309b2525de4d7748b513787fc3ecc50c13c97654e626571fcdb8a6d96b78af3e6c5bfa95fb0286d8407d9d8d3c867d06c7a1fc4	common_voice_gju_42588069.mp3	796759b4e10ef124183b875a4b0c445358e0f0d3c0ea3ebae23af225826403d3	ادھی ہوں رکھوں گو "رچھ نے سارا بوٹا پَٹ چھڑیا		2	0	fourties				gju	
e65a8c3ba525042ceba11e102309b2525de4d7748b513787fc3ecc50c13c97654e626571fcdb8a6d96b78af3e6c5bfa95fb0286d8407d9d8d3c867d06c7a1fc4	common_voice_gju_42588068.mp3	9265d10b25a9eb5fe331ec2effee04b1ef98ea3ed78b3681133479c6cbd9fe68	اُت ڈیرو لا لِیو		2	0	fourties				gju	
e65a8c3ba525042ceba11e102309b2525de4d7748b513787fc3ecc50c13c97654e626571fcdb8a6d96b78af3e6c5bfa95fb0286d8407d9d8d3c867d06c7a1fc4	common_voice_gju_42588067.mp3	81fbcc345c2b410afe62f79242f168c1b1161b25d5704b1faf158c1c5ebb3863	وہ جنو کدے نیکی نی کرے تھو		2	0	fourties				gju	
e65a8c3ba525042ceba11e102309b2525de4d7748b513787fc3ecc50c13c97654e626571fcdb8a6d96b78af3e6c5bfa95fb0286d8407d9d8d3c867d06c7a1fc4	common_voice_gju_42588066.mp3	96eef1129aa70495dd4097915664339446a4ca7157c12c076c5cfadeb4a1ed7e	تابٹ سارا پوہچیا		2	0	fourties				gju	
e65a8c3ba525042ceba11e102309b2525de4d7748b513787fc3ecc50c13c97654e626571fcdb8a6d96b78af3e6c5bfa95fb0286d8407d9d8d3c867d06c7a1fc4	common_voice_gju_42588064.mp3	458e20a4b92b830c4c183a2270da5e3b9ea553d3753c8cfc9ea07bdb100ac93d	نماز ما کئی سنت بھی ہیں۔ سنت کدے رہ جائے تے بھی نماز ہو جائے گی بارے ثواب کہٹ ہو جائے۔		2	0	fourties				gju	
e65a8c3ba525042ceba11e102309b2525de4d7748b513787fc3ecc50c13c97654e626571fcdb8a6d96b78af3e6c5bfa95fb0286d8407d9d8d3c867d06c7a1fc4	common_voice_gju_42588063.mp3	7979747688c3d6cec5be61795c712a5fae3fe975a651a0dda3809527ac1d2edb	آخر میرا بیاہ کو دھیاڑو آ گیو		2	0	fourties				gju	
e65a8c3ba525042ceba11e102309b2525de4d7748b513787fc3ecc50c13c97654e626571fcdb8a6d96b78af3e6c5bfa95fb0286d8407d9d8d3c867d06c7a1fc4	common_voice_gju_42588062.mp3	9baf0f002d3c1ef1c115f6fbf44c66a7d58fd12eb1337a550cd09c7a117be1ef	اس رکھ ما ایک دُوجو راکھو آ گیو		2	0	fourties				gju	
e65a8c3ba525042ceba11e102309b2525de4d7748b513787fc3ecc50c13c97654e626571fcdb8a6d96b78af3e6c5bfa95fb0286d8407d9d8d3c867d06c7a1fc4	common_voice_gju_42588061.mp3	9e441587cc1e10bad9ac665ac50ef5d692cd5cc1656346623261ce5a301b7eab	اِس جنا نے اپنی جِن کھوڑ کے جھب جھب ہور روٹی پکائی		2	0	fourties				gju	
e65a8c3ba525042ceba11e102309b2525de4d7748b513787fc3ecc50c13c97654e626571fcdb8a6d96b78af3e6c5bfa95fb0286d8407d9d8d3c867d06c7a1fc4	common_voice_gju_42588059.mp3	92837caaa29fc398475950964ba172326785937ad01d8ee639571847c5f9d0c2	ہوں اپنی بھیڈاں نا چرائوں ‘‘		2	0	fourties				gju	
e65a8c3ba525042ceba11e102309b2525de4d7748b513787fc3ecc50c13c97654e626571fcdb8a6d96b78af3e6c5bfa95fb0286d8407d9d8d3c867d06c7a1fc4	common_voice_gju_42588058.mp3	9384fd552471544d4dfd63f31e8aebe581422407f734e2f02cff7d03304831be	حاجی صاحب نے کہیو خیر		2	0	fourties				gju	
e65a8c3ba525042ceba11e102309b2525de4d7748b513787fc3ecc50c13c97654e626571fcdb8a6d96b78af3e6c5bfa95fb0286d8407d9d8d3c867d06c7a1fc4	common_voice_gju_42588057.mp3	2a7391595bf721fde07020d02b3fcaa5d2ff76957f193a6448a93c8a560dff40	جد اپر پوہچیا		2	0	fourties				gju	
e65a8c3ba525042ceba11e102309b2525de4d7748b513787fc3ecc50c13c97654e626571fcdb8a6d96b78af3e6c5bfa95fb0286d8407d9d8d3c867d06c7a1fc4	common_voice_gju_42588056.mp3	4ce7a537da8faddfd66bc359c2daa67bfa19e8eaa3dfa842cfa41a64c382ed78	ہسپتال ما ڈاکٹراں نے اس کو علاج کریو		2	0	fourties				gju	
e65a8c3ba525042ceba11e102309b2525de4d7748b513787fc3ecc50c13c97654e626571fcdb8a6d96b78af3e6c5bfa95fb0286d8407d9d8d3c867d06c7a1fc4	common_voice_gju_42588055.mp3	9f093455ceeb80b51cb4fc7733b65b1475589a495d064b6c4240f3a63979e3f3	حاجی نزیر اجاں بے زندو		2	0	fourties				gju	
e65a8c3ba525042ceba11e102309b2525de4d7748b513787fc3ecc50c13c97654e626571fcdb8a6d96b78af3e6c5bfa95fb0286d8407d9d8d3c867d06c7a1fc4	common_voice_gju_42588054.mp3	3ee3f8ad7e7c546d05e177e5b9528b3030d7353eb95da2cce2e51be550b9cf7a	اُنھ نا کہیو جے رات رچھ نے میری بکری نُقصان کر چھُری		2	0	fourties				gju	
e65a8c3ba525042ceba11e102309b2525de4d7748b513787fc3ecc50c13c97654e626571fcdb8a6d96b78af3e6c5bfa95fb0286d8407d9d8d3c867d06c7a1fc4	common_voice_gju_42588053.mp3	8e1276df172c08fea338f151b7d7511df8b41a8e5169daebf76e47f1dfaf4ce0	دوجی دھیاڑی رچھ گدڑ نا بھی لے کے آ گیو		2	0	fourties				gju	
e65a8c3ba525042ceba11e102309b2525de4d7748b513787fc3ecc50c13c97654e626571fcdb8a6d96b78af3e6c5bfa95fb0286d8407d9d8d3c867d06c7a1fc4	common_voice_gju_42588052.mp3	9ee3fd43c201d7dc22be9536ec99ef6050e70e871a034efcfce2b9d23cc7f5ec	اجازت		2	0	fourties				gju	
e65a8c3ba525042ceba11e102309b2525de4d7748b513787fc3ecc50c13c97654e626571fcdb8a6d96b78af3e6c5bfa95fb0286d8407d9d8d3c867d06c7a1fc4	common_voice_gju_42588051.mp3	8c29d3fabdb682db712b8b302e41cd341833080972b4db89569747beeac0eb02	آخر اُس مورا کے کول پوہچ گیا جِت بھربھانو نے واہ بیٹکی ڈَکی تھی		2	0	fourties				gju	
e65a8c3ba525042ceba11e102309b2525de4d7748b513787fc3ecc50c13c97654e626571fcdb8a6d96b78af3e6c5bfa95fb0286d8407d9d8d3c867d06c7a1fc4	common_voice_gju_42588050.mp3	9d8f172f5cd3f75b65319af97b7112c47005a8b2c4ef900706086c4522fe1bfa	مھارا کالج کا استاد اِس گراں ما آیا تھا		2	0	fourties				gju	
e65a8c3ba525042ceba11e102309b2525de4d7748b513787fc3ecc50c13c97654e626571fcdb8a6d96b78af3e6c5bfa95fb0286d8407d9d8d3c867d06c7a1fc4	common_voice_gju_42588049.mp3	9c4bf248fd379e21d21c7570302670b9cfe56fdc38299b4f4fc233c37608a355	یاہ ساری گل کوڑ ہے		2	0	fourties				gju	
e65a8c3ba525042ceba11e102309b2525de4d7748b513787fc3ecc50c13c97654e626571fcdb8a6d96b78af3e6c5bfa95fb0286d8407d9d8d3c867d06c7a1fc4	common_voice_gju_42588048.mp3	9b41f29d0dfcb35afd5179945e457b3fc091c20f3a54a9c3d4eb5bc370457b52	اونٹھاں ہاڑا کا سنگی نے کہیو		2	0	fourties				gju	
e65a8c3ba525042ceba11e102309b2525de4d7748b513787fc3ecc50c13c97654e626571fcdb8a6d96b78af3e6c5bfa95fb0286d8407d9d8d3c867d06c7a1fc4	common_voice_gju_42588047.mp3	7a55d211b4609e9d0e510c1070abc8722ab036745b8daa2445869af98de9663f	اُس وکیل دھیانی نا سیانے تھو		2	0	fourties				gju	
e65a8c3ba525042ceba11e102309b2525de4d7748b513787fc3ecc50c13c97654e626571fcdb8a6d96b78af3e6c5bfa95fb0286d8407d9d8d3c867d06c7a1fc4	common_voice_gju_42588046.mp3	7d7d3a40e4926bb90ec43d2f31f6cb3d84d13f1e3bc0f5c74bb3f0eaf913980e	کَدے کائی گل مھاری اپنی زبان ما لکھے یا پڑھے جائے		2	0	fourties				gju	
e65a8c3ba525042ceba11e102309b2525de4d7748b513787fc3ecc50c13c97654e626571fcdb8a6d96b78af3e6c5bfa95fb0286d8407d9d8d3c867d06c7a1fc4	common_voice_gju_42588045.mp3	38f3e12f9047ec73cd5319dbd41f8574975168aabbb3b6e8c7c351579074aaad	پروین نے کہیو ہوں اپنا ڈیرا نا صاف سُتھرو رکھوں		2	0	fourties				gju	
e65a8c3ba525042ceba11e102309b2525de4d7748b513787fc3ecc50c13c97654e626571fcdb8a6d96b78af3e6c5bfa95fb0286d8407d9d8d3c867d06c7a1fc4	common_voice_gju_42588044.mp3	91f991f7b100eea62290b20a44a9b76ced4112e5bdfb420517494a70e6a23818	نو لکھیا نے اپنا پیراں ناڑ واہ گٹی ہٹا چھوڈی		2	0	fourties				gju	
e65a8c3ba525042ceba11e102309b2525de4d7748b513787fc3ecc50c13c97654e626571fcdb8a6d96b78af3e6c5bfa95fb0286d8407d9d8d3c867d06c7a1fc4	common_voice_gju_42588043.mp3	7e168ab1f83562ed2712c7adfadbc7879add667a93e4dd70019e1fefb6f2c553	اللہ اس کی زندگی ما مزید برکت دیے		2	0	fourties				gju	
e65a8c3ba525042ceba11e102309b2525de4d7748b513787fc3ecc50c13c97654e626571fcdb8a6d96b78af3e6c5bfa95fb0286d8407d9d8d3c867d06c7a1fc4	common_voice_gju_42588041.mp3	9dc777fac6fd8aac41c80dfcf8a6ae34720e567b07adcbf10b81a7a3af8064ae	موبین بانیا کو پُوت علم دین اُٹھیو		2	0	fourties				gju	
e65a8c3ba525042ceba11e102309b2525de4d7748b513787fc3ecc50c13c97654e626571fcdb8a6d96b78af3e6c5bfa95fb0286d8407d9d8d3c867d06c7a1fc4	common_voice_gju_42588040.mp3	968aabbd4adfc132228a34da48148e62965162b1f2c8ade8e1cefffa5f86d7c9	کہن لگو میرے درد آ گیو		2	0	fourties				gju	
e65a8c3ba525042ceba11e102309b2525de4d7748b513787fc3ecc50c13c97654e626571fcdb8a6d96b78af3e6c5bfa95fb0286d8407d9d8d3c867d06c7a1fc4	common_voice_gju_42588039.mp3	9de2fdd7068470ef32e5b62a7e3abc959f33b28bc4de3cc2bbd2defa7ebfc3d1	راہ ما اگے جا کے جِتُو کنی ہون لگا اس سنگی نے اونٹھاں ہاڑا نا کہیو		2	0	fourties				gju	
e65a8c3ba525042ceba11e102309b2525de4d7748b513787fc3ecc50c13c97654e626571fcdb8a6d96b78af3e6c5bfa95fb0286d8407d9d8d3c867d06c7a1fc4	common_voice_gju_42588038.mp3	70cab26e89bd879cadf29dde12472021057b83ea26cdfc31e5444d38834c7f9f	یہ ٹر گیا		2	0	fourties				gju	
e65a8c3ba525042ceba11e102309b2525de4d7748b513787fc3ecc50c13c97654e626571fcdb8a6d96b78af3e6c5bfa95fb0286d8407d9d8d3c867d06c7a1fc4	common_voice_gju_42588037.mp3	90f9b2b5465f68e294fc494c71a37030c32d325677bd5e12586d90403ddc9b51	وہ رچھ نا جا کے کہن لگو		2	0	fourties				gju	
e65a8c3ba525042ceba11e102309b2525de4d7748b513787fc3ecc50c13c97654e626571fcdb8a6d96b78af3e6c5bfa95fb0286d8407d9d8d3c867d06c7a1fc4	common_voice_gju_42588036.mp3	8b3a2b070128476a615270d9b566dac4960094586d8cdb85594ad5537eb262f2	ترے سو رُپیو لیوں گو		2	0	fourties				gju	
e65a8c3ba525042ceba11e102309b2525de4d7748b513787fc3ecc50c13c97654e626571fcdb8a6d96b78af3e6c5bfa95fb0286d8407d9d8d3c867d06c7a1fc4	common_voice_gju_42588035.mp3	9a729ed6d5c2782eb43af7731af5cd25cc115721429aa4952bfc2a35dc42a29f	پروین نے کہیو:”تم میرے ڈیرے آؤں		2	0	fourties				gju	
e65a8c3ba525042ceba11e102309b2525de4d7748b513787fc3ecc50c13c97654e626571fcdb8a6d96b78af3e6c5bfa95fb0286d8407d9d8d3c867d06c7a1fc4	common_voice_gju_42588034.mp3	8ab5f2a3ec38831c0e38242b2c02845813ee7045e0127ef084d98bb9474c4a35	دکاندار نے اُس جنا کو سو رُپیو بھی موڑ دِیتو		2	0	fourties				gju	
e65a8c3ba525042ceba11e102309b2525de4d7748b513787fc3ecc50c13c97654e626571fcdb8a6d96b78af3e6c5bfa95fb0286d8407d9d8d3c867d06c7a1fc4	common_voice_gju_42588033.mp3	066987fc87181f539e27ddc547e3bfe35502430aca0560a183624396221dec7d	رات جنوائی آیا		2	0	fourties				gju	
e65a8c3ba525042ceba11e102309b2525de4d7748b513787fc3ecc50c13c97654e626571fcdb8a6d96b78af3e6c5bfa95fb0286d8407d9d8d3c867d06c7a1fc4	common_voice_gju_42588032.mp3	90543333b0203ef7ba5e6d47f7f5120068db686d507792233c0f53361c5dd502	نیاز دِتی		2	0	fourties				gju	
e65a8c3ba525042ceba11e102309b2525de4d7748b513787fc3ecc50c13c97654e626571fcdb8a6d96b78af3e6c5bfa95fb0286d8407d9d8d3c867d06c7a1fc4	common_voice_gju_42588031.mp3	96c6c07cea6aa58c5769f2a5b6650c23da67739849d76f05cc35233d84094921	اس کو نا ں اللہ داد تھو		2	0	fourties				gju	
e65a8c3ba525042ceba11e102309b2525de4d7748b513787fc3ecc50c13c97654e626571fcdb8a6d96b78af3e6c5bfa95fb0286d8407d9d8d3c867d06c7a1fc4	common_voice_gju_42588030.mp3	7ace1d1504174211fb12a8af057d8549fe1a87b05e7eac8d01c13ac4428d7f2d	ویہ بے ہم تَنا دین واسطے تیار		2	0	fourties				gju	
e65a8c3ba525042ceba11e102309b2525de4d7748b513787fc3ecc50c13c97654e626571fcdb8a6d96b78af3e6c5bfa95fb0286d8407d9d8d3c867d06c7a1fc4	common_voice_gju_42588029.mp3	94706e6c6b94ff8b0eef12b024a85e4049e0b15d900cff1ab495f39e7255ae56	اپنو پوت کوہ چھوڈیو ‘‘		2	0	fourties				gju	
e65a8c3ba525042ceba11e102309b2525de4d7748b513787fc3ecc50c13c97654e626571fcdb8a6d96b78af3e6c5bfa95fb0286d8407d9d8d3c867d06c7a1fc4	common_voice_gju_42588028.mp3	78e4ec349900583391faeeea5604ad6347fc5d5c6267dc48403915ca5e3e5040	ایک دھیاڑے اماں		2	0	fourties				gju	
e65a8c3ba525042ceba11e102309b2525de4d7748b513787fc3ecc50c13c97654e626571fcdb8a6d96b78af3e6c5bfa95fb0286d8407d9d8d3c867d06c7a1fc4	common_voice_gju_42588022.mp3	8f34c2faa502dcaab7be814281020c4b216e213d27f736de362bcf99202a835e	ایک دھیاڑے گراں ما ایک موٹر آئی		2	0	fourties				gju	
e65a8c3ba525042ceba11e102309b2525de4d7748b513787fc3ecc50c13c97654e626571fcdb8a6d96b78af3e6c5bfa95fb0286d8407d9d8d3c867d06c7a1fc4	common_voice_gju_42588021.mp3	87fdc058a20244d2db3ec496ae5e20d12de6301580a6ff01166220e481cac2e9	میرا باپ نے		2	0	fourties				gju	
e65a8c3ba525042ceba11e102309b2525de4d7748b513787fc3ecc50c13c97654e626571fcdb8a6d96b78af3e6c5bfa95fb0286d8407d9d8d3c867d06c7a1fc4	common_voice_gju_42588020.mp3	958d0cc2149097e8fe2cf942c51439e4330a4b53b218e4c0af01a80261fc701e	اُنھ کو علاج کرایو		2	0	fourties				gju	
e65a8c3ba525042ceba11e102309b2525de4d7748b513787fc3ecc50c13c97654e626571fcdb8a6d96b78af3e6c5bfa95fb0286d8407d9d8d3c867d06c7a1fc4	common_voice_gju_42588018.mp3	7b79f94e77d57f19af1925e04a274196056d0cd7f76e064f30d52de7a0ffbcea	زرینو		2	0	fourties				gju	
e65a8c3ba525042ceba11e102309b2525de4d7748b513787fc3ecc50c13c97654e626571fcdb8a6d96b78af3e6c5bfa95fb0286d8407d9d8d3c867d06c7a1fc4	common_voice_gju_42588012.mp3	6e7e7560ab41927cf2e89360964f5a160acbbee5b2f6ea4614d70a77846b8c6b	خدا اِس جنا کو کم سدھو کرے تھو		2	0	fourties				gju	
e65a8c3ba525042ceba11e102309b2525de4d7748b513787fc3ecc50c13c97654e626571fcdb8a6d96b78af3e6c5bfa95fb0286d8407d9d8d3c867d06c7a1fc4	common_voice_gju_42588011.mp3	43c9682f0cc3377de270e46d29f9bc9ca5273c42f066a48762586744508642dd	ذماواری چان ہالو اس کو پِتیو تھو		2	0	fourties				gju	
e65a8c3ba525042ceba11e102309b2525de4d7748b513787fc3ecc50c13c97654e626571fcdb8a6d96b78af3e6c5bfa95fb0286d8407d9d8d3c867d06c7a1fc4	common_voice_gju_42588008.mp3	952a2b741647b16f0df67f310a82e4c8ec08fc7afc39aa071cc560e57a342716	اُڈتو اُڈتو اسے بادشاہ کا سر پو جا بیٹھو کِہڑو دوجی بادشاہی		2	0	fourties				gju	
e65a8c3ba525042ceba11e102309b2525de4d7748b513787fc3ecc50c13c97654e626571fcdb8a6d96b78af3e6c5bfa95fb0286d8407d9d8d3c867d06c7a1fc4	common_voice_gju_42588005.mp3	58405146fed4232ad346c1daa906a112c0ef94823c8979d1507059717f3ce52e	چار بکری رہ گئی مال ما		2	0	fourties				gju	
e65a8c3ba525042ceba11e102309b2525de4d7748b513787fc3ecc50c13c97654e626571fcdb8a6d96b78af3e6c5bfa95fb0286d8407d9d8d3c867d06c7a1fc4	common_voice_gju_42588003.mp3	8b60e88db73d7ee78aa2ad692aad6a94bb1ecaf6b4ab07dba3b7315aca43e483	میں کھجوراں نال		2	0	fourties				gju	
e65a8c3ba525042ceba11e102309b2525de4d7748b513787fc3ecc50c13c97654e626571fcdb8a6d96b78af3e6c5bfa95fb0286d8407d9d8d3c867d06c7a1fc4	common_voice_gju_42588002.mp3	897c2008b8453d3d0c3e1296f0d21eb6569b371ae1d4b3813e4471f73d6acac0	کتک ما مکئی کپ کے بٹلی کر کے چھلے تھو		2	0	fourties				gju	
e65a8c3ba525042ceba11e102309b2525de4d7748b513787fc3ecc50c13c97654e626571fcdb8a6d96b78af3e6c5bfa95fb0286d8407d9d8d3c867d06c7a1fc4	common_voice_gju_42588001.mp3	6f909dc89317fc63a9be67898b7c674ec4456cd7650d28ec6bf6fea7ea72792b	تیں عقل یوہ کریو جے اس نا پہلاں ہی کہاڑی دس چھُڑی یوہ لوہا		2	0	fourties				gju	
e65a8c3ba525042ceba11e102309b2525de4d7748b513787fc3ecc50c13c97654e626571fcdb8a6d96b78af3e6c5bfa95fb0286d8407d9d8d3c867d06c7a1fc4	common_voice_gju_42588000.mp3	997dbdb4052da6ed0007f5bb0742bbfa5b36e11c6f2eb90ca67549baf8761a81	چا کے لے گیو		2	0	fourties				gju	
e65a8c3ba525042ceba11e102309b2525de4d7748b513787fc3ecc50c13c97654e626571fcdb8a6d96b78af3e6c5bfa95fb0286d8407d9d8d3c867d06c7a1fc4	common_voice_gju_42587999.mp3	8fa22467846b9ec4c6b64f47678dbb68009cb172503f09bb884b396cad3c723e	ترییوں واقعو		2	0	fourties				gju	
e65a8c3ba525042ceba11e102309b2525de4d7748b513787fc3ecc50c13c97654e626571fcdb8a6d96b78af3e6c5bfa95fb0286d8407d9d8d3c867d06c7a1fc4	common_voice_gju_42587986.mp3	85039a53ca652c83d171ea77b4cec17df2e7d4e48700ab518c0d4dd3531d26da	یوہ ماڑو اُت پوہچیو		2	0	fourties				gju	
e65a8c3ba525042ceba11e102309b2525de4d7748b513787fc3ecc50c13c97654e626571fcdb8a6d96b78af3e6c5bfa95fb0286d8407d9d8d3c867d06c7a1fc4	common_voice_gju_42587985.mp3	4d498cb7929da24c2f0a35b592256525f28fe27cb873c3a9b628d406f575c701	لَکھی ختم پڑھن وس پنجی ادمی لازمی		2	0	fourties				gju	
e65a8c3ba525042ceba11e102309b2525de4d7748b513787fc3ecc50c13c97654e626571fcdb8a6d96b78af3e6c5bfa95fb0286d8407d9d8d3c867d06c7a1fc4	common_voice_gju_42587983.mp3	742c9c0cf9c4578269a841cc0dd6fd9fb246563fffe5e80cf7e161a13b4cfcc4	اس جنا کا بھتیجا تھا		2	0	fourties				gju	
e65a8c3ba525042ceba11e102309b2525de4d7748b513787fc3ecc50c13c97654e626571fcdb8a6d96b78af3e6c5bfa95fb0286d8407d9d8d3c867d06c7a1fc4	common_voice_gju_42587981.mp3	8abb4e7583a3f4715f1bfdd953787d53d1a428be36c2f78d5379798703584be7	پروین نے کہیو:”ماشٹریانی نے کہیو لوکاں نا اس گل کو علم بھی ہونو چاہیے جے جہڑی شے صحت وس ضروری ہے ویہ ساری مہنگی بے نیہہ ہوتی۔۔		2	0	fourties				gju	
e65a8c3ba525042ceba11e102309b2525de4d7748b513787fc3ecc50c13c97654e626571fcdb8a6d96b78af3e6c5bfa95fb0286d8407d9d8d3c867d06c7a1fc4	common_voice_gju_42587968.mp3	87d5c54e63d5587e413094928e4f920372bf7f7072671ccfae9ae23108a78466	اس نے نہ نپ سکیو		2	0	fourties				gju	
e65a8c3ba525042ceba11e102309b2525de4d7748b513787fc3ecc50c13c97654e626571fcdb8a6d96b78af3e6c5bfa95fb0286d8407d9d8d3c867d06c7a1fc4	common_voice_gju_42587964.mp3	985bcd22e7ceb174505c0e82572699bf9bc341d70f961266020a5ef1ac733228	بُڈھی نے دیکھیو اگے گِدڑ ہے		2	0	fourties				gju	
e65a8c3ba525042ceba11e102309b2525de4d7748b513787fc3ecc50c13c97654e626571fcdb8a6d96b78af3e6c5bfa95fb0286d8407d9d8d3c867d06c7a1fc4	common_voice_gju_42587961.mp3	808b95b2ff9a2e08c5c7bdc04826364097d25c5000344d869967a9925c765586	مُچ لانی آئے لگی		2	0	fourties				gju	
e65a8c3ba525042ceba11e102309b2525de4d7748b513787fc3ecc50c13c97654e626571fcdb8a6d96b78af3e6c5bfa95fb0286d8407d9d8d3c867d06c7a1fc4	common_voice_gju_42587960.mp3	9995dab677bd1ce3dcf9dabb4221a4ff293f3f7c7f58c5eee66a4b3567c05e10	یوہ فوجیاں کی پٹک پو گیو		2	0	fourties				gju	
e65a8c3ba525042ceba11e102309b2525de4d7748b513787fc3ecc50c13c97654e626571fcdb8a6d96b78af3e6c5bfa95fb0286d8407d9d8d3c867d06c7a1fc4	common_voice_gju_42587959.mp3	8e7915953722b6cbbceafd318bf63bd4be04667f5296dc122a2cd6f57901a818	اَگے مسیت کی جا گیو		2	0	fourties				gju	
e65a8c3ba525042ceba11e102309b2525de4d7748b513787fc3ecc50c13c97654e626571fcdb8a6d96b78af3e6c5bfa95fb0286d8407d9d8d3c867d06c7a1fc4	common_voice_gju_42587957.mp3	6470546ea9f364f13ede9ff61a74a47c57e5836eaa8a16b9b4ce8cca40da0f8e	اسلم کو ڈیرو بر ناگنی ما تھو		2	0	fourties				gju	
e65a8c3ba525042ceba11e102309b2525de4d7748b513787fc3ecc50c13c97654e626571fcdb8a6d96b78af3e6c5bfa95fb0286d8407d9d8d3c867d06c7a1fc4	common_voice_gju_42587956.mp3	91467142725f4931a503512720fb82bc4fe3cb9d76bb55597a89022352c3fae9	کاہڈ سارا لوکاں نے خدا کو شُکر ادا کیو		2	0	fourties				gju	
e65a8c3ba525042ceba11e102309b2525de4d7748b513787fc3ecc50c13c97654e626571fcdb8a6d96b78af3e6c5bfa95fb0286d8407d9d8d3c867d06c7a1fc4	common_voice_gju_42587955.mp3	63567920f059458369a439e77399438770e42ecf86f6c7f9e60942724049c32a	اج ہم تنا اپنا کالج کا بارہ ما دساں گی		2	0	fourties				gju	
e65a8c3ba525042ceba11e102309b2525de4d7748b513787fc3ecc50c13c97654e626571fcdb8a6d96b78af3e6c5bfa95fb0286d8407d9d8d3c867d06c7a1fc4	common_voice_gju_42587954.mp3	8c6c46900370f32877942e7d48530dab5b1c7d7c817e5619a1cd2b663bd26397	اُت کنک ما زمیداراں نے سوراں جُگی زاہر دَھریو تھو		2	0	fourties				gju	
e65a8c3ba525042ceba11e102309b2525de4d7748b513787fc3ecc50c13c97654e626571fcdb8a6d96b78af3e6c5bfa95fb0286d8407d9d8d3c867d06c7a1fc4	common_voice_gju_42587948.mp3	95409d1cd1044b4496de40e86df4b317a0b161da72f1018385fd653bc53751d7	اُس کی دیکھ بھال کرتو		2	0	fourties				gju	
e65a8c3ba525042ceba11e102309b2525de4d7748b513787fc3ecc50c13c97654e626571fcdb8a6d96b78af3e6c5bfa95fb0286d8407d9d8d3c867d06c7a1fc4	common_voice_gju_42587943.mp3	94c867f99d59a725e1ee0737c7d53bf969e5c74db992d5727fc13b2208d1c019	دیو جنا نا کہن لگو		2	0	fourties				gju	
e65a8c3ba525042ceba11e102309b2525de4d7748b513787fc3ecc50c13c97654e626571fcdb8a6d96b78af3e6c5bfa95fb0286d8407d9d8d3c867d06c7a1fc4	common_voice_gju_42587942.mp3	8f907f7bed30b09170cd9dae61fb3e75909fc68435fc8385344d52abeff1f9e1	رات ویہ دیسی لوک اُت جنازہ کول آیا		2	0	fourties				gju	
e65a8c3ba525042ceba11e102309b2525de4d7748b513787fc3ecc50c13c97654e626571fcdb8a6d96b78af3e6c5bfa95fb0286d8407d9d8d3c867d06c7a1fc4	common_voice_gju_42587941.mp3	5a60cdad43a89020a21c518b7d773277891176428d01cbbaafb56ae6d3df146e	پچھیو یہ کے شے		2	0	fourties				gju	
e65a8c3ba525042ceba11e102309b2525de4d7748b513787fc3ecc50c13c97654e626571fcdb8a6d96b78af3e6c5bfa95fb0286d8407d9d8d3c867d06c7a1fc4	common_voice_gju_42587940.mp3	8e8932807c593f1456a2c9a85358638191ed72b70e0d32dfcacb2454d0d17a7a	حاجی صاحب		2	0	fourties				gju	
e65a8c3ba525042ceba11e102309b2525de4d7748b513787fc3ecc50c13c97654e626571fcdb8a6d96b78af3e6c5bfa95fb0286d8407d9d8d3c867d06c7a1fc4	common_voice_gju_42587939.mp3	48c4a198225a77e9908518b80dd01d42dd551562885980e9eed4c9243c526874	بڑی ارام نال گزری		2	0	fourties				gju	
e65a8c3ba525042ceba11e102309b2525de4d7748b513787fc3ecc50c13c97654e626571fcdb8a6d96b78af3e6c5bfa95fb0286d8407d9d8d3c867d06c7a1fc4	common_voice_gju_42587928.mp3	9843b7e146129a2bcf530890948938830a1ab610e408a8e7e3bf75bfa6a95c41	اس جنا کی ہور اولاد بڑی تھی		2	0	fourties				gju	
e65a8c3ba525042ceba11e102309b2525de4d7748b513787fc3ecc50c13c97654e626571fcdb8a6d96b78af3e6c5bfa95fb0286d8407d9d8d3c867d06c7a1fc4	common_voice_gju_42587927.mp3	8e002ca97714857369bf4eefd6f66adfdbcb1f76eb566955b8da02948ead3f9a	ویہ نوکر پتو کرتا کرتا اُس جنا کوڑے پوہچ گیا		2	0	fourties				gju	
e65a8c3ba525042ceba11e102309b2525de4d7748b513787fc3ecc50c13c97654e626571fcdb8a6d96b78af3e6c5bfa95fb0286d8407d9d8d3c867d06c7a1fc4	common_voice_gju_42587926.mp3	95996ced4ad82408dfe6b9c63937ad844390f10497b2052f08c10910c85e507d	ہیلی کاپٹر بے چلایو		2	0	fourties				gju	
e65a8c3ba525042ceba11e102309b2525de4d7748b513787fc3ecc50c13c97654e626571fcdb8a6d96b78af3e6c5bfa95fb0286d8407d9d8d3c867d06c7a1fc4	common_voice_gju_42587925.mp3	69bfd02fc827c9b7f355a578f0f822910c5935975cfb0265a181dec30cb83713	ہوں گل لے کے چلوں گو ‘‘		2	0	fourties				gju	
e65a8c3ba525042ceba11e102309b2525de4d7748b513787fc3ecc50c13c97654e626571fcdb8a6d96b78af3e6c5bfa95fb0286d8407d9d8d3c867d06c7a1fc4	common_voice_gju_42587924.mp3	4e983951109aa21cfbc89ef27c51c469ab9e0cd47552a52b69524319c8092576	میں		2	0	fourties				gju	
e65a8c3ba525042ceba11e102309b2525de4d7748b513787fc3ecc50c13c97654e626571fcdb8a6d96b78af3e6c5bfa95fb0286d8407d9d8d3c867d06c7a1fc4	common_voice_gju_42587914.mp3	38f7b991c367c9a00f6407bc6c626b38b43723978127fed8977247b7c8b1490b	کدے اس دوائی نال تاپ ختم نہ ہویو		2	0	fourties				gju	
e65a8c3ba525042ceba11e102309b2525de4d7748b513787fc3ecc50c13c97654e626571fcdb8a6d96b78af3e6c5bfa95fb0286d8407d9d8d3c867d06c7a1fc4	common_voice_gju_42587912.mp3	628bcb156a2ef66f4263d8d1f9f1961504013c32698fbe699c96d021109e4157	ہسپتال ما بوئی بی بی مر گئی		2	0	fourties				gju	
e65a8c3ba525042ceba11e102309b2525de4d7748b513787fc3ecc50c13c97654e626571fcdb8a6d96b78af3e6c5bfa95fb0286d8407d9d8d3c867d06c7a1fc4	common_voice_gju_42587911.mp3	789d49296b236bfd862a4ed0591b4df6b0ea3d2c91741fcac2d0d9c2178c8fd4	اِس بھائی کی بندوق خس کے مُڑ کاڑ ما بیٹھو		2	0	fourties				gju	
e65a8c3ba525042ceba11e102309b2525de4d7748b513787fc3ecc50c13c97654e626571fcdb8a6d96b78af3e6c5bfa95fb0286d8407d9d8d3c867d06c7a1fc4	common_voice_gju_42587910.mp3	97f7ac454906e8db455552ab9f55117dca9b359094f28602331c0810b4e4bd66	اس کا ڈیرا		2	0	fourties				gju	
e65a8c3ba525042ceba11e102309b2525de4d7748b513787fc3ecc50c13c97654e626571fcdb8a6d96b78af3e6c5bfa95fb0286d8407d9d8d3c867d06c7a1fc4	common_voice_gju_42587909.mp3	9850b190d4507b9164d53144fc82efef5c730da40a47883d8ab420340a7dc327	میں اپنو سِر تَنہا ں کر لیو		2	0	fourties				gju	
e65a8c3ba525042ceba11e102309b2525de4d7748b513787fc3ecc50c13c97654e626571fcdb8a6d96b78af3e6c5bfa95fb0286d8407d9d8d3c867d06c7a1fc4	common_voice_gju_42587902.mp3	2a6c363720613e811f5ec7e22c458eab7f7c19e69b24f5f3516658e9a8a9df90	اس بوٹا کے اپر پکھنو کا بچڑا تھا		2	0	fourties				gju	
e65a8c3ba525042ceba11e102309b2525de4d7748b513787fc3ecc50c13c97654e626571fcdb8a6d96b78af3e6c5bfa95fb0286d8407d9d8d3c867d06c7a1fc4	common_voice_gju_42587901.mp3	42e607a85da01caec494de89e9fdab67f693a21a5fc89b27dd39b4d7681dd91f	ہر کم اپنی مدد آپ کے نال کرے تھا		2	0	fourties				gju	
e65a8c3ba525042ceba11e102309b2525de4d7748b513787fc3ecc50c13c97654e626571fcdb8a6d96b78af3e6c5bfa95fb0286d8407d9d8d3c867d06c7a1fc4	common_voice_gju_42587900.mp3	98fc3bc907783e06ecf9a61ab2ab9c56737ca647b2709fd8913add505aeedbaa	اُس جنا نے اِس		2	0	fourties				gju	
e65a8c3ba525042ceba11e102309b2525de4d7748b513787fc3ecc50c13c97654e626571fcdb8a6d96b78af3e6c5bfa95fb0286d8407d9d8d3c867d06c7a1fc4	common_voice_gju_42587899.mp3	6ef60ec968f97432b8d51c5385d93a3a8a30959cc84c1b33aeee442198f9ad13	اِنھاں نے گھوڑو آن کے		2	0	fourties				gju	
e65a8c3ba525042ceba11e102309b2525de4d7748b513787fc3ecc50c13c97654e626571fcdb8a6d96b78af3e6c5bfa95fb0286d8407d9d8d3c867d06c7a1fc4	common_voice_gju_42587888.mp3	56dcbd35aae92dc0d9a93047f1d4d7bc08c7cd62b46148adb2fd64504210baf5	سُتو وھے گو		2	0	fourties				gju	
e65a8c3ba525042ceba11e102309b2525de4d7748b513787fc3ecc50c13c97654e626571fcdb8a6d96b78af3e6c5bfa95fb0286d8407d9d8d3c867d06c7a1fc4	common_voice_gju_42587887.mp3	90741a2183cfa0a0d8b75b928c919b9a7e2006ef7ec24604c306c84326df60e1	دس ! ہم تیری خذمت کراں‘‘		2	0	fourties				gju	
e65a8c3ba525042ceba11e102309b2525de4d7748b513787fc3ecc50c13c97654e626571fcdb8a6d96b78af3e6c5bfa95fb0286d8407d9d8d3c867d06c7a1fc4	common_voice_gju_42587886.mp3	883d668286dbcfce64a6fc1ee81881ca3c7311daa452ece0bcb0592d2babda2a	بعد یوہ ڈیرا نا آنیوں		2	0	fourties				gju	
e65a8c3ba525042ceba11e102309b2525de4d7748b513787fc3ecc50c13c97654e626571fcdb8a6d96b78af3e6c5bfa95fb0286d8407d9d8d3c867d06c7a1fc4	common_voice_gju_42587885.mp3	947e1c9dc481c37c1e950786377c143c615bdf815b2e0518e14cf4765c557774	اُنھ کو ڈیرو بے ایک نمونو بن گیو		2	0	fourties				gju	
e65a8c3ba525042ceba11e102309b2525de4d7748b513787fc3ecc50c13c97654e626571fcdb8a6d96b78af3e6c5bfa95fb0286d8407d9d8d3c867d06c7a1fc4	common_voice_gju_42587884.mp3	5982d17eac57f2353bc77584d89d9499a3e7a558b89ec67ed696060c4976b0d9	وہ لیلو اِن نے بستی ما بیچ چھڑیو		2	0	fourties				gju	
e65a8c3ba525042ceba11e102309b2525de4d7748b513787fc3ecc50c13c97654e626571fcdb8a6d96b78af3e6c5bfa95fb0286d8407d9d8d3c867d06c7a1fc4	common_voice_gju_42587878.mp3	61156358871cfb59a47937e0ca015b917d35f8a4641ddc98aeaab6f39c54ba74	بڈھی کہن لگی		2	0	fourties				gju	
e65a8c3ba525042ceba11e102309b2525de4d7748b513787fc3ecc50c13c97654e626571fcdb8a6d96b78af3e6c5bfa95fb0286d8407d9d8d3c867d06c7a1fc4	common_voice_gju_42587877.mp3	837016fc6c7fceb8298c0add99e778b170b8b1acdb8d3d750ce68b478eaeef11	پل کی لو کی وجہ تے ہر شے دسے تھی۔		2	0	fourties				gju	
e65a8c3ba525042ceba11e102309b2525de4d7748b513787fc3ecc50c13c97654e626571fcdb8a6d96b78af3e6c5bfa95fb0286d8407d9d8d3c867d06c7a1fc4	common_voice_gju_42587876.mp3	8ffa1b0d1222b6203428507a42ad1592ee34230328b1102308c277ce405816e6	پِچھے پھریں لگا تم نے رچھ نیہہ لبھو		2	0	fourties				gju	
e65a8c3ba525042ceba11e102309b2525de4d7748b513787fc3ecc50c13c97654e626571fcdb8a6d96b78af3e6c5bfa95fb0286d8407d9d8d3c867d06c7a1fc4	common_voice_gju_42587875.mp3	916d109db59792990e844a55b3b07a25b608ae3166ecbaa7295249b30538bf24	بکریاں کا اَجڑی اَگ بال کے راہ ما بیٹھا رہیا		2	0	fourties				gju	
e65a8c3ba525042ceba11e102309b2525de4d7748b513787fc3ecc50c13c97654e626571fcdb8a6d96b78af3e6c5bfa95fb0286d8407d9d8d3c867d06c7a1fc4	common_voice_gju_42587874.mp3	54e2714609b8a3f5743e7a3252110b646c4f5fc31802673ec6713cc083c38541	پنجمو قصو		2	0	fourties				gju	
e65a8c3ba525042ceba11e102309b2525de4d7748b513787fc3ecc50c13c97654e626571fcdb8a6d96b78af3e6c5bfa95fb0286d8407d9d8d3c867d06c7a1fc4	common_voice_gju_42587869.mp3	5a5c4c91d587c0075824cae98839c48e3b887a7b77809db5285e80ce3ad7d8fe	بکریاں نا چھوڈ کے ڈیرے آگیا		2	0	fourties				gju	
e65a8c3ba525042ceba11e102309b2525de4d7748b513787fc3ecc50c13c97654e626571fcdb8a6d96b78af3e6c5bfa95fb0286d8407d9d8d3c867d06c7a1fc4	common_voice_gju_42587868.mp3	75323d8a674ac6dd8ee44f1e03b844f559fe2591877f7ef0a4bde9f6b57cbc7d	سارا مُچ تنگ ہو کے آیا تھا		2	0	fourties				gju	
e65a8c3ba525042ceba11e102309b2525de4d7748b513787fc3ecc50c13c97654e626571fcdb8a6d96b78af3e6c5bfa95fb0286d8407d9d8d3c867d06c7a1fc4	common_voice_gju_42587867.mp3	8464617e748152204af53f4fce303c6e0d31f54b5341320ef7b4a9a34c28b614	ایو تھو		2	0	fourties				gju	
e65a8c3ba525042ceba11e102309b2525de4d7748b513787fc3ecc50c13c97654e626571fcdb8a6d96b78af3e6c5bfa95fb0286d8407d9d8d3c867d06c7a1fc4	common_voice_gju_42587864.mp3	91e1274cc00807405ccb066b8f6b6ff9f1b8559ed66d4253a6146d21d7f8eab4	خان جے کہیو تَم مَنا اِنھ ظالماں نا آن		2	0	fourties				gju	
e65a8c3ba525042ceba11e102309b2525de4d7748b513787fc3ecc50c13c97654e626571fcdb8a6d96b78af3e6c5bfa95fb0286d8407d9d8d3c867d06c7a1fc4	common_voice_gju_42587863.mp3	61df028ce358c8039304129a85858995442ac358c94342bf659b6cc0f835aa2f	پوری دھیاڑی چلتا رہیا		2	0	fourties				gju	
e65a8c3ba525042ceba11e102309b2525de4d7748b513787fc3ecc50c13c97654e626571fcdb8a6d96b78af3e6c5bfa95fb0286d8407d9d8d3c867d06c7a1fc4	common_voice_gju_42587857.mp3	77305218ecf25b9ebf40ccb4a0ff48eb073d9ac918c821fc6a2a851faee866ef	یوہ جہڑی گل کہہ واہ کر میں اس		2	0	fourties				gju	
e65a8c3ba525042ceba11e102309b2525de4d7748b513787fc3ecc50c13c97654e626571fcdb8a6d96b78af3e6c5bfa95fb0286d8407d9d8d3c867d06c7a1fc4	common_voice_gju_42587856.mp3	70812be06e400c472171e1e4caa25de49a6eb7734a10fb3f945a23bf16d4eb0f	یوہ دُدھ پین آئے		2	0	fourties				gju	
e65a8c3ba525042ceba11e102309b2525de4d7748b513787fc3ecc50c13c97654e626571fcdb8a6d96b78af3e6c5bfa95fb0286d8407d9d8d3c867d06c7a1fc4	common_voice_gju_42587855.mp3	68086d9669dbfdfaed74f13ad89b914ebd6df19cf3a629d9f593fbfd15ab9851	نولکھیا کا چوڑا کو ماس اندر		2	0	fourties				gju	
e65a8c3ba525042ceba11e102309b2525de4d7748b513787fc3ecc50c13c97654e626571fcdb8a6d96b78af3e6c5bfa95fb0286d8407d9d8d3c867d06c7a1fc4	common_voice_gju_42587852.mp3	550aa203fa7a4781c78f69a50b6fffa1b95562312b6c356ac3ef5d637e1eff37	حنیف نے اس نا کہیو توہ اس جنازہ نا فتح جنگ لے آ		2	0	fourties				gju	
e65a8c3ba525042ceba11e102309b2525de4d7748b513787fc3ecc50c13c97654e626571fcdb8a6d96b78af3e6c5bfa95fb0286d8407d9d8d3c867d06c7a1fc4	common_voice_gju_42587851.mp3	9736473a7cdcff212c54d15dc16020e4507c73162c5166351dca1700f63c299f	فوجی جوان اِنھ کے نال پل ما ٹُر گیا		2	0	fourties				gju	
e65a8c3ba525042ceba11e102309b2525de4d7748b513787fc3ecc50c13c97654e626571fcdb8a6d96b78af3e6c5bfa95fb0286d8407d9d8d3c867d06c7a1fc4	common_voice_gju_42587850.mp3	3553c1c18d39ec8385354f2893703d585ce8f4df2ac84670c4b3f4511eb496e6	گگئی ما تھو		2	0	fourties				gju	
e65a8c3ba525042ceba11e102309b2525de4d7748b513787fc3ecc50c13c97654e626571fcdb8a6d96b78af3e6c5bfa95fb0286d8407d9d8d3c867d06c7a1fc4	common_voice_gju_42587849.mp3	92dd2619d1c5c85dfe159f6715ce7eeea240f700c89067695892eef897bf4cd7	مچھل کی اُرلی چڑھائی ما لاری پوہچی		2	0	fourties				gju	
e65a8c3ba525042ceba11e102309b2525de4d7748b513787fc3ecc50c13c97654e626571fcdb8a6d96b78af3e6c5bfa95fb0286d8407d9d8d3c867d06c7a1fc4	common_voice_gju_42587846.mp3	56e23da700407d679f85d52a2097f4039b9bbe8a443cc001cc0ba761281cf0ab	سنگی نا ازما کے تاں سنگ کرینے		2	0	fourties				gju	
e65a8c3ba525042ceba11e102309b2525de4d7748b513787fc3ecc50c13c97654e626571fcdb8a6d96b78af3e6c5bfa95fb0286d8407d9d8d3c867d06c7a1fc4	common_voice_gju_42587845.mp3	950ab0e90bd831ca98804ce5ebf677e4a8968a3ca3f5dafbd1621fedede31672	ہچھو ! سن ! پہلی گل یاہ ہے جی کچا سنگی کے ناڑ سنگ نہ کرینے		2	0	fourties				gju	
e65a8c3ba525042ceba11e102309b2525de4d7748b513787fc3ecc50c13c97654e626571fcdb8a6d96b78af3e6c5bfa95fb0286d8407d9d8d3c867d06c7a1fc4	common_voice_gju_42587844.mp3	523830c093951b9f62a9d70c7dd07323bda75c6d3132111779e86983661dde39	مُچ دور تک اس کے کاہڈ آیو		2	0	fourties				gju	
e65a8c3ba525042ceba11e102309b2525de4d7748b513787fc3ecc50c13c97654e626571fcdb8a6d96b78af3e6c5bfa95fb0286d8407d9d8d3c867d06c7a1fc4	common_voice_gju_42587843.mp3	8ed126f96b3e1929ac7db4a70d9b978fb646ce51e631dcde8e57fbb076f2d6c1	جنازو جد فتح جنگ پوہچیو		2	0	fourties				gju	
e65a8c3ba525042ceba11e102309b2525de4d7748b513787fc3ecc50c13c97654e626571fcdb8a6d96b78af3e6c5bfa95fb0286d8407d9d8d3c867d06c7a1fc4	common_voice_gju_42587837.mp3	868a37d41f549365e6ee4fd3811dd43c79ea9a052d3ca8f65d7ec0371cb16d92	گُمی اِکا بکری کاڑ ما		2	0	fourties				gju	
e65a8c3ba525042ceba11e102309b2525de4d7748b513787fc3ecc50c13c97654e626571fcdb8a6d96b78af3e6c5bfa95fb0286d8407d9d8d3c867d06c7a1fc4	common_voice_gju_42587836.mp3	7affffeb648073975f4d13c47a3f0154bce261b10461929e734c4f74ed81e61a	مااس پکایو		2	0	fourties				gju	
e65a8c3ba525042ceba11e102309b2525de4d7748b513787fc3ecc50c13c97654e626571fcdb8a6d96b78af3e6c5bfa95fb0286d8407d9d8d3c867d06c7a1fc4	common_voice_gju_42587835.mp3	97b598e97e41f75a2cddaab6fa6c9f4048b993af4c0dfa1e801c6a0b686a909a	اس نے یاہ بیٹکی دور پڑی ما جا کے ایک مَورا ما ڈَک چھُڑی		2	0	fourties				gju	
e65a8c3ba525042ceba11e102309b2525de4d7748b513787fc3ecc50c13c97654e626571fcdb8a6d96b78af3e6c5bfa95fb0286d8407d9d8d3c867d06c7a1fc4	common_voice_gju_42587834.mp3	8db7ff044ad172cdabf56aa8333c9d77a1ec9f1d4ea6b0def82cb70b42a2ec1f	یاہ دوائی لیوں		2	0	fourties				gju	
e65a8c3ba525042ceba11e102309b2525de4d7748b513787fc3ecc50c13c97654e626571fcdb8a6d96b78af3e6c5bfa95fb0286d8407d9d8d3c867d06c7a1fc4	common_voice_gju_42587833.mp3	8eca851660a0194d7894af127b61b1f2397dc4e20535e466fee1ac8d029b315b	وہ جنو مچ سادو تھو		2	0	fourties				gju	
e65a8c3ba525042ceba11e102309b2525de4d7748b513787fc3ecc50c13c97654e626571fcdb8a6d96b78af3e6c5bfa95fb0286d8407d9d8d3c867d06c7a1fc4	common_voice_gju_42587827.mp3	7274d94f9faa6feea75d891394b6efdb5d4f6c4401246293f66714ade0bc57f8	دیکھیو جے اُت ڈھارا ما ایک جِتو جاتک دھریو		2	0	fourties				gju	
e65a8c3ba525042ceba11e102309b2525de4d7748b513787fc3ecc50c13c97654e626571fcdb8a6d96b78af3e6c5bfa95fb0286d8407d9d8d3c867d06c7a1fc4	common_voice_gju_42587826.mp3	79ae71f94c1b0bc83aa038f6bf6042a0a624099598f60b92bcb1acd3488ed45d	وہ ساگ اِنھ پو مندو لگ گیو		2	0	fourties				gju	
e65a8c3ba525042ceba11e102309b2525de4d7748b513787fc3ecc50c13c97654e626571fcdb8a6d96b78af3e6c5bfa95fb0286d8407d9d8d3c867d06c7a1fc4	common_voice_gju_42587825.mp3	969432f1893ea8ab43102a9d6bc3302c40ecbe429acb7146ae895b792b64bd1e	تاں رچھ اس کے ناڑ اَیو		2	0	fourties				gju	
e65a8c3ba525042ceba11e102309b2525de4d7748b513787fc3ecc50c13c97654e626571fcdb8a6d96b78af3e6c5bfa95fb0286d8407d9d8d3c867d06c7a1fc4	common_voice_gju_42587824.mp3	2dfdf1bb4ed5943e24df54ffba4c882b7572f70631c3d2ce3cc253e8d1f71b84	باہروں لوکاں نے واز کیو		2	1	fourties				gju	
e65a8c3ba525042ceba11e102309b2525de4d7748b513787fc3ecc50c13c97654e626571fcdb8a6d96b78af3e6c5bfa95fb0286d8407d9d8d3c867d06c7a1fc4	common_voice_gju_42587823.mp3	4d200c49da4dd19212bbb665fe8349c282d8747afb40b373ebbd8dbd85090131	سیال اِن نے بڑو سوہنو گُزاریو		2	0	fourties				gju	
e65a8c3ba525042ceba11e102309b2525de4d7748b513787fc3ecc50c13c97654e626571fcdb8a6d96b78af3e6c5bfa95fb0286d8407d9d8d3c867d06c7a1fc4	common_voice_gju_42587822.mp3	6cb230edc7205d568b85861755044677e6f2d7ecd02858fff76276baadb79a7d	بعد منہ ہتھ دھوئے تھی		2	0	fourties				gju	
e65a8c3ba525042ceba11e102309b2525de4d7748b513787fc3ecc50c13c97654e626571fcdb8a6d96b78af3e6c5bfa95fb0286d8407d9d8d3c867d06c7a1fc4	common_voice_gju_42587821.mp3	6e895e8c1b0744b5e78d19f9fa366e896d02f46551bd86caea620b1138b82099	بکری ڈک لئی۔		2	0	fourties				gju	
e65a8c3ba525042ceba11e102309b2525de4d7748b513787fc3ecc50c13c97654e626571fcdb8a6d96b78af3e6c5bfa95fb0286d8407d9d8d3c867d06c7a1fc4	common_voice_gju_42587818.mp3	964ca83ca42a4b8c18db891e9551a701ab0456f7285971e661dd12e014ca4b65	اُس ٹیم ویہ سرگی ہو گئی تھی		2	0	fourties				gju	
e65a8c3ba525042ceba11e102309b2525de4d7748b513787fc3ecc50c13c97654e626571fcdb8a6d96b78af3e6c5bfa95fb0286d8407d9d8d3c867d06c7a1fc4	common_voice_gju_42587814.mp3	8e61d9cac76b4d3833cfb727eab757539bf5fdc5e8e7fee0313aa075040c01d4	اتنا ما کاہڈُو ایک لاری آ گئی اس نے لاری نا ہتھ دِتو لاری ہالا نے لاری کھلی کر لئی		2	0	fourties				gju	
e65a8c3ba525042ceba11e102309b2525de4d7748b513787fc3ecc50c13c97654e626571fcdb8a6d96b78af3e6c5bfa95fb0286d8407d9d8d3c867d06c7a1fc4	common_voice_gju_42587813.mp3	8e27eb5557cb2ab7661207e1c12337f47552a23e3b00ad16dc7e93b09ec0cce3	پِچھاں ماہلیاں تا جارہیا		2	0	fourties				gju	
e65a8c3ba525042ceba11e102309b2525de4d7748b513787fc3ecc50c13c97654e626571fcdb8a6d96b78af3e6c5bfa95fb0286d8407d9d8d3c867d06c7a1fc4	common_voice_gju_42587807.mp3	81b44d16eb484b54c816179a1f2ea4448481b733d90eeedef9d4590775a013da	اُنھ نے لِسو ماڑو مال نکھیڑ کے		2	0	fourties				gju	
e65a8c3ba525042ceba11e102309b2525de4d7748b513787fc3ecc50c13c97654e626571fcdb8a6d96b78af3e6c5bfa95fb0286d8407d9d8d3c867d06c7a1fc4	common_voice_gju_42587806.mp3	82bf3579cf46af4dc7f7cf4f36e70ec0e7594849ee9822d4dab52a349eb5a4ea	اُنھ دھیاڑاں ما روجا تھا		2	0	fourties				gju	
e65a8c3ba525042ceba11e102309b2525de4d7748b513787fc3ecc50c13c97654e626571fcdb8a6d96b78af3e6c5bfa95fb0286d8407d9d8d3c867d06c7a1fc4	common_voice_gju_42587805.mp3	560229c73d4bd484c7074b105920a7697b033177fc8c306cf4fa376a0669a93b	یوہ اللہ نے بل کر چھڑیو		2	0	fourties				gju	
e65a8c3ba525042ceba11e102309b2525de4d7748b513787fc3ecc50c13c97654e626571fcdb8a6d96b78af3e6c5bfa95fb0286d8407d9d8d3c867d06c7a1fc4	common_voice_gju_42587804.mp3	5e10c7411d357c158102a2edd37e36087c40a037ec9fdb3984e03ccfd1c8c952	ڈیرے پوہچیا		2	0	fourties				gju	
e65a8c3ba525042ceba11e102309b2525de4d7748b513787fc3ecc50c13c97654e626571fcdb8a6d96b78af3e6c5bfa95fb0286d8407d9d8d3c867d06c7a1fc4	common_voice_gju_42587803.mp3	83cabaac653031b761dbcde476dab2f6f44d89ef66f8a4c38983c2872c22ab42	وہ سَینہ ہاڑو جنو کہن لگو		2	0	fourties				gju	
e65a8c3ba525042ceba11e102309b2525de4d7748b513787fc3ecc50c13c97654e626571fcdb8a6d96b78af3e6c5bfa95fb0286d8407d9d8d3c867d06c7a1fc4	common_voice_gju_42587797.mp3	6ad4fae26816e0d47df008998fe62ee19e78457abc77bb08bdfb2ea4698aba9e	ہوں ذرے مُوت آئوں		2	0	fourties				gju	
e65a8c3ba525042ceba11e102309b2525de4d7748b513787fc3ecc50c13c97654e626571fcdb8a6d96b78af3e6c5bfa95fb0286d8407d9d8d3c867d06c7a1fc4	common_voice_gju_42587796.mp3	8fc353bced777075e92715b60edfc28494f2184a516db43449da62059c444357	وہ ستاں زمیناں		2	0	fourties				gju	
e65a8c3ba525042ceba11e102309b2525de4d7748b513787fc3ecc50c13c97654e626571fcdb8a6d96b78af3e6c5bfa95fb0286d8407d9d8d3c867d06c7a1fc4	common_voice_gju_42587795.mp3	86acdb1f0f9402643f688863d3a42481536accca7f15c92efa5beb1a45062a6b	ادمی تمواں		2	0	fourties				gju	
e65a8c3ba525042ceba11e102309b2525de4d7748b513787fc3ecc50c13c97654e626571fcdb8a6d96b78af3e6c5bfa95fb0286d8407d9d8d3c867d06c7a1fc4	common_voice_gju_42587794.mp3	1ef70d8f2ca1b647695ddc58156b461fa469b1ddea1dd452fd1a39f4553bf601	وہ بادشاہ نا کہن لگو جی منا دَساں دِیہنا ں بسطے بادشاہی		2	0	fourties				gju	
e65a8c3ba525042ceba11e102309b2525de4d7748b513787fc3ecc50c13c97654e626571fcdb8a6d96b78af3e6c5bfa95fb0286d8407d9d8d3c867d06c7a1fc4	common_voice_gju_42587793.mp3	766423cc70c3122d76e1f95d158cebaba7157e8ef257c5d539fe8b6088b16e69	واہ مُچ ہی سیانی تھی		2	0	fourties				gju	
e65a8c3ba525042ceba11e102309b2525de4d7748b513787fc3ecc50c13c97654e626571fcdb8a6d96b78af3e6c5bfa95fb0286d8407d9d8d3c867d06c7a1fc4	common_voice_gju_42587792.mp3	2a82b16d759344e59e7aee516495b99847fee68e08ad3f43a7cd137052f3d4ac	یہ دو بیٹکی		2	0	fourties				gju	
e65a8c3ba525042ceba11e102309b2525de4d7748b513787fc3ecc50c13c97654e626571fcdb8a6d96b78af3e6c5bfa95fb0286d8407d9d8d3c867d06c7a1fc4	common_voice_gju_42587791.mp3	8795fd78c86dcedc8c2098214a6bed47ea4ee9a5e1947bfaf5c881661f2f6c56	اپنے بسطے گھوڑا		2	0	fourties				gju	
e65a8c3ba525042ceba11e102309b2525de4d7748b513787fc3ecc50c13c97654e626571fcdb8a6d96b78af3e6c5bfa95fb0286d8407d9d8d3c867d06c7a1fc4	common_voice_gju_42587790.mp3	8e8844360b2018b002a7e34d5df1d8ce9ea2039fc477a64ead27119fdc630ef3	ہوں اپنا سسُو سوہراں کے ڈیرے آگئی		2	0	fourties				gju	
e65a8c3ba525042ceba11e102309b2525de4d7748b513787fc3ecc50c13c97654e626571fcdb8a6d96b78af3e6c5bfa95fb0286d8407d9d8d3c867d06c7a1fc4	common_voice_gju_42587789.mp3	6d30ff3f670cd536ecdff23a9de14ddfe9a7b7dcd1b4bf50b48c4458de6238ae	ڈاکٹراں نے اُنھ کو اُ		2	0	fourties				gju	
e65a8c3ba525042ceba11e102309b2525de4d7748b513787fc3ecc50c13c97654e626571fcdb8a6d96b78af3e6c5bfa95fb0286d8407d9d8d3c867d06c7a1fc4	common_voice_gju_42587788.mp3	436c3f116cd0e92c2326caf173a28314e6260b372c363a4ce1432b84080232db	گل ہمناں پانی تا لے چل		2	0	fourties				gju	
e65a8c3ba525042ceba11e102309b2525de4d7748b513787fc3ecc50c13c97654e626571fcdb8a6d96b78af3e6c5bfa95fb0286d8407d9d8d3c867d06c7a1fc4	common_voice_gju_42587787.mp3	87f53630c3a8d30a3430870acece3fc1c3e698dbe3ac416870f6ef7953198677	ہم نا صاف پانی لبھے گو		2	0	fourties				gju	
e65a8c3ba525042ceba11e102309b2525de4d7748b513787fc3ecc50c13c97654e626571fcdb8a6d96b78af3e6c5bfa95fb0286d8407d9d8d3c867d06c7a1fc4	common_voice_gju_42587786.mp3	9141dede28e247db094f3889b6a03c817b625539f1d0146e7a7fb3939c3abbc9	چلتاں چلتاں اگے گیو		2	0	fourties				gju	
e65a8c3ba525042ceba11e102309b2525de4d7748b513787fc3ecc50c13c97654e626571fcdb8a6d96b78af3e6c5bfa95fb0286d8407d9d8d3c867d06c7a1fc4	common_voice_gju_42587785.mp3	915db43832955ab8f841fdba160e75c7fb870ebd86d744c1ed2a47d185233508	چل چلاں اُونٹھاں نا نہ کھڑی کر‘‘		2	0	fourties				gju	
e65a8c3ba525042ceba11e102309b2525de4d7748b513787fc3ecc50c13c97654e626571fcdb8a6d96b78af3e6c5bfa95fb0286d8407d9d8d3c867d06c7a1fc4	common_voice_gju_42587784.mp3	55ddcc6e9ecd28276e5971c8cec6f0397d740eeb44debad4df7daad4022d6e13	یونس نے گل کرائی		2	0	fourties				gju	
e65a8c3ba525042ceba11e102309b2525de4d7748b513787fc3ecc50c13c97654e626571fcdb8a6d96b78af3e6c5bfa95fb0286d8407d9d8d3c867d06c7a1fc4	common_voice_gju_42587783.mp3	51e6cdfd866aa7d4e603f0787b2ce698c9dcaa8d2a8c2402dde28e6fd04e6e5c	کَملاں ما بھلیٹے گیو		2	0	fourties				gju	
e65a8c3ba525042ceba11e102309b2525de4d7748b513787fc3ecc50c13c97654e626571fcdb8a6d96b78af3e6c5bfa95fb0286d8407d9d8d3c867d06c7a1fc4	common_voice_gju_42587780.mp3	548a10727b2c97f980acde3522a869cab495727a3cee85226dd63544de4c9126	نماشاں نا ڈیرا کول آ گئی		2	0	fourties				gju	
e65a8c3ba525042ceba11e102309b2525de4d7748b513787fc3ecc50c13c97654e626571fcdb8a6d96b78af3e6c5bfa95fb0286d8407d9d8d3c867d06c7a1fc4	common_voice_gju_42587779.mp3	87098114806bf0a3b1eb9b9c8f502c5c25a4c2c3cfdd2f9fd84ca3c18aa8d2b8	کاہڈ میرا دل ما خیال آیو جے کدے ہوں اِت سو رہیو		2	0	fourties				gju	
e65a8c3ba525042ceba11e102309b2525de4d7748b513787fc3ecc50c13c97654e626571fcdb8a6d96b78af3e6c5bfa95fb0286d8407d9d8d3c867d06c7a1fc4	common_voice_gju_42587778.mp3	8a477573c5e6711466ee002690441718bffa080f75ecb806a032830a2b769785	اِنھ لوکاں نے کَدی ہمت نیہہ ہاری		2	0	fourties				gju	
e65a8c3ba525042ceba11e102309b2525de4d7748b513787fc3ecc50c13c97654e626571fcdb8a6d96b78af3e6c5bfa95fb0286d8407d9d8d3c867d06c7a1fc4	common_voice_gju_42587777.mp3	671cc4ea6de31072c85f6a1e3f65790be85195aa3d55c6d6746270293225ac47	اس گراں ما سریاں کو ساگ		2	0	fourties				gju	
e65a8c3ba525042ceba11e102309b2525de4d7748b513787fc3ecc50c13c97654e626571fcdb8a6d96b78af3e6c5bfa95fb0286d8407d9d8d3c867d06c7a1fc4	common_voice_gju_42587776.mp3	535552b5c86f0e1a6c5749c80e9bb4f54b6b81d364b6b09e6842ae50ee2c4ff2	دھیانی نے کہیو		2	0	fourties				gju	
e65a8c3ba525042ceba11e102309b2525de4d7748b513787fc3ecc50c13c97654e626571fcdb8a6d96b78af3e6c5bfa95fb0286d8407d9d8d3c867d06c7a1fc4	common_voice_gju_42587774.mp3	8d471ead6d3eebd7aaf84c96243789bc9273b37af0f8da5047ee3d09806a88db	مدھ کے کوئے ہے		2	0	fourties				gju	
e65a8c3ba525042ceba11e102309b2525de4d7748b513787fc3ecc50c13c97654e626571fcdb8a6d96b78af3e6c5bfa95fb0286d8407d9d8d3c867d06c7a1fc4	common_voice_gju_42587772.mp3	24eefbe7903cd85669f50d23b784d926a5f1f695a9c60d3f9fd1a98003899422	بر یہ لوک اس سوہنی جا ما مچ خوش رہیا		2	0	fourties				gju	
e65a8c3ba525042ceba11e102309b2525de4d7748b513787fc3ecc50c13c97654e626571fcdb8a6d96b78af3e6c5bfa95fb0286d8407d9d8d3c867d06c7a1fc4	common_voice_gju_42587771.mp3	75259ca4a0c5cbcf85325b5ca640a370865bec4001c0cf2ae5959fe586cf7ded	دو ادمی جن ما ایک حاجی نزیر کی ماں		2	0	fourties				gju	
e65a8c3ba525042ceba11e102309b2525de4d7748b513787fc3ecc50c13c97654e626571fcdb8a6d96b78af3e6c5bfa95fb0286d8407d9d8d3c867d06c7a1fc4	common_voice_gju_42587770.mp3	6da3e11e879518a2ddcf35fee1e4074df5f43c7b6ebdbd7c8e74b50dc81765bd	یو ہ ڈھونڈتو ڈھونڈتو اُس رچھ پو جا رہیو		2	0	fourties				gju	
e65a8c3ba525042ceba11e102309b2525de4d7748b513787fc3ecc50c13c97654e626571fcdb8a6d96b78af3e6c5bfa95fb0286d8407d9d8d3c867d06c7a1fc4	common_voice_gju_42587769.mp3	910e0992e0349db6d33c3eadde6a769a5748bb7e76146c4b51a461de58f7e1b9	نہ کر مُچ بڑو ارماند کرے گی		2	0	fourties				gju	
e65a8c3ba525042ceba11e102309b2525de4d7748b513787fc3ecc50c13c97654e626571fcdb8a6d96b78af3e6c5bfa95fb0286d8407d9d8d3c867d06c7a1fc4	common_voice_gju_42587767.mp3	92f682331b43b8c10e6e2bae62a33e00f593779fa43f8870008c8ebca88ae0ef	بکروال لوکاں اس طرحیا کا مچ مسلہ ہووے		2	0	fourties				gju	
e65a8c3ba525042ceba11e102309b2525de4d7748b513787fc3ecc50c13c97654e626571fcdb8a6d96b78af3e6c5bfa95fb0286d8407d9d8d3c867d06c7a1fc4	common_voice_gju_42587765.mp3	3d4f4ecb54acf79eba6e92475a7f9982a2946d0d68982c84dc1bdbb901d48d16	قوم کی مُچ خاص رسم ورواج کے نال نال خاص		2	0	fourties				gju	
e65a8c3ba525042ceba11e102309b2525de4d7748b513787fc3ecc50c13c97654e626571fcdb8a6d96b78af3e6c5bfa95fb0286d8407d9d8d3c867d06c7a1fc4	common_voice_gju_42587764.mp3	85fa8734c560b41205b262a2e7ce54c6fcb514afc8fed045db5afce4ef750419	فوجیاں نے اِنھ لوکاں کی مُچ خِذمت کری		2	0	fourties				gju	
e65a8c3ba525042ceba11e102309b2525de4d7748b513787fc3ecc50c13c97654e626571fcdb8a6d96b78af3e6c5bfa95fb0286d8407d9d8d3c867d06c7a1fc4	common_voice_gju_42587757.mp3	54f3d0f0d4a41cc9cc72f3840538d12dcb06e8a598fe062736f1ff0d90387e9f	بادشاہ نے کہیو دھی		2	0	fourties				gju	
e65a8c3ba525042ceba11e102309b2525de4d7748b513787fc3ecc50c13c97654e626571fcdb8a6d96b78af3e6c5bfa95fb0286d8407d9d8d3c867d06c7a1fc4	common_voice_gju_42587756.mp3	5d72e5cb8d43c5d898f845b82eb8ff22ca85f19fdec14a820a0dd540abc1bc6d	وہ جنو غریب تھو		2	0	fourties				gju	
e65a8c3ba525042ceba11e102309b2525de4d7748b513787fc3ecc50c13c97654e626571fcdb8a6d96b78af3e6c5bfa95fb0286d8407d9d8d3c867d06c7a1fc4	common_voice_gju_42587755.mp3	81a4213e3a94741acc2981402fbff5818c174458b8bd3c48678f0c9641a4de60	کُجھ دیہنہ گزریا		2	0	fourties				gju	
e65a8c3ba525042ceba11e102309b2525de4d7748b513787fc3ecc50c13c97654e626571fcdb8a6d96b78af3e6c5bfa95fb0286d8407d9d8d3c867d06c7a1fc4	common_voice_gju_42587753.mp3	1d7e08cd7163706d34f9634796d0b4947e575f71cdc0b70613de6d133572b588	بوکڑو جامی کو بھائی لال آیو۔		2	0	fourties				gju	
e65a8c3ba525042ceba11e102309b2525de4d7748b513787fc3ecc50c13c97654e626571fcdb8a6d96b78af3e6c5bfa95fb0286d8407d9d8d3c867d06c7a1fc4	common_voice_gju_42587752.mp3	8915954bee19db711d5a5a0bd59610425200e076e49fadc46d562b269246db8d	پیسا بے نہ منگیا		2	0	fourties				gju	
e65a8c3ba525042ceba11e102309b2525de4d7748b513787fc3ecc50c13c97654e626571fcdb8a6d96b78af3e6c5bfa95fb0286d8407d9d8d3c867d06c7a1fc4	common_voice_gju_42587750.mp3	0d3a9ba3687e59f0847b9c30bf7410dfa6bdbee229001972657e691cd170d1de	شہر		2	0	fourties				gju	
e65a8c3ba525042ceba11e102309b2525de4d7748b513787fc3ecc50c13c97654e626571fcdb8a6d96b78af3e6c5bfa95fb0286d8407d9d8d3c867d06c7a1fc4	common_voice_gju_42587749.mp3	6549a9cd886e4e1908a28967d494caad53c2b6c9e04a0aa0f5f0e95b86d9eca7	کہن لگا یوہ جاتک پتو نے کسنے اِت چھوڈ دِتو		2	0	fourties				gju	
e65a8c3ba525042ceba11e102309b2525de4d7748b513787fc3ecc50c13c97654e626571fcdb8a6d96b78af3e6c5bfa95fb0286d8407d9d8d3c867d06c7a1fc4	common_voice_gju_42587748.mp3	68b90893be178dfaad9849945a452f51bebf5d3d864ed719c304c2b8986244f7	نُورا نے اُن کا اِنو کیا		2	0	fourties				gju	
e65a8c3ba525042ceba11e102309b2525de4d7748b513787fc3ecc50c13c97654e626571fcdb8a6d96b78af3e6c5bfa95fb0286d8407d9d8d3c867d06c7a1fc4	common_voice_gju_42587747.mp3	8739286380e7975385e8c40c3107ee85dc8208105debb07551da53e52a9a3494	یہ لوک ایک دُوجا کے نال مُچ مدد امداد کرے		2	0	fourties				gju	
e65a8c3ba525042ceba11e102309b2525de4d7748b513787fc3ecc50c13c97654e626571fcdb8a6d96b78af3e6c5bfa95fb0286d8407d9d8d3c867d06c7a1fc4	common_voice_gju_42587746.mp3	92d14b7ec41494d23857305d8f32234a2a6369241b17f43eb6eeb7ac0c0c3044	ہوں اگے		2	0	fourties				gju	
e65a8c3ba525042ceba11e102309b2525de4d7748b513787fc3ecc50c13c97654e626571fcdb8a6d96b78af3e6c5bfa95fb0286d8407d9d8d3c867d06c7a1fc4	common_voice_gju_42587745.mp3	6679afaa8b591f31e78d1f65a438a46a4ce130d7b9c4eece0275f8f1df8f2ce8	ارا یو ہ مہارو حصو لیے گو		2	0	fourties				gju	
e65a8c3ba525042ceba11e102309b2525de4d7748b513787fc3ecc50c13c97654e626571fcdb8a6d96b78af3e6c5bfa95fb0286d8407d9d8d3c867d06c7a1fc4	common_voice_gju_42587744.mp3	7794e8534bc8976a98b37e8ca227e65637d6a95d4abe3e42b0a159effea122a9	جیتو ہے		2	0	fourties				gju	
e65a8c3ba525042ceba11e102309b2525de4d7748b513787fc3ecc50c13c97654e626571fcdb8a6d96b78af3e6c5bfa95fb0286d8407d9d8d3c867d06c7a1fc4	common_voice_gju_42587743.mp3	71d6a16a01c43f60b5429a5fc9ce51bebaf3c6eee5b323bd708208782bda921d	ہوں سمجھوں تھو		2	0	fourties				gju	
e65a8c3ba525042ceba11e102309b2525de4d7748b513787fc3ecc50c13c97654e626571fcdb8a6d96b78af3e6c5bfa95fb0286d8407d9d8d3c867d06c7a1fc4	common_voice_gju_42587742.mp3	90cf09b5d7030cd8b048baaf2b72cd35c6a40a6ceec29cab529ddcc4b1c5f6eb	لَدیو وو ایک کچرو ماریو		2	0	fourties				gju	
e65a8c3ba525042ceba11e102309b2525de4d7748b513787fc3ecc50c13c97654e626571fcdb8a6d96b78af3e6c5bfa95fb0286d8407d9d8d3c867d06c7a1fc4	common_voice_gju_42587740.mp3	667ec69633461d14f37b1575f6fc377188cf887af6ab66326434a1659017cdbb	رچھ لبھے		2	0	fourties				gju	
e65a8c3ba525042ceba11e102309b2525de4d7748b513787fc3ecc50c13c97654e626571fcdb8a6d96b78af3e6c5bfa95fb0286d8407d9d8d3c867d06c7a1fc4	common_voice_gju_42587738.mp3	668206307f3221b79387ea9f10b4216f18cf2f7e9c9c08923a709262dbd2f875	اگے حنیف نے بلادری کا لوکاں نا خبر چا دِتی تھی		2	0	fourties				gju	
e65a8c3ba525042ceba11e102309b2525de4d7748b513787fc3ecc50c13c97654e626571fcdb8a6d96b78af3e6c5bfa95fb0286d8407d9d8d3c867d06c7a1fc4	common_voice_gju_42587734.mp3	81316b0caf89dc8ee9b1422ea3e31316701088baef10c84ba4955fdd3a68fa37	ڈیرو پہچن نال ہی اُت بارش		2	0	fourties				gju	
e65a8c3ba525042ceba11e102309b2525de4d7748b513787fc3ecc50c13c97654e626571fcdb8a6d96b78af3e6c5bfa95fb0286d8407d9d8d3c867d06c7a1fc4	common_voice_gju_42587731.mp3	50c708821ecd33a6224a2fea1108691e4bc8f8ec84d4b01549d26fb4034f6c4d	یوہ ہر قسم کی سبزی ما ہووے۔		2	0	fourties				gju	
e65a8c3ba525042ceba11e102309b2525de4d7748b513787fc3ecc50c13c97654e626571fcdb8a6d96b78af3e6c5bfa95fb0286d8407d9d8d3c867d06c7a1fc4	common_voice_gju_42587728.mp3	7f514bab4d90f828c241679dfb4978e719f76c485259c5c2aea483b051cafcf7	اُس جنا نے پھلور کے پرانی مدوک کڈھ کے آنی		2	0	fourties				gju	
e65a8c3ba525042ceba11e102309b2525de4d7748b513787fc3ecc50c13c97654e626571fcdb8a6d96b78af3e6c5bfa95fb0286d8407d9d8d3c867d06c7a1fc4	common_voice_gju_42587727.mp3	8d31e2b480f6083223fd8639804a3cd3f162746b0aa6abecf8eee931d1308db2	زبور حضرت داود علیہ السلام اپر نازل ہوئی۔		2	0	fourties				gju	
e65a8c3ba525042ceba11e102309b2525de4d7748b513787fc3ecc50c13c97654e626571fcdb8a6d96b78af3e6c5bfa95fb0286d8407d9d8d3c867d06c7a1fc4	common_voice_gju_42587726.mp3	76c3fd210e0bbc63d84867f5ad3d7542af877cf5643d8e29865c1a4a56eedc4c	بکری بھی ڈیرا مڑ کے آ گئی۔		2	0	fourties				gju	
e65a8c3ba525042ceba11e102309b2525de4d7748b513787fc3ecc50c13c97654e626571fcdb8a6d96b78af3e6c5bfa95fb0286d8407d9d8d3c867d06c7a1fc4	common_voice_gju_42587725.mp3	7ac272551be8672b4dfdc53dc2e9b2bc16728a50b38140d1d1cab4da545b7581	کا ہڈ ماہلی ما یاسین		2	0	fourties				gju	
e65a8c3ba525042ceba11e102309b2525de4d7748b513787fc3ecc50c13c97654e626571fcdb8a6d96b78af3e6c5bfa95fb0286d8407d9d8d3c867d06c7a1fc4	common_voice_gju_42587724.mp3	700ab928a30bba3315cd3275460087f8328e6dea4f72eb6d5567a30bd24e546c	گئی		2	0	fourties				gju	
e65a8c3ba525042ceba11e102309b2525de4d7748b513787fc3ecc50c13c97654e626571fcdb8a6d96b78af3e6c5bfa95fb0286d8407d9d8d3c867d06c7a1fc4	common_voice_gju_42587723.mp3	7d0fe52b80d5fb702d4cdcaabbdb2e65eac73a65005ec8d3f9f6c808f51e0d6a	سارا لوک اُ ن کی تعریف کرے		2	0	fourties				gju	
e65a8c3ba525042ceba11e102309b2525de4d7748b513787fc3ecc50c13c97654e626571fcdb8a6d96b78af3e6c5bfa95fb0286d8407d9d8d3c867d06c7a1fc4	common_voice_gju_42587722.mp3	8cc76c320067717c9445151e82897dfe07e494df1cf79dafcd850ec75c525a19	اُس جنا نے کہیو		2	0	fourties				gju	
e65a8c3ba525042ceba11e102309b2525de4d7748b513787fc3ecc50c13c97654e626571fcdb8a6d96b78af3e6c5bfa95fb0286d8407d9d8d3c867d06c7a1fc4	common_voice_gju_42587721.mp3	69a74c01303d62199f0bac503058250978674627e495a76fb80fbe4c48cacfd8	نیہہ ہوتو		2	0	fourties				gju	
e65a8c3ba525042ceba11e102309b2525de4d7748b513787fc3ecc50c13c97654e626571fcdb8a6d96b78af3e6c5bfa95fb0286d8407d9d8d3c867d06c7a1fc4	common_voice_gju_42587718.mp3	7ea6c98bdc13c058626ac9311d7df819b2e274c22450dcb673eae22665ef03b1	جنو کہن لگو میں اُس نا سو رُپیو دتّو ہے		2	0	fourties				gju	
e65a8c3ba525042ceba11e102309b2525de4d7748b513787fc3ecc50c13c97654e626571fcdb8a6d96b78af3e6c5bfa95fb0286d8407d9d8d3c867d06c7a1fc4	common_voice_gju_42587717.mp3	84c24c69f6695b4a93b41f8d2ba81647c8d24ea9de0c90f00d9c55c51bcb5774	اِنھ جنا نے جرگو کر کے اس کا بدلہ ما بیٹکی دیوا کے اُس نا بیاہ کرایو		2	0	fourties				gju	
e65a8c3ba525042ceba11e102309b2525de4d7748b513787fc3ecc50c13c97654e626571fcdb8a6d96b78af3e6c5bfa95fb0286d8407d9d8d3c867d06c7a1fc4	common_voice_gju_42587715.mp3	8965d7f2ee097c23e07dcf286558c1e729d08b9befa0d6a5917722cdb9db1037	کتر کے اُن ڈھیر لائی قاصبی		2	0	fourties				gju	
e65a8c3ba525042ceba11e102309b2525de4d7748b513787fc3ecc50c13c97654e626571fcdb8a6d96b78af3e6c5bfa95fb0286d8407d9d8d3c867d06c7a1fc4	common_voice_gju_42587714.mp3	63832947b8b75aef94fd6113bd09f361901bec2d44522ab649f8675f9b01065b	جیدی نے چِینک کے کہیو ہوں تنا کہوں اس کے نال چل میں اس		2	0	fourties				gju	
e65a8c3ba525042ceba11e102309b2525de4d7748b513787fc3ecc50c13c97654e626571fcdb8a6d96b78af3e6c5bfa95fb0286d8407d9d8d3c867d06c7a1fc4	common_voice_gju_42587712.mp3	8d1c9c9e39d2b971e70c007918d9d63465e58f047b4c15b75269bbb4b8c59203	توہ منا سچ دس ‘‘		2	0	fourties				gju	
e65a8c3ba525042ceba11e102309b2525de4d7748b513787fc3ecc50c13c97654e626571fcdb8a6d96b78af3e6c5bfa95fb0286d8407d9d8d3c867d06c7a1fc4	common_voice_gju_42587710.mp3	737fe8e83e5623587bd5509c8c010d7ed7fc3ea5fe8ee3d69cbbe1b43dffaf78	جنازو چا کے ڈیرے آنیو لوکاں نا خبر دِتی		2	0	fourties				gju	
e65a8c3ba525042ceba11e102309b2525de4d7748b513787fc3ecc50c13c97654e626571fcdb8a6d96b78af3e6c5bfa95fb0286d8407d9d8d3c867d06c7a1fc4	common_voice_gju_42587709.mp3	734a7edc2b4d76f104c6f38d90d0d9d80b3d8a48870c838e42835f8412f925d1	سبزی کھاواں		2	0	fourties				gju	
e65a8c3ba525042ceba11e102309b2525de4d7748b513787fc3ecc50c13c97654e626571fcdb8a6d96b78af3e6c5bfa95fb0286d8407d9d8d3c867d06c7a1fc4	common_voice_gju_42587708.mp3	7f41f8170fea253b3603ea9605a9fd41a964b2a05a449fcd060468355d1c6ee1	سب تے بڑٰی سورت کو ناں سورت بقرہ ہے۔		2	0	fourties				gju	
e65a8c3ba525042ceba11e102309b2525de4d7748b513787fc3ecc50c13c97654e626571fcdb8a6d96b78af3e6c5bfa95fb0286d8407d9d8d3c867d06c7a1fc4	common_voice_gju_42587706.mp3	73726b2bfcc779f23c13cdbed5637f2d78d4d28a8365d23cbadec39341970885	میں یوہ بچو مچھی کا ڈھیڈ بِچوں کڈھیو ہے‘‘		2	0	fourties				gju	
e65a8c3ba525042ceba11e102309b2525de4d7748b513787fc3ecc50c13c97654e626571fcdb8a6d96b78af3e6c5bfa95fb0286d8407d9d8d3c867d06c7a1fc4	common_voice_gju_42587705.mp3	8594eb5c7976604dc65b607710b52c21882fbd9a3f97540f991ab83c426c5a32	پَل مُچ پے گئی تھی		2	0	fourties				gju	
e65a8c3ba525042ceba11e102309b2525de4d7748b513787fc3ecc50c13c97654e626571fcdb8a6d96b78af3e6c5bfa95fb0286d8407d9d8d3c867d06c7a1fc4	common_voice_gju_42587704.mp3	68957001020a78addce2ad81b4ce541c10d280cd13285edde2ad2b49db3ed588	دینہہ کی نماز ما دو سنت تے ترے فدرض ہوویں۔		2	0	fourties				gju	
e65a8c3ba525042ceba11e102309b2525de4d7748b513787fc3ecc50c13c97654e626571fcdb8a6d96b78af3e6c5bfa95fb0286d8407d9d8d3c867d06c7a1fc4	common_voice_gju_42587703.mp3	8aae629e76e5a36b5b532cf5a1daf125ef6305927403f70c24ecf38753cff9c5	واہ خوراک ہچھی نہ وھے تے نقصان ہووے۔		2	0	fourties				gju	
e65a8c3ba525042ceba11e102309b2525de4d7748b513787fc3ecc50c13c97654e626571fcdb8a6d96b78af3e6c5bfa95fb0286d8407d9d8d3c867d06c7a1fc4	common_voice_gju_42587702.mp3	6ea0a56ac3624a58ab91973bcdd1ec171ed5d68a9a90593b6ed1df4d7bd40c6e	اس نے دیکھیو جی یوہ		2	0	fourties				gju	
e65a8c3ba525042ceba11e102309b2525de4d7748b513787fc3ecc50c13c97654e626571fcdb8a6d96b78af3e6c5bfa95fb0286d8407d9d8d3c867d06c7a1fc4	common_voice_gju_42587701.mp3	77b8b4464c5682f072996d9b39711f9c5d31288e9eed1c0dbb54b6c814873b6e	بِچکار آپ بیٹھو		2	0	fourties				gju	
e65a8c3ba525042ceba11e102309b2525de4d7748b513787fc3ecc50c13c97654e626571fcdb8a6d96b78af3e6c5bfa95fb0286d8407d9d8d3c867d06c7a1fc4	common_voice_gju_42587700.mp3	7ca86f01bfcc51db9c0422d53b3ad5f1c29aaae6bd82be5ae9765358f3aadf09	ایک رات جنازو اُت رہیو		2	0	fourties				gju	
e65a8c3ba525042ceba11e102309b2525de4d7748b513787fc3ecc50c13c97654e626571fcdb8a6d96b78af3e6c5bfa95fb0286d8407d9d8d3c867d06c7a1fc4	common_voice_gju_42587699.mp3	6a6a24fc3fdb2e5c66c5ef88343c7568b7ba2e0a198c644c1ba21eabdfcada8d	کالا خان بانیا کو ڈیرو مظفرآباد		2	0	fourties				gju	
e65a8c3ba525042ceba11e102309b2525de4d7748b513787fc3ecc50c13c97654e626571fcdb8a6d96b78af3e6c5bfa95fb0286d8407d9d8d3c867d06c7a1fc4	common_voice_gju_42587698.mp3	7e60f32cb312d1c571d5352ca94a61eef0bc4d5b638e629a110407ca4217d80d	ملنگ تخت پو بیس گیو		2	0	fourties				gju	
e65a8c3ba525042ceba11e102309b2525de4d7748b513787fc3ecc50c13c97654e626571fcdb8a6d96b78af3e6c5bfa95fb0286d8407d9d8d3c867d06c7a1fc4	common_voice_gju_42587697.mp3	461ce2d773b3f0bcb7fdf0ddaf69964465b09540ea3c574875f6bde3e8578e68	بکریاں نا ڈھُونڈن چل گیو		2	0	fourties				gju	
e65a8c3ba525042ceba11e102309b2525de4d7748b513787fc3ecc50c13c97654e626571fcdb8a6d96b78af3e6c5bfa95fb0286d8407d9d8d3c867d06c7a1fc4	common_voice_gju_42587696.mp3	8308555acda32b4ed0b74ea9ec4f899b3d90eac0bf762dddb639046f68f8c655	تم منا رسا ناڑ بدھوں		2	0	fourties				gju	
e65a8c3ba525042ceba11e102309b2525de4d7748b513787fc3ecc50c13c97654e626571fcdb8a6d96b78af3e6c5bfa95fb0286d8407d9d8d3c867d06c7a1fc4	common_voice_gju_42587695.mp3	7d3f03c30cce567bc4e71fcf785283d082fd4e8f7402ad1c8cc08cf30117f915	اس نِکا جِیا نال تم نے یوہ ظلم کریو		2	0	fourties				gju	
e65a8c3ba525042ceba11e102309b2525de4d7748b513787fc3ecc50c13c97654e626571fcdb8a6d96b78af3e6c5bfa95fb0286d8407d9d8d3c867d06c7a1fc4	common_voice_gju_42587694.mp3	68550cba29871fef7702e9819ebe190fc660a46567fc0cee498dcdf680b354c8	کہن لگی ہوں ہن ہچھی خوراک تیار کروں گی		2	0	fourties				gju	
e65a8c3ba525042ceba11e102309b2525de4d7748b513787fc3ecc50c13c97654e626571fcdb8a6d96b78af3e6c5bfa95fb0286d8407d9d8d3c867d06c7a1fc4	common_voice_gju_42587693.mp3	4e8ae3970d682c5eed4589cccf5ff8ddb4ebb39461cfa66c043e4c577df9c31d	جنا نے سَینہ کھوڑ کے ڈھاکا نا دوڑا چھوڈیا		2	0	fourties				gju	
e65a8c3ba525042ceba11e102309b2525de4d7748b513787fc3ecc50c13c97654e626571fcdb8a6d96b78af3e6c5bfa95fb0286d8407d9d8d3c867d06c7a1fc4	common_voice_gju_42587692.mp3	2a835488f33eb281a84e90d91bfbc367ee1e82c9f4cddec86f2622bbb55b05c0	رات وہ اپنا ماما کولے دوجا منجا پو سو گیو		2	0	fourties				gju	
e65a8c3ba525042ceba11e102309b2525de4d7748b513787fc3ecc50c13c97654e626571fcdb8a6d96b78af3e6c5bfa95fb0286d8407d9d8d3c867d06c7a1fc4	common_voice_gju_42587691.mp3	6a6a4c1d678a393c7a01096af677bacac380f42768e32388cd7d54843f4a39c3	کجھ کڈھ کے آنیو		2	0	fourties				gju	
e65a8c3ba525042ceba11e102309b2525de4d7748b513787fc3ecc50c13c97654e626571fcdb8a6d96b78af3e6c5bfa95fb0286d8407d9d8d3c867d06c7a1fc4	common_voice_gju_42587690.mp3	7ebf3c0a23176b2b190d080baecaeb4ecf3898e2bcb08dc71bf9cff2e2de73db	پہلاں بلادری کا سارا لوک خان پور حاجی صاحب کے ڈیرے پوہچ گیا تھا		2	0	fourties				gju	
e65a8c3ba525042ceba11e102309b2525de4d7748b513787fc3ecc50c13c97654e626571fcdb8a6d96b78af3e6c5bfa95fb0286d8407d9d8d3c867d06c7a1fc4	common_voice_gju_42587689.mp3	8f79e86b3235026019e41a8eb202c79d630b3b86dadfa4e0e957e9cd91f61752	مَنا رات نیند نیہہ آئے تھی		2	0	fourties				gju	
e65a8c3ba525042ceba11e102309b2525de4d7748b513787fc3ecc50c13c97654e626571fcdb8a6d96b78af3e6c5bfa95fb0286d8407d9d8d3c867d06c7a1fc4	common_voice_gju_42587687.mp3	82ecabd1ffa3aa399bb39eaa7637ccce88494989549761399b212ea8955555f9	یہ مُچ لیٹ ہو گیا		2	0	fourties				gju	
e65a8c3ba525042ceba11e102309b2525de4d7748b513787fc3ecc50c13c97654e626571fcdb8a6d96b78af3e6c5bfa95fb0286d8407d9d8d3c867d06c7a1fc4	common_voice_gju_42587686.mp3	814b5b2a672ebf015238d423bb50fc14f25d64c27cb827257c1c7bf767152ca4	ساری روٹی کھا کے جا رہیو		2	0	fourties				gju	
e65a8c3ba525042ceba11e102309b2525de4d7748b513787fc3ecc50c13c97654e626571fcdb8a6d96b78af3e6c5bfa95fb0286d8407d9d8d3c867d06c7a1fc4	common_voice_gju_42587685.mp3	6e7f3e6839fc0ca867dbd9fa4539ea9b6355913521fab7ac2303f6188a9a978b	دریا ما لگی		2	0	fourties				gju	
e65a8c3ba525042ceba11e102309b2525de4d7748b513787fc3ecc50c13c97654e626571fcdb8a6d96b78af3e6c5bfa95fb0286d8407d9d8d3c867d06c7a1fc4	common_voice_gju_42587684.mp3	64b8e325f9a28bfaed2918309bd9c34c3c73bcef1603f66bbcf70cb5511c187d	دوجی رات جنو ایو		2	0	fourties				gju	
e65a8c3ba525042ceba11e102309b2525de4d7748b513787fc3ecc50c13c97654e626571fcdb8a6d96b78af3e6c5bfa95fb0286d8407d9d8d3c867d06c7a1fc4	common_voice_gju_42587683.mp3	7afa854468bc315b042ce1d1392832f6d84ac8ef9184d937d1ab70c19d323bdd	پڑھن نال اِنھ کی زبان مُکسے نیہہ		2	0	fourties				gju	
e65a8c3ba525042ceba11e102309b2525de4d7748b513787fc3ecc50c13c97654e626571fcdb8a6d96b78af3e6c5bfa95fb0286d8407d9d8d3c867d06c7a1fc4	common_voice_gju_42613883.mp3	c9cab2f4aa4613fe2d0fa7b53b44157ae8acaba9673f1ae492798973f9a73438	بالاکوٹ ہسپتال پوہچایو		2	0	fourties				gju	
e65a8c3ba525042ceba11e102309b2525de4d7748b513787fc3ecc50c13c97654e626571fcdb8a6d96b78af3e6c5bfa95fb0286d8407d9d8d3c867d06c7a1fc4	common_voice_gju_42587681.mp3	86cfb2da517e34991c2d52c5af82d827652c04bf578da80464c5d893ba51fa05	ان تُرواں بیٹکیاں کے بِچ ایک بیٹکی مچ سوہنی تھی		2	0	fourties				gju	
e65a8c3ba525042ceba11e102309b2525de4d7748b513787fc3ecc50c13c97654e626571fcdb8a6d96b78af3e6c5bfa95fb0286d8407d9d8d3c867d06c7a1fc4	common_voice_gju_42587680.mp3	816013e373fb330d6a25998ee48e50925f2665cda459d05c1e28c1677a6f2016	گوبھی		2	0	fourties				gju	
e65a8c3ba525042ceba11e102309b2525de4d7748b513787fc3ecc50c13c97654e626571fcdb8a6d96b78af3e6c5bfa95fb0286d8407d9d8d3c867d06c7a1fc4	common_voice_gju_42587679.mp3	5ecdf0f8dcdd631bbacd45910ce73b588f6ddc1984c75b01c6e7c60e8cb2463c	کافی تنگ بے ہویا		2	0	fourties				gju	
e65a8c3ba525042ceba11e102309b2525de4d7748b513787fc3ecc50c13c97654e626571fcdb8a6d96b78af3e6c5bfa95fb0286d8407d9d8d3c867d06c7a1fc4	common_voice_gju_42587678.mp3	78085c13c8716b74bc51659758185606c261f8cbef16b158dade8a1805887130	بشیر کھٹانہ کی ڈیرا ہالی کاشماں بی بی شامل تھا ویہ مُچ تنگ ہوگیا		2	0	fourties				gju	
e65a8c3ba525042ceba11e102309b2525de4d7748b513787fc3ecc50c13c97654e626571fcdb8a6d96b78af3e6c5bfa95fb0286d8407d9d8d3c867d06c7a1fc4	common_voice_gju_42587677.mp3	8cb49890c13feb38db22103d6b3c40ec4486bed74bc128bc5e15fa82ea60fea9	تہنا شہر ما بادشاہ کو پوت نجوڑو ہے		2	0	fourties				gju	
e65a8c3ba525042ceba11e102309b2525de4d7748b513787fc3ecc50c13c97654e626571fcdb8a6d96b78af3e6c5bfa95fb0286d8407d9d8d3c867d06c7a1fc4	common_voice_gju_42587676.mp3	8843ce2df8386c8020ef45dfe77692416d83017678b557df1f7df8a31f959839	خوش رہیا		2	0	fourties				gju	
e65a8c3ba525042ceba11e102309b2525de4d7748b513787fc3ecc50c13c97654e626571fcdb8a6d96b78af3e6c5bfa95fb0286d8407d9d8d3c867d06c7a1fc4	common_voice_gju_42587675.mp3	716d9b660de0b5221bf1ad29479614d81f218210fb757cf52fd0e0a03697ec73	ہوں اُنھ کے ناڑ محبت کروں ‘‘		2	0	fourties				gju	
e65a8c3ba525042ceba11e102309b2525de4d7748b513787fc3ecc50c13c97654e626571fcdb8a6d96b78af3e6c5bfa95fb0286d8407d9d8d3c867d06c7a1fc4	common_voice_gju_42587674.mp3	84ad58c95563ec1fbfd1bb00b0e6e7a8b4127d2e2cb1a210478772fdba8cf08a	چٹا لیلا اپر تیں ہتھ لایو		2	0	fourties				gju	
e65a8c3ba525042ceba11e102309b2525de4d7748b513787fc3ecc50c13c97654e626571fcdb8a6d96b78af3e6c5bfa95fb0286d8407d9d8d3c867d06c7a1fc4	common_voice_gju_42587673.mp3	87c7ca6bc916ded2f59ea72bee4cb2f32d04d79d0892bdebbe5cfb61faa810e3	پنجیوں واقعو		2	0	fourties				gju	
e65a8c3ba525042ceba11e102309b2525de4d7748b513787fc3ecc50c13c97654e626571fcdb8a6d96b78af3e6c5bfa95fb0286d8407d9d8d3c867d06c7a1fc4	common_voice_gju_42587672.mp3	8b60002bf8596c3b009e6a8dd1644b7caf41f55c9b41cf862d9870ff52580efc	قوم ما بولی جان ہالی زبان ما اُس قبیلہ		2	0	fourties				gju	
e65a8c3ba525042ceba11e102309b2525de4d7748b513787fc3ecc50c13c97654e626571fcdb8a6d96b78af3e6c5bfa95fb0286d8407d9d8d3c867d06c7a1fc4	common_voice_gju_42587668.mp3	7b91b2719faf78c6e0616ff012cb0e7dd9bfd229664d5998691c010e4cf2d692	دُوجے دھیاڑے نُورا نے بھیڈ نکھیڑی وُہ بھیڈاں نا نُہالن لے گیو		2	0	fourties				gju	
e65a8c3ba525042ceba11e102309b2525de4d7748b513787fc3ecc50c13c97654e626571fcdb8a6d96b78af3e6c5bfa95fb0286d8407d9d8d3c867d06c7a1fc4	common_voice_gju_42587664.mp3	8977ee650c2295f87fcb39d9ace6753fbec4155271591e9df7098a846a722e73	مصطفی جس ٹیم ہوش ما آیو		2	0	fourties				gju	
e65a8c3ba525042ceba11e102309b2525de4d7748b513787fc3ecc50c13c97654e626571fcdb8a6d96b78af3e6c5bfa95fb0286d8407d9d8d3c867d06c7a1fc4	common_voice_gju_42587663.mp3	4fadaedd6494954937742fcd7919ad6b5ebdb67b99acac62d2f8cc040720a2b6	بکری اُتو اگے ٹر گئی۔		2	0	fourties				gju	
e65a8c3ba525042ceba11e102309b2525de4d7748b513787fc3ecc50c13c97654e626571fcdb8a6d96b78af3e6c5bfa95fb0286d8407d9d8d3c867d06c7a1fc4	common_voice_gju_42587662.mp3	662e6730aed9e252a1a101eb040af0aea14b8b8bc7521004243e6c40436ebc7e	ایک سال بھادرہ ما اِ ن نے اپنو مال گلیاں پو بِدیا کیو		2	0	fourties				gju	
e65a8c3ba525042ceba11e102309b2525de4d7748b513787fc3ecc50c13c97654e626571fcdb8a6d96b78af3e6c5bfa95fb0286d8407d9d8d3c867d06c7a1fc4	common_voice_gju_42587661.mp3	8c3ab716cdd8ea546dcdb9f19f38132bf3454ea1d2a91bdf4e570c9835797e93	پر اِت کو پانی صاف نیہہ ہم کے کراں ؟		2	0	fourties				gju	
e65a8c3ba525042ceba11e102309b2525de4d7748b513787fc3ecc50c13c97654e626571fcdb8a6d96b78af3e6c5bfa95fb0286d8407d9d8d3c867d06c7a1fc4	common_voice_gju_42587660.mp3	2058181e1efc77b86dff532de286189bbfcc2521a23ddee449acf0c6018b344a	مُڑن کے نال ہی میں سٹ کری		2	0	fourties				gju	
e65a8c3ba525042ceba11e102309b2525de4d7748b513787fc3ecc50c13c97654e626571fcdb8a6d96b78af3e6c5bfa95fb0286d8407d9d8d3c867d06c7a1fc4	common_voice_gju_42587659.mp3	5e04ad4fd33f3c5e6e02d850ec8e17d8b3a9bfe42cee5a990decd90749f2ab38	اِن جناں نے ھور بکریاں ہالا بے سدیا		2	0	fourties				gju	
e65a8c3ba525042ceba11e102309b2525de4d7748b513787fc3ecc50c13c97654e626571fcdb8a6d96b78af3e6c5bfa95fb0286d8407d9d8d3c867d06c7a1fc4	common_voice_gju_42587658.mp3	5f813a03161923857ddc39e2829bb4df95602e5d3c17c1c60ca9b8452b3dff26	اس جاتک نا لے آئیے		2	0	fourties				gju	
e65a8c3ba525042ceba11e102309b2525de4d7748b513787fc3ecc50c13c97654e626571fcdb8a6d96b78af3e6c5bfa95fb0286d8407d9d8d3c867d06c7a1fc4	common_voice_gju_42587657.mp3	837fbcf2e2d6737eba20e374ceb9dce4a66afb164ff26180fdfec1e93cb58457	اُت پھس گیانہ اَگے تا جان کا نہ کاہڈ تامڑن کا		2	0	fourties				gju	
e65a8c3ba525042ceba11e102309b2525de4d7748b513787fc3ecc50c13c97654e626571fcdb8a6d96b78af3e6c5bfa95fb0286d8407d9d8d3c867d06c7a1fc4	common_voice_gju_42587656.mp3	3d35408195d96600f5383641956a0524c671f6fdb1bed6dbe8fd6e76a1120f23	رچھ نے اُٹھ کے ایک دم اس پو حملو کر چھُڑیو		2	0	fourties				gju	
e65a8c3ba525042ceba11e102309b2525de4d7748b513787fc3ecc50c13c97654e626571fcdb8a6d96b78af3e6c5bfa95fb0286d8407d9d8d3c867d06c7a1fc4	common_voice_gju_42587655.mp3	6dd3cabc2c6436bb46385cdf5e380f3ead27b54b213915cc4a94aa6b8b99fc19	جنو رات ڈیرا نا گیو		2	0	fourties				gju	
e65a8c3ba525042ceba11e102309b2525de4d7748b513787fc3ecc50c13c97654e626571fcdb8a6d96b78af3e6c5bfa95fb0286d8407d9d8d3c867d06c7a1fc4	common_voice_gju_42587654.mp3	671e4b3f0e9fcf3a3285a101af1c3628b4447e1f06e02e179e4ad831fb85fbcb	موؤ وو		2	0	fourties				gju	
e65a8c3ba525042ceba11e102309b2525de4d7748b513787fc3ecc50c13c97654e626571fcdb8a6d96b78af3e6c5bfa95fb0286d8407d9d8d3c867d06c7a1fc4	common_voice_gju_42587653.mp3	8b686bec1f3e25a5b17a1df3b8aac3071c4153ae286ad8190a615722e5d722ee	تعلیم مچ ضروری ہے۔		2	0	fourties				gju	
e65a8c3ba525042ceba11e102309b2525de4d7748b513787fc3ecc50c13c97654e626571fcdb8a6d96b78af3e6c5bfa95fb0286d8407d9d8d3c867d06c7a1fc4	common_voice_gju_42587652.mp3	8327d48f9bdde89dd20ebe6193401a56b680579a2b27f9bffb3bb26971c98361	وہ انھ نا کہن لگو		2	0	fourties				gju	
e65a8c3ba525042ceba11e102309b2525de4d7748b513787fc3ecc50c13c97654e626571fcdb8a6d96b78af3e6c5bfa95fb0286d8407d9d8d3c867d06c7a1fc4	common_voice_gju_42587651.mp3	8c906f11af5bd09027029c0e6f00fa0e8bbf414cd0ec9e377a350a348cbea496	اللہ نے اس بلا		2	0	fourties				gju	
e65a8c3ba525042ceba11e102309b2525de4d7748b513787fc3ecc50c13c97654e626571fcdb8a6d96b78af3e6c5bfa95fb0286d8407d9d8d3c867d06c7a1fc4	common_voice_gju_42587650.mp3	5fcb5bc52d23cc5092e35a30dab29a967fde86b0badd1bd88dd1442ef935ffef	خراب تھو		2	0	fourties				gju	
e65a8c3ba525042ceba11e102309b2525de4d7748b513787fc3ecc50c13c97654e626571fcdb8a6d96b78af3e6c5bfa95fb0286d8407d9d8d3c867d06c7a1fc4	common_voice_gju_42587649.mp3	8c4bbb5ab40bc99d4cb3225e0cb7784a4b5f792427c467edd8273ed001fc2a74	ڈیرو اگے دوسُٹ ما جا رہیو		2	0	fourties				gju	
e65a8c3ba525042ceba11e102309b2525de4d7748b513787fc3ecc50c13c97654e626571fcdb8a6d96b78af3e6c5bfa95fb0286d8407d9d8d3c867d06c7a1fc4	common_voice_gju_42587648.mp3	6747a3b4b6ba1a011b4d02cd1b053c08990e16400c8490ae4293855ddcdacb14	تَم نا افسراں کی گل سناوں		2	0	fourties				gju	
e65a8c3ba525042ceba11e102309b2525de4d7748b513787fc3ecc50c13c97654e626571fcdb8a6d96b78af3e6c5bfa95fb0286d8407d9d8d3c867d06c7a1fc4	common_voice_gju_42587647.mp3	77cac2600330636cd1edba7982a640c710d944d5bce2bfc5b54764495c960a3a	ایک مہینو کاہڈ بارش شروع ہوگئی		2	0	fourties				gju	
e65a8c3ba525042ceba11e102309b2525de4d7748b513787fc3ecc50c13c97654e626571fcdb8a6d96b78af3e6c5bfa95fb0286d8407d9d8d3c867d06c7a1fc4	common_voice_gju_42587645.mp3	672fc6c353abe4da030cc15346174ddb78eaf1b3c4ae3c20417e652d597f0f85	ویہ ات بند ہوگیا		2	0	fourties				gju	
e65a8c3ba525042ceba11e102309b2525de4d7748b513787fc3ecc50c13c97654e626571fcdb8a6d96b78af3e6c5bfa95fb0286d8407d9d8d3c867d06c7a1fc4	common_voice_gju_42587644.mp3	5ba8b2c5132d5856507fce63e534b46df2c7563360b80cf637c0f85d4ddf0028	ویہ اس بہن کے ڈیرے گیا		2	0	fourties				gju	
e65a8c3ba525042ceba11e102309b2525de4d7748b513787fc3ecc50c13c97654e626571fcdb8a6d96b78af3e6c5bfa95fb0286d8407d9d8d3c867d06c7a1fc4	common_voice_gju_42587643.mp3	891e20d17d5702df8a5708a85389cf4578c441c136bc3dce94a7d696bc329364	ڈھیڈ ہِیٹُو جَت جئی اُ ٹھی		2	0	fourties				gju	
e65a8c3ba525042ceba11e102309b2525de4d7748b513787fc3ecc50c13c97654e626571fcdb8a6d96b78af3e6c5bfa95fb0286d8407d9d8d3c867d06c7a1fc4	common_voice_gju_42587642.mp3	82c7e3579847650759b2e7d9666a08eb778e75c30b54fb77b0469fba6e713ea7	اس کے ناڑ بھی دیو نے وہی کم کیو		2	0	fourties				gju	
e65a8c3ba525042ceba11e102309b2525de4d7748b513787fc3ecc50c13c97654e626571fcdb8a6d96b78af3e6c5bfa95fb0286d8407d9d8d3c867d06c7a1fc4	common_voice_gju_42587641.mp3	8409d11b73a236e0af3b2bb71b8ae8581fd4b0891e58cd8979502cb6bf42a10c	جا کے بیس رہیو		2	0	fourties				gju	
e65a8c3ba525042ceba11e102309b2525de4d7748b513787fc3ecc50c13c97654e626571fcdb8a6d96b78af3e6c5bfa95fb0286d8407d9d8d3c867d06c7a1fc4	common_voice_gju_42587640.mp3	88c03b8ea4b13b21938f8c6d57f4cf358d849a2cb84f5a69e9ad3d3287c70ec8	ہوں شادی کروں		2	0	fourties				gju	
e65a8c3ba525042ceba11e102309b2525de4d7748b513787fc3ecc50c13c97654e626571fcdb8a6d96b78af3e6c5bfa95fb0286d8407d9d8d3c867d06c7a1fc4	common_voice_gju_42587639.mp3	1d53429e84da1228b16b63fe3daba2cef74dd34b81176f3b060644444404220e	راہ ما دھر کے ہوں موتن نا گیو		2	0	fourties				gju	
e65a8c3ba525042ceba11e102309b2525de4d7748b513787fc3ecc50c13c97654e626571fcdb8a6d96b78af3e6c5bfa95fb0286d8407d9d8d3c867d06c7a1fc4	common_voice_gju_42587638.mp3	732bb38820c678b6776e694e63586852e0e81de8d693823a9dee9f04ebec2984	نو لکھیو گیو		2	0	fourties				gju	
e65a8c3ba525042ceba11e102309b2525de4d7748b513787fc3ecc50c13c97654e626571fcdb8a6d96b78af3e6c5bfa95fb0286d8407d9d8d3c867d06c7a1fc4	common_voice_gju_42587637.mp3	85ed8a619176573c3140879604673b47b7247667d6833604006d43cb508ad3f9	وہ رچھ بی آ گیو		2	0	fourties				gju	
e65a8c3ba525042ceba11e102309b2525de4d7748b513787fc3ecc50c13c97654e626571fcdb8a6d96b78af3e6c5bfa95fb0286d8407d9d8d3c867d06c7a1fc4	common_voice_gju_42587636.mp3	74d3d9cbbdfda1de4b9ab5483cd24539d0c459ddd87498722a88c7099c59b9d2	اِس گل کی میرا تپوس نہ کر		2	0	fourties				gju	
e65a8c3ba525042ceba11e102309b2525de4d7748b513787fc3ecc50c13c97654e626571fcdb8a6d96b78af3e6c5bfa95fb0286d8407d9d8d3c867d06c7a1fc4	common_voice_gju_42587630.mp3	81d338f49207f961a094512decb640536e06e7a64006fcde75449e097a55fc82	ہوں سوچوں تھو کہ شاید یہ صحیح نیہہ سُنتا		2	0	fourties				gju	
e65a8c3ba525042ceba11e102309b2525de4d7748b513787fc3ecc50c13c97654e626571fcdb8a6d96b78af3e6c5bfa95fb0286d8407d9d8d3c867d06c7a1fc4	common_voice_gju_42587629.mp3	7a31c4bfae7117772e9658e85f3f9b020ada60d6870e38ff0a7cd42b14478c8f	باپ ک		2	0	fourties				gju	
e65a8c3ba525042ceba11e102309b2525de4d7748b513787fc3ecc50c13c97654e626571fcdb8a6d96b78af3e6c5bfa95fb0286d8407d9d8d3c867d06c7a1fc4	common_voice_gju_42587628.mp3	5f33505b4948023cc920cf039db0fb9a11c9756a1cae545555a5ed86a6b319e8	وھے		2	0	fourties				gju	
e65a8c3ba525042ceba11e102309b2525de4d7748b513787fc3ecc50c13c97654e626571fcdb8a6d96b78af3e6c5bfa95fb0286d8407d9d8d3c867d06c7a1fc4	common_voice_gju_42587627.mp3	0571430d51a1ec1c631fe96ddfebca1bbdc41943552d4a2961222fa1acd632f6	کا کا نے کا صبی		2	0	fourties				gju	
e65a8c3ba525042ceba11e102309b2525de4d7748b513787fc3ecc50c13c97654e626571fcdb8a6d96b78af3e6c5bfa95fb0286d8407d9d8d3c867d06c7a1fc4	common_voice_gju_42587626.mp3	8003f255566cdaa52f9b5cb80433607d3dd3955e8dd30cc6590c69e87cf6fc96	کِ		2	0	fourties				gju	
e65a8c3ba525042ceba11e102309b2525de4d7748b513787fc3ecc50c13c97654e626571fcdb8a6d96b78af3e6c5bfa95fb0286d8407d9d8d3c867d06c7a1fc4	common_voice_gju_42587625.mp3	709435c44aa3771273190195d4ea2e2582e94bb29501438814bdc4639985b030	اللہ نے ویہ بکری بچا لئی		2	0	fourties				gju	
e65a8c3ba525042ceba11e102309b2525de4d7748b513787fc3ecc50c13c97654e626571fcdb8a6d96b78af3e6c5bfa95fb0286d8407d9d8d3c867d06c7a1fc4	common_voice_gju_42587624.mp3	814937f19be70ec69530c384970e0994018ff85149b0b461407a35163d438df0	ہوں اُنھ نا ہچھی طرح پکانو سِکھوں گی		2	0	fourties				gju	
e65a8c3ba525042ceba11e102309b2525de4d7748b513787fc3ecc50c13c97654e626571fcdb8a6d96b78af3e6c5bfa95fb0286d8407d9d8d3c867d06c7a1fc4	common_voice_gju_42587622.mp3	759a8027ce26bc116190408898fd5fe8588c3089bbebb65d237e7288f74726a4	شہزادی کہن لگی		2	0	fourties				gju	
e65a8c3ba525042ceba11e102309b2525de4d7748b513787fc3ecc50c13c97654e626571fcdb8a6d96b78af3e6c5bfa95fb0286d8407d9d8d3c867d06c7a1fc4	common_voice_gju_42587621.mp3	210b8bf4deb6969151c54c009cbef251f7e63453f57e0893408582489d16938a	جنازہ دفنا کے اُناں لوکاں کو مال گگئی نا پہچایو		2	0	fourties				gju	
e65a8c3ba525042ceba11e102309b2525de4d7748b513787fc3ecc50c13c97654e626571fcdb8a6d96b78af3e6c5bfa95fb0286d8407d9d8d3c867d06c7a1fc4	common_voice_gju_42587620.mp3	8326b39e967bb3624378b27642270395bc01791192cb544cf68975c3401ac1c4	اُس لوہار کی ترواں گلاں نے اِس جنا نا مچ بڑو فائدو دیتو		2	0	fourties				gju	
e65a8c3ba525042ceba11e102309b2525de4d7748b513787fc3ecc50c13c97654e626571fcdb8a6d96b78af3e6c5bfa95fb0286d8407d9d8d3c867d06c7a1fc4	common_voice_gju_42587619.mp3	3a0f60d98424a2b6349ea4c7ac1607a6f2c8175c1fba2e36483270b6d4f05c42	توہ کیناں چلے		2	0	fourties				gju	
e65a8c3ba525042ceba11e102309b2525de4d7748b513787fc3ecc50c13c97654e626571fcdb8a6d96b78af3e6c5bfa95fb0286d8407d9d8d3c867d06c7a1fc4	common_voice_gju_42587618.mp3	ffbacb5ae1905fe0fc2d2e01f54a86b3b5fda39bf3c72689e0cf34d45bf8b465	اُس نا مچھی کھا گئی تھی		2	0	fourties				gju	
e65a8c3ba525042ceba11e102309b2525de4d7748b513787fc3ecc50c13c97654e626571fcdb8a6d96b78af3e6c5bfa95fb0286d8407d9d8d3c867d06c7a1fc4	common_voice_gju_42587617.mp3	80f2e72901599a5ade5770d4abd7f342778729594a202be91f3f48c076f5d50c	جے ہوں اس نے آفتاں		2	0	fourties				gju	
e65a8c3ba525042ceba11e102309b2525de4d7748b513787fc3ecc50c13c97654e626571fcdb8a6d96b78af3e6c5bfa95fb0286d8407d9d8d3c867d06c7a1fc4	common_voice_gju_42587616.mp3	5c18156a16a25bcb328233d7b541351e521359d6c3794314dda34b29d8d9bb12	مدیہرے اُٹھیا		2	0	fourties				gju	
e65a8c3ba525042ceba11e102309b2525de4d7748b513787fc3ecc50c13c97654e626571fcdb8a6d96b78af3e6c5bfa95fb0286d8407d9d8d3c867d06c7a1fc4	common_voice_gju_42587613.mp3	82ecbb1bf74f1c4bb7a76216a712a55460a08403d70af62a28077c79f767c553	اج رات تیر و جنو ایو		2	0	fourties				gju	
e65a8c3ba525042ceba11e102309b2525de4d7748b513787fc3ecc50c13c97654e626571fcdb8a6d96b78af3e6c5bfa95fb0286d8407d9d8d3c867d06c7a1fc4	common_voice_gju_42587610.mp3	7edd9fc617a19715ad7accec974d0ceb1da41b1e3f4cf01d408bce4574a96346	بائیوں واقعو		2	0	fourties				gju	
e65a8c3ba525042ceba11e102309b2525de4d7748b513787fc3ecc50c13c97654e626571fcdb8a6d96b78af3e6c5bfa95fb0286d8407d9d8d3c867d06c7a1fc4	common_voice_gju_42587608.mp3	88a8a60ef0667459747f275a02aa4f6dc83dc49e27e86718e56046931226066a	تپوس کرن لگو		2	0	fourties				gju	
e65a8c3ba525042ceba11e102309b2525de4d7748b513787fc3ecc50c13c97654e626571fcdb8a6d96b78af3e6c5bfa95fb0286d8407d9d8d3c867d06c7a1fc4	common_voice_gju_42587607.mp3	8a4fe4c93acc8d1274b691bdad6be32169e17a7806d3018747aa4f6e92636649	راہ ما کتا تے بغیر اِنھ کو سفر مُچ مشکل وھے		2	0	fourties				gju	
e65a8c3ba525042ceba11e102309b2525de4d7748b513787fc3ecc50c13c97654e626571fcdb8a6d96b78af3e6c5bfa95fb0286d8407d9d8d3c867d06c7a1fc4	common_voice_gju_42587606.mp3	8607f92b5a9e664a50e3027fb0a82b1677fa8d5b758ee74cb70937651271c9e2	اِن پو مال		2	0	fourties				gju	
e65a8c3ba525042ceba11e102309b2525de4d7748b513787fc3ecc50c13c97654e626571fcdb8a6d96b78af3e6c5bfa95fb0286d8407d9d8d3c867d06c7a1fc4	common_voice_gju_42587605.mp3	791e27321f00b9511241897a47d5478e663275c28e5ebeb71817e06bc57092fa	خوش خُشحال کَڈہیو		2	0	fourties				gju	
e65a8c3ba525042ceba11e102309b2525de4d7748b513787fc3ecc50c13c97654e626571fcdb8a6d96b78af3e6c5bfa95fb0286d8407d9d8d3c867d06c7a1fc4	common_voice_gju_42587604.mp3	6489805ad95f5d8d3e5dcae61141fe0ef42ba81593a728e59204b312d3c86359	ترواں سالا ں		2	0	fourties				gju	
e65a8c3ba525042ceba11e102309b2525de4d7748b513787fc3ecc50c13c97654e626571fcdb8a6d96b78af3e6c5bfa95fb0286d8407d9d8d3c867d06c7a1fc4	common_voice_gju_42587603.mp3	82b7dd178ce4be4dc061fa3cf8d18e35fc397e4f78add2916389d73edb7f5d31	پڑی مُچ اُچی تھی		2	0	fourties				gju	
e65a8c3ba525042ceba11e102309b2525de4d7748b513787fc3ecc50c13c97654e626571fcdb8a6d96b78af3e6c5bfa95fb0286d8407d9d8d3c867d06c7a1fc4	common_voice_gju_42587601.mp3	78f137c236f007ff3624ea39c639a4c57830dc14fe45f16e4329b90e5dcc46a3	سیری ما لے کے لاہیا		2	0	fourties				gju	
e65a8c3ba525042ceba11e102309b2525de4d7748b513787fc3ecc50c13c97654e626571fcdb8a6d96b78af3e6c5bfa95fb0286d8407d9d8d3c867d06c7a1fc4	common_voice_gju_42587599.mp3	78f34540f224168241765b9274cb4f88a11d009acf2dd20c120d8a2aa5b56953	اس ما ویہ رُڑ کے بڑی دریا ما چل گیا		2	0	fourties				gju	
e65a8c3ba525042ceba11e102309b2525de4d7748b513787fc3ecc50c13c97654e626571fcdb8a6d96b78af3e6c5bfa95fb0286d8407d9d8d3c867d06c7a1fc4	common_voice_gju_42587598.mp3	78fb68a9311b6966219459becdb0ad6e3f32a641ed846d65775c2cee5a32fd89	ہم نے ڈیرے ارام شرام کر کے چھیاں ستاں دھیاڑاں کاہڈ چلم آیا تاں جے ہم اپنی مزوری لیاں		2	0	fourties				gju	
e65a8c3ba525042ceba11e102309b2525de4d7748b513787fc3ecc50c13c97654e626571fcdb8a6d96b78af3e6c5bfa95fb0286d8407d9d8d3c867d06c7a1fc4	common_voice_gju_42587597.mp3	855ff777a26de7ce589c241dcac2d92d147eb7b144fd2b1d9694a6829f698c49	ویہ		2	0	fourties				gju	
e65a8c3ba525042ceba11e102309b2525de4d7748b513787fc3ecc50c13c97654e626571fcdb8a6d96b78af3e6c5bfa95fb0286d8407d9d8d3c867d06c7a1fc4	common_voice_gju_42587596.mp3	8889b9da3573818b7bdaa48445da03b425eaa356374e5049cec1c6d4d220c66e	بھربھانو آ گیو		2	0	fourties				gju	
e65a8c3ba525042ceba11e102309b2525de4d7748b513787fc3ecc50c13c97654e626571fcdb8a6d96b78af3e6c5bfa95fb0286d8407d9d8d3c867d06c7a1fc4	common_voice_gju_42587595.mp3	814af11b25b8b81744195dc0e0b67997130993b758c8272207cd70e458e4ea4c	تم کل		2	0	fourties				gju	
e65a8c3ba525042ceba11e102309b2525de4d7748b513787fc3ecc50c13c97654e626571fcdb8a6d96b78af3e6c5bfa95fb0286d8407d9d8d3c867d06c7a1fc4	common_voice_gju_42587594.mp3	58192d8e5dbe4df101bc159ed4af288449b8782f66ad6ac415e0410041f628c8	ا ُس کا سنگی بی بڑا شطان تھا اُنھ نے اس جنا ناڑ ٹھگی کئی		2	0	fourties				gju	
e65a8c3ba525042ceba11e102309b2525de4d7748b513787fc3ecc50c13c97654e626571fcdb8a6d96b78af3e6c5bfa95fb0286d8407d9d8d3c867d06c7a1fc4	common_voice_gju_42587593.mp3	5850cf168e873f31119c757fb2c1f4496818caa34d480efa12d04dbbc9d5c8c3	گھوڑو بے مر گیا		2	0	fourties				gju	
e65a8c3ba525042ceba11e102309b2525de4d7748b513787fc3ecc50c13c97654e626571fcdb8a6d96b78af3e6c5bfa95fb0286d8407d9d8d3c867d06c7a1fc4	common_voice_gju_42587592.mp3	71e1fe8765ea9ce03233928e3768b92c26f1038ed437d56fc157076ba8bdba9d	کہن لگو جی ہوں		2	0	fourties				gju	
e65a8c3ba525042ceba11e102309b2525de4d7748b513787fc3ecc50c13c97654e626571fcdb8a6d96b78af3e6c5bfa95fb0286d8407d9d8d3c867d06c7a1fc4	common_voice_gju_42587591.mp3	5c93956beaaf0e472c9365a6734874484a78dd7df353c5e3d8020e0d6f14f3cd	ملنگ بادشاہ کو قصو		2	0	fourties				gju	
e65a8c3ba525042ceba11e102309b2525de4d7748b513787fc3ecc50c13c97654e626571fcdb8a6d96b78af3e6c5bfa95fb0286d8407d9d8d3c867d06c7a1fc4	common_voice_gju_42587590.mp3	69e6f4be14cc101f14038c7403e6803de60aaac05367f55f941a8ab12f1752ab	لے آخر تک وہ سارو قصو تھہانیدار صاحب نا سنایو		2	0	fourties				gju	
e65a8c3ba525042ceba11e102309b2525de4d7748b513787fc3ecc50c13c97654e626571fcdb8a6d96b78af3e6c5bfa95fb0286d8407d9d8d3c867d06c7a1fc4	common_voice_gju_42587589.mp3	1e76d1c7fb09f4e8d3375ca58f6b4d2c4d853d141fb86dc6188b0cb66e2902bf	جہڑو پہلاں مُچ بہادر وھے تھو		2	0	fourties				gju	
e65a8c3ba525042ceba11e102309b2525de4d7748b513787fc3ecc50c13c97654e626571fcdb8a6d96b78af3e6c5bfa95fb0286d8407d9d8d3c867d06c7a1fc4	common_voice_gju_42587588.mp3	893b3a6446b95fe2768e5a530991a5f3de0e5529cbd0ee09959fe86450357c4d	ٹُر گیا تے اگے جا کے پوہچیا۔		2	0	fourties				gju	
e65a8c3ba525042ceba11e102309b2525de4d7748b513787fc3ecc50c13c97654e626571fcdb8a6d96b78af3e6c5bfa95fb0286d8407d9d8d3c867d06c7a1fc4	common_voice_gju_42587587.mp3	85c1848b5a0315ace1de502b5f0426d66300c2e243e35e4a35cd030e3e7682ce	زمین نا ہلا چھوڈے گو		2	0	fourties				gju	
e65a8c3ba525042ceba11e102309b2525de4d7748b513787fc3ecc50c13c97654e626571fcdb8a6d96b78af3e6c5bfa95fb0286d8407d9d8d3c867d06c7a1fc4	common_voice_gju_42587586.mp3	5523972653076e2083fa8c5226f09395fa8da8ad81200fcdce0f41fd6d3d80ad	مقدمو ایک سال تک چلتو رہیو		2	0	fourties				gju	
e65a8c3ba525042ceba11e102309b2525de4d7748b513787fc3ecc50c13c97654e626571fcdb8a6d96b78af3e6c5bfa95fb0286d8407d9d8d3c867d06c7a1fc4	common_voice_gju_42587585.mp3	614df862188356d3760020e14dffad5b1d2db32def886eda1c58a71d3d46cf15	اُنھاں نے جس ٹیم خالق کو جنازو دیکھیو		2	0	fourties				gju	
e65a8c3ba525042ceba11e102309b2525de4d7748b513787fc3ecc50c13c97654e626571fcdb8a6d96b78af3e6c5bfa95fb0286d8407d9d8d3c867d06c7a1fc4	common_voice_gju_42587583.mp3	7acfe48d5f6baff5aebe1a7ca695b6cefce3874d019be37661409fa78aea80e4	ٹُر گیا		2	0	fourties				gju	
e65a8c3ba525042ceba11e102309b2525de4d7748b513787fc3ecc50c13c97654e626571fcdb8a6d96b78af3e6c5bfa95fb0286d8407d9d8d3c867d06c7a1fc4	common_voice_gju_42587582.mp3	8049dacfc142062b0d434e1d2a55843a8ca6c17890a082fc8b27c5c7fdd74b7b	یوہ الائی وال بکروالاں کو واقعو		2	0	fourties				gju	
e65a8c3ba525042ceba11e102309b2525de4d7748b513787fc3ecc50c13c97654e626571fcdb8a6d96b78af3e6c5bfa95fb0286d8407d9d8d3c867d06c7a1fc4	common_voice_gju_42587581.mp3	06a495559ddd3c42726e541559cf2a49a6d087a08bb7d907558cf80733dee939	توہ کینجو کھوڑے گو		2	0	fourties				gju	
e65a8c3ba525042ceba11e102309b2525de4d7748b513787fc3ecc50c13c97654e626571fcdb8a6d96b78af3e6c5bfa95fb0286d8407d9d8d3c867d06c7a1fc4	common_voice_gju_42587580.mp3	7d73529da129b99236b10bdd0965d2003ccaad2fe05f8b712e06bc74d9541711	اس کو ناں		2	0	fourties				gju	
e65a8c3ba525042ceba11e102309b2525de4d7748b513787fc3ecc50c13c97654e626571fcdb8a6d96b78af3e6c5bfa95fb0286d8407d9d8d3c867d06c7a1fc4	common_voice_gju_42587579.mp3	8768345a1ee422e82ded95d9118c3aa73c4c36c4c1f43f52ff5d5d0cbb62bf31	مچ ڈرے تھو		2	0	fourties				gju	
e65a8c3ba525042ceba11e102309b2525de4d7748b513787fc3ecc50c13c97654e626571fcdb8a6d96b78af3e6c5bfa95fb0286d8407d9d8d3c867d06c7a1fc4	common_voice_gju_42587578.mp3	668e87ba298a26b0ad4ec5d0280d5305d22ef2a96db9d291a1fd25a0f09ae4d8	یارووں واقعو		2	0	fourties				gju	
e65a8c3ba525042ceba11e102309b2525de4d7748b513787fc3ecc50c13c97654e626571fcdb8a6d96b78af3e6c5bfa95fb0286d8407d9d8d3c867d06c7a1fc4	common_voice_gju_42587577.mp3	74788b4dba83f2958e619544c3859069d09409ef09a867fef807d4fb0a4aa0e2	نولکھیو پکھنی نا بِدیا کرن لگو		2	0	fourties				gju	
e65a8c3ba525042ceba11e102309b2525de4d7748b513787fc3ecc50c13c97654e626571fcdb8a6d96b78af3e6c5bfa95fb0286d8407d9d8d3c867d06c7a1fc4	common_voice_gju_42587576.mp3	1e29c3ec6933d35c35356c4b28b220796710f37600f64f12e26ced8c27bdab3f	وہ جنو مچ ظالم تھو		2	0	fourties				gju	
e65a8c3ba525042ceba11e102309b2525de4d7748b513787fc3ecc50c13c97654e626571fcdb8a6d96b78af3e6c5bfa95fb0286d8407d9d8d3c867d06c7a1fc4	common_voice_gju_42587575.mp3	729cdfc1b8af643c65db2654e4e0cb1e0d66da27494ded35f41f75dafbbf1d34	ان نا پتو لگوے		2	0	fourties				gju	
e65a8c3ba525042ceba11e102309b2525de4d7748b513787fc3ecc50c13c97654e626571fcdb8a6d96b78af3e6c5bfa95fb0286d8407d9d8d3c867d06c7a1fc4	common_voice_gju_42587574.mp3	1555f3002319c2294e2fc290f161129fc12eda43635b4186ff7a37f3a6c38de9	وہ جاتک اُسے ڈھارا ما رہ گیو		2	0	fourties				gju	
e65a8c3ba525042ceba11e102309b2525de4d7748b513787fc3ecc50c13c97654e626571fcdb8a6d96b78af3e6c5bfa95fb0286d8407d9d8d3c867d06c7a1fc4	common_voice_gju_42587573.mp3	6e78e4359c01d1328eefa3d49bc0b9bdeaf86af59aeee6cc5eef1fa213c07d45	بیڑا توڑ کے بَلوٹ ٹَکیو		2	0	fourties				gju	
e65a8c3ba525042ceba11e102309b2525de4d7748b513787fc3ecc50c13c97654e626571fcdb8a6d96b78af3e6c5bfa95fb0286d8407d9d8d3c867d06c7a1fc4	common_voice_gju_42587572.mp3	5b19667779a089a2ba9e67d2eca6edac8c5d29d6ed614235c09dfed7dc9ac381	جنا نے کہیو		2	0	fourties				gju	
e65a8c3ba525042ceba11e102309b2525de4d7748b513787fc3ecc50c13c97654e626571fcdb8a6d96b78af3e6c5bfa95fb0286d8407d9d8d3c867d06c7a1fc4	common_voice_gju_42587571.mp3	7b845f500733cfcfaa9069d28db51ee434a7fc5d451f8a41ef7d04e2bac7cc41	ایوب خان کا ڈر		2	0	fourties				gju	
e65a8c3ba525042ceba11e102309b2525de4d7748b513787fc3ecc50c13c97654e626571fcdb8a6d96b78af3e6c5bfa95fb0286d8407d9d8d3c867d06c7a1fc4	common_voice_gju_42587570.mp3	83b3d84bbb30f9d8a13635f13b7e6623fb69b696d7b90d032fb7a3edd6d8b10a	اِن لوکاں کا اِکّی بائی دن اُت ہوگیا تھا		2	0	fourties				gju	
e65a8c3ba525042ceba11e102309b2525de4d7748b513787fc3ecc50c13c97654e626571fcdb8a6d96b78af3e6c5bfa95fb0286d8407d9d8d3c867d06c7a1fc4	common_voice_gju_42587569.mp3	5b2ab550e408d4ece45682081b0109215bc0cac146985e2ffdd8511f534a4a4b	اُنھ نا اس گل خبر نیہہ ہوتی جے صرف پیٹ بھرنو مُچ نیہہ ہوتو		2	0	fourties				gju	
e65a8c3ba525042ceba11e102309b2525de4d7748b513787fc3ecc50c13c97654e626571fcdb8a6d96b78af3e6c5bfa95fb0286d8407d9d8d3c867d06c7a1fc4	common_voice_gju_42587567.mp3	4541240e1a5272c9c7992cb6b1d219caff8c4a68656c1f045c6fa8911580efcc	پَل لگ گئی۔		2	1	fourties				gju	
e65a8c3ba525042ceba11e102309b2525de4d7748b513787fc3ecc50c13c97654e626571fcdb8a6d96b78af3e6c5bfa95fb0286d8407d9d8d3c867d06c7a1fc4	common_voice_gju_42587566.mp3	7d76869486e562dba44380d5ca7048999ddd3a1cc0ee539de3ff8a4150caef4c	میر ا ہاتھ ما سوٹی		2	0	fourties				gju	
e65a8c3ba525042ceba11e102309b2525de4d7748b513787fc3ecc50c13c97654e626571fcdb8a6d96b78af3e6c5bfa95fb0286d8407d9d8d3c867d06c7a1fc4	common_voice_gju_42587565.mp3	45492052dcd66d79a45882a84629e1cde6d44a450b491bb77cb8a1c0e364fd89	بکریاں نال جہڑا اجڑی تھا ویہ بکریاں نا چھوڈ کے پل کا ڈر تے نس گیا۔		2	0	fourties				gju	
e65a8c3ba525042ceba11e102309b2525de4d7748b513787fc3ecc50c13c97654e626571fcdb8a6d96b78af3e6c5bfa95fb0286d8407d9d8d3c867d06c7a1fc4	common_voice_gju_42587564.mp3	0360d130ecb8c0a848bff27f7e788d7787b18b544bf38291101af09ebc3ee1b0	کیلا ما بے وھے		2	0	fourties				gju	
e65a8c3ba525042ceba11e102309b2525de4d7748b513787fc3ecc50c13c97654e626571fcdb8a6d96b78af3e6c5bfa95fb0286d8407d9d8d3c867d06c7a1fc4	common_voice_gju_42587563.mp3	1ea73538b3f4bbb75fa6c18b22335d1befcd540b3c64daac317fb1673c2e9990	بڑی مشکل کے نال ڈیرے پوہچیو		2	0	fourties				gju	
e65a8c3ba525042ceba11e102309b2525de4d7748b513787fc3ecc50c13c97654e626571fcdb8a6d96b78af3e6c5bfa95fb0286d8407d9d8d3c867d06c7a1fc4	common_voice_gju_42587562.mp3	78b46bcfb0c148bde7804eb226597a9ed3e3432707cbebf58da4b72878643214	پانی بے آگیو		2	0	fourties				gju	
e65a8c3ba525042ceba11e102309b2525de4d7748b513787fc3ecc50c13c97654e626571fcdb8a6d96b78af3e6c5bfa95fb0286d8407d9d8d3c867d06c7a1fc4	common_voice_gju_42587561.mp3	29da02417a2bc9edff8f9510fe4f423acd038e587861f2e487b2c4b33e802a2d	نساپے اس کو پیر تَہڑ یو		2	0	fourties				gju	
e65a8c3ba525042ceba11e102309b2525de4d7748b513787fc3ecc50c13c97654e626571fcdb8a6d96b78af3e6c5bfa95fb0286d8407d9d8d3c867d06c7a1fc4	common_voice_gju_42587560.mp3	86e9679906801e967f57f52fb846c26bf802d4c23a99fbf7daf0889815976433	اُنھ لوکاں نے اُتو ایک جنو چلایو		2	0	fourties				gju	
e65a8c3ba525042ceba11e102309b2525de4d7748b513787fc3ecc50c13c97654e626571fcdb8a6d96b78af3e6c5bfa95fb0286d8407d9d8d3c867d06c7a1fc4	common_voice_gju_42587559.mp3	6ecbcfcc837c3f0a76678e903b15c7df15d6138555b0a280fa383ea00fec93cb	کچراں نا بٹلا کروں		2	0	fourties				gju	
e65a8c3ba525042ceba11e102309b2525de4d7748b513787fc3ecc50c13c97654e626571fcdb8a6d96b78af3e6c5bfa95fb0286d8407d9d8d3c867d06c7a1fc4	common_voice_gju_42587558.mp3	84ffbb15a086ee8d509312c859377778a4c85915ce302a5158ee7798c8f52601	بوٹو پٹی جا کے اس ناڑ ایو		2	0	fourties				gju	
e65a8c3ba525042ceba11e102309b2525de4d7748b513787fc3ecc50c13c97654e626571fcdb8a6d96b78af3e6c5bfa95fb0286d8407d9d8d3c867d06c7a1fc4	common_voice_gju_42587557.mp3	58505572f5cd324da3db607c0a0797b92b9cb5b09d4e214de5ea6e6eff1046fd	ہم جس دھیاڑے ڈیرا		2	0	fourties				gju	
e65a8c3ba525042ceba11e102309b2525de4d7748b513787fc3ecc50c13c97654e626571fcdb8a6d96b78af3e6c5bfa95fb0286d8407d9d8d3c867d06c7a1fc4	common_voice_gju_42587556.mp3	69c3ac64c44b206e81c694fb205fde96c22fedb6434ba94578efc87cfc60eb0c	اُس ٹیم بوٹا بِچو ایک ہو سئی نِکڑ کے نس گیو		2	0	fourties				gju	
e65a8c3ba525042ceba11e102309b2525de4d7748b513787fc3ecc50c13c97654e626571fcdb8a6d96b78af3e6c5bfa95fb0286d8407d9d8d3c867d06c7a1fc4	common_voice_gju_42587555.mp3	66f0b516c90b0c96f5eb5c13a04f19654666de4ca096bd39041cbed29c3d40f5	کائے بکری کَسی کا مُنہ ما تھی		2	0	fourties				gju	
e65a8c3ba525042ceba11e102309b2525de4d7748b513787fc3ecc50c13c97654e626571fcdb8a6d96b78af3e6c5bfa95fb0286d8407d9d8d3c867d06c7a1fc4	common_voice_gju_42587554.mp3	376be6f98b5af1833a45b54ae02ecf5558dc4e9cd543196eaf8acfb8cccfb661	خالق کا ڈیرا ہالا کیل کناری ما انتظار کرے لگا تھا جے خالق آئے		2	0	fourties				gju	
e65a8c3ba525042ceba11e102309b2525de4d7748b513787fc3ecc50c13c97654e626571fcdb8a6d96b78af3e6c5bfa95fb0286d8407d9d8d3c867d06c7a1fc4	common_voice_gju_42587553.mp3	5cebada1090e1f89100ac29a529b8a2e3b7ad3f0843445110f79976dbc26f842	ہم مسلمان ہاں		2	0	fourties				gju	
e65a8c3ba525042ceba11e102309b2525de4d7748b513787fc3ecc50c13c97654e626571fcdb8a6d96b78af3e6c5bfa95fb0286d8407d9d8d3c867d06c7a1fc4	common_voice_gju_42587552.mp3	80f0289fe69cd38845b5ec98dbc609e4c48357b6bffcb77b9334642f32516514	دریا ما لگو با کچرو بچ گیو یہ کچرا نا		2	0	fourties				gju	
e65a8c3ba525042ceba11e102309b2525de4d7748b513787fc3ecc50c13c97654e626571fcdb8a6d96b78af3e6c5bfa95fb0286d8407d9d8d3c867d06c7a1fc4	common_voice_gju_42587551.mp3	768cd8fc6197db4a8c441700214f612bd79de31a33d74cb477390d0d60e29303	آسمان ما جھڑ آگیو		2	0	fourties				gju	
e65a8c3ba525042ceba11e102309b2525de4d7748b513787fc3ecc50c13c97654e626571fcdb8a6d96b78af3e6c5bfa95fb0286d8407d9d8d3c867d06c7a1fc4	common_voice_gju_42587550.mp3	6305bb61caefee0580c1133abf17a2865dd3afd357c71d9a282fa211643110f4	وہ لڑو اُتو نَس گیو		2	0	fourties				gju	
e65a8c3ba525042ceba11e102309b2525de4d7748b513787fc3ecc50c13c97654e626571fcdb8a6d96b78af3e6c5bfa95fb0286d8407d9d8d3c867d06c7a1fc4	common_voice_gju_42587549.mp3	70e63966bdcd21fde59a2331c16c2e59a36d27045be9e655707956c626b7b1a4	بہادر نو لکھیو		2	0	fourties				gju	
e65a8c3ba525042ceba11e102309b2525de4d7748b513787fc3ecc50c13c97654e626571fcdb8a6d96b78af3e6c5bfa95fb0286d8407d9d8d3c867d06c7a1fc4	common_voice_gju_42587548.mp3	5812b285b72b4f8cab1b3abd8d2be523bd28207553d4c528b61fddeeabe5ea3f	جنو یہ ترے گل لے کے ٹُر ایو		2	0	fourties				gju	
e65a8c3ba525042ceba11e102309b2525de4d7748b513787fc3ecc50c13c97654e626571fcdb8a6d96b78af3e6c5bfa95fb0286d8407d9d8d3c867d06c7a1fc4	common_voice_gju_42587547.mp3	7a6e322f61ef5dd6ea6ee91848e55427cd30ea73d2127a25fef08eaba230dd10	اس نے اشفاق پو حملو کر چھُڑیو اس کو منہ پٹ لیو		2	0	fourties				gju	
e65a8c3ba525042ceba11e102309b2525de4d7748b513787fc3ecc50c13c97654e626571fcdb8a6d96b78af3e6c5bfa95fb0286d8407d9d8d3c867d06c7a1fc4	common_voice_gju_42587546.mp3	7187f7662b924d85544fdca5ed3eeb7f925375daca797c4866a0cb7a9a1ee144	انھ نے وہ نپ کے جرگا ما آنیو		2	0	fourties				gju	
e65a8c3ba525042ceba11e102309b2525de4d7748b513787fc3ecc50c13c97654e626571fcdb8a6d96b78af3e6c5bfa95fb0286d8407d9d8d3c867d06c7a1fc4	common_voice_gju_42587545.mp3	2dde87ca5935ac56e8f670ed435143d2a0c9f2ea5a278d6fdbe3452fd2d95d95	کُتاں کا آن نال ویہ بھُوت غیب ہو گیا		2	0	fourties				gju	
e65a8c3ba525042ceba11e102309b2525de4d7748b513787fc3ecc50c13c97654e626571fcdb8a6d96b78af3e6c5bfa95fb0286d8407d9d8d3c867d06c7a1fc4	common_voice_gju_42587544.mp3	688271e97bb921cd2e7d9ff850511bbb503dc768b42810799409be207b81812a	اپنو مال		2	0	fourties				gju	
e65a8c3ba525042ceba11e102309b2525de4d7748b513787fc3ecc50c13c97654e626571fcdb8a6d96b78af3e6c5bfa95fb0286d8407d9d8d3c867d06c7a1fc4	common_voice_gju_42587543.mp3	637f878564f7cf0d7516cb6120025604b861c26411eb0fe63237ac6164ce9d89	ڈیرا چاھڑیا		2	0	fourties				gju	
e65a8c3ba525042ceba11e102309b2525de4d7748b513787fc3ecc50c13c97654e626571fcdb8a6d96b78af3e6c5bfa95fb0286d8407d9d8d3c867d06c7a1fc4	common_voice_gju_42587542.mp3	3f4fb367f9d660f7198adff485e29e0b6870ab4be7aee8921494c1328c312449	دودھ گھی کھاتا		2	1	fourties				gju	
e65a8c3ba525042ceba11e102309b2525de4d7748b513787fc3ecc50c13c97654e626571fcdb8a6d96b78af3e6c5bfa95fb0286d8407d9d8d3c867d06c7a1fc4	common_voice_gju_42587541.mp3	833bb928c430a2053071386d2a548ea899e351ebc7fd1df4e738edb2312b564e	ڈیرو		2	0	fourties				gju	
e65a8c3ba525042ceba11e102309b2525de4d7748b513787fc3ecc50c13c97654e626571fcdb8a6d96b78af3e6c5bfa95fb0286d8407d9d8d3c867d06c7a1fc4	common_voice_gju_42587540.mp3	688bab056a2b57c741fbe02f639d03fd010571314dcad47cff13a7c3a3d3abf1	دُوجی قسم کو کھانو وہ وھے جہڑو		2	0	fourties				gju	
e65a8c3ba525042ceba11e102309b2525de4d7748b513787fc3ecc50c13c97654e626571fcdb8a6d96b78af3e6c5bfa95fb0286d8407d9d8d3c867d06c7a1fc4	common_voice_gju_42587539.mp3	59cbd19a604d2c152375eeb2fb171658019d5c88c2cc66cd36e526dcc9340414	توہ رچھ نا کے کہے		2	0	fourties				gju	
e65a8c3ba525042ceba11e102309b2525de4d7748b513787fc3ecc50c13c97654e626571fcdb8a6d96b78af3e6c5bfa95fb0286d8407d9d8d3c867d06c7a1fc4	common_voice_gju_42587538.mp3	5e565151a77e0e5ce4a2e7b55a99719352f5695a966ae6aa742706c1c0a400ce	مشکل کے نال بوٹ کڈھیا		2	0	fourties				gju	
e65a8c3ba525042ceba11e102309b2525de4d7748b513787fc3ecc50c13c97654e626571fcdb8a6d96b78af3e6c5bfa95fb0286d8407d9d8d3c867d06c7a1fc4	common_voice_gju_42587537.mp3	47b7ed6a2c446aa8924742ec5394f04444e632f89cb4047267c77e87d57ced72	باڑ پَٹ کے جنو مدھ چھوڈیو		2	0	fourties				gju	
e65a8c3ba525042ceba11e102309b2525de4d7748b513787fc3ecc50c13c97654e626571fcdb8a6d96b78af3e6c5bfa95fb0286d8407d9d8d3c867d06c7a1fc4	common_voice_gju_42587536.mp3	74f7175b34537478767409e3393b8dc9d1752188d186803b44f3361c20c4945e	ذرے تم صبر کروں ہوں اِنھ مھیساں نا لے کے اپر ڈھاکا ما چھوڈ کے آئوں		2	0	fourties				gju	
e65a8c3ba525042ceba11e102309b2525de4d7748b513787fc3ecc50c13c97654e626571fcdb8a6d96b78af3e6c5bfa95fb0286d8407d9d8d3c867d06c7a1fc4	common_voice_gju_42587535.mp3	78dd5bcd3320549acc83c5317c2fc294536d498aa5dbbeffa4e7f6b2876acf56	اس نے دھیانی نا کہیو		2	0	fourties				gju	
e65a8c3ba525042ceba11e102309b2525de4d7748b513787fc3ecc50c13c97654e626571fcdb8a6d96b78af3e6c5bfa95fb0286d8407d9d8d3c867d06c7a1fc4	common_voice_gju_42587534.mp3	80bcd6ad7e9b0a1433f01b920850863e0fe03513b8649d506319e087db280503	کُوڑ کرے تھا جے ہم آں تھا خان کے ڈر		2	0	fourties				gju	
e65a8c3ba525042ceba11e102309b2525de4d7748b513787fc3ecc50c13c97654e626571fcdb8a6d96b78af3e6c5bfa95fb0286d8407d9d8d3c867d06c7a1fc4	common_voice_gju_42587533.mp3	800cff3c63ab20db94d27e33513421168bc5b60ad09ea26ba25f10a3ddaebb15	اُت مچ بڑو میلو لگو تھو		2	0	fourties				gju	
e65a8c3ba525042ceba11e102309b2525de4d7748b513787fc3ecc50c13c97654e626571fcdb8a6d96b78af3e6c5bfa95fb0286d8407d9d8d3c867d06c7a1fc4	common_voice_gju_42587532.mp3	7647eaac7a8ab0fe80773fdc15c97370598760de96329f919f00485c233929a5	پنجاں نال چا کے اگے ٹریا۔		2	0	fourties				gju	
e65a8c3ba525042ceba11e102309b2525de4d7748b513787fc3ecc50c13c97654e626571fcdb8a6d96b78af3e6c5bfa95fb0286d8407d9d8d3c867d06c7a1fc4	common_voice_gju_42587531.mp3	581df9b4e4e484e42ba27a99f3370a8a5d227d80221160ca82d4638e71cde2ff	دو دھیاڑا کاہڈ اس نے ڈیرو پَٹیو		2	0	fourties				gju	
e65a8c3ba525042ceba11e102309b2525de4d7748b513787fc3ecc50c13c97654e626571fcdb8a6d96b78af3e6c5bfa95fb0286d8407d9d8d3c867d06c7a1fc4	common_voice_gju_42587525.mp3	62008c5795cba213328fe93d881d3970eb5af7ce55b08495054a3e245d487b3a	سَرِیاں کو ساگ کھاں		2	0	fourties				gju	
e65a8c3ba525042ceba11e102309b2525de4d7748b513787fc3ecc50c13c97654e626571fcdb8a6d96b78af3e6c5bfa95fb0286d8407d9d8d3c867d06c7a1fc4	common_voice_gju_42587524.mp3	6de99bd2f647e375a0921dd93b674561c578afd2e361a48d437bf5f2c800ee3c	نہ کر ارماند کرے گی		2	0	fourties				gju	
e65a8c3ba525042ceba11e102309b2525de4d7748b513787fc3ecc50c13c97654e626571fcdb8a6d96b78af3e6c5bfa95fb0286d8407d9d8d3c867d06c7a1fc4	common_voice_gju_42587523.mp3	701547d700a24663f1751beb86e8e9afc5d9e9aea4094e345dacdc0a3cae72cf	ایک دم سپ جُڑ گیو		2	0	fourties				gju	
e65a8c3ba525042ceba11e102309b2525de4d7748b513787fc3ecc50c13c97654e626571fcdb8a6d96b78af3e6c5bfa95fb0286d8407d9d8d3c867d06c7a1fc4	common_voice_gju_42587522.mp3	5ef94ca08414a9110d2f59140c024ce9955bde4175f5148890dcc3fd9069ad56	بارے میں یاہ گل نیہہ دسی جے رچھ میں ماریا		2	0	fourties				gju	
e65a8c3ba525042ceba11e102309b2525de4d7748b513787fc3ecc50c13c97654e626571fcdb8a6d96b78af3e6c5bfa95fb0286d8407d9d8d3c867d06c7a1fc4	common_voice_gju_42587521.mp3	723d00c22db90acfa5d4c8d955aa45c59b51f77e24c04d999c7b50e82e334dc4	ہور بر		2	0	fourties				gju	
e65a8c3ba525042ceba11e102309b2525de4d7748b513787fc3ecc50c13c97654e626571fcdb8a6d96b78af3e6c5bfa95fb0286d8407d9d8d3c867d06c7a1fc4	common_voice_gju_42587520.mp3	78f6291f9591f927b198400c71712b65a6cc822a0c5c30fe30945fef7ba99dcd	اس نا تیری خیر نیہہ میر ا بدلہ ما بیٹکی بے دے		2	0	fourties				gju	
e65a8c3ba525042ceba11e102309b2525de4d7748b513787fc3ecc50c13c97654e626571fcdb8a6d96b78af3e6c5bfa95fb0286d8407d9d8d3c867d06c7a1fc4	common_voice_gju_42587519.mp3	6e3e33a2ab8063f37d4189ecf3be591a130b3ae3c0d55597a3565c9b47f5d7c7	ایک ہیلی کاپٹر چلایو		2	0	fourties				gju	
e65a8c3ba525042ceba11e102309b2525de4d7748b513787fc3ecc50c13c97654e626571fcdb8a6d96b78af3e6c5bfa95fb0286d8407d9d8d3c867d06c7a1fc4	common_voice_gju_42587518.mp3	6b1abd7d2aaef73eed7470d5aa3fea9f1ed4726809c748c198230c009839d34c	ہوں بی تیرے ناڑ چلوں‘‘		2	0	fourties				gju	
e65a8c3ba525042ceba11e102309b2525de4d7748b513787fc3ecc50c13c97654e626571fcdb8a6d96b78af3e6c5bfa95fb0286d8407d9d8d3c867d06c7a1fc4	common_voice_gju_42587517.mp3	3f856d84df0e94335a7ac6efa762785fe4ff5834c6d5904bc668ae1a5d0f0d24	ڈیرو لُگو رہ گیو		2	0	fourties				gju	
e65a8c3ba525042ceba11e102309b2525de4d7748b513787fc3ecc50c13c97654e626571fcdb8a6d96b78af3e6c5bfa95fb0286d8407d9d8d3c867d06c7a1fc4	common_voice_gju_42587516.mp3	7134591c83429b3c65ff377e0e99af6333f9a3d993f8341b2d7032b9c63ad66b	جِرگا ما گیا۔		2	0	fourties				gju	
e65a8c3ba525042ceba11e102309b2525de4d7748b513787fc3ecc50c13c97654e626571fcdb8a6d96b78af3e6c5bfa95fb0286d8407d9d8d3c867d06c7a1fc4	common_voice_gju_42587515.mp3	78eaf2adc78d1494ded4b5c38257e193714e552f237e722c0ae4af193c44483e	اس طرح کَدے سفر ما کوئی حادثو ہو جائے		2	0	fourties				gju	
e65a8c3ba525042ceba11e102309b2525de4d7748b513787fc3ecc50c13c97654e626571fcdb8a6d96b78af3e6c5bfa95fb0286d8407d9d8d3c867d06c7a1fc4	common_voice_gju_42587514.mp3	2b494ff4a39b8b2616df0dc30f30e942c294daadf0730719b979806a33ed535a	لوکاں نے بڑی ہمت کری		2	0	fourties				gju	
e65a8c3ba525042ceba11e102309b2525de4d7748b513787fc3ecc50c13c97654e626571fcdb8a6d96b78af3e6c5bfa95fb0286d8407d9d8d3c867d06c7a1fc4	common_voice_gju_42587513.mp3	54702c37c942cb2109518e0f70aae40594874e0810dca7c9864c509da8e98469	پروین نے کہیو منا دسوں یاہ ترے رنگ کی خوراک کِتو لبھے		2	0	fourties				gju	
e65a8c3ba525042ceba11e102309b2525de4d7748b513787fc3ecc50c13c97654e626571fcdb8a6d96b78af3e6c5bfa95fb0286d8407d9d8d3c867d06c7a1fc4	common_voice_gju_42587512.mp3	1e752e4d7e81b4153a262e019e11f9acd89fa416938be2930be3a7cf3f7bf071	بھائی نے بکری ڈکی		2	0	fourties				gju	
e65a8c3ba525042ceba11e102309b2525de4d7748b513787fc3ecc50c13c97654e626571fcdb8a6d96b78af3e6c5bfa95fb0286d8407d9d8d3c867d06c7a1fc4	common_voice_gju_42587511.mp3	6327ecc2b7755be297192cf3bdd16a7a34c73706fd14afe9d12395405f776f97	لوک اپنی بکریاں نا کسی دوجی جا تا بے نیہہ لے کے جا سکے تھا		2	0	fourties				gju	
e65a8c3ba525042ceba11e102309b2525de4d7748b513787fc3ecc50c13c97654e626571fcdb8a6d96b78af3e6c5bfa95fb0286d8407d9d8d3c867d06c7a1fc4	common_voice_gju_42587510.mp3	71272518bb7e29ec077789a021db4cbe59062591b326f8ad2f9037518e4c264f	نہ کائے شے کھان کی نہ پین کی		2	0	fourties				gju	
e65a8c3ba525042ceba11e102309b2525de4d7748b513787fc3ecc50c13c97654e626571fcdb8a6d96b78af3e6c5bfa95fb0286d8407d9d8d3c867d06c7a1fc4	common_voice_gju_42587509.mp3	6655874c3e352a136244a2c2c219194a2d0d059940459fe6f7425b85c3f71d85	یاہ گل مُچ ہی خاص		2	0	fourties				gju	
e65a8c3ba525042ceba11e102309b2525de4d7748b513787fc3ecc50c13c97654e626571fcdb8a6d96b78af3e6c5bfa95fb0286d8407d9d8d3c867d06c7a1fc4	common_voice_gju_42587508.mp3	7cc70817db46a0343f75fec2e3519d7b8a29bce47ea658bf7fc58841a40b2f61	نہ پٹھان ہے		2	0	fourties				gju	
e65a8c3ba525042ceba11e102309b2525de4d7748b513787fc3ecc50c13c97654e626571fcdb8a6d96b78af3e6c5bfa95fb0286d8407d9d8d3c867d06c7a1fc4	common_voice_gju_42587503.mp3	54ff54cc25c807e26e88b47da41a2fc98aa4ae9fc284bc01e2d0b62e669db370	ہوں بی تیرے ناڑ چلوں گو‘‘		2	0	fourties				gju	
e65a8c3ba525042ceba11e102309b2525de4d7748b513787fc3ecc50c13c97654e626571fcdb8a6d96b78af3e6c5bfa95fb0286d8407d9d8d3c867d06c7a1fc4	common_voice_gju_42587500.mp3	0ececd0c55c5555dab8cf3f2b8fb1a2856fa359ecf6645b128a9c7d57717b93b	تیرا سنگیاں نے توہ نہ چاڑھیو		2	0	fourties				gju	
e65a8c3ba525042ceba11e102309b2525de4d7748b513787fc3ecc50c13c97654e626571fcdb8a6d96b78af3e6c5bfa95fb0286d8407d9d8d3c867d06c7a1fc4	common_voice_gju_42587499.mp3	7a1aa9f9f176fd819c9ab66ce9a9ccbef4214918ac8146b064eecff8e83e1ca3	ڈیرو اُنھاں ما لدیو		2	0	fourties				gju	
e65a8c3ba525042ceba11e102309b2525de4d7748b513787fc3ecc50c13c97654e626571fcdb8a6d96b78af3e6c5bfa95fb0286d8407d9d8d3c867d06c7a1fc4	common_voice_gju_42587498.mp3	70377ae1d4e08a3b683413963e632ffd94bab7d8e66ec845909e1717bae28e2d	اُساں نپ کے لے گیا		2	0	fourties				gju	
e65a8c3ba525042ceba11e102309b2525de4d7748b513787fc3ecc50c13c97654e626571fcdb8a6d96b78af3e6c5bfa95fb0286d8407d9d8d3c867d06c7a1fc4	common_voice_gju_42587497.mp3	7108fcbf66c34f55876ea17588c960aa4bbd3100c807b76e3d2c0318181a0199	ویہ مُچ خوش تھی		2	0	fourties				gju	
e65a8c3ba525042ceba11e102309b2525de4d7748b513787fc3ecc50c13c97654e626571fcdb8a6d96b78af3e6c5bfa95fb0286d8407d9d8d3c867d06c7a1fc4	common_voice_gju_42587682.mp3	538cfcfdc3bbe2e58bc4bbed2ddc719f8be8585775e34272af39e7debe090147	مُچ واقعو		2	0	fourties				gju	
e65a8c3ba525042ceba11e102309b2525de4d7748b513787fc3ecc50c13c97654e626571fcdb8a6d96b78af3e6c5bfa95fb0286d8407d9d8d3c867d06c7a1fc4	common_voice_gju_42587496.mp3	65f5dfbdd3b3aa96054883dd918c64d77fca60b0a8849a7b260cc4586bc2f542	پوت دھیاڑی مزدوری نا جارہیو		2	0	fourties				gju	
e65a8c3ba525042ceba11e102309b2525de4d7748b513787fc3ecc50c13c97654e626571fcdb8a6d96b78af3e6c5bfa95fb0286d8407d9d8d3c867d06c7a1fc4	common_voice_gju_42587495.mp3	7123084d355d7d9514b32ea6245cfd8151817312cf9be158517d3cfcc27f001a	حاجی محبوب کو ڈیرو بِساکھ ما مظفرآباد ما پوہچیو		2	0	fourties				gju	
e65a8c3ba525042ceba11e102309b2525de4d7748b513787fc3ecc50c13c97654e626571fcdb8a6d96b78af3e6c5bfa95fb0286d8407d9d8d3c867d06c7a1fc4	common_voice_gju_42587494.mp3	2d61b6be5ff6306448732e8e8f77dd44a37af6a1ffd1e6f10385f39f5765d02c	وہ تَم ظالماں نے مار چھُڑیو		2	0	fourties				gju	
e65a8c3ba525042ceba11e102309b2525de4d7748b513787fc3ecc50c13c97654e626571fcdb8a6d96b78af3e6c5bfa95fb0286d8407d9d8d3c867d06c7a1fc4	common_voice_gju_42587493.mp3	7c370d814cce8d6e7e16d8cdfa0a8f400e678bea9edcfd17af57083b7b082b9d	میرے ناڑ چل		2	0	fourties				gju	
e65a8c3ba525042ceba11e102309b2525de4d7748b513787fc3ecc50c13c97654e626571fcdb8a6d96b78af3e6c5bfa95fb0286d8407d9d8d3c867d06c7a1fc4	common_voice_gju_42587492.mp3	5ae905fc02e7dae67279395f69fae57856a6c63c9a829c3a1588bac6de709a92	رِچھ اس کے اُپر آ کے چَڑھ گیو		2	0	fourties				gju	
e65a8c3ba525042ceba11e102309b2525de4d7748b513787fc3ecc50c13c97654e626571fcdb8a6d96b78af3e6c5bfa95fb0286d8407d9d8d3c867d06c7a1fc4	common_voice_gju_42587491.mp3	4a072eeceaaacaca14e588eeb1ade05c2bbedf091c36d29d75c1fcb0548675f2	ہم ارام پو ہو گیا		2	0	fourties				gju	
e65a8c3ba525042ceba11e102309b2525de4d7748b513787fc3ecc50c13c97654e626571fcdb8a6d96b78af3e6c5bfa95fb0286d8407d9d8d3c867d06c7a1fc4	common_voice_gju_42587490.mp3	72a65e0e3621af3b671fb0000e1e018557b98f7f34ce15389ed1808466c21ea5	ویہ لوک ہر دھیاڑے ایک قسم کی خوراک کھائے		2	0	fourties				gju	
e65a8c3ba525042ceba11e102309b2525de4d7748b513787fc3ecc50c13c97654e626571fcdb8a6d96b78af3e6c5bfa95fb0286d8407d9d8d3c867d06c7a1fc4	common_voice_gju_42587489.mp3	7f82fc811b8358c3a14b196564d38f339a80fd5a5e2ae462e4c505244e8df37d	دیسی لوکاں نے اس کی قبر کری		2	0	fourties				gju	
e65a8c3ba525042ceba11e102309b2525de4d7748b513787fc3ecc50c13c97654e626571fcdb8a6d96b78af3e6c5bfa95fb0286d8407d9d8d3c867d06c7a1fc4	common_voice_gju_42587488.mp3	80101fc981cb0eb60c7a9ef43bcd2222a2a34ddd31a472bddc2e8842be34e237	جنازا نا خانپور تا آنن کی صلاح بن گئی		2	0	fourties				gju	
e65a8c3ba525042ceba11e102309b2525de4d7748b513787fc3ecc50c13c97654e626571fcdb8a6d96b78af3e6c5bfa95fb0286d8407d9d8d3c867d06c7a1fc4	common_voice_gju_42587487.mp3	6cb7d913557df4f4c8c05a8b7443a307a05d6d966df9be95c36013411629c4c7	بچن ما مدد دیئے		2	0	fourties				gju	
e65a8c3ba525042ceba11e102309b2525de4d7748b513787fc3ecc50c13c97654e626571fcdb8a6d96b78af3e6c5bfa95fb0286d8407d9d8d3c867d06c7a1fc4	common_voice_gju_42587486.mp3	6ac0cc7fa0f2f406d6a6849b9eaa4b0530e912985fe8719e52de571f3b8a95f5	اس کی بکری بیساکھ گلیاں پو گئی		2	0	fourties				gju	
e65a8c3ba525042ceba11e102309b2525de4d7748b513787fc3ecc50c13c97654e626571fcdb8a6d96b78af3e6c5bfa95fb0286d8407d9d8d3c867d06c7a1fc4	common_voice_gju_42587485.mp3	3a089b75b8ce84c13811205c08e67c8255707bdfef8e7d64c2133df379c4dc89	اس گل کو نی نی کا کا نا		2	0	fourties				gju	
e65a8c3ba525042ceba11e102309b2525de4d7748b513787fc3ecc50c13c97654e626571fcdb8a6d96b78af3e6c5bfa95fb0286d8407d9d8d3c867d06c7a1fc4	common_voice_gju_42587484.mp3	63229566cf18014d876b07f6803165653f626c7b6c3dbe9c138e762a0a378604	اُت ویہ جنازہ دَبیا		2	0	fourties				gju	
e65a8c3ba525042ceba11e102309b2525de4d7748b513787fc3ecc50c13c97654e626571fcdb8a6d96b78af3e6c5bfa95fb0286d8407d9d8d3c867d06c7a1fc4	common_voice_gju_42587483.mp3	7f3358251753cd339cb55dc65786da1b5356867d6e1d6a0a356330081591f8ca	سیریاں ہالا بیلا ما جا رہیا		2	0	fourties				gju	
e65a8c3ba525042ceba11e102309b2525de4d7748b513787fc3ecc50c13c97654e626571fcdb8a6d96b78af3e6c5bfa95fb0286d8407d9d8d3c867d06c7a1fc4	common_voice_gju_42587482.mp3	80cade938c03dd9c1e64667b5d0a92dfe661d4cb0d3ffaff7b624db526450c5a	مدوکھ گَڑ ما گھل کے تیرے دا واز کروں گی		2	0	fourties				gju	
e65a8c3ba525042ceba11e102309b2525de4d7748b513787fc3ecc50c13c97654e626571fcdb8a6d96b78af3e6c5bfa95fb0286d8407d9d8d3c867d06c7a1fc4	common_voice_gju_42587481.mp3	74ff8d0ae1aaa0aedf909831d4245045a9e1fa510e729acf2b18589310a814fa	ڈیرا تا نہ آسکیا		2	0	fourties				gju	
e65a8c3ba525042ceba11e102309b2525de4d7748b513787fc3ecc50c13c97654e626571fcdb8a6d96b78af3e6c5bfa95fb0286d8407d9d8d3c867d06c7a1fc4	common_voice_gju_42587480.mp3	79a1fa51593839dac25fa0b7efb71e09fc539210449d98ec459ac1ff135fa030	دھیانی کا پوت کو منجو اپنا سنگی کا منجا کی ٹھار پو دھر چھوڈیو		2	0	fourties				gju	
e65a8c3ba525042ceba11e102309b2525de4d7748b513787fc3ecc50c13c97654e626571fcdb8a6d96b78af3e6c5bfa95fb0286d8407d9d8d3c867d06c7a1fc4	common_voice_gju_42587479.mp3	718afb4a333d9b788bdd80d52454a1856ee6896885d62642bf04ff8dc9652b76	لوکاں نے کہیو جی فلانی ٹھار ما ایک جنو ہے اُس کوڑے پتو کروں		2	0	fourties				gju	
e65a8c3ba525042ceba11e102309b2525de4d7748b513787fc3ecc50c13c97654e626571fcdb8a6d96b78af3e6c5bfa95fb0286d8407d9d8d3c867d06c7a1fc4	common_voice_gju_42587478.mp3	7e241a17ec9e6ac4c4e8f3f5887b0181e0707df2350dc0fcf0ec038245b1c903	فوج نے ڈاکٹراں کو بندوبست کریو		2	0	fourties				gju	
e65a8c3ba525042ceba11e102309b2525de4d7748b513787fc3ecc50c13c97654e626571fcdb8a6d96b78af3e6c5bfa95fb0286d8407d9d8d3c867d06c7a1fc4	common_voice_gju_42587477.mp3	765dacf62edbb4d4c8ce19343b442336f08fca909bf120d9845fa826f64232da	وہ اس نا سَٹ کے چل گیو		2	0	fourties				gju	
e65a8c3ba525042ceba11e102309b2525de4d7748b513787fc3ecc50c13c97654e626571fcdb8a6d96b78af3e6c5bfa95fb0286d8407d9d8d3c867d06c7a1fc4	common_voice_gju_42587475.mp3	7bdcaef458424a14962cd0047323c9050f1c9d90d9c8f2bc3cb7760043d9218a	بادشاہ کی واہ اگلی دھیانی بی اُس پٹھان کے ڈیرے تھی		2	0	fourties				gju	
e65a8c3ba525042ceba11e102309b2525de4d7748b513787fc3ecc50c13c97654e626571fcdb8a6d96b78af3e6c5bfa95fb0286d8407d9d8d3c867d06c7a1fc4	common_voice_gju_42587474.mp3	66d8661a1f2fed3fc0640d622e675eff12d36c13c488f9526f42e2b64694ae24	مچھل پوہچیو		2	0	fourties				gju	
e65a8c3ba525042ceba11e102309b2525de4d7748b513787fc3ecc50c13c97654e626571fcdb8a6d96b78af3e6c5bfa95fb0286d8407d9d8d3c867d06c7a1fc4	common_voice_gju_42587473.mp3	4a1c21b2eff1ffb20346a29cadb7df1594d98825458904e84ec810c570dd297e	جھب جھب ڈاکٹر کول پوہچایو		2	0	fourties				gju	
e65a8c3ba525042ceba11e102309b2525de4d7748b513787fc3ecc50c13c97654e626571fcdb8a6d96b78af3e6c5bfa95fb0286d8407d9d8d3c867d06c7a1fc4	common_voice_gju_42587472.mp3	81d64050d3d6ebe9a0580d94cf3e9f5db1a73a7a754afd0c8bb3cda70e541a35	منیر نا زاہر کی خبرنیہہ تھی وہ گھوڑا چھوڈ کے سو رہیو		2	0	fourties				gju	
e65a8c3ba525042ceba11e102309b2525de4d7748b513787fc3ecc50c13c97654e626571fcdb8a6d96b78af3e6c5bfa95fb0286d8407d9d8d3c867d06c7a1fc4	common_voice_gju_42587471.mp3	7f2f66741ffa9d2c4c359aee8acc943602810d6364ddec448726c892d1bb71a7	اللہ نے اِنھ کا ادمی خراما بچا لیا		2	0	fourties				gju	
e65a8c3ba525042ceba11e102309b2525de4d7748b513787fc3ecc50c13c97654e626571fcdb8a6d96b78af3e6c5bfa95fb0286d8407d9d8d3c867d06c7a1fc4	common_voice_gju_42587470.mp3	64d38cd08c1cbff344c5b292833f3aaef7d713b7f0228f0c1a816db4fdde98f2	ہسپتال نا لے گیا		2	0	fourties				gju	
e65a8c3ba525042ceba11e102309b2525de4d7748b513787fc3ecc50c13c97654e626571fcdb8a6d96b78af3e6c5bfa95fb0286d8407d9d8d3c867d06c7a1fc4	common_voice_gju_42587469.mp3	79b70a75a9843fe2eabde8d12cd5680fccc4220898c76ab334969696ef5d42cc	دھی نے کہیو" ہوں اِسلا بیاہ نیہہ کرتی "		2	0	fourties				gju	
e65a8c3ba525042ceba11e102309b2525de4d7748b513787fc3ecc50c13c97654e626571fcdb8a6d96b78af3e6c5bfa95fb0286d8407d9d8d3c867d06c7a1fc4	common_voice_gju_42587468.mp3	51f4218c6393e81bfe75e9767db700d3b071e9856ffe97cc51beb14d64902a42	مھہار کالج ہالا اس گل کو پتو کرنو چا		2	0	fourties				gju	
e65a8c3ba525042ceba11e102309b2525de4d7748b513787fc3ecc50c13c97654e626571fcdb8a6d96b78af3e6c5bfa95fb0286d8407d9d8d3c867d06c7a1fc4	common_voice_gju_42587467.mp3	7582794076fb12c29d83924ddaae4de9b2b33fa6f7ed0f12c7e39a59c08bf2e3	تپوس کیو جی تنا کے ول ہے اَج کیوں خپا ہے		2	0	fourties				gju	
e65a8c3ba525042ceba11e102309b2525de4d7748b513787fc3ecc50c13c97654e626571fcdb8a6d96b78af3e6c5bfa95fb0286d8407d9d8d3c867d06c7a1fc4	common_voice_gju_42587466.mp3	8152d6b373f2030c6ed354f7bf5437c269e31b10e09425588504999ffea15c4d	نماز کا ٹیم پو ہوں روڑ ما آئی		2	0	fourties				gju	
e65a8c3ba525042ceba11e102309b2525de4d7748b513787fc3ecc50c13c97654e626571fcdb8a6d96b78af3e6c5bfa95fb0286d8407d9d8d3c867d06c7a1fc4	common_voice_gju_42587465.mp3	792abdb5f69ab08e26e4e1143e7cd6b27382328ea542edfa4e20945876bc8fdb	اُتو ہیلی کاپٹر ما آن کے سارا ایک جا کریا		2	0	fourties				gju	
e65a8c3ba525042ceba11e102309b2525de4d7748b513787fc3ecc50c13c97654e626571fcdb8a6d96b78af3e6c5bfa95fb0286d8407d9d8d3c867d06c7a1fc4	common_voice_gju_42587464.mp3	0a10556dec89d9a4ce829c40e2cc7e6077ac26da09e1da587c16cfa1601dddce	ہوراں نا ڈھونڈن لگ گیو		2	0	fourties				gju	
e65a8c3ba525042ceba11e102309b2525de4d7748b513787fc3ecc50c13c97654e626571fcdb8a6d96b78af3e6c5bfa95fb0286d8407d9d8d3c867d06c7a1fc4	common_voice_gju_42587463.mp3	21c49aeb563f8897d6704edb10c0ee4c04e7f26822d7ba49e0462bdec4b9b4e2	تہنا		2	0	fourties				gju	
e65a8c3ba525042ceba11e102309b2525de4d7748b513787fc3ecc50c13c97654e626571fcdb8a6d96b78af3e6c5bfa95fb0286d8407d9d8d3c867d06c7a1fc4	common_voice_gju_42587462.mp3	1137cb6da9e50983fafdfbce730f53394f47a2d2ca2e8ba0625d857b8edf6a37	توہ بھی شہر تا چل		2	0	fourties				gju	
e65a8c3ba525042ceba11e102309b2525de4d7748b513787fc3ecc50c13c97654e626571fcdb8a6d96b78af3e6c5bfa95fb0286d8407d9d8d3c867d06c7a1fc4	common_voice_gju_42587461.mp3	6dd4f48952b7eb0d0032f825bee27c9e75301a640b6f1dc9623644339c742e05	میرو پُوت		2	0	fourties				gju	
e65a8c3ba525042ceba11e102309b2525de4d7748b513787fc3ecc50c13c97654e626571fcdb8a6d96b78af3e6c5bfa95fb0286d8407d9d8d3c867d06c7a1fc4	common_voice_gju_42587460.mp3	71580d8b8609dd262856a3ad7def405207847c4e5b7c4936e0d6ab2ddd2c53f4	جس بِڑے بلا آئی		2	0	fourties				gju	
e65a8c3ba525042ceba11e102309b2525de4d7748b513787fc3ecc50c13c97654e626571fcdb8a6d96b78af3e6c5bfa95fb0286d8407d9d8d3c867d06c7a1fc4	common_voice_gju_42587459.mp3	6abbcc5c564447ead479d2aadd395053d014157957643ae818734cbb14a83cc0	شاید وُہ میرو خیال رکھے گو یا نیہہ رکھسے گو میرا ذہن ما یہ سوال پیدا و ھے لگا تھا		2	0	fourties				gju	
e65a8c3ba525042ceba11e102309b2525de4d7748b513787fc3ecc50c13c97654e626571fcdb8a6d96b78af3e6c5bfa95fb0286d8407d9d8d3c867d06c7a1fc4	common_voice_gju_42587458.mp3	7928133ffdb831cb8ed3966e89341d87ac8419e49d74ede2d84f8372718cbdf8	توہ آپ لہو‘‘		2	0	fourties				gju	
e65a8c3ba525042ceba11e102309b2525de4d7748b513787fc3ecc50c13c97654e626571fcdb8a6d96b78af3e6c5bfa95fb0286d8407d9d8d3c867d06c7a1fc4	common_voice_gju_42587457.mp3	7cdd6f7047384690b8c45f8dd58ce33bd8af78b1849471642435c2af0ed6afb6	پیر چٹن لگ گیو		2	0	fourties				gju	
e65a8c3ba525042ceba11e102309b2525de4d7748b513787fc3ecc50c13c97654e626571fcdb8a6d96b78af3e6c5bfa95fb0286d8407d9d8d3c867d06c7a1fc4	common_voice_gju_42587456.mp3	776cd5398549e584260944b18902499be9e01069229b1e8379086fd57da9fa11	پکھنی کہن لگی		2	0	fourties				gju	
e65a8c3ba525042ceba11e102309b2525de4d7748b513787fc3ecc50c13c97654e626571fcdb8a6d96b78af3e6c5bfa95fb0286d8407d9d8d3c867d06c7a1fc4	common_voice_gju_42587455.mp3	125fe29c5169124fe12f83316906439e71cb737942254fa9988e4aa5d411060c	ایک سال چاچو یوبو بجاڑ بر نِکی دیواسئی ما تھو بر یہ اس ماہلی ما خوش خشحال رہیا		2	0	fourties				gju	
e65a8c3ba525042ceba11e102309b2525de4d7748b513787fc3ecc50c13c97654e626571fcdb8a6d96b78af3e6c5bfa95fb0286d8407d9d8d3c867d06c7a1fc4	common_voice_gju_42587454.mp3	6b1cc6e94082ca61e44b51c1e04d598c8f85a20834c4a6bd553657e7842fef3f	گل منا پُل		2	0	fourties				gju	
e65a8c3ba525042ceba11e102309b2525de4d7748b513787fc3ecc50c13c97654e626571fcdb8a6d96b78af3e6c5bfa95fb0286d8407d9d8d3c867d06c7a1fc4	common_voice_gju_42587453.mp3	75bcc73995c090cf34b074a7951f709e2e54d5d09de2fa7b943b061a1f500a30	ایک سال یہ لوک کیل کا دیس گُجر دومیل ما رہیا		2	0	fourties				gju	
e65a8c3ba525042ceba11e102309b2525de4d7748b513787fc3ecc50c13c97654e626571fcdb8a6d96b78af3e6c5bfa95fb0286d8407d9d8d3c867d06c7a1fc4	common_voice_gju_42587452.mp3	6e5fb150ccf18d7b623943fa3cf620057ec722bbff28440208c8d7305b9771d6	لوک جھب جھب اُٹھیا		2	0	fourties				gju	
e65a8c3ba525042ceba11e102309b2525de4d7748b513787fc3ecc50c13c97654e626571fcdb8a6d96b78af3e6c5bfa95fb0286d8407d9d8d3c867d06c7a1fc4	common_voice_gju_42587451.mp3	74c90cc5276e64140b95a8cbe180f265ca0e1a500763ccf249bcff5de2537452	یوہ لُڑو ایک سال کو تھو		2	0	fourties				gju	
e65a8c3ba525042ceba11e102309b2525de4d7748b513787fc3ecc50c13c97654e626571fcdb8a6d96b78af3e6c5bfa95fb0286d8407d9d8d3c867d06c7a1fc4	common_voice_gju_42587449.mp3	708ade9e4e43b7469ddba61059d7d75c6d47e251dcaddefb5762b4cd97ae036c	یوہ کالو سیال تھو		2	0	fourties				gju	
e65a8c3ba525042ceba11e102309b2525de4d7748b513787fc3ecc50c13c97654e626571fcdb8a6d96b78af3e6c5bfa95fb0286d8407d9d8d3c867d06c7a1fc4	common_voice_gju_42587448.mp3	5fc01a0822cdc8c3871b5936d16379b7b26c84a15bca29e3cc5e49414965fef2	یوہ مچ سمجھدار جنو ہے‘‘		2	0	fourties				gju	
e65a8c3ba525042ceba11e102309b2525de4d7748b513787fc3ecc50c13c97654e626571fcdb8a6d96b78af3e6c5bfa95fb0286d8407d9d8d3c867d06c7a1fc4	common_voice_gju_42587447.mp3	59b99f5284b70b021938b81b5fded8596bd734619fe4e42dc1feeff35524e59f	اپنو ساہ روک لیو		2	0	fourties				gju	
e65a8c3ba525042ceba11e102309b2525de4d7748b513787fc3ecc50c13c97654e626571fcdb8a6d96b78af3e6c5bfa95fb0286d8407d9d8d3c867d06c7a1fc4	common_voice_gju_42587446.mp3	7a4ddf38c24f5ed330c2ecc0e40fa30d2c5721a2b02584f52df0529a1fbf4a3c	اُنھ کو ڈیرو ہر ٹیم صاف دِسے تھو		2	0	fourties				gju	
e65a8c3ba525042ceba11e102309b2525de4d7748b513787fc3ecc50c13c97654e626571fcdb8a6d96b78af3e6c5bfa95fb0286d8407d9d8d3c867d06c7a1fc4	common_voice_gju_42587444.mp3	5ac8ceb318321ab6dd6ded2667054bae90ff85055999864a3741c513bde3c349	تے جاتکاں نا روٹی دتی		2	0	fourties				gju	
e65a8c3ba525042ceba11e102309b2525de4d7748b513787fc3ecc50c13c97654e626571fcdb8a6d96b78af3e6c5bfa95fb0286d8407d9d8d3c867d06c7a1fc4	common_voice_gju_42587442.mp3	55d493c583583de45a4482a5b400639660123c38a47fc87cb0e50edc3b6d7e1e	وہ کہن لگو		2	0	fourties				gju	
e65a8c3ba525042ceba11e102309b2525de4d7748b513787fc3ecc50c13c97654e626571fcdb8a6d96b78af3e6c5bfa95fb0286d8407d9d8d3c867d06c7a1fc4	common_voice_gju_42587441.mp3	7eedf65d45eef60056f02507c3b18390947210e9662b5f8f338040c21e049998	واہ ٹھیک ہو گئی		2	0	fourties				gju	
e65a8c3ba525042ceba11e102309b2525de4d7748b513787fc3ecc50c13c97654e626571fcdb8a6d96b78af3e6c5bfa95fb0286d8407d9d8d3c867d06c7a1fc4	common_voice_gju_42587440.mp3	4dc39e57436f3f21c24b51903cdb33f4389b5b25b7daf958e183f467e12fb3e7	دُوجی رات پل اسے طرح بَر		2	0	fourties				gju	
e65a8c3ba525042ceba11e102309b2525de4d7748b513787fc3ecc50c13c97654e626571fcdb8a6d96b78af3e6c5bfa95fb0286d8407d9d8d3c867d06c7a1fc4	common_voice_gju_42587439.mp3	50a6b26d3c4bc54caff04e9e63e97a54c10f22556c844c9eec3d472750514bc8	اُس سنگی نے کہیو		2	0	fourties				gju	
e65a8c3ba525042ceba11e102309b2525de4d7748b513787fc3ecc50c13c97654e626571fcdb8a6d96b78af3e6c5bfa95fb0286d8407d9d8d3c867d06c7a1fc4	common_voice_gju_42587438.mp3	6b1bb14ad1599e3c366947ed2f46ba24cde6ecdbe00dc696e1b89a17aea3be6f	اُنھ نے چوگ نہ کھدی		2	0	fourties				gju	
e65a8c3ba525042ceba11e102309b2525de4d7748b513787fc3ecc50c13c97654e626571fcdb8a6d96b78af3e6c5bfa95fb0286d8407d9d8d3c867d06c7a1fc4	common_voice_gju_42587437.mp3	6dbcb68209eecd8e308150c61b6c2fae2ef29b2e8cad965e3e0348f20f460d8a	گل منا دارُو دے		2	0	fourties				gju	
e65a8c3ba525042ceba11e102309b2525de4d7748b513787fc3ecc50c13c97654e626571fcdb8a6d96b78af3e6c5bfa95fb0286d8407d9d8d3c867d06c7a1fc4	common_voice_gju_42587436.mp3	783b45711bff3a77fd819cd05f24f9c415f9c291fc283a52e03b0a090f5dbd88	ہوں ہوش ما آ گیو		2	0	fourties				gju	
e65a8c3ba525042ceba11e102309b2525de4d7748b513787fc3ecc50c13c97654e626571fcdb8a6d96b78af3e6c5bfa95fb0286d8407d9d8d3c867d06c7a1fc4	common_voice_gju_42587435.mp3	7c08d512d7125c4b72b74560b3035c8e7e5d56db7f933579780d7453ded5de3c	موقعو دیکھیو		2	0	fourties				gju	
e65a8c3ba525042ceba11e102309b2525de4d7748b513787fc3ecc50c13c97654e626571fcdb8a6d96b78af3e6c5bfa95fb0286d8407d9d8d3c867d06c7a1fc4	common_voice_gju_42587434.mp3	5390dae132f70595c5cb260b70dc2f9fdea826829957151cbe42079d9293f8a9	کہیو کَدے تَم کہہ		2	0	fourties				gju	
e65a8c3ba525042ceba11e102309b2525de4d7748b513787fc3ecc50c13c97654e626571fcdb8a6d96b78af3e6c5bfa95fb0286d8407d9d8d3c867d06c7a1fc4	common_voice_gju_42587433.mp3	7aff2789c53043ffc6bb0b3ec515ad92a7975029d25b7efb5bcc7a4e788743b3	کاکا کی گل ساراں نے من لئی		2	0	fourties				gju	
e65a8c3ba525042ceba11e102309b2525de4d7748b513787fc3ecc50c13c97654e626571fcdb8a6d96b78af3e6c5bfa95fb0286d8407d9d8d3c867d06c7a1fc4	common_voice_gju_42587432.mp3	68476fe932c18cd064c739a242dadaace39e83d9604254d76a81f6563aff8263	غونو غون ہے تیرے سوا بی		2	0	fourties				gju	
e65a8c3ba525042ceba11e102309b2525de4d7748b513787fc3ecc50c13c97654e626571fcdb8a6d96b78af3e6c5bfa95fb0286d8407d9d8d3c867d06c7a1fc4	common_voice_gju_42587431.mp3	22e7f01822d82839aa1673111805ef2ebb0407cb8f0a640fc209fa2144a952f6	نیہہ		2	0	fourties				gju	
e65a8c3ba525042ceba11e102309b2525de4d7748b513787fc3ecc50c13c97654e626571fcdb8a6d96b78af3e6c5bfa95fb0286d8407d9d8d3c867d06c7a1fc4	common_voice_gju_42587430.mp3	5f6303deb9fb07e74e8b5cf63f03770851d2cb241e682b1990efb9248d75a79c	منیر نے دوائی شوائی دِتی		2	0	fourties				gju	
e65a8c3ba525042ceba11e102309b2525de4d7748b513787fc3ecc50c13c97654e626571fcdb8a6d96b78af3e6c5bfa95fb0286d8407d9d8d3c867d06c7a1fc4	common_voice_gju_42587429.mp3	048a0f1b7f9121c7c742ced29078dcaa1cd1abbd14fd1dd88ce620acef29a9c4	بادشاہ نا کہن لگی		2	0	fourties				gju	
e65a8c3ba525042ceba11e102309b2525de4d7748b513787fc3ecc50c13c97654e626571fcdb8a6d96b78af3e6c5bfa95fb0286d8407d9d8d3c867d06c7a1fc4	common_voice_gju_42587428.mp3	493661053faf5c4ba4e1fb5cd0673e51dd6cf70957ac2136602712c35032ca09	وتر کی آخری رکات ما دعا قنوت پڑھنی۔		2	0	fourties				gju	
e65a8c3ba525042ceba11e102309b2525de4d7748b513787fc3ecc50c13c97654e626571fcdb8a6d96b78af3e6c5bfa95fb0286d8407d9d8d3c867d06c7a1fc4	common_voice_gju_42587427.mp3	53f5cb2b1e55862bcc7c08810b01675aad77cdfdfc6ced339f3366c76b6f7b49	بکری درشی ما پوہچی		2	0	fourties				gju	
e65a8c3ba525042ceba11e102309b2525de4d7748b513787fc3ecc50c13c97654e626571fcdb8a6d96b78af3e6c5bfa95fb0286d8407d9d8d3c867d06c7a1fc4	common_voice_gju_42587426.mp3	7d68e7f00c0534dc0ce2177b39cd361a347f07b6ab3f51fc65cc7e79b2c96ed1	پر میں فیصلو کر لیو تھو جے ہوں مر جاؤں گی		2	0	fourties				gju	
e65a8c3ba525042ceba11e102309b2525de4d7748b513787fc3ecc50c13c97654e626571fcdb8a6d96b78af3e6c5bfa95fb0286d8407d9d8d3c867d06c7a1fc4	common_voice_gju_42587425.mp3	4e340f08ae026834d2bf9bbc964a9cf58bd88333ee89485c30a53f9b0c53d9e9	ایک رات تابٹ رہیا		2	0	fourties				gju	
e65a8c3ba525042ceba11e102309b2525de4d7748b513787fc3ecc50c13c97654e626571fcdb8a6d96b78af3e6c5bfa95fb0286d8407d9d8d3c867d06c7a1fc4	common_voice_gju_42587424.mp3	64df04632a1a214aa7b048a31c134c53a5e4f0133799c74c1c02036c77968529	چنڈ کی گَٹی کول اندھیرو ہو گیو		2	0	fourties				gju	
e65a8c3ba525042ceba11e102309b2525de4d7748b513787fc3ecc50c13c97654e626571fcdb8a6d96b78af3e6c5bfa95fb0286d8407d9d8d3c867d06c7a1fc4	common_voice_gju_42587423.mp3	568c058c2eb89b2542c3ee39cacd4a5910c82c6e206aae6ac99aeed86830b579	تریئی دھیاڑا لگا۔		2	0	fourties				gju	
e65a8c3ba525042ceba11e102309b2525de4d7748b513787fc3ecc50c13c97654e626571fcdb8a6d96b78af3e6c5bfa95fb0286d8407d9d8d3c867d06c7a1fc4	common_voice_gju_42587422.mp3	6f6b1a54a7351edef81d4c26af1e768800687b8a52a388f39280fe10518c30cc	پنج کچر بے رُڑھ گئی		2	0	fourties				gju	
e65a8c3ba525042ceba11e102309b2525de4d7748b513787fc3ecc50c13c97654e626571fcdb8a6d96b78af3e6c5bfa95fb0286d8407d9d8d3c867d06c7a1fc4	common_voice_gju_42587421.mp3	2384b0790791eebe648218b843267dc118d2a83827c8ed09b3567126949b5495	وہ پیسا منگے تھو۔		2	0	fourties				gju	
e65a8c3ba525042ceba11e102309b2525de4d7748b513787fc3ecc50c13c97654e626571fcdb8a6d96b78af3e6c5bfa95fb0286d8407d9d8d3c867d06c7a1fc4	common_voice_gju_42587420.mp3	60bc84c7062c9d0cf996b6f07d47f28c98b0dee55a71f390d3ce1274d277a96e	راہ ما ددگئی		2	0	fourties				gju	
e65a8c3ba525042ceba11e102309b2525de4d7748b513787fc3ecc50c13c97654e626571fcdb8a6d96b78af3e6c5bfa95fb0286d8407d9d8d3c867d06c7a1fc4	common_voice_gju_42587419.mp3	4597513ab144474e69f6d3c64b4e02e634dad201b290f6f9c8a6d5ef37073110	عزیز چوہان		2	0	fourties				gju	
e65a8c3ba525042ceba11e102309b2525de4d7748b513787fc3ecc50c13c97654e626571fcdb8a6d96b78af3e6c5bfa95fb0286d8407d9d8d3c867d06c7a1fc4	common_voice_gju_42587418.mp3	6c2cb19ee1d815b432a316ed6355bb7e203d38969728b95efb9c1ca86d1e60a1	یوہ سپ تیں کیوں آنیو ہے		2	0	fourties				gju	
e65a8c3ba525042ceba11e102309b2525de4d7748b513787fc3ecc50c13c97654e626571fcdb8a6d96b78af3e6c5bfa95fb0286d8407d9d8d3c867d06c7a1fc4	common_voice_gju_42587417.mp3	3bd6ff321b6fa3e68c79b93174358ec9baa5ea289f25b4007bdd05519bea6c2b	وہ کہن لگو پروین توہ کے سوچے ؟		2	0	fourties				gju	
e65a8c3ba525042ceba11e102309b2525de4d7748b513787fc3ecc50c13c97654e626571fcdb8a6d96b78af3e6c5bfa95fb0286d8407d9d8d3c867d06c7a1fc4	common_voice_gju_42587416.mp3	4ac5c6be97d23b2a7c3160c422189e620032142dec5b27fa4d9f89663e83d627	واہ کہن لگی توہ مُچ خوش قسمت		2	0	fourties				gju	
e65a8c3ba525042ceba11e102309b2525de4d7748b513787fc3ecc50c13c97654e626571fcdb8a6d96b78af3e6c5bfa95fb0286d8407d9d8d3c867d06c7a1fc4	common_voice_gju_42587415.mp3	73e60e44cf33c657dd8ac9c242e9c8ca328fffb0044100a6ff0c272ee0a926f1	دوائی لے آ“		2	0	fourties				gju	
e65a8c3ba525042ceba11e102309b2525de4d7748b513787fc3ecc50c13c97654e626571fcdb8a6d96b78af3e6c5bfa95fb0286d8407d9d8d3c867d06c7a1fc4	common_voice_gju_42587414.mp3	435671e6e6c01c2e167e4c8e347513a816260e720fdef0752aa7a532c1e3f7a6	یاہ میری اپنی اکھیں دیکھی گہانی		2	0	fourties				gju	
e65a8c3ba525042ceba11e102309b2525de4d7748b513787fc3ecc50c13c97654e626571fcdb8a6d96b78af3e6c5bfa95fb0286d8407d9d8d3c867d06c7a1fc4	common_voice_gju_42587413.mp3	730e5439f4d3935e12d4fa4b03a8640441ec420a6fe284f2c651add8840a3d51	جے کدے ترواں دناں		2	0	fourties				gju	
e65a8c3ba525042ceba11e102309b2525de4d7748b513787fc3ecc50c13c97654e626571fcdb8a6d96b78af3e6c5bfa95fb0286d8407d9d8d3c867d06c7a1fc4	common_voice_gju_42587411.mp3	7c9701d8ad52d87768cc245986ed389f2454b68d31a84a9219358c5ae7cb4c32	محمد حنیف کی عمر اس ٹیم دس سال تھی		2	0	fourties				gju	
e65a8c3ba525042ceba11e102309b2525de4d7748b513787fc3ecc50c13c97654e626571fcdb8a6d96b78af3e6c5bfa95fb0286d8407d9d8d3c867d06c7a1fc4	common_voice_gju_42587410.mp3	68ace7f92fd8739b7f8629ace64b35691f4508fbe22638b42f71200abc9e3928	بادشاہ کا نوکر آیا		2	0	fourties				gju	
e65a8c3ba525042ceba11e102309b2525de4d7748b513787fc3ecc50c13c97654e626571fcdb8a6d96b78af3e6c5bfa95fb0286d8407d9d8d3c867d06c7a1fc4	common_voice_gju_42587409.mp3	6111d0ac6fddfe134679843618986d48287e8bda7421ed40e39e709415937884	بادشاہ نے کہیو		2	0	fourties				gju	
e65a8c3ba525042ceba11e102309b2525de4d7748b513787fc3ecc50c13c97654e626571fcdb8a6d96b78af3e6c5bfa95fb0286d8407d9d8d3c867d06c7a1fc4	common_voice_gju_42587408.mp3	58bb8cd21772d8d786af5fbc52141b04a6cca6126d67694b281081e7b7f4d5b8	توہ مہربانی کر کے اپنی دھیانی نا میرے ناڑ چلا جی واہ اس نا دیکھے ‘‘		2	0	fourties				gju	
e65a8c3ba525042ceba11e102309b2525de4d7748b513787fc3ecc50c13c97654e626571fcdb8a6d96b78af3e6c5bfa95fb0286d8407d9d8d3c867d06c7a1fc4	common_voice_gju_42587407.mp3	79bfd3419dd56477c25b1cf29f30d5536285f6ab2efb09a206edca81ec331491	اج وہ مڑ کے آئے گو		2	0	fourties				gju	
e65a8c3ba525042ceba11e102309b2525de4d7748b513787fc3ecc50c13c97654e626571fcdb8a6d96b78af3e6c5bfa95fb0286d8407d9d8d3c867d06c7a1fc4	common_voice_gju_42587406.mp3	4de4c6c3d737f3e116110ec8be78d830aa2459581beba41c84ef50d1b02920d2	کہن لگی:” ہم زرعی کالج		2	0	fourties				gju	
e65a8c3ba525042ceba11e102309b2525de4d7748b513787fc3ecc50c13c97654e626571fcdb8a6d96b78af3e6c5bfa95fb0286d8407d9d8d3c867d06c7a1fc4	common_voice_gju_42587405.mp3	7b66641c0a02f30b32ac68b0e70435672a59bc1b09e46db16745b14e4a7bd82e	یہ دو بھائی رات جد راکھی کرن لگا		2	0	fourties				gju	
e65a8c3ba525042ceba11e102309b2525de4d7748b513787fc3ecc50c13c97654e626571fcdb8a6d96b78af3e6c5bfa95fb0286d8407d9d8d3c867d06c7a1fc4	common_voice_gju_42587404.mp3	594ab05a0a5fc1edbe5a7a457ac089612e13073bedc1525d257096a9e23d1b1a	جا بے مُچ سوہنی تھی		2	0	fourties				gju	
e65a8c3ba525042ceba11e102309b2525de4d7748b513787fc3ecc50c13c97654e626571fcdb8a6d96b78af3e6c5bfa95fb0286d8407d9d8d3c867d06c7a1fc4	common_voice_gju_42587403.mp3	57660d2595d74262a3a9684fc676ce5b1bd2e1af0a1ef75f53971c3dde3a4923	منا روٹی		2	0	fourties				gju	
e65a8c3ba525042ceba11e102309b2525de4d7748b513787fc3ecc50c13c97654e626571fcdb8a6d96b78af3e6c5bfa95fb0286d8407d9d8d3c867d06c7a1fc4	common_voice_gju_42587402.mp3	74ad51e4a4d974b42d07b22f85255fe904210cf3d3253ff17ff1ff157acabea6	پہلاں یوہ ظلم کریو لے کے مورا ما چھوڑ دِتو بھی کاہڈ		2	0	fourties				gju	
e65a8c3ba525042ceba11e102309b2525de4d7748b513787fc3ecc50c13c97654e626571fcdb8a6d96b78af3e6c5bfa95fb0286d8407d9d8d3c867d06c7a1fc4	common_voice_gju_42587401.mp3	3cd41b7fde4d37cdd353caeb24861ebb13a2b5d1ba09f480b21a3d70047cfa37	پر ہم کِسے نا دساں گا۔		2	0	fourties				gju	
e65a8c3ba525042ceba11e102309b2525de4d7748b513787fc3ecc50c13c97654e626571fcdb8a6d96b78af3e6c5bfa95fb0286d8407d9d8d3c867d06c7a1fc4	common_voice_gju_42587400.mp3	78c9043cc0789067d633086a994c07b9a5eb16860d206c7ef1430d797cc03b00	جنو ٹُر گیو		2	0	fourties				gju	
e65a8c3ba525042ceba11e102309b2525de4d7748b513787fc3ecc50c13c97654e626571fcdb8a6d96b78af3e6c5bfa95fb0286d8407d9d8d3c867d06c7a1fc4	common_voice_gju_42587399.mp3	7896dc28e6f3f40e0e34198a3268af0bfef9e6a5284e5b077236fdac818b4e65	ہن یہ ترے سنگی ہو گیا		2	0	fourties				gju	
e65a8c3ba525042ceba11e102309b2525de4d7748b513787fc3ecc50c13c97654e626571fcdb8a6d96b78af3e6c5bfa95fb0286d8407d9d8d3c867d06c7a1fc4	common_voice_gju_42587398.mp3	679f83969bcd1e48cd1759e3c33ecefa08ecdee3f37cf8c335ee070162d66836	مھارو حساب کتاب کیو		2	0	fourties				gju	
e65a8c3ba525042ceba11e102309b2525de4d7748b513787fc3ecc50c13c97654e626571fcdb8a6d96b78af3e6c5bfa95fb0286d8407d9d8d3c867d06c7a1fc4	common_voice_gju_42587397.mp3	378c67c4bc5e6b09e3ad4885ade62df23ca97f21442cd781c3277331f7e8197c	مورا		2	0	fourties				gju	
e65a8c3ba525042ceba11e102309b2525de4d7748b513787fc3ecc50c13c97654e626571fcdb8a6d96b78af3e6c5bfa95fb0286d8407d9d8d3c867d06c7a1fc4	common_voice_gju_42587396.mp3	75a8bdd88c8f8b82ac53dc7a07a7ccab109ff8ddc359e817129caa279db3d80a	تکبیر تحریمہ کہتے بلے ہتھ کناں تک چانا		2	0	fourties				gju	
e65a8c3ba525042ceba11e102309b2525de4d7748b513787fc3ecc50c13c97654e626571fcdb8a6d96b78af3e6c5bfa95fb0286d8407d9d8d3c867d06c7a1fc4	common_voice_gju_42587395.mp3	76dc6b92520dd2d68f21c5e53a325384f36af93c0fcc8b563294c55ffcdc42b9	بھی منا کوئی پتو نیہہ جے کے ہویو		2	0	fourties				gju	
e65a8c3ba525042ceba11e102309b2525de4d7748b513787fc3ecc50c13c97654e626571fcdb8a6d96b78af3e6c5bfa95fb0286d8407d9d8d3c867d06c7a1fc4	common_voice_gju_42587394.mp3	44859af3f39bc7b022c2cb9d49422b6fddfc3ba289f46fa0d8f384799fe25b91	بہناں کو زیور چھُپا کے لے آئی		2	0	fourties				gju	
e65a8c3ba525042ceba11e102309b2525de4d7748b513787fc3ecc50c13c97654e626571fcdb8a6d96b78af3e6c5bfa95fb0286d8407d9d8d3c867d06c7a1fc4	common_voice_gju_42587391.mp3	5a5b81f207c7436067c3b68a0e47b4a5c12675ae3c6a89ef21f8309a17b14dce	تیجو واقعو		2	0	fourties				gju	
e65a8c3ba525042ceba11e102309b2525de4d7748b513787fc3ecc50c13c97654e626571fcdb8a6d96b78af3e6c5bfa95fb0286d8407d9d8d3c867d06c7a1fc4	common_voice_gju_42587385.mp3	114ba865a8c9a2ac8a7fe29b30edbe234ff4f4f2efee0e86a46fa7b52fceea58	اُنھ نا پتو لگو		2	0	fourties				gju	
e65a8c3ba525042ceba11e102309b2525de4d7748b513787fc3ecc50c13c97654e626571fcdb8a6d96b78af3e6c5bfa95fb0286d8407d9d8d3c867d06c7a1fc4	common_voice_gju_42587384.mp3	7b236381a547817921445743ba1fdf61616506ac1e781ac0d716941acf54b90c	رات ات اَرام بی کراں گا		2	0	fourties				gju	
e65a8c3ba525042ceba11e102309b2525de4d7748b513787fc3ecc50c13c97654e626571fcdb8a6d96b78af3e6c5bfa95fb0286d8407d9d8d3c867d06c7a1fc4	common_voice_gju_42587383.mp3	7b831c508efdb58ba7eaf845e1fcd62aab6953e2db03bfe77bd9937e6d31a4ca	وہ منا پیئے مارے		2	0	fourties				gju	
e65a8c3ba525042ceba11e102309b2525de4d7748b513787fc3ecc50c13c97654e626571fcdb8a6d96b78af3e6c5bfa95fb0286d8407d9d8d3c867d06c7a1fc4	common_voice_gju_42587382.mp3	75beb4fbb234b36a426c1c0cf3f8f0d3386d3acbe986f3e4cbc8e6691d6b43eb	رچھ اُتو نس گیو		2	0	fourties				gju	
e65a8c3ba525042ceba11e102309b2525de4d7748b513787fc3ecc50c13c97654e626571fcdb8a6d96b78af3e6c5bfa95fb0286d8407d9d8d3c867d06c7a1fc4	common_voice_gju_42587381.mp3	5ee7eadf2f99f881fcbff4bbbf4423761f79d50343d1f6db95ed66daafcafdaa	عقل مند دھیانی		2	0	fourties				gju	
e65a8c3ba525042ceba11e102309b2525de4d7748b513787fc3ecc50c13c97654e626571fcdb8a6d96b78af3e6c5bfa95fb0286d8407d9d8d3c867d06c7a1fc4	common_voice_gju_42587380.mp3	4b8357f79431af478335e32bf469ec2fe441d8d438acd137f82e8903b695a18f	وہ ات تھی۔		2	0	fourties				gju	
e65a8c3ba525042ceba11e102309b2525de4d7748b513787fc3ecc50c13c97654e626571fcdb8a6d96b78af3e6c5bfa95fb0286d8407d9d8d3c867d06c7a1fc4	common_voice_gju_42587379.mp3	10c5b9a33c28c2b7e35ef411707f619002ceec22efd7cc72a0974a6d10570cb3	اُس نے اس نا بیہہ بکری دِتی		2	0	fourties				gju	
e65a8c3ba525042ceba11e102309b2525de4d7748b513787fc3ecc50c13c97654e626571fcdb8a6d96b78af3e6c5bfa95fb0286d8407d9d8d3c867d06c7a1fc4	common_voice_gju_42587378.mp3	69afc798cfe913f1676a81d977d8344005596c2c5298afd001b666a4bad34819	بہن بھجی		2	0	fourties				gju	
e65a8c3ba525042ceba11e102309b2525de4d7748b513787fc3ecc50c13c97654e626571fcdb8a6d96b78af3e6c5bfa95fb0286d8407d9d8d3c867d06c7a1fc4	common_voice_gju_42587377.mp3	70c6aa9ba224ab55a6db16b7868b0912e0442f45b233c983d386dae914d0ca69	نماز کا واجب سولہ ہیں۔		2	0	fourties				gju	
e65a8c3ba525042ceba11e102309b2525de4d7748b513787fc3ecc50c13c97654e626571fcdb8a6d96b78af3e6c5bfa95fb0286d8407d9d8d3c867d06c7a1fc4	common_voice_gju_42587376.mp3	33605dbec7e4468ac9e6e316fa4dfdd9c274114ec365a7e4b62b298d130e4d00	مال گلی		2	0	fourties				gju	
e65a8c3ba525042ceba11e102309b2525de4d7748b513787fc3ecc50c13c97654e626571fcdb8a6d96b78af3e6c5bfa95fb0286d8407d9d8d3c867d06c7a1fc4	common_voice_gju_42587375.mp3	5facb296eac1880fa8e70adadc68593734f10e7adc1b3e9f05c9d1122e432f7e	تیل بھی ہے۔		2	0	fourties				gju	
e65a8c3ba525042ceba11e102309b2525de4d7748b513787fc3ecc50c13c97654e626571fcdb8a6d96b78af3e6c5bfa95fb0286d8407d9d8d3c867d06c7a1fc4	common_voice_gju_42587374.mp3	57a6d32c13f1594d85d3fe8120ad87f6269b162a4b3fb2ead8996c6e210d1cac	بیٹکی نا لے کے اُت اس کا ہتھ صاف کیا۔		2	0	fourties				gju	
e65a8c3ba525042ceba11e102309b2525de4d7748b513787fc3ecc50c13c97654e626571fcdb8a6d96b78af3e6c5bfa95fb0286d8407d9d8d3c867d06c7a1fc4	common_voice_gju_42587373.mp3	6517710c02767cb231c80cd0db9aa7e6dc9f9f9c0b98d280068a866a9670172d	کیوں جی اس جنا کا سنگی نے منجا بدلا چھوڈیا تھا		2	0	fourties				gju	
e65a8c3ba525042ceba11e102309b2525de4d7748b513787fc3ecc50c13c97654e626571fcdb8a6d96b78af3e6c5bfa95fb0286d8407d9d8d3c867d06c7a1fc4	common_voice_gju_42587372.mp3	656de5998fe6c89f085989715ed9f7dfe052de76523a4d8c132b282d32bdc3b8	جس جنا نے وہ سامیو تھو		2	0	fourties				gju	
e65a8c3ba525042ceba11e102309b2525de4d7748b513787fc3ecc50c13c97654e626571fcdb8a6d96b78af3e6c5bfa95fb0286d8407d9d8d3c867d06c7a1fc4	common_voice_gju_42587371.mp3	751be9d65aba0ad4c707be33d6c776541178b1d4bab70885066e5338b67c7ec4	کالی اُن کا اِنو کنی کر کے َچھٹ ما گھلیا		2	0	fourties				gju	
e65a8c3ba525042ceba11e102309b2525de4d7748b513787fc3ecc50c13c97654e626571fcdb8a6d96b78af3e6c5bfa95fb0286d8407d9d8d3c867d06c7a1fc4	common_voice_gju_42587369.mp3	5de2da47f33c7451b6d47ee5c1ee4c637839988808057648de410e1eb4001c13	صلاح “		2	0	fourties				gju	
e65a8c3ba525042ceba11e102309b2525de4d7748b513787fc3ecc50c13c97654e626571fcdb8a6d96b78af3e6c5bfa95fb0286d8407d9d8d3c867d06c7a1fc4	common_voice_gju_42587368.mp3	67c6effa4660cada49e75627c750cb4ea47754c6373dfcc0cee15e25ea5879b0	چار گھنٹا لا کے یہ پوسٹ تا پوہچایا		2	0	fourties				gju	
e65a8c3ba525042ceba11e102309b2525de4d7748b513787fc3ecc50c13c97654e626571fcdb8a6d96b78af3e6c5bfa95fb0286d8407d9d8d3c867d06c7a1fc4	common_voice_gju_42587367.mp3	79b78885c1f730b73a86f7b5783b31f6d6b78f561d1c62c6c54e2d4838565b0c	میرو ڈیرو نِکو جو		2	0	fourties				gju	
e65a8c3ba525042ceba11e102309b2525de4d7748b513787fc3ecc50c13c97654e626571fcdb8a6d96b78af3e6c5bfa95fb0286d8407d9d8d3c867d06c7a1fc4	common_voice_gju_42587366.mp3	5d227b63a4239a476fccbed89d5fa630de578d4583fc63a74af50877c1ca0bfb	ادھی رات ہوئی		2	0	fourties				gju	
e65a8c3ba525042ceba11e102309b2525de4d7748b513787fc3ecc50c13c97654e626571fcdb8a6d96b78af3e6c5bfa95fb0286d8407d9d8d3c867d06c7a1fc4	common_voice_gju_42587365.mp3	79a31aed4c6da8f3ee15e5bf1f08e61088d2b095d694f9ef84d3e87a00a9e760	بابو نے حنیف سمجھایو جے یہ بُوجنا بکریاں ما آتا رہ تہ اِنھ		2	0	fourties				gju	
e65a8c3ba525042ceba11e102309b2525de4d7748b513787fc3ecc50c13c97654e626571fcdb8a6d96b78af3e6c5bfa95fb0286d8407d9d8d3c867d06c7a1fc4	common_voice_gju_42587364.mp3	66f7cbaf527b23bc10a641dcf65938becb61eaf4ddec57ef595ea5daa2cdcdcc	اس نے اندازو لایو		2	0	fourties				gju	
e65a8c3ba525042ceba11e102309b2525de4d7748b513787fc3ecc50c13c97654e626571fcdb8a6d96b78af3e6c5bfa95fb0286d8407d9d8d3c867d06c7a1fc4	common_voice_gju_42587363.mp3	54b8154953b038ec921feb06c6dab7c3cae662de77918478f4f176cea9434d1b	اتنا ما اُت بلادری کا ہور مُچ لوک بَٹلا ہو گیا		2	0	fourties				gju	
e65a8c3ba525042ceba11e102309b2525de4d7748b513787fc3ecc50c13c97654e626571fcdb8a6d96b78af3e6c5bfa95fb0286d8407d9d8d3c867d06c7a1fc4	common_voice_gju_42587362.mp3	7935edf29dffe12167aba5a584bfe6342789e0c83b98d67af1cbd55eeffd7610	کچراں وس گھا بے دِتو		2	0	fourties				gju	
e65a8c3ba525042ceba11e102309b2525de4d7748b513787fc3ecc50c13c97654e626571fcdb8a6d96b78af3e6c5bfa95fb0286d8407d9d8d3c867d06c7a1fc4	common_voice_gju_42587361.mp3	508cd25a422881c1b5ee703d2b11dd8f28d16fac8b67f55827f4c8052c88c115	انھ کا اس سفر ما دو دن لگ گیا صبح اُٹھیا		2	0	fourties				gju	
e65a8c3ba525042ceba11e102309b2525de4d7748b513787fc3ecc50c13c97654e626571fcdb8a6d96b78af3e6c5bfa95fb0286d8407d9d8d3c867d06c7a1fc4	common_voice_gju_42587360.mp3	73b480e16585d78fa47fc1cc9c755992b7c6d8f2d10c74e04ddff62b59b5a388	بادشاہ کوڑے جا رہیو		2	0	fourties				gju	
e65a8c3ba525042ceba11e102309b2525de4d7748b513787fc3ecc50c13c97654e626571fcdb8a6d96b78af3e6c5bfa95fb0286d8407d9d8d3c867d06c7a1fc4	common_voice_gju_42587359.mp3	7659f5d5805af8f0f3659c786304674576121adc17b4fa115e767f4559a190fc	ایک جنو راہ ما کھڑو ہے		2	0	fourties				gju	
e65a8c3ba525042ceba11e102309b2525de4d7748b513787fc3ecc50c13c97654e626571fcdb8a6d96b78af3e6c5bfa95fb0286d8407d9d8d3c867d06c7a1fc4	common_voice_gju_42587358.mp3	614c2d9e30f59245f0f4bcabfecaf92f9c46f2a018125e52df914344c0ee4be9	اُس ٹوہ کا بارہ ما کسے نا پتو نیہہ تھو		2	0	fourties				gju	
e65a8c3ba525042ceba11e102309b2525de4d7748b513787fc3ecc50c13c97654e626571fcdb8a6d96b78af3e6c5bfa95fb0286d8407d9d8d3c867d06c7a1fc4	common_voice_gju_42587357.mp3	4dcb929616708ffe0aa626fa57895d51816e502a3dfa73abfe00cd5fa2439b4a	کشمیر کا پاس تا گیا		2	0	fourties				gju	
e65a8c3ba525042ceba11e102309b2525de4d7748b513787fc3ecc50c13c97654e626571fcdb8a6d96b78af3e6c5bfa95fb0286d8407d9d8d3c867d06c7a1fc4	common_voice_gju_42587356.mp3	6f227b955beca205ef04e9b75adbf30416b029edc93ab97420a5777fa46d54e9	چنگو		2	0	fourties				gju	
e65a8c3ba525042ceba11e102309b2525de4d7748b513787fc3ecc50c13c97654e626571fcdb8a6d96b78af3e6c5bfa95fb0286d8407d9d8d3c867d06c7a1fc4	common_voice_gju_42587355.mp3	55a337541f3abc203803bd279c11491011919c939e88900ee817f9def001b43c	بعد اِن لوکاں نے لکڑی کپ کے نِکا نِکا پل بڑایا		2	0	fourties				gju	
e65a8c3ba525042ceba11e102309b2525de4d7748b513787fc3ecc50c13c97654e626571fcdb8a6d96b78af3e6c5bfa95fb0286d8407d9d8d3c867d06c7a1fc4	common_voice_gju_42587354.mp3	731bd3d72893e091ef0809df9086b5a4001bb573083969200ca01b54ed67262d	پرانا زمانا کی گل ہے ایک ماں تھی اُس کو ایک پوُت تھو		2	0	fourties				gju	
e65a8c3ba525042ceba11e102309b2525de4d7748b513787fc3ecc50c13c97654e626571fcdb8a6d96b78af3e6c5bfa95fb0286d8407d9d8d3c867d06c7a1fc4	common_voice_gju_42587353.mp3	74185d273e4046f6ed15094572993a5c2b08e489c7a2721c34794a5fb7bce128	وہ لُڑو اٹھارہ سال کو ہو گیو		2	0	fourties				gju	
e65a8c3ba525042ceba11e102309b2525de4d7748b513787fc3ecc50c13c97654e626571fcdb8a6d96b78af3e6c5bfa95fb0286d8407d9d8d3c867d06c7a1fc4	common_voice_gju_42587352.mp3	5cf4b1b6bcdefa84c71ad20484018a2a72d57908304f4fb1c2dac032852c3f09	اِن لوکاں کو گُزارو مشکل ہوئے		2	0	fourties				gju	
e65a8c3ba525042ceba11e102309b2525de4d7748b513787fc3ecc50c13c97654e626571fcdb8a6d96b78af3e6c5bfa95fb0286d8407d9d8d3c867d06c7a1fc4	common_voice_gju_42587351.mp3	62b84badeb5d3234dec5772b96a3b9c4dd0a1f0030111c2c25dd48a3594fe133	صابر دیدڑھ کو پُوت بے تھو		2	0	fourties				gju	
e65a8c3ba525042ceba11e102309b2525de4d7748b513787fc3ecc50c13c97654e626571fcdb8a6d96b78af3e6c5bfa95fb0286d8407d9d8d3c867d06c7a1fc4	common_voice_gju_42587350.mp3	77ff8967117d8fd974a48fd94c2574d7cc718d4bc12f1add3aaca5e5604f1153	شاید ٹیم ضائع نہ ہوتو		2	0	fourties				gju	
e65a8c3ba525042ceba11e102309b2525de4d7748b513787fc3ecc50c13c97654e626571fcdb8a6d96b78af3e6c5bfa95fb0286d8407d9d8d3c867d06c7a1fc4	common_voice_gju_42587349.mp3	6c6440879a478202e6a4185b6031377c8b1e138d57b5ecee536488209901b861	کچو ساگ		2	0	fourties				gju	
e65a8c3ba525042ceba11e102309b2525de4d7748b513787fc3ecc50c13c97654e626571fcdb8a6d96b78af3e6c5bfa95fb0286d8407d9d8d3c867d06c7a1fc4	common_voice_gju_42587348.mp3	2fd92360663328468c7a64ac8db4c8bfdad0a21841a625154248910255a0789e	سَتمو واقعو		2	0	fourties				gju	
e65a8c3ba525042ceba11e102309b2525de4d7748b513787fc3ecc50c13c97654e626571fcdb8a6d96b78af3e6c5bfa95fb0286d8407d9d8d3c867d06c7a1fc4	common_voice_gju_42587346.mp3	6145d01b665e54c38d34c28eac32f2d75d71921f9e32df0027c4fd95d0bba4d4	میں کہیو جے تیری یاہ واہ کروں توہ میرو حصو بے کھا گیو		2	0	fourties				gju	
e65a8c3ba525042ceba11e102309b2525de4d7748b513787fc3ecc50c13c97654e626571fcdb8a6d96b78af3e6c5bfa95fb0286d8407d9d8d3c867d06c7a1fc4	common_voice_gju_42587345.mp3	0308ba7558b890cf133c852c2a537e9de964caee3327202d71b1cfc6c73f3f01	اس جنا کو ناں گل زادو تھو		2	0	fourties				gju	
e65a8c3ba525042ceba11e102309b2525de4d7748b513787fc3ecc50c13c97654e626571fcdb8a6d96b78af3e6c5bfa95fb0286d8407d9d8d3c867d06c7a1fc4	common_voice_gju_42587344.mp3	6101192bc64ff7f0f9ab844b590c417a35af3ba06b519c406a84e8a70e4c9191	کاہڈ اُنھ ماتریر بھائیاں نے نہ		2	0	fourties				gju	
e65a8c3ba525042ceba11e102309b2525de4d7748b513787fc3ecc50c13c97654e626571fcdb8a6d96b78af3e6c5bfa95fb0286d8407d9d8d3c867d06c7a1fc4	common_voice_gju_42587342.mp3	6510d26e1be9d9b2dc37d227684196ced8d6fca417137af728f458fdc39b3fc9	رنگو رنگ انسان ہے دنیا پو‘‘		2	0	fourties				gju	
e65a8c3ba525042ceba11e102309b2525de4d7748b513787fc3ecc50c13c97654e626571fcdb8a6d96b78af3e6c5bfa95fb0286d8407d9d8d3c867d06c7a1fc4	common_voice_gju_42587341.mp3	6b92c72c781313e829bfacdb57af86d3934b81beae790880553fff71c570bfa5	کاہڈو اس کی ایک بہن		2	0	fourties				gju	
e65a8c3ba525042ceba11e102309b2525de4d7748b513787fc3ecc50c13c97654e626571fcdb8a6d96b78af3e6c5bfa95fb0286d8407d9d8d3c867d06c7a1fc4	common_voice_gju_42587340.mp3	5b4cd1d669fedc1388a13eb8fab5a51903a7bed2493b1c889c7964df38becc64	بکریاں کی گل بسرتی نیہہ۔		2	0	fourties				gju	
e65a8c3ba525042ceba11e102309b2525de4d7748b513787fc3ecc50c13c97654e626571fcdb8a6d96b78af3e6c5bfa95fb0286d8407d9d8d3c867d06c7a1fc4	common_voice_gju_42587339.mp3	a0cfc2f0874dfd09234d7675813c4c93032bd7a527f0e7725dafdf3e0aad11fa	نو لکھیا نے وہ ماس اپنا چوڑا ناڑ لایو		2	0	fourties				gju	
e65a8c3ba525042ceba11e102309b2525de4d7748b513787fc3ecc50c13c97654e626571fcdb8a6d96b78af3e6c5bfa95fb0286d8407d9d8d3c867d06c7a1fc4	common_voice_gju_42587338.mp3	76ec67e7e99d67ae4838206d9512a928a2834d3cb206945449482c74842c1adc	اُت فوجیاں نے اِنھ کی مُچ خذمت کری		2	0	fourties				gju	
e65a8c3ba525042ceba11e102309b2525de4d7748b513787fc3ecc50c13c97654e626571fcdb8a6d96b78af3e6c5bfa95fb0286d8407d9d8d3c867d06c7a1fc4	common_voice_gju_42587337.mp3	57f7529a8bfade873cccfe3ac0716db7e2f2aca1fd1e82228bdd9b9aa5a6ce3a	کہن لگو:”یاہ کتنا دن		2	0	fourties				gju	
e65a8c3ba525042ceba11e102309b2525de4d7748b513787fc3ecc50c13c97654e626571fcdb8a6d96b78af3e6c5bfa95fb0286d8407d9d8d3c867d06c7a1fc4	common_voice_gju_42587335.mp3	52a45e30db5da085a32330b374064494fc331c4e7aa2c24fe45bc9cf5eeb6acb	ہم کنک		2	0	fourties				gju	
e65a8c3ba525042ceba11e102309b2525de4d7748b513787fc3ecc50c13c97654e626571fcdb8a6d96b78af3e6c5bfa95fb0286d8407d9d8d3c867d06c7a1fc4	common_voice_gju_42587334.mp3	4a5e5e680dba27538c2aed555466627958e4c0f831b559d0bd076bc192ac80c9	اللہ		2	0	fourties				gju	
e65a8c3ba525042ceba11e102309b2525de4d7748b513787fc3ecc50c13c97654e626571fcdb8a6d96b78af3e6c5bfa95fb0286d8407d9d8d3c867d06c7a1fc4	common_voice_gju_42587333.mp3	626b428323788c97e5d9ae8bb93945ce7bdb1364273443abbfdc8da3a897b234	ہائی رے ! میں		2	0	fourties				gju	
e65a8c3ba525042ceba11e102309b2525de4d7748b513787fc3ecc50c13c97654e626571fcdb8a6d96b78af3e6c5bfa95fb0286d8407d9d8d3c867d06c7a1fc4	common_voice_gju_42587331.mp3	61d0094545830e79247d27b16f43113fb4efe9eff650f9736f50dc422850148d	کوئی نیہہ کھول سکے تھو		2	0	fourties				gju	
e65a8c3ba525042ceba11e102309b2525de4d7748b513787fc3ecc50c13c97654e626571fcdb8a6d96b78af3e6c5bfa95fb0286d8407d9d8d3c867d06c7a1fc4	common_voice_gju_42587330.mp3	4ab36b77ab0f891b1ca3e561b4ad986d41365896530e26c5318eb2a9dd867fda	اللہ ایلو ہے اس نال کوئی شریک نییہ		2	0	fourties				gju	
e65a8c3ba525042ceba11e102309b2525de4d7748b513787fc3ecc50c13c97654e626571fcdb8a6d96b78af3e6c5bfa95fb0286d8407d9d8d3c867d06c7a1fc4	common_voice_gju_42587329.mp3	749d9c4c3d0d6b117d219008a43af1ac9e0a32ebb9ff26138a5bcf65281c6c5d	اگے رچھ نے یو خاصو زخمی کر چھڑیو تھو		2	0	fourties				gju	
e65a8c3ba525042ceba11e102309b2525de4d7748b513787fc3ecc50c13c97654e626571fcdb8a6d96b78af3e6c5bfa95fb0286d8407d9d8d3c867d06c7a1fc4	common_voice_gju_42587328.mp3	74ca0911dae24ec4011ed7dcd7ecd6a59714fdb1b32eb7534e4dea749d0663d6	نورعالم کو ہتھ منہ ما فر نپ لیو		2	0	fourties				gju	
e65a8c3ba525042ceba11e102309b2525de4d7748b513787fc3ecc50c13c97654e626571fcdb8a6d96b78af3e6c5bfa95fb0286d8407d9d8d3c867d06c7a1fc4	common_voice_gju_42587327.mp3	624e1a1fc5233740eac152ba894db9e082c05dd33d2fd441a6130f43d361248f	بادشاہ نے دھی کا بیاہ کی تیاری کی		2	0	fourties				gju	
e65a8c3ba525042ceba11e102309b2525de4d7748b513787fc3ecc50c13c97654e626571fcdb8a6d96b78af3e6c5bfa95fb0286d8407d9d8d3c867d06c7a1fc4	common_voice_gju_42587326.mp3	6d21daf720ce55807152eacfbf84f041ad2b640cd44f88512aa65ce3f63895c2	اِنھ لوکاں نے بڑی ہمت کری		2	0	fourties				gju	
e65a8c3ba525042ceba11e102309b2525de4d7748b513787fc3ecc50c13c97654e626571fcdb8a6d96b78af3e6c5bfa95fb0286d8407d9d8d3c867d06c7a1fc4	common_voice_gju_42587325.mp3	f4daa8009fd76a6243f101496ea357a21655dd60843b8e1e6e45fd35bf2ce7be	اپنی ماں نا ادب ناڑ ملیا		2	0	fourties				gju	
e65a8c3ba525042ceba11e102309b2525de4d7748b513787fc3ecc50c13c97654e626571fcdb8a6d96b78af3e6c5bfa95fb0286d8407d9d8d3c867d06c7a1fc4	common_voice_gju_42587324.mp3	11106b08d334f16ee2f52b2ee06cb02517660f1dadda6d4493c39a1a9ec225e5	ہم پانی کو نلکو لواں گا		2	0	fourties				gju	
e65a8c3ba525042ceba11e102309b2525de4d7748b513787fc3ecc50c13c97654e626571fcdb8a6d96b78af3e6c5bfa95fb0286d8407d9d8d3c867d06c7a1fc4	common_voice_gju_42587323.mp3	6a3f73aa5fc13c0474bc3f2910271ac16d2db175506b9c50045bdfb1e9e990d6	ہوں مُچ پرشان تھی		2	0	fourties				gju	
e65a8c3ba525042ceba11e102309b2525de4d7748b513787fc3ecc50c13c97654e626571fcdb8a6d96b78af3e6c5bfa95fb0286d8407d9d8d3c867d06c7a1fc4	common_voice_gju_42587322.mp3	74449793f19f12397b22bfc303a6c6e31dd06db6875f9b9d5ec83d88af0e140b	چار بجا کو ٹیم ہویو		2	0	fourties				gju	
e65a8c3ba525042ceba11e102309b2525de4d7748b513787fc3ecc50c13c97654e626571fcdb8a6d96b78af3e6c5bfa95fb0286d8407d9d8d3c867d06c7a1fc4	common_voice_gju_42587321.mp3	4e2d87b5f8fffb00cfb0e7afb375175b8e5ef8c56073d6801debb5bce8d84ff2	مھاری کچراں کی مزور ی کو حساب کتاب ٹھیکیداراں تا رہ گیو		2	0	fourties				gju	
e65a8c3ba525042ceba11e102309b2525de4d7748b513787fc3ecc50c13c97654e626571fcdb8a6d96b78af3e6c5bfa95fb0286d8407d9d8d3c867d06c7a1fc4	common_voice_gju_42587320.mp3	4daefdea461789b8de846dd41174e214e01e537d85aaf97dc3ae68fefb3966ff	تھوڑی دیر تے کاہڈ ویہ پوہچیا		2	0	fourties				gju	
e65a8c3ba525042ceba11e102309b2525de4d7748b513787fc3ecc50c13c97654e626571fcdb8a6d96b78af3e6c5bfa95fb0286d8407d9d8d3c867d06c7a1fc4	common_voice_gju_42587319.mp3	76606110afe75aa494ac5400b29330056ac86d330e93bd8baf7df3d6a29f314b	تھوڑا دھیاڑاں تے کاہڈ ویہ آیا		2	0	fourties				gju	
e65a8c3ba525042ceba11e102309b2525de4d7748b513787fc3ecc50c13c97654e626571fcdb8a6d96b78af3e6c5bfa95fb0286d8407d9d8d3c867d06c7a1fc4	common_voice_gju_42587318.mp3	37f139b4cb3a1d4cd622f368d0c5601493cc7bc73f463cdd240fa7c485668897	ما بے مدد دیئے		2	0	fourties				gju	
e65a8c3ba525042ceba11e102309b2525de4d7748b513787fc3ecc50c13c97654e626571fcdb8a6d96b78af3e6c5bfa95fb0286d8407d9d8d3c867d06c7a1fc4	common_voice_gju_42587317.mp3	6a17a71226786fc608fd876957d7f3f11d2cbaeb35ab41329aaa7675b6e8177b	واہ دھی اُس جنا کے ڈیرے دھیاڑی کشیدو کرے		2	0	fourties				gju	
e65a8c3ba525042ceba11e102309b2525de4d7748b513787fc3ecc50c13c97654e626571fcdb8a6d96b78af3e6c5bfa95fb0286d8407d9d8d3c867d06c7a1fc4	common_voice_gju_42587316.mp3	664ea2a3d9b8d36147740fba202f5259109675a4a8c26a2ab35ebe78cbbc0c35	قرات تے کاہڈ اسے وخت رکوع کرنو، چر نہ کرنو۔		2	0	fourties				gju	
e65a8c3ba525042ceba11e102309b2525de4d7748b513787fc3ecc50c13c97654e626571fcdb8a6d96b78af3e6c5bfa95fb0286d8407d9d8d3c867d06c7a1fc4	common_voice_gju_42587315.mp3	3b9f0d084451540a54f6d4615b3829b2deb16ec21ebcd276cd335f0b15ce31e0	ہاڑ اُنھ ساراں نا رُڑھ کے لے گیو		2	0	fourties				gju	
e65a8c3ba525042ceba11e102309b2525de4d7748b513787fc3ecc50c13c97654e626571fcdb8a6d96b78af3e6c5bfa95fb0286d8407d9d8d3c867d06c7a1fc4	common_voice_gju_42587314.mp3	2aa3ac4554caa36ba5413fdf054b5e3f1d3a671b8fb5e6d583da13650ed6806c	آخر اِنھ نے ہمت کری		2	0	fourties				gju	
e65a8c3ba525042ceba11e102309b2525de4d7748b513787fc3ecc50c13c97654e626571fcdb8a6d96b78af3e6c5bfa95fb0286d8407d9d8d3c867d06c7a1fc4	common_voice_gju_42587313.mp3	4d7b3c81edeedae6cd5fce67e38e9a74612c90acfa62892a0c82b91e0a44558b	ہوں غونو غون کا تماشا نا چلوں ہے		2	0	fourties				gju	
e65a8c3ba525042ceba11e102309b2525de4d7748b513787fc3ecc50c13c97654e626571fcdb8a6d96b78af3e6c5bfa95fb0286d8407d9d8d3c867d06c7a1fc4	common_voice_gju_42587312.mp3	6b368e7c638fd2f86d4c20c0e9a3e3a70cb6cb1630fbe3cea1631e6045852fcf	تنا کہوں گی جی تہنا بادشاہ کو پوت نجوڑو ہے		2	0	fourties				gju	
e65a8c3ba525042ceba11e102309b2525de4d7748b513787fc3ecc50c13c97654e626571fcdb8a6d96b78af3e6c5bfa95fb0286d8407d9d8d3c867d06c7a1fc4	common_voice_gju_42587311.mp3	681f1fc1e57e2b4057319fb35dba71eed170d2fbe058a47de180cc5fa54d3391	بھی بچڑا پاڑ کے نیہہ اُڈایا‘‘		2	0	fourties				gju	
e65a8c3ba525042ceba11e102309b2525de4d7748b513787fc3ecc50c13c97654e626571fcdb8a6d96b78af3e6c5bfa95fb0286d8407d9d8d3c867d06c7a1fc4	common_voice_gju_42587306.mp3	6483ed97c7cc1560b0b679b5293297e6cffc66bb53470ea0851a5ccdecb937ac	اہم		2	0	fourties				gju	
e65a8c3ba525042ceba11e102309b2525de4d7748b513787fc3ecc50c13c97654e626571fcdb8a6d96b78af3e6c5bfa95fb0286d8407d9d8d3c867d06c7a1fc4	common_voice_gju_42587304.mp3	4f57d5f9aef19b4499b3fc1abe6b21b05998cb6bd6c2169f575bc53595058bcf	پتو لگو جے سارا رچھ بکریاں نا نیہہ کھاتا		2	0	fourties				gju	
e65a8c3ba525042ceba11e102309b2525de4d7748b513787fc3ecc50c13c97654e626571fcdb8a6d96b78af3e6c5bfa95fb0286d8407d9d8d3c867d06c7a1fc4	common_voice_gju_42587303.mp3	6e4fb8afeb23f0b593e331ccffe129f398afad1a2c5a7e89c5184d2036a8aba6	ویہ فوجی اِنھ جنا نا ون پِٹک پو لے گیا اُت پوہچتاں تک اِنھ کا پنج گھینٹا لگ گیا		2	0	fourties				gju	
e65a8c3ba525042ceba11e102309b2525de4d7748b513787fc3ecc50c13c97654e626571fcdb8a6d96b78af3e6c5bfa95fb0286d8407d9d8d3c867d06c7a1fc4	common_voice_gju_42587301.mp3	1d9119bc697bb812160389e834e46a2e52b49dfe971e3e2bf470fc9559b3c9f3	ست چیدین ماس کا پورا کر		2	0	fourties				gju	
e65a8c3ba525042ceba11e102309b2525de4d7748b513787fc3ecc50c13c97654e626571fcdb8a6d96b78af3e6c5bfa95fb0286d8407d9d8d3c867d06c7a1fc4	common_voice_gju_42587300.mp3	4d86110f1869b57f86c84173c0ff5574cf5795af8432896fd729b6894d23421c	تلوار کے ناڑ وہ سپ مار چھوڈیو		2	0	fourties				gju	
e65a8c3ba525042ceba11e102309b2525de4d7748b513787fc3ecc50c13c97654e626571fcdb8a6d96b78af3e6c5bfa95fb0286d8407d9d8d3c867d06c7a1fc4	common_voice_gju_42587299.mp3	6d76b38eb8237f97acffb4769623bf8561bb69b0a8c8ed93adca52be2dc382f8	سنت غسل عیداں اپر تے جمعہ آؒلے تیہاڑذے		2	0	fourties				gju	
e65a8c3ba525042ceba11e102309b2525de4d7748b513787fc3ecc50c13c97654e626571fcdb8a6d96b78af3e6c5bfa95fb0286d8407d9d8d3c867d06c7a1fc4	common_voice_gju_42587298.mp3	6a289e5f779d27ea09a7e437d5cc97bcbcb01344dfbe8ff39338b0034b4f0ab1	وہ سامان چا کے شنگراں کا اُپروں لنگتا ڈیرے پوہچیا		2	0	fourties				gju	
e65a8c3ba525042ceba11e102309b2525de4d7748b513787fc3ecc50c13c97654e626571fcdb8a6d96b78af3e6c5bfa95fb0286d8407d9d8d3c867d06c7a1fc4	common_voice_gju_42587297.mp3	75c777e3d485d39d491677108249e96a295c96b78b05e0e756d0ed6cc8dbbe1b	ویہ ڈیرا نا نیہہ لد سکے تھا		2	0	fourties				gju	
e65a8c3ba525042ceba11e102309b2525de4d7748b513787fc3ecc50c13c97654e626571fcdb8a6d96b78af3e6c5bfa95fb0286d8407d9d8d3c867d06c7a1fc4	common_voice_gju_42587296.mp3	55828f27661efe577fe1fa32faa47ea36a6225ddedac880c13a35ab1aeb35d83	پروین کا ڈیرا ما سارا چھ ادمی تھا		2	0	fourties				gju	
e65a8c3ba525042ceba11e102309b2525de4d7748b513787fc3ecc50c13c97654e626571fcdb8a6d96b78af3e6c5bfa95fb0286d8407d9d8d3c867d06c7a1fc4	common_voice_gju_42587295.mp3	4b68d0a08fb02511828c4d8eba15a33b858c7b9e72b68ae0f526134ce32f5475	سنگی جس بِڑے مڑ کے آیا		2	0	fourties				gju	
e65a8c3ba525042ceba11e102309b2525de4d7748b513787fc3ecc50c13c97654e626571fcdb8a6d96b78af3e6c5bfa95fb0286d8407d9d8d3c867d06c7a1fc4	common_voice_gju_42587292.mp3	67d43be0b4661b05aaf5d51523bda6b3c0928ce7ce724a42a8756bda27624302	نماشاں نا اَجاں اُس ساگ کے نا ل ترواں ادمیاں نے روٹی کھادی تھی		2	1	fourties				gju	
e65a8c3ba525042ceba11e102309b2525de4d7748b513787fc3ecc50c13c97654e626571fcdb8a6d96b78af3e6c5bfa95fb0286d8407d9d8d3c867d06c7a1fc4	common_voice_gju_42587291.mp3	6ba9de712316342a8ce2b135cc7b20e2c64183e668d62dbf3e07578958da9952	اِت آ کے اس بوٹا کی چھاں ما سو رہیو تھو		2	0	fourties				gju	
e65a8c3ba525042ceba11e102309b2525de4d7748b513787fc3ecc50c13c97654e626571fcdb8a6d96b78af3e6c5bfa95fb0286d8407d9d8d3c867d06c7a1fc4	common_voice_gju_42587290.mp3	659189a11fb7fd496ca3ba4392aa855089daca3ff62f0114fc31076b45e3787d	ہوں اپنا حق واسطے گھُلتی رہی		2	0	fourties				gju	
e65a8c3ba525042ceba11e102309b2525de4d7748b513787fc3ecc50c13c97654e626571fcdb8a6d96b78af3e6c5bfa95fb0286d8407d9d8d3c867d06c7a1fc4	common_voice_gju_42587289.mp3	575160d4e3b18ca3faca1d3c9d8ad44cc93a5ed4247a4387b2e9826c33b51330	جنازا کے نال آ گیا		2	0	fourties				gju	
e65a8c3ba525042ceba11e102309b2525de4d7748b513787fc3ecc50c13c97654e626571fcdb8a6d96b78af3e6c5bfa95fb0286d8407d9d8d3c867d06c7a1fc4	common_voice_gju_42587288.mp3	70c87a5b59babad34ad777e1ef2411e9c6441c8f264ac8c1f88c119e61a895f5	چلتیں چلتیں اَگے ایک ڈیرہ ما گیا		2	0	fourties				gju	
e65a8c3ba525042ceba11e102309b2525de4d7748b513787fc3ecc50c13c97654e626571fcdb8a6d96b78af3e6c5bfa95fb0286d8407d9d8d3c867d06c7a1fc4	common_voice_gju_42587287.mp3	67e4e98a5f859c593dd873e902e12370e712d4201f813915694b401d83a5cb01	بارے تھہارے واسطے ہر وخت بوہو کھُلو		2	0	fourties				gju	
e65a8c3ba525042ceba11e102309b2525de4d7748b513787fc3ecc50c13c97654e626571fcdb8a6d96b78af3e6c5bfa95fb0286d8407d9d8d3c867d06c7a1fc4	common_voice_gju_42587286.mp3	56dbec5649fec6cc42898bce2d0a7c21f129ef8b28ce931263a593b4499b514b	ہالی دوئے مرگیا		2	0	fourties				gju	
e65a8c3ba525042ceba11e102309b2525de4d7748b513787fc3ecc50c13c97654e626571fcdb8a6d96b78af3e6c5bfa95fb0286d8407d9d8d3c867d06c7a1fc4	common_voice_gju_42587285.mp3	66cb2e6d5e3acd60aded440b3e5947e95c2c581ac205d6048a55deed016b6837	اُت دھیاڑی گزاری		2	0	fourties				gju	
e65a8c3ba525042ceba11e102309b2525de4d7748b513787fc3ecc50c13c97654e626571fcdb8a6d96b78af3e6c5bfa95fb0286d8407d9d8d3c867d06c7a1fc4	common_voice_gju_42587284.mp3	6b2866036b16fb74eab48c20f7e463374dd9788d28629345d97c01735df4f8f5	اُس پل ما دو جنا مُوا تھا		2	0	fourties				gju	
e65a8c3ba525042ceba11e102309b2525de4d7748b513787fc3ecc50c13c97654e626571fcdb8a6d96b78af3e6c5bfa95fb0286d8407d9d8d3c867d06c7a1fc4	common_voice_gju_42587283.mp3	39834277cac9ad913f3e2471507105e8b857f201463b2230689f35fdb955607d	ہوں جھَب دے درواز ے		2	0	fourties				gju	
e65a8c3ba525042ceba11e102309b2525de4d7748b513787fc3ecc50c13c97654e626571fcdb8a6d96b78af3e6c5bfa95fb0286d8407d9d8d3c867d06c7a1fc4	common_voice_gju_42587282.mp3	654b81749a22bd125d1796604f8483f0dc45f31439f652c2bb2c3e95ef7e4aa7	دیس چٹو شوید تھو		2	0	fourties				gju	
e65a8c3ba525042ceba11e102309b2525de4d7748b513787fc3ecc50c13c97654e626571fcdb8a6d96b78af3e6c5bfa95fb0286d8407d9d8d3c867d06c7a1fc4	common_voice_gju_42613492.mp3	e71a98279b33c013dfdc0e12356e219b5c31799e8228d8a3602958dd7511b179	ویہ مُچ رُنا پِٹیا لوکاں نے اُنھاں نا سہارو دَتو		2	0	fourties				gju	
e65a8c3ba525042ceba11e102309b2525de4d7748b513787fc3ecc50c13c97654e626571fcdb8a6d96b78af3e6c5bfa95fb0286d8407d9d8d3c867d06c7a1fc4	common_voice_gju_42587280.mp3	4534f4d647c2013508c1ca3596fb6d8f82a4428ee06594e9e6f9de1e60392546	رِچھ نے کھدی اِکابکری		2	0	fourties				gju	
e65a8c3ba525042ceba11e102309b2525de4d7748b513787fc3ecc50c13c97654e626571fcdb8a6d96b78af3e6c5bfa95fb0286d8407d9d8d3c867d06c7a1fc4	common_voice_gju_42587279.mp3	6f433af1e93bbe6040e8a6f585d3bd204cfb00b53bfe56c52f1dcecd09c53851	روزی منگ ـ		2	0	fourties				gju	
e65a8c3ba525042ceba11e102309b2525de4d7748b513787fc3ecc50c13c97654e626571fcdb8a6d96b78af3e6c5bfa95fb0286d8407d9d8d3c867d06c7a1fc4	common_voice_gju_42587278.mp3	5373722afffec10efcfcf093ec1c03e1a2d1f29d0c56dbe82667718f5cdc801a	اس بیٹکی کی شرط یاہ تھی جی کِہڑو جنو میرو صندوق کھولے گو		2	0	fourties				gju	
e65a8c3ba525042ceba11e102309b2525de4d7748b513787fc3ecc50c13c97654e626571fcdb8a6d96b78af3e6c5bfa95fb0286d8407d9d8d3c867d06c7a1fc4	common_voice_gju_42587277.mp3	6a1465a886e2a73b163be10607e8276744cc856c4ab0ba92f1ae54f9f1776389	اس کا بدلہ ما بیٹکی دِتی		2	0	fourties				gju	
e65a8c3ba525042ceba11e102309b2525de4d7748b513787fc3ecc50c13c97654e626571fcdb8a6d96b78af3e6c5bfa95fb0286d8407d9d8d3c867d06c7a1fc4	common_voice_gju_42587276.mp3	65833f7e473f11cd2b8f5414b2df47cf43ba243db315e15eb69e4956f13d1dab	اس بیٹکی نا لے چلے گو		2	0	fourties				gju	
e65a8c3ba525042ceba11e102309b2525de4d7748b513787fc3ecc50c13c97654e626571fcdb8a6d96b78af3e6c5bfa95fb0286d8407d9d8d3c867d06c7a1fc4	common_voice_gju_42565912.mp3	56e6ca6fe82d8adfae5dd397c43e5238f6457d7d8064c62401c4de39976db8f5	اُس نے شہزادی نے وہ جنو بی لوکاں ما رڑا چھڑیو کِہڑو اِسیں چھپا کے رکھیو تھو		2	0	fourties				gju	
e65a8c3ba525042ceba11e102309b2525de4d7748b513787fc3ecc50c13c97654e626571fcdb8a6d96b78af3e6c5bfa95fb0286d8407d9d8d3c867d06c7a1fc4	common_voice_gju_42565911.mp3	413ff549af5cb98e73594da1685195cb8644e98076d61eae75f2579538b71964	وہ ڈیرا ہاڑی کوڑ ایو		2	0	fourties				gju	
e65a8c3ba525042ceba11e102309b2525de4d7748b513787fc3ecc50c13c97654e626571fcdb8a6d96b78af3e6c5bfa95fb0286d8407d9d8d3c867d06c7a1fc4	common_voice_gju_42565910.mp3	514ea4c7488c9c78ca6bd6e300caa13a5023fc01753c959112c51a006be4595e	اس مورا کے بچ دو لیلا ہیں		2	0	fourties				gju	
e65a8c3ba525042ceba11e102309b2525de4d7748b513787fc3ecc50c13c97654e626571fcdb8a6d96b78af3e6c5bfa95fb0286d8407d9d8d3c867d06c7a1fc4	common_voice_gju_42565909.mp3	282ea562ae063e48d0ee6e7a99624bbf909318d759c69fcd143df9eaf49eed14	لُڑا کی پھُپی اس نا دیکھ کے مُچ خوش ہوئی		2	0	fourties				gju	
e65a8c3ba525042ceba11e102309b2525de4d7748b513787fc3ecc50c13c97654e626571fcdb8a6d96b78af3e6c5bfa95fb0286d8407d9d8d3c867d06c7a1fc4	common_voice_gju_42565908.mp3	68620562705b035188e488ad624f415c016f467204c9b990db54079e2f143f07	اس ڈر		2	0	fourties				gju	
e65a8c3ba525042ceba11e102309b2525de4d7748b513787fc3ecc50c13c97654e626571fcdb8a6d96b78af3e6c5bfa95fb0286d8407d9d8d3c867d06c7a1fc4	common_voice_gju_42565906.mp3	59de3b026e70f7f5fecbf6a8712a3b7dc0d67b90dd7883873223cf6814d92a38	دل وزیر		2	0	fourties				gju	
e65a8c3ba525042ceba11e102309b2525de4d7748b513787fc3ecc50c13c97654e626571fcdb8a6d96b78af3e6c5bfa95fb0286d8407d9d8d3c867d06c7a1fc4	common_voice_gju_42565905.mp3	44b1f75fcac0101c675c863f9640348a1bc791496bc9f6283fb7af40f201e1b6	بادشاہ بڑو مجبور		2	0	fourties				gju	
e65a8c3ba525042ceba11e102309b2525de4d7748b513787fc3ecc50c13c97654e626571fcdb8a6d96b78af3e6c5bfa95fb0286d8407d9d8d3c867d06c7a1fc4	common_voice_gju_42565904.mp3	4cfc849b349891d2cb6e9ebc03c3a5e936c5f146ee72ac5725f1e11e3b9578b9	کُجھ لوکاں نے کچر بھی بَدھی وی تھی اُنھ تا بھی کَچھل کَپ کے گھَلتا رہیا		2	0	fourties				gju	
e65a8c3ba525042ceba11e102309b2525de4d7748b513787fc3ecc50c13c97654e626571fcdb8a6d96b78af3e6c5bfa95fb0286d8407d9d8d3c867d06c7a1fc4	common_voice_gju_42565903.mp3	652e66935ff565ed47789b7c01bed65b830f5b578dc748bd5feae0c513e58848	مستحب غسل اس وخت ہووئے جد کوئی مسلمان ہووے، شب قدر نا، میت نا غسل دین تے کاہڈ اپنو غسل کرنو۔		2	0	fourties				gju	
e65a8c3ba525042ceba11e102309b2525de4d7748b513787fc3ecc50c13c97654e626571fcdb8a6d96b78af3e6c5bfa95fb0286d8407d9d8d3c867d06c7a1fc4	common_voice_gju_42565902.mp3	711912c687bb59b93ceaafa94963bd225e23dd0fd51bbce5a3bc6a23d31e8ad8	اِنھ لوکاں نے باز چھوڈیو		2	0	fourties				gju	
e65a8c3ba525042ceba11e102309b2525de4d7748b513787fc3ecc50c13c97654e626571fcdb8a6d96b78af3e6c5bfa95fb0286d8407d9d8d3c867d06c7a1fc4	common_voice_gju_42565901.mp3	499dc7e0c1b83334dd27d9c89d4403e2d921e8574d4b4c240c34476bab3d22bd	باج کاکو روئے رات دھیا ڑی		2	0	fourties				gju	
e65a8c3ba525042ceba11e102309b2525de4d7748b513787fc3ecc50c13c97654e626571fcdb8a6d96b78af3e6c5bfa95fb0286d8407d9d8d3c867d06c7a1fc4	common_voice_gju_42565900.mp3	5cca90f6eefe126ffb9b387f0f943815a869018a367c4ca5a3c1ba50b3ad3711	رات باہرہ بجا		2	0	fourties				gju	
e65a8c3ba525042ceba11e102309b2525de4d7748b513787fc3ecc50c13c97654e626571fcdb8a6d96b78af3e6c5bfa95fb0286d8407d9d8d3c867d06c7a1fc4	common_voice_gju_42565899.mp3	68b8aff3b67f4cd382df1a6cbf18cc7b0c9a1e774278cd9b1b9531b2d8096e8b	نوری ناڑ کی گلی		2	1	fourties				gju	
e65a8c3ba525042ceba11e102309b2525de4d7748b513787fc3ecc50c13c97654e626571fcdb8a6d96b78af3e6c5bfa95fb0286d8407d9d8d3c867d06c7a1fc4	common_voice_gju_42565898.mp3	5e58adc5be29dc6b857692aad269888d72890812ba2a40f12ec5e96200e49c7a	ویہ مُچ ہی سوہنی ہیں		2	0	fourties				gju	
e65a8c3ba525042ceba11e102309b2525de4d7748b513787fc3ecc50c13c97654e626571fcdb8a6d96b78af3e6c5bfa95fb0286d8407d9d8d3c867d06c7a1fc4	common_voice_gju_42565897.mp3	5371bf99c15f01415b7068c49ec885a4d8453cb23149c04ee3eee103adc8e70a	ہمنا دیوں جی ہم بادشاہ نا لے کے دیاں کیوں جی بادشاہ کا بچہ نیہہ		2	0	fourties				gju	
e65a8c3ba525042ceba11e102309b2525de4d7748b513787fc3ecc50c13c97654e626571fcdb8a6d96b78af3e6c5bfa95fb0286d8407d9d8d3c867d06c7a1fc4	common_voice_gju_42565896.mp3	5b44c7e07f8498d44602fe429faa8d14d593eafa2a60b50972c585fb4ceb4f24	یاہ گل ثابت ہو گئی جے جاوید نا نشا کی عادت تھی		2	0	fourties				gju	
e65a8c3ba525042ceba11e102309b2525de4d7748b513787fc3ecc50c13c97654e626571fcdb8a6d96b78af3e6c5bfa95fb0286d8407d9d8d3c867d06c7a1fc4	common_voice_gju_42565895.mp3	1906a1cb0def13febb69081d69822fd78a6bd161c51ecbf37e4ffedee27865a7	اَگے دیکھے راہ مابِیرو لیلو پیو وو		2	0	fourties				gju	
e65a8c3ba525042ceba11e102309b2525de4d7748b513787fc3ecc50c13c97654e626571fcdb8a6d96b78af3e6c5bfa95fb0286d8407d9d8d3c867d06c7a1fc4	common_voice_gju_42565894.mp3	58a4b9853085c6a90cbb17d6ee225bc5fffd907a09f3f64afc8574e6592d6638	کاہڈھ کیل ما جہڑو ڈیرا کو سامان		2	0	fourties				gju	
e65a8c3ba525042ceba11e102309b2525de4d7748b513787fc3ecc50c13c97654e626571fcdb8a6d96b78af3e6c5bfa95fb0286d8407d9d8d3c867d06c7a1fc4	common_voice_gju_42565893.mp3	632abe32a00b88681a6607978fa1816102dac0bbd0c619cf7e462ed80ab64a82	اُنھ لوکاں نے دوجی واری باز اُڈایو		2	0	fourties				gju	
e65a8c3ba525042ceba11e102309b2525de4d7748b513787fc3ecc50c13c97654e626571fcdb8a6d96b78af3e6c5bfa95fb0286d8407d9d8d3c867d06c7a1fc4	common_voice_gju_42565892.mp3	4411a48db06c43621a8625d486fb65ea51ab130040521750ec6707497da04830	یوہ رکھ ما پوہچیو		2	0	fourties				gju	
e65a8c3ba525042ceba11e102309b2525de4d7748b513787fc3ecc50c13c97654e626571fcdb8a6d96b78af3e6c5bfa95fb0286d8407d9d8d3c867d06c7a1fc4	common_voice_gju_42565891.mp3	073f8b5faf419fd983ed55c668e6aff1fdc00e7ddd851f0e94945aae2eb28950	ویہ لوک مچ خوش ہویا		2	0	fourties				gju	
e65a8c3ba525042ceba11e102309b2525de4d7748b513787fc3ecc50c13c97654e626571fcdb8a6d96b78af3e6c5bfa95fb0286d8407d9d8d3c867d06c7a1fc4	common_voice_gju_42565890.mp3	68bac0c495519285b1732f67d1a6a03b6d463cf841a267b908099db8cd431b22	ہم ہتھ دھو کے سرگی کی روٹی کھان لگا		2	0	fourties				gju	
e65a8c3ba525042ceba11e102309b2525de4d7748b513787fc3ecc50c13c97654e626571fcdb8a6d96b78af3e6c5bfa95fb0286d8407d9d8d3c867d06c7a1fc4	common_voice_gju_42565889.mp3	3cfa8b38c22df63f6a7db19983e7df45d64919c3cba2d28042248ea9a503319e	ساون کا دھیاڑا تھا نِکا نِکا جاتک کھیڈن واسطے ڈیرا		2	0	fourties				gju	
e65a8c3ba525042ceba11e102309b2525de4d7748b513787fc3ecc50c13c97654e626571fcdb8a6d96b78af3e6c5bfa95fb0286d8407d9d8d3c867d06c7a1fc4	common_voice_gju_42565888.mp3	05675547cd0596c55adea0ebac44666ce9e72c2ea1ac608ac2d9e89d911c4309	کیل جا کے پوہچیا		2	0	fourties				gju	
e65a8c3ba525042ceba11e102309b2525de4d7748b513787fc3ecc50c13c97654e626571fcdb8a6d96b78af3e6c5bfa95fb0286d8407d9d8d3c867d06c7a1fc4	common_voice_gju_42565887.mp3	63d176609bd353040962147ef4e4ac54f256450a7fef606e717e90de85837fc2	یہ مُچ ڈریا اِنھاں نے ہمت کر کے اپنو مال جوجاٹی ما پوہچایو		2	0	fourties				gju	
e65a8c3ba525042ceba11e102309b2525de4d7748b513787fc3ecc50c13c97654e626571fcdb8a6d96b78af3e6c5bfa95fb0286d8407d9d8d3c867d06c7a1fc4	common_voice_gju_42565886.mp3	18e764ca6b6cd3767660dcee1ef098ca2c9f8acfe91d8400c92a566dddbef0bd	لوک سارا بَٹلا ہو گیا تھا لوکاں نے قادرآباد کا قبرستان ما قبر بے تیا ر کر لئی تھی		2	0	fourties				gju	
e65a8c3ba525042ceba11e102309b2525de4d7748b513787fc3ecc50c13c97654e626571fcdb8a6d96b78af3e6c5bfa95fb0286d8407d9d8d3c867d06c7a1fc4	common_voice_gju_42565885.mp3	6a4ac5a1846ba8a4bf5f7e89ca92df0b0e1044f1a332564b2bd7541d7e4ea03c	خالق آپ اُٹھ کے چھَت پو چڑھ گیو		2	0	fourties				gju	
e65a8c3ba525042ceba11e102309b2525de4d7748b513787fc3ecc50c13c97654e626571fcdb8a6d96b78af3e6c5bfa95fb0286d8407d9d8d3c867d06c7a1fc4	common_voice_gju_42565884.mp3	6009089cf1322a090e865cb3aad61de3a585bb4fbc938e4cda9d4672c57d4d72	باقی زخمی ٹھیک تھا		2	1	fourties				gju	
e65a8c3ba525042ceba11e102309b2525de4d7748b513787fc3ecc50c13c97654e626571fcdb8a6d96b78af3e6c5bfa95fb0286d8407d9d8d3c867d06c7a1fc4	common_voice_gju_42565883.mp3	5a3644fdf3fe783afcb562dd87f09233f0fe8217ef4bde6c64d96aba5875b282	ہمنا اِنھ بچوں بے کوئی شے لازمی کھانی چاہیئے		2	0	fourties				gju	
e65a8c3ba525042ceba11e102309b2525de4d7748b513787fc3ecc50c13c97654e626571fcdb8a6d96b78af3e6c5bfa95fb0286d8407d9d8d3c867d06c7a1fc4	common_voice_gju_42565882.mp3	5485de5804e45d4fdc682f5e0a09639f725ffbfabe5407d8393e044587c21e29	اس نے ایویں بے مر گیو		2	0	fourties				gju	
e65a8c3ba525042ceba11e102309b2525de4d7748b513787fc3ecc50c13c97654e626571fcdb8a6d96b78af3e6c5bfa95fb0286d8407d9d8d3c867d06c7a1fc4	common_voice_gju_42565881.mp3	58a8e0c6eadd9e7ef316f1cd030d0783e472e3e500bd574f0f5a2cac6f427577	وہ ایک قسم کو ملنگ بن گیو تھو		2	0	fourties				gju	
e65a8c3ba525042ceba11e102309b2525de4d7748b513787fc3ecc50c13c97654e626571fcdb8a6d96b78af3e6c5bfa95fb0286d8407d9d8d3c867d06c7a1fc4	common_voice_gju_42565880.mp3	5968ececde6d909f40f91df27046bdbc623a5edd4e6cc0503077d4c61bfd1ad3	لیکن اِنہاں لوکاں نے ہمت کر کہ اپنو ڈیرو		2	0	fourties				gju	
e65a8c3ba525042ceba11e102309b2525de4d7748b513787fc3ecc50c13c97654e626571fcdb8a6d96b78af3e6c5bfa95fb0286d8407d9d8d3c867d06c7a1fc4	common_voice_gju_42565879.mp3	464156aee276e46398de0ec9edb1e9aa6f2b0b73684389e9c7f3fca478a17d52	اِنھ نے بکری ڈیرا کولے		2	0	fourties				gju	
e65a8c3ba525042ceba11e102309b2525de4d7748b513787fc3ecc50c13c97654e626571fcdb8a6d96b78af3e6c5bfa95fb0286d8407d9d8d3c867d06c7a1fc4	common_voice_gju_42565878.mp3	6b250cfd50b5542d80c5de13c6ac6f42acf91613b81eb3b4b5ea0000b1f0ea80	منیر نے گھوڑا لے کے کنک ما چھوڈ دِتا		2	0	fourties				gju	
e65a8c3ba525042ceba11e102309b2525de4d7748b513787fc3ecc50c13c97654e626571fcdb8a6d96b78af3e6c5bfa95fb0286d8407d9d8d3c867d06c7a1fc4	common_voice_gju_42565877.mp3	5dc2393e9fa09eafae5ac8b94ceba7dd9117d2c450320fbe48dcfdccb3a6d194	یاہ گل جلکھڈ کی		2	0	fourties				gju	
e65a8c3ba525042ceba11e102309b2525de4d7748b513787fc3ecc50c13c97654e626571fcdb8a6d96b78af3e6c5bfa95fb0286d8407d9d8d3c867d06c7a1fc4	common_voice_gju_42565876.mp3	4a2cb7aa9f02be3e964140508ae18a7e1b8e568838ce77940e7aaf748fcb5e02	میں مُچ بڑی ہمت کری		2	0	fourties				gju	
e65a8c3ba525042ceba11e102309b2525de4d7748b513787fc3ecc50c13c97654e626571fcdb8a6d96b78af3e6c5bfa95fb0286d8407d9d8d3c867d06c7a1fc4	common_voice_gju_42565875.mp3	3d6aaa986b8cb28ac235152913642b9d3904f927adec1e859075953b7c6834f3	محمد حسین		2	0	fourties				gju	
e65a8c3ba525042ceba11e102309b2525de4d7748b513787fc3ecc50c13c97654e626571fcdb8a6d96b78af3e6c5bfa95fb0286d8407d9d8d3c867d06c7a1fc4	common_voice_gju_42565874.mp3	3f3197f1b758b4c47a5fb50efe86b4dbebee4ecaff454527796c06a1b3db7e78	گھوڑا ڈیرے آنیا ں		2	0	fourties				gju	
e65a8c3ba525042ceba11e102309b2525de4d7748b513787fc3ecc50c13c97654e626571fcdb8a6d96b78af3e6c5bfa95fb0286d8407d9d8d3c867d06c7a1fc4	common_voice_gju_42565873.mp3	60ca0fb1ed6af8a21c35b2ea4829d710c68b3eb2a097c584e85514ea42d2d248	نیہہ کَڈھیا تھا		2	0	fourties				gju	
e65a8c3ba525042ceba11e102309b2525de4d7748b513787fc3ecc50c13c97654e626571fcdb8a6d96b78af3e6c5bfa95fb0286d8407d9d8d3c867d06c7a1fc4	common_voice_gju_42565872.mp3	5faac85586bd0ea8a01066926a7da3b3683a6306f02ca2aa1933888663920272	چھ بکری نیہہ تھی		2	0	fourties				gju	
e65a8c3ba525042ceba11e102309b2525de4d7748b513787fc3ecc50c13c97654e626571fcdb8a6d96b78af3e6c5bfa95fb0286d8407d9d8d3c867d06c7a1fc4	common_voice_gju_42565871.mp3	6c638e1e3a14d073582d9ebbc59cb579aa8ddffdfb225020f1238dcd9af3cd0c	مچ خوش تھا		2	0	fourties				gju	
e65a8c3ba525042ceba11e102309b2525de4d7748b513787fc3ecc50c13c97654e626571fcdb8a6d96b78af3e6c5bfa95fb0286d8407d9d8d3c867d06c7a1fc4	common_voice_gju_42565870.mp3	3dcb0ad9ee47afc0bb6d1591a82618d74b23a7460b7f9be073ea5f7d642acc01	یوہ جاتک اِنھاں نے سامیو		2	0	fourties				gju	
e65a8c3ba525042ceba11e102309b2525de4d7748b513787fc3ecc50c13c97654e626571fcdb8a6d96b78af3e6c5bfa95fb0286d8407d9d8d3c867d06c7a1fc4	common_voice_gju_42565869.mp3	43d9a0e51d67d1e49ab8b5cc0a7d8d11e7747613cac7a02702f8c659a9f78d64	اس کا پُوتاں محمد حاکم		2	0	fourties				gju	
e65a8c3ba525042ceba11e102309b2525de4d7748b513787fc3ecc50c13c97654e626571fcdb8a6d96b78af3e6c5bfa95fb0286d8407d9d8d3c867d06c7a1fc4	common_voice_gju_42565868.mp3	707c60ec95b732b7f7859792b306cbc6f47b85ab44690501e38bd8a7f9ddd61c	سمجھو اُس کی خوراک ہچھی		2	0	fourties				gju	
e65a8c3ba525042ceba11e102309b2525de4d7748b513787fc3ecc50c13c97654e626571fcdb8a6d96b78af3e6c5bfa95fb0286d8407d9d8d3c867d06c7a1fc4	common_voice_gju_42565867.mp3	6b760ec8170f56b03ff97a5911978e71edbedf7d5825947915afdcbec7c0daa4	ماں اُنھ نا کہن لگی		2	0	fourties				gju	
e65a8c3ba525042ceba11e102309b2525de4d7748b513787fc3ecc50c13c97654e626571fcdb8a6d96b78af3e6c5bfa95fb0286d8407d9d8d3c867d06c7a1fc4	common_voice_gju_42565866.mp3	3494cd066afe92768ad3a3d0765c8e464f580eefd8ab9a6395dd1573f1bb1d2f	دو چنگا تکڑا تکڑا گھوڑا لے آئوں		2	0	fourties				gju	
e65a8c3ba525042ceba11e102309b2525de4d7748b513787fc3ecc50c13c97654e626571fcdb8a6d96b78af3e6c5bfa95fb0286d8407d9d8d3c867d06c7a1fc4	common_voice_gju_42565865.mp3	50146191150d20916e3c4cd4718bdf15b9e958613d41764533d4b0e95523de53	اُنھ نا بکری نہ لبھی		2	0	fourties				gju	
e65a8c3ba525042ceba11e102309b2525de4d7748b513787fc3ecc50c13c97654e626571fcdb8a6d96b78af3e6c5bfa95fb0286d8407d9d8d3c867d06c7a1fc4	common_voice_gju_42565864.mp3	5257f0b16cef20f3ac64d9f7f61cd4bb336aebc2e2395e9c0f59edf08be75a98	کاہڈ یوہ بَل ہویو		2	0	fourties				gju	
e65a8c3ba525042ceba11e102309b2525de4d7748b513787fc3ecc50c13c97654e626571fcdb8a6d96b78af3e6c5bfa95fb0286d8407d9d8d3c867d06c7a1fc4	common_voice_gju_42565863.mp3	5769bba64f5fc669e75728dec7364704c523357bf6cdd95b9a63e30808b1c200	چار سو کی اس نا ککڑی لبھی دُڑا دُڑا کے اس نے وا ہ نپی		2	0	fourties				gju	
e65a8c3ba525042ceba11e102309b2525de4d7748b513787fc3ecc50c13c97654e626571fcdb8a6d96b78af3e6c5bfa95fb0286d8407d9d8d3c867d06c7a1fc4	common_voice_gju_42565862.mp3	5b040f399d6fdef4810124da7fdfddaf814a61ee55b5ed06bde724cfef1e738a	ویہ لوک اِس		2	0	fourties				gju	
e65a8c3ba525042ceba11e102309b2525de4d7748b513787fc3ecc50c13c97654e626571fcdb8a6d96b78af3e6c5bfa95fb0286d8407d9d8d3c867d06c7a1fc4	common_voice_gju_42565859.mp3	6794c5bb5a3c400a5c28b1a652b64bd595684d0a2122453cab612bf52e4b342e	آن کے اُت قید کئی تھی		2	0	fourties				gju	
e65a8c3ba525042ceba11e102309b2525de4d7748b513787fc3ecc50c13c97654e626571fcdb8a6d96b78af3e6c5bfa95fb0286d8407d9d8d3c867d06c7a1fc4	common_voice_gju_42565857.mp3	28bf734995cc5439d591dd207af70b26d54416a345a6fb1dfb0a4a65af61972f	یوہ جاتک اَنھ شکاریاں نے چایو		2	0	fourties				gju	
e65a8c3ba525042ceba11e102309b2525de4d7748b513787fc3ecc50c13c97654e626571fcdb8a6d96b78af3e6c5bfa95fb0286d8407d9d8d3c867d06c7a1fc4	common_voice_gju_42565856.mp3	367cee937bbbb5fef080f113ed3adcc8d12c669445082195ac1e20bb6cb5178f	یوہ بچو اس حادثہ ما بَچ گیو کیوں جے جس نا اللہ نہ مارے اس نا کوئی نیہہ مار سکتو		2	0	fourties				gju	
e65a8c3ba525042ceba11e102309b2525de4d7748b513787fc3ecc50c13c97654e626571fcdb8a6d96b78af3e6c5bfa95fb0286d8407d9d8d3c867d06c7a1fc4	common_voice_gju_42565855.mp3	69a0dee196dfe4590e0d69f4e05374c64f059ddbd11ee62565249164491778e7	اس کی حالت مُچ خراب تھی		2	0	fourties				gju	
e65a8c3ba525042ceba11e102309b2525de4d7748b513787fc3ecc50c13c97654e626571fcdb8a6d96b78af3e6c5bfa95fb0286d8407d9d8d3c867d06c7a1fc4	common_voice_gju_42565854.mp3	69ba9d7b1efdd773148d6438d3011f8cb8da13e6fa41f839685430a72089358d	موسم صاف ہو گیو		2	0	fourties				gju	
e65a8c3ba525042ceba11e102309b2525de4d7748b513787fc3ecc50c13c97654e626571fcdb8a6d96b78af3e6c5bfa95fb0286d8407d9d8d3c867d06c7a1fc4	common_voice_gju_42565853.mp3	369ee79e5f37a700a738b55fb347e06ba857099516e185d559e2ad1fb2ea186c	پہلا تے دوجا قعدہ ما التحیات تشہد سمیت پڑھنی۔		2	0	fourties				gju	
e65a8c3ba525042ceba11e102309b2525de4d7748b513787fc3ecc50c13c97654e626571fcdb8a6d96b78af3e6c5bfa95fb0286d8407d9d8d3c867d06c7a1fc4	common_voice_gju_42565852.mp3	50926bb0536cae2fe0ba72c93c611d30ecf16cda9534e10c1ec6dd2ceabe674e	بارے اتنی کمزور نیہہ		2	0	fourties				gju	
e65a8c3ba525042ceba11e102309b2525de4d7748b513787fc3ecc50c13c97654e626571fcdb8a6d96b78af3e6c5bfa95fb0286d8407d9d8d3c867d06c7a1fc4	common_voice_gju_42565851.mp3	62ae8df0ea0434f893f398a69a1938391cdf06c5730962dece81c70cdf2b1260	اس نے اَگا		2	0	fourties				gju	
e65a8c3ba525042ceba11e102309b2525de4d7748b513787fc3ecc50c13c97654e626571fcdb8a6d96b78af3e6c5bfa95fb0286d8407d9d8d3c867d06c7a1fc4	common_voice_gju_42565850.mp3	5306ab4b7f85d7975c146ffff8f80128f744de907ec3279a82cbb9dc143c6968	اُت بکری پوہچی		2	0	fourties				gju	
e65a8c3ba525042ceba11e102309b2525de4d7748b513787fc3ecc50c13c97654e626571fcdb8a6d96b78af3e6c5bfa95fb0286d8407d9d8d3c867d06c7a1fc4	common_voice_gju_42565849.mp3	2fb7a94ac85f8424d1b554295fa927f4e15b35d6b83a30bb5611cbc4002ee3d1	اُتو ٹُر گیو		2	0	fourties				gju	
e65a8c3ba525042ceba11e102309b2525de4d7748b513787fc3ecc50c13c97654e626571fcdb8a6d96b78af3e6c5bfa95fb0286d8407d9d8d3c867d06c7a1fc4	common_voice_gju_42565848.mp3	4f5fce89e618358ca598aeaafcfb9d966bf29d9b2ffb56d791fa6c25226c028f	پانی آ گیو		2	0	fourties				gju	
e65a8c3ba525042ceba11e102309b2525de4d7748b513787fc3ecc50c13c97654e626571fcdb8a6d96b78af3e6c5bfa95fb0286d8407d9d8d3c867d06c7a1fc4	common_voice_gju_42565847.mp3	4b9dddc381c7c405acdf259c4927b26f115b0b58ec8d73b8096e594b9d3a4d5f	بیٹکی بھی نال تھی۔		2	0	fourties				gju	
e65a8c3ba525042ceba11e102309b2525de4d7748b513787fc3ecc50c13c97654e626571fcdb8a6d96b78af3e6c5bfa95fb0286d8407d9d8d3c867d06c7a1fc4	common_voice_gju_42565846.mp3	4661a3578ef6f653b6890173075086ae1cce902030416ac2946d19b4ac99c3f7	تاں رات نا روٹی کھائے		2	0	fourties				gju	
e65a8c3ba525042ceba11e102309b2525de4d7748b513787fc3ecc50c13c97654e626571fcdb8a6d96b78af3e6c5bfa95fb0286d8407d9d8d3c867d06c7a1fc4	common_voice_gju_42565845.mp3	43681f4dc6a54f6730082893d51408d72508079634ff5b38b3c2cc3a6d41b7d6	نولکھیا نے تلوار کے ناڑ دیو ہلایو		2	0	fourties				gju	
e65a8c3ba525042ceba11e102309b2525de4d7748b513787fc3ecc50c13c97654e626571fcdb8a6d96b78af3e6c5bfa95fb0286d8407d9d8d3c867d06c7a1fc4	common_voice_gju_42565844.mp3	6385e1b36d3d5b4d43820e4cfbe0086bcfee9089303b2c82ddbd9a2134cd6144	بڑی قیمتی شَے ہے اِساں ہر آدمی لیں بی نیہہ سکتو کیوں جی ذر ہے		2	0	fourties				gju	
e65a8c3ba525042ceba11e102309b2525de4d7748b513787fc3ecc50c13c97654e626571fcdb8a6d96b78af3e6c5bfa95fb0286d8407d9d8d3c867d06c7a1fc4	common_voice_gju_42565843.mp3	4a63513f96dd621ea6e40d9d61e8f68e430565f5980f9bd03794022d994e6c42	پل ما کچر کھُب گئی		2	0	fourties				gju	
e65a8c3ba525042ceba11e102309b2525de4d7748b513787fc3ecc50c13c97654e626571fcdb8a6d96b78af3e6c5bfa95fb0286d8407d9d8d3c867d06c7a1fc4	common_voice_gju_42565842.mp3	5bbefbe3e758705a0369503c835f77f644f2fb86ba3c87cbe76a6a8eee492acd	فر کہن لگی		2	0	fourties				gju	
e65a8c3ba525042ceba11e102309b2525de4d7748b513787fc3ecc50c13c97654e626571fcdb8a6d96b78af3e6c5bfa95fb0286d8407d9d8d3c867d06c7a1fc4	common_voice_gju_42565841.mp3	5219485bf5f32471e567df2400ff6e39e787588e9ad4db60cb50d24935e8ae04	گُڑ		2	0	fourties				gju	
e65a8c3ba525042ceba11e102309b2525de4d7748b513787fc3ecc50c13c97654e626571fcdb8a6d96b78af3e6c5bfa95fb0286d8407d9d8d3c867d06c7a1fc4	common_voice_gju_42565840.mp3	6895dccd337763aaaa97ede2b8aed33ed3b671211d9035e9c3649765c96994e2	لوہار کی ترے گل		2	0	fourties				gju	
e65a8c3ba525042ceba11e102309b2525de4d7748b513787fc3ecc50c13c97654e626571fcdb8a6d96b78af3e6c5bfa95fb0286d8407d9d8d3c867d06c7a1fc4	common_voice_gju_42565839.mp3	5083cf5c1733319617087d722f76c666e0cefe66bb92a10a33c5bbef95bfe022	اس نا نہ چلنیے وہ تنا مارے گو‘‘		2	0	fourties				gju	
e65a8c3ba525042ceba11e102309b2525de4d7748b513787fc3ecc50c13c97654e626571fcdb8a6d96b78af3e6c5bfa95fb0286d8407d9d8d3c867d06c7a1fc4	common_voice_gju_42565838.mp3	424cdb208537232ab01e7996a8ed6d3876fa02b3dbc3372134bca8f124478f05	چاول ما وھے		2	0	fourties				gju	
e65a8c3ba525042ceba11e102309b2525de4d7748b513787fc3ecc50c13c97654e626571fcdb8a6d96b78af3e6c5bfa95fb0286d8407d9d8d3c867d06c7a1fc4	common_voice_gju_42565837.mp3	6711cc70e694ed5f75fb46d395bcb7089128e1da7924e33ec066b6d5ce096e1b	دیو نے بیٹکی کسے ٹھار		2	0	fourties				gju	
e65a8c3ba525042ceba11e102309b2525de4d7748b513787fc3ecc50c13c97654e626571fcdb8a6d96b78af3e6c5bfa95fb0286d8407d9d8d3c867d06c7a1fc4	common_voice_gju_42565836.mp3	5515a904cb64631a93526a350765ffb1183ed5fb7f5a7856d1b4e8831d36256b	اُت پانی کی ایک مُچ بڑی سر تھی ہوں سر کا کنارا		2	0	fourties				gju	
e65a8c3ba525042ceba11e102309b2525de4d7748b513787fc3ecc50c13c97654e626571fcdb8a6d96b78af3e6c5bfa95fb0286d8407d9d8d3c867d06c7a1fc4	common_voice_gju_42565835.mp3	4e888d6b7e5f83dabd4e9c0ea1f1df6013b971ca541ae1bb70826418fa2a8477	وہ خیر خرامو ڈیرے پوہچ گیو		2	0	fourties				gju	
e65a8c3ba525042ceba11e102309b2525de4d7748b513787fc3ecc50c13c97654e626571fcdb8a6d96b78af3e6c5bfa95fb0286d8407d9d8d3c867d06c7a1fc4	common_voice_gju_42565834.mp3	5e8006fa4bc9709756a6e08571ddc58d13a3647e06442b0b62572f4a7b337141	ترے آدمی اُت شہید ہوگیا		2	0	fourties				gju	
e65a8c3ba525042ceba11e102309b2525de4d7748b513787fc3ecc50c13c97654e626571fcdb8a6d96b78af3e6c5bfa95fb0286d8407d9d8d3c867d06c7a1fc4	common_voice_gju_42565833.mp3	45647dfafb500d2f8111debab4da10a29d540e216483738f6fb59f93e58b10c0	لگی یاہ پل چودہ دھیارہ برہتی رہی		2	0	fourties				gju	
e65a8c3ba525042ceba11e102309b2525de4d7748b513787fc3ecc50c13c97654e626571fcdb8a6d96b78af3e6c5bfa95fb0286d8407d9d8d3c867d06c7a1fc4	common_voice_gju_42565832.mp3	6049f53baf23bc3327a57cd021502debb127f63666af314e78ffb39909af00a4	مہارا نبی مکہ ما پیدا ہویا۔		2	0	fourties				gju	
e65a8c3ba525042ceba11e102309b2525de4d7748b513787fc3ecc50c13c97654e626571fcdb8a6d96b78af3e6c5bfa95fb0286d8407d9d8d3c867d06c7a1fc4	common_voice_gju_42565831.mp3	6a6f6c0a5a37b5c075dffd1b7c65451c4dd8cb7043a61a96feb1cffbde462a01	اس نے رچھ نیہہ دیکھیو تھو		2	0	fourties				gju	
e65a8c3ba525042ceba11e102309b2525de4d7748b513787fc3ecc50c13c97654e626571fcdb8a6d96b78af3e6c5bfa95fb0286d8407d9d8d3c867d06c7a1fc4	common_voice_gju_42565830.mp3	5f7365c33976a333a482fffbe5b2d913c2c99c885c88e62db87b67875de82539	کہڑا رچھ نے بوٹا پٹیا تھا اُت میں پٹی جوڑی تھی وہ رچھ اج آ گیو ہے منا کہے جی ہن منا ادھی مکئی		2	0	fourties				gju	
e65a8c3ba525042ceba11e102309b2525de4d7748b513787fc3ecc50c13c97654e626571fcdb8a6d96b78af3e6c5bfa95fb0286d8407d9d8d3c867d06c7a1fc4	common_voice_gju_42565829.mp3	2c3d44bb52d6d54beb8a0105b7376920b5a6d6685e2b631ff498feeda79f5526	لِسی بکری کنی کراں		2	0	fourties				gju	
e65a8c3ba525042ceba11e102309b2525de4d7748b513787fc3ecc50c13c97654e626571fcdb8a6d96b78af3e6c5bfa95fb0286d8407d9d8d3c867d06c7a1fc4	common_voice_gju_42565828.mp3	5dc54c8859a8beae489c558283f9806af02cb0d9ac43cd97d8882ead241e3dda	اُت ہسپتال ما داخل کرائی چھُڑی		2	0	fourties				gju	
e65a8c3ba525042ceba11e102309b2525de4d7748b513787fc3ecc50c13c97654e626571fcdb8a6d96b78af3e6c5bfa95fb0286d8407d9d8d3c867d06c7a1fc4	common_voice_gju_42565827.mp3	1342480e55798832e19e00b54b81d788ed478b4a8eb66b68089ef5a992ff4f22	ہوں دوڑ کے اپنا کمرا ما گئی		2	0	fourties				gju	
e65a8c3ba525042ceba11e102309b2525de4d7748b513787fc3ecc50c13c97654e626571fcdb8a6d96b78af3e6c5bfa95fb0286d8407d9d8d3c867d06c7a1fc4	common_voice_gju_42565826.mp3	0d0fbc313230201ed8e6ba7660c31f66ef44e7ddbf16eca771035b4ef902be2f	اِنھاں نے اُٹھ کے دیکھیو		2	0	fourties				gju	
e65a8c3ba525042ceba11e102309b2525de4d7748b513787fc3ecc50c13c97654e626571fcdb8a6d96b78af3e6c5bfa95fb0286d8407d9d8d3c867d06c7a1fc4	common_voice_gju_42565825.mp3	402b51209baf697236d05b9c91d29e0f3eb239fb8cb34d29054be1782c526074	نِکا نِکا دو بچا ہو ر بے چالیا		2	0	fourties				gju	
e65a8c3ba525042ceba11e102309b2525de4d7748b513787fc3ecc50c13c97654e626571fcdb8a6d96b78af3e6c5bfa95fb0286d8407d9d8d3c867d06c7a1fc4	common_voice_gju_42565824.mp3	3443b6254b74f1d02f257e607ac4588913cc92f3695df318b99913626517bc12	بارے لوکاں نا اس گل کو پتو ہونو چاہیے جے جس بِلے خوراک ٹھیک نیہہ ہوسے گی		2	0	fourties				gju	
e65a8c3ba525042ceba11e102309b2525de4d7748b513787fc3ecc50c13c97654e626571fcdb8a6d96b78af3e6c5bfa95fb0286d8407d9d8d3c867d06c7a1fc4	common_voice_gju_42565823.mp3	35fafe12b77bf2e064528970b9c68f5c0d1bdb12e0a9820b04e8dd2dfcff1f25	اس نے جا کے		2	0	fourties				gju	
e65a8c3ba525042ceba11e102309b2525de4d7748b513787fc3ecc50c13c97654e626571fcdb8a6d96b78af3e6c5bfa95fb0286d8407d9d8d3c867d06c7a1fc4	common_voice_gju_42565822.mp3	6380a51ab3257394a05e491d5e357fa79db32a68d9202490427fb7c199889a41	اصل گل یاہ		2	0	fourties				gju	
e65a8c3ba525042ceba11e102309b2525de4d7748b513787fc3ecc50c13c97654e626571fcdb8a6d96b78af3e6c5bfa95fb0286d8407d9d8d3c867d06c7a1fc4	common_voice_gju_42565816.mp3	4235f4bc2c8e48d067483bcbfa92c87e6b431ad5326e92631e3b56be63c9d647	دوجا بُوٹا تا ٹُریو		2	0	fourties				gju	
e65a8c3ba525042ceba11e102309b2525de4d7748b513787fc3ecc50c13c97654e626571fcdb8a6d96b78af3e6c5bfa95fb0286d8407d9d8d3c867d06c7a1fc4	common_voice_gju_42565814.mp3	43f3f489ed4bfa195d6c95d1850598f8e2ee600fe2650029f7ab33145b61cb0c	یوہ سوہنو خوبصورت		2	0	fourties				gju	
e65a8c3ba525042ceba11e102309b2525de4d7748b513787fc3ecc50c13c97654e626571fcdb8a6d96b78af3e6c5bfa95fb0286d8407d9d8d3c867d06c7a1fc4	common_voice_gju_42565813.mp3	375885b4283ad580747a1d18640f904c63fe6d73df05a63045ff9356b4d0c809	ہوں اس جنا کے ناڑ بیاہ کروں گی		2	0	fourties				gju	
e65a8c3ba525042ceba11e102309b2525de4d7748b513787fc3ecc50c13c97654e626571fcdb8a6d96b78af3e6c5bfa95fb0286d8407d9d8d3c867d06c7a1fc4	common_voice_gju_42565812.mp3	0d43eede81b20e61ec9aaaa85a40e07d8fa1551b4d36a832f9d596f7d3322fa6	نک کَپ چھُڑیو		2	0	fourties				gju	
e65a8c3ba525042ceba11e102309b2525de4d7748b513787fc3ecc50c13c97654e626571fcdb8a6d96b78af3e6c5bfa95fb0286d8407d9d8d3c867d06c7a1fc4	common_voice_gju_42565811.mp3	626fa25bff01622eaad65ae4f4a86775f3ecf36c8358aea438e0a6b96812b611	گل پَڑ پو چڑھ کے پتر نہ کپ		2	0	fourties				gju	
e65a8c3ba525042ceba11e102309b2525de4d7748b513787fc3ecc50c13c97654e626571fcdb8a6d96b78af3e6c5bfa95fb0286d8407d9d8d3c867d06c7a1fc4	common_voice_gju_42565810.mp3	61c057bf354cce2cda11ddd7fb5ed194a5c2a47da13fff85b3357fbb9f41c2d1	کم		2	0	fourties				gju	
e65a8c3ba525042ceba11e102309b2525de4d7748b513787fc3ecc50c13c97654e626571fcdb8a6d96b78af3e6c5bfa95fb0286d8407d9d8d3c867d06c7a1fc4	common_voice_gju_42565809.mp3	6cb85a496a7f4dce10d72d2509f22470baf7f4efb7adee496b40b1a0c624951f	یاہ رَکھ ضلع جہلم ما		2	0	fourties				gju	
e65a8c3ba525042ceba11e102309b2525de4d7748b513787fc3ecc50c13c97654e626571fcdb8a6d96b78af3e6c5bfa95fb0286d8407d9d8d3c867d06c7a1fc4	common_voice_gju_42565808.mp3	5e0e6ab9f7eeb5fa200f954e6c536f190fbd62ba0347df567426c8c0d0580829	دیسی لوکاں نے فوج ہالاں نا کہیو جے انھ لوکاں نا ایک دوجاں کی کوئی خبر نیہہ جے کتنا لوک گلی		2	0	fourties				gju	
e65a8c3ba525042ceba11e102309b2525de4d7748b513787fc3ecc50c13c97654e626571fcdb8a6d96b78af3e6c5bfa95fb0286d8407d9d8d3c867d06c7a1fc4	common_voice_gju_42565807.mp3	5fa920b53c0aaec669c858937af87bbad6d97e2daee73c0d4f2b945669390b6a	بسطے ٹوہ کھنتو رہیو		2	0	fourties				gju	
e65a8c3ba525042ceba11e102309b2525de4d7748b513787fc3ecc50c13c97654e626571fcdb8a6d96b78af3e6c5bfa95fb0286d8407d9d8d3c867d06c7a1fc4	common_voice_gju_42565806.mp3	59f84a7d0535deb56a69db2f2a2b621848201c8b1fa06c9a812a7801bf70c758	اِت کی فصل مچ ہچھی		2	0	fourties				gju	
e65a8c3ba525042ceba11e102309b2525de4d7748b513787fc3ecc50c13c97654e626571fcdb8a6d96b78af3e6c5bfa95fb0286d8407d9d8d3c867d06c7a1fc4	common_voice_gju_42565805.mp3	67d8c2e3c8876988641686dca70b49b4c50897571cd3facb8bdec45b58eda5eb	اس علم دین کا باپ کی قبر بھی اُ		2	0	fourties				gju	
e65a8c3ba525042ceba11e102309b2525de4d7748b513787fc3ecc50c13c97654e626571fcdb8a6d96b78af3e6c5bfa95fb0286d8407d9d8d3c867d06c7a1fc4	common_voice_gju_42565804.mp3	1dd4926f6d50b08de0f2ddc638d41a09a1da4cda99b6a544eac66d8b07c896c7	ماشٹریانی کہہ تھی جے تم سارا ٹیکہ لوواؤں کیو ں جے یہ ہیضہ کا ٹیکہ		2	0	fourties				gju	
e65a8c3ba525042ceba11e102309b2525de4d7748b513787fc3ecc50c13c97654e626571fcdb8a6d96b78af3e6c5bfa95fb0286d8407d9d8d3c867d06c7a1fc4	common_voice_gju_42565803.mp3	3f3dffc482d0b74e56aa16990d0270f093777361e93729e6c2a370472d444285	مرے تھی		2	0	fourties				gju	
e65a8c3ba525042ceba11e102309b2525de4d7748b513787fc3ecc50c13c97654e626571fcdb8a6d96b78af3e6c5bfa95fb0286d8407d9d8d3c867d06c7a1fc4	common_voice_gju_42565802.mp3	546e4b8e49fe0aec234e693c92b3967a00887bc4434564d8433cfe2207cc5e4d	پُل سارا بے رڑھ گیا		2	0	fourties				gju	
e65a8c3ba525042ceba11e102309b2525de4d7748b513787fc3ecc50c13c97654e626571fcdb8a6d96b78af3e6c5bfa95fb0286d8407d9d8d3c867d06c7a1fc4	common_voice_gju_42565800.mp3	5a5372f748a731eb2256d8beaf2b3ce0fc5b2b9435732d0aa5ffbd6fd684c019	نولکھیو ماس گھلے		2	0	fourties				gju	
e65a8c3ba525042ceba11e102309b2525de4d7748b513787fc3ecc50c13c97654e626571fcdb8a6d96b78af3e6c5bfa95fb0286d8407d9d8d3c867d06c7a1fc4	common_voice_gju_42565799.mp3	63bcc4daa494d69d3e385cd98c938345dd32afa8339c291d82c0ffd2a6e8df5c	ماں باپ آئے گا		2	0	fourties				gju	
e65a8c3ba525042ceba11e102309b2525de4d7748b513787fc3ecc50c13c97654e626571fcdb8a6d96b78af3e6c5bfa95fb0286d8407d9d8d3c867d06c7a1fc4	common_voice_gju_42565798.mp3	26c5dd3becf6f19cbc61917e6c6abfb5c31848dbc60542517a29a170515e923d	اُنھ دواں کو سارو ڈیرو ہی مُک گیو		2	0	fourties				gju	
e65a8c3ba525042ceba11e102309b2525de4d7748b513787fc3ecc50c13c97654e626571fcdb8a6d96b78af3e6c5bfa95fb0286d8407d9d8d3c867d06c7a1fc4	common_voice_gju_42565797.mp3	5e62a379f7acd2dba87e33abdb338925dfc8801ec10b31f7f1b44369f9125dd1	دراوا کو راہ بے جا جا		2	0	fourties				gju	
e65a8c3ba525042ceba11e102309b2525de4d7748b513787fc3ecc50c13c97654e626571fcdb8a6d96b78af3e6c5bfa95fb0286d8407d9d8d3c867d06c7a1fc4	common_voice_gju_42565796.mp3	608d05926a6c48f3bac244b66fe84bff957c4bd307cc906d369a205862e0683f	توہ کھَڑو ہویوہ موتن کا بہانا پو گیو		2	0	fourties				gju	
e65a8c3ba525042ceba11e102309b2525de4d7748b513787fc3ecc50c13c97654e626571fcdb8a6d96b78af3e6c5bfa95fb0286d8407d9d8d3c867d06c7a1fc4	common_voice_gju_42565795.mp3	42d3b6a70b9a02e7b17f941226be7c1d4bc06d61ac97478727d11abc1a1b06b4	میرا جنا نے میرے خلاف رپوٹ کرا چھُڑی جے ہوں اُس کی ماں		2	0	fourties				gju	
e65a8c3ba525042ceba11e102309b2525de4d7748b513787fc3ecc50c13c97654e626571fcdb8a6d96b78af3e6c5bfa95fb0286d8407d9d8d3c867d06c7a1fc4	common_voice_gju_42565794.mp3	504a2982fe79f73d64fd08254947369b0153b5480e7b9cc318eddf3376e65b25	ہن میرے کول جیدی نا دین واسطے کوئی زیور نیہہ تھو		2	0	fourties				gju	
e65a8c3ba525042ceba11e102309b2525de4d7748b513787fc3ecc50c13c97654e626571fcdb8a6d96b78af3e6c5bfa95fb0286d8407d9d8d3c867d06c7a1fc4	common_voice_gju_42565793.mp3	4754da9e504db4e6f65d8e82eae8ff9f813fe564c436a8da785dd4f3036e1ed7	ٹھیکیداراں کے نال حساب کتاب وس زیان کا گراں نا جا رہیا		2	0	fourties				gju	
e65a8c3ba525042ceba11e102309b2525de4d7748b513787fc3ecc50c13c97654e626571fcdb8a6d96b78af3e6c5bfa95fb0286d8407d9d8d3c867d06c7a1fc4	common_voice_gju_42565792.mp3	1eb12dee84d31cfc0efc98fe9e81d7fb26acdc66fc020047c37612eb1f9f20d7	اِن نے ایک لیلواِن نا دتواِ ن نے وہ بھیڈاں ما چھوڈ دتوکیوں جے اُن دھیاڑاں ما لیلا تھانامشکل وھے کیوں جے بھیڈاں ما چھوڈن کو ٹیم ھوے		2	0	fourties				gju	
e65a8c3ba525042ceba11e102309b2525de4d7748b513787fc3ecc50c13c97654e626571fcdb8a6d96b78af3e6c5bfa95fb0286d8407d9d8d3c867d06c7a1fc4	common_voice_gju_42565791.mp3	60d6037863fdfbb6538635238c8225df357ddae1d6f8af9d42572f22a696429b	اُتو چلوں گو میرو راہ بے گھَٹ جائے گو		2	0	fourties				gju	
e65a8c3ba525042ceba11e102309b2525de4d7748b513787fc3ecc50c13c97654e626571fcdb8a6d96b78af3e6c5bfa95fb0286d8407d9d8d3c867d06c7a1fc4	common_voice_gju_42565790.mp3	3da6262feecba52c0df008dd894541f46d6dfcc2bcc2e413b66e1d790110b1c1	یہ لوک بڑی مصیبت کے نال مظفر آباد پوہچیا اُتو تنہاں ہو کے اِنھ لوکاں نے سُکھ کو ساہ لیو		2	0	fourties				gju	
e65a8c3ba525042ceba11e102309b2525de4d7748b513787fc3ecc50c13c97654e626571fcdb8a6d96b78af3e6c5bfa95fb0286d8407d9d8d3c867d06c7a1fc4	common_voice_gju_42565789.mp3	597b4839e6ee0445c95c98e2987e2e03ab64bec84d9adb7c47a10a9ad58cac0e	وضو لا چار فرض ہیں۔		2	0	fourties				gju	
e65a8c3ba525042ceba11e102309b2525de4d7748b513787fc3ecc50c13c97654e626571fcdb8a6d96b78af3e6c5bfa95fb0286d8407d9d8d3c867d06c7a1fc4	common_voice_gju_42565788.mp3	595617b8a62f34942ce9923e120bde5d7442f1b7858b5a3852ff8e2e4da81de3	اُس کا مال نا بے تباہ کروں کائے آدمی بے دیکھوں جہیڑو اِس جاتک نا سام لِیے		2	0	fourties				gju	
e65a8c3ba525042ceba11e102309b2525de4d7748b513787fc3ecc50c13c97654e626571fcdb8a6d96b78af3e6c5bfa95fb0286d8407d9d8d3c867d06c7a1fc4	common_voice_gju_42565787.mp3	58107ace474bbdd2886a22a097882d4d2f33aa687f6e9b619a52d2657a55e2be	اس کا پُوتاں نے بکری شیکی		2	0	fourties				gju	
e65a8c3ba525042ceba11e102309b2525de4d7748b513787fc3ecc50c13c97654e626571fcdb8a6d96b78af3e6c5bfa95fb0286d8407d9d8d3c867d06c7a1fc4	common_voice_gju_42565786.mp3	6bfea04d4f0cebca5635748666fa810d4fb703a502273c35d272de4e6d19641e	ڈاکٹر نے کہیو:”تم نے مچ ہچھو کیو جے اس نا جھب جھب میرے کول لے آیا		2	0	fourties				gju	
e65a8c3ba525042ceba11e102309b2525de4d7748b513787fc3ecc50c13c97654e626571fcdb8a6d96b78af3e6c5bfa95fb0286d8407d9d8d3c867d06c7a1fc4	common_voice_gju_42565785.mp3	57720815ede23613bd16c71ca65584c625a1234965c279e2ff472838e9b51160	مرن		2	0	fourties				gju	
e65a8c3ba525042ceba11e102309b2525de4d7748b513787fc3ecc50c13c97654e626571fcdb8a6d96b78af3e6c5bfa95fb0286d8407d9d8d3c867d06c7a1fc4	common_voice_gju_42565784.mp3	566ad0b67e52ecae3519cd11988b02865f1d44717345025a5681bc201f82b7d2	بادشاہ نا اس گل پو لہر آ گئی جی اس نے خدا کو کیو ں کہیو		2	0	fourties				gju	
e65a8c3ba525042ceba11e102309b2525de4d7748b513787fc3ecc50c13c97654e626571fcdb8a6d96b78af3e6c5bfa95fb0286d8407d9d8d3c867d06c7a1fc4	common_voice_gju_42565783.mp3	587c4014f3e89e12e9988587db65e008a682be920f6501f664cd68bd2872c12d	ایک کاڑو ہے		2	0	fourties				gju	
e65a8c3ba525042ceba11e102309b2525de4d7748b513787fc3ecc50c13c97654e626571fcdb8a6d96b78af3e6c5bfa95fb0286d8407d9d8d3c867d06c7a1fc4	common_voice_gju_42565782.mp3	694b0058ccc6afc2a32b184e4258efa30b9f137eeccbe6fd6b390aec6a4be3ad	وہ اپنا ہور سنگیاں نا کہن لگو جی منا اِسی مدوک دیوں کی واہ پرانی ہووے کیوں جی ہوں لڑائی نیہہ کر سکتو منا لڑائی کی ترتیب نیہہ آتی		2	0	fourties				gju	
e65a8c3ba525042ceba11e102309b2525de4d7748b513787fc3ecc50c13c97654e626571fcdb8a6d96b78af3e6c5bfa95fb0286d8407d9d8d3c867d06c7a1fc4	common_voice_gju_42565781.mp3	25e78528bd3a6cc69cbebf25a8ca476154558d07f8f21ab37345f756e8a20ea1	چلتیں چلتیں انھ پو دوجی رات آ گئی		2	0	fourties				gju	
e65a8c3ba525042ceba11e102309b2525de4d7748b513787fc3ecc50c13c97654e626571fcdb8a6d96b78af3e6c5bfa95fb0286d8407d9d8d3c867d06c7a1fc4	common_voice_gju_42565780.mp3	69a37bfb3293129e4246ebd0752a99c22f7c13eb55834bf01b2bf24efa334095	ویہ مَنا دیکھ کے مُچ پرشان ہویا جے ہن لوک اس کے نال کے کے گل بنائے گا		2	0	fourties				gju	
e65a8c3ba525042ceba11e102309b2525de4d7748b513787fc3ecc50c13c97654e626571fcdb8a6d96b78af3e6c5bfa95fb0286d8407d9d8d3c867d06c7a1fc4	common_voice_gju_42565779.mp3	0f8751bd29dcfc33c08ddc58184bf37c72107cca79f0da7bf89c4c6c877e2348	کاہڈو یہ بی جا رہیا		2	0	fourties				gju	
e65a8c3ba525042ceba11e102309b2525de4d7748b513787fc3ecc50c13c97654e626571fcdb8a6d96b78af3e6c5bfa95fb0286d8407d9d8d3c867d06c7a1fc4	common_voice_gju_42565778.mp3	5470427fed29f87192d7014a4fb8724a24ed78b25d61441a8e9e759c463a0195	یوجنو بکریاں نا ڈھونڈتو ڈھونڈتو ایک جا ما گیو		2	0	fourties				gju	
e65a8c3ba525042ceba11e102309b2525de4d7748b513787fc3ecc50c13c97654e626571fcdb8a6d96b78af3e6c5bfa95fb0286d8407d9d8d3c867d06c7a1fc4	common_voice_gju_42565777.mp3	5e65a753474739d85311facd8c73aad3796df266e4bedbac095a17902d7b85a8	سارا شہر ما ہیضو پھیل رہیو		2	0	fourties				gju	
e65a8c3ba525042ceba11e102309b2525de4d7748b513787fc3ecc50c13c97654e626571fcdb8a6d96b78af3e6c5bfa95fb0286d8407d9d8d3c867d06c7a1fc4	common_voice_gju_42565776.mp3	63a5d7b545b81e905aff94e1e013e70154a12a8ce28f752341765708c45bb538	راہ ما اس جاتک نا ٹھنڈآگئی		2	0	fourties				gju	
e65a8c3ba525042ceba11e102309b2525de4d7748b513787fc3ecc50c13c97654e626571fcdb8a6d96b78af3e6c5bfa95fb0286d8407d9d8d3c867d06c7a1fc4	common_voice_gju_42565775.mp3	44fdf5cfb88c8bf23689a99e3f53efb733623f05aa36111fb7bc7baabfa0196d	اس کا بھائیاں نال پیش آیو		2	0	fourties				gju	
e65a8c3ba525042ceba11e102309b2525de4d7748b513787fc3ecc50c13c97654e626571fcdb8a6d96b78af3e6c5bfa95fb0286d8407d9d8d3c867d06c7a1fc4	common_voice_gju_42565774.mp3	4c616e996f0b38eb55836f928000935abd2b9615d41c38a95d598d6391f5af01	گَڈی منگی ویہ چنگا لوک تھا اُنھاں نے اپنی جیپ چا دِتی		2	0	fourties				gju	
e65a8c3ba525042ceba11e102309b2525de4d7748b513787fc3ecc50c13c97654e626571fcdb8a6d96b78af3e6c5bfa95fb0286d8407d9d8d3c867d06c7a1fc4	common_voice_gju_42565773.mp3	382d0bd2395fdecfc755c3faf46ac9845a456be4c3971f25e5a8acf42af01261	بس نوہی زندگی چلے تھی		2	0	fourties				gju	
e65a8c3ba525042ceba11e102309b2525de4d7748b513787fc3ecc50c13c97654e626571fcdb8a6d96b78af3e6c5bfa95fb0286d8407d9d8d3c867d06c7a1fc4	common_voice_gju_42565772.mp3	581965657d14e08e9b74cdfbe4eaec701ccdc59fa1726bbb38938262c3f06e82	اس نے اُتو اپنا بھائی چرمین حنیف تا فون کیو		2	0	fourties				gju	
e65a8c3ba525042ceba11e102309b2525de4d7748b513787fc3ecc50c13c97654e626571fcdb8a6d96b78af3e6c5bfa95fb0286d8407d9d8d3c867d06c7a1fc4	common_voice_gju_42565771.mp3	67c2d4a8b6939757adfb86463301e09aec600b4172327d292670ffa9b762bbfd	چھَت ہالا سارا لوک چھال مار کے لہہ گیا با خالق نہ لَتھو کیوں جے اس کی موت آئی وی تھی		2	0	fourties				gju	
e65a8c3ba525042ceba11e102309b2525de4d7748b513787fc3ecc50c13c97654e626571fcdb8a6d96b78af3e6c5bfa95fb0286d8407d9d8d3c867d06c7a1fc4	common_voice_gju_42565770.mp3	53b756ebab21754b6ab204a55f4f705cf5c0736ba1f0a5551fcaa4742f3de334	راہ		2	0	fourties				gju	
e65a8c3ba525042ceba11e102309b2525de4d7748b513787fc3ecc50c13c97654e626571fcdb8a6d96b78af3e6c5bfa95fb0286d8407d9d8d3c867d06c7a1fc4	common_voice_gju_42565769.mp3	69f2f2f71b40535148107d5b0dc75afdfd1a1738ef5f8c45c774fb3bb551d2ae	ایک مھیس دوجی کچھ ما لِیو چلے		2	0	fourties				gju	
e65a8c3ba525042ceba11e102309b2525de4d7748b513787fc3ecc50c13c97654e626571fcdb8a6d96b78af3e6c5bfa95fb0286d8407d9d8d3c867d06c7a1fc4	common_voice_gju_42565768.mp3	56d6c81feefce9966746fca8874e169d6e083a793d70b11ad2212b845efa67e3	پٹھان رات نا بادشاہ کے ڈیرے روٹی کھان بسطے ایو		2	0	fourties				gju	
e65a8c3ba525042ceba11e102309b2525de4d7748b513787fc3ecc50c13c97654e626571fcdb8a6d96b78af3e6c5bfa95fb0286d8407d9d8d3c867d06c7a1fc4	common_voice_gju_42565767.mp3	214096ce484a33ae9556a8d9a40f666c727aae9900ba2a1f8df0047abf894b29	کا کا ہور بر ساہری ماہلی ما رہیا		2	0	fourties				gju	
e65a8c3ba525042ceba11e102309b2525de4d7748b513787fc3ecc50c13c97654e626571fcdb8a6d96b78af3e6c5bfa95fb0286d8407d9d8d3c867d06c7a1fc4	common_voice_gju_42565761.mp3	673d51fa65eb47f809002016511770b6ef205f602ee44d00b919b762c2a014c5	ٹھگا شگا کے آنے گو‘‘		2	0	fourties				gju	
e65a8c3ba525042ceba11e102309b2525de4d7748b513787fc3ecc50c13c97654e626571fcdb8a6d96b78af3e6c5bfa95fb0286d8407d9d8d3c867d06c7a1fc4	common_voice_gju_42565760.mp3	120c8484bf812156bc94d22bde32a989a4b31215a376084dcaef077f42621b9b	اُساں ایک بھگیاڑ چک کے نسے تھو		2	0	fourties				gju	
e65a8c3ba525042ceba11e102309b2525de4d7748b513787fc3ecc50c13c97654e626571fcdb8a6d96b78af3e6c5bfa95fb0286d8407d9d8d3c867d06c7a1fc4	common_voice_gju_42565759.mp3	3a34b1b7872154e08fbbc60e079786b45de8c9c12563cb5d082578601e73cd41	غلطیاں نا درست کر کے اپنی زندگی کامیاب کرن کی کوشش کرتا رہ گا		2	0	fourties				gju	
e65a8c3ba525042ceba11e102309b2525de4d7748b513787fc3ecc50c13c97654e626571fcdb8a6d96b78af3e6c5bfa95fb0286d8407d9d8d3c867d06c7a1fc4	common_voice_gju_42565758.mp3	4c923371d28e5d4a2c97685b1e00d9869a167cd7f2183d212096c7e73c240a2a	چنگی وھے		2	0	fourties				gju	
e65a8c3ba525042ceba11e102309b2525de4d7748b513787fc3ecc50c13c97654e626571fcdb8a6d96b78af3e6c5bfa95fb0286d8407d9d8d3c867d06c7a1fc4	common_voice_gju_42565757.mp3	353b0f00fd11c9f4660cf8caf5697c3265c5ce0fc8f8ffcdc25bd41deea2a337	نہ ہی کائے کچی چیز آنیوں		2	0	fourties				gju	
e65a8c3ba525042ceba11e102309b2525de4d7748b513787fc3ecc50c13c97654e626571fcdb8a6d96b78af3e6c5bfa95fb0286d8407d9d8d3c867d06c7a1fc4	common_voice_gju_42565756.mp3	4b8e9313b6af208f0bf2c6008d0ba8d37a0d62248d33ab69ae23dddbd2320a62	توہ اُس نا کہو		2	0	fourties				gju	
e65a8c3ba525042ceba11e102309b2525de4d7748b513787fc3ecc50c13c97654e626571fcdb8a6d96b78af3e6c5bfa95fb0286d8407d9d8d3c867d06c7a1fc4	common_voice_gju_42565755.mp3	45f041f596b02b1ba2ec76eea2dafe60891b42fdee27a31df8253af28823d9dd	اُس نا موتن آ گیو		2	0	fourties				gju	
e65a8c3ba525042ceba11e102309b2525de4d7748b513787fc3ecc50c13c97654e626571fcdb8a6d96b78af3e6c5bfa95fb0286d8407d9d8d3c867d06c7a1fc4	common_voice_gju_42565754.mp3	1f7272344b54c521e820fbffe1e4545f1e179578902cc0b4c89c3a0db4cf7756	فر میرا ماتریرا بھائی رَل مِل کے منا مرائے تھا		2	0	fourties				gju	
e65a8c3ba525042ceba11e102309b2525de4d7748b513787fc3ecc50c13c97654e626571fcdb8a6d96b78af3e6c5bfa95fb0286d8407d9d8d3c867d06c7a1fc4	common_voice_gju_42565753.mp3	5a3eae74efb436ab1863fa621218a9e38463f2fc5d6d67d9befbe56693607cbc	اِسیں کہیو" ماں یوہ تنا نیہہ کھاتو اِساں ہوں آپ ساموں گو"		2	0	fourties				gju	
e65a8c3ba525042ceba11e102309b2525de4d7748b513787fc3ecc50c13c97654e626571fcdb8a6d96b78af3e6c5bfa95fb0286d8407d9d8d3c867d06c7a1fc4	common_voice_gju_42565752.mp3	6721051a0107bd8dcc012c9fb010af6258c826d52b049a67f048891c7368d8ba	اپنا سنگیاں نا دیکھ ویہ ہُن کت ہے		2	0	fourties				gju	
e65a8c3ba525042ceba11e102309b2525de4d7748b513787fc3ecc50c13c97654e626571fcdb8a6d96b78af3e6c5bfa95fb0286d8407d9d8d3c867d06c7a1fc4	common_voice_gju_42565751.mp3	4dcdb8268b793990fa5c36fceabc8004de3ea9bae5930a6506446947b3327cec	رات مِزماناں نا منجا شنجا لا کے دتا		2	0	fourties				gju	
e65a8c3ba525042ceba11e102309b2525de4d7748b513787fc3ecc50c13c97654e626571fcdb8a6d96b78af3e6c5bfa95fb0286d8407d9d8d3c867d06c7a1fc4	common_voice_gju_42565750.mp3	5416c10ac5aa744c068c4ebb22878cda759d3367e0d95374779e78bd8c8ca747	مچ دور بیٹھو تھو		2	0	fourties				gju	
e65a8c3ba525042ceba11e102309b2525de4d7748b513787fc3ecc50c13c97654e626571fcdb8a6d96b78af3e6c5bfa95fb0286d8407d9d8d3c867d06c7a1fc4	common_voice_gju_42565749.mp3	02d924b49e4d677bfb6d9b267a9534ce02fa3778e91639a749ab6a9811cb6ce5	ویہ دُوجی بیٹکیاں وس نمونو بن گئی		2	0	fourties				gju	
e65a8c3ba525042ceba11e102309b2525de4d7748b513787fc3ecc50c13c97654e626571fcdb8a6d96b78af3e6c5bfa95fb0286d8407d9d8d3c867d06c7a1fc4	common_voice_gju_42565748.mp3	40386ece4e543f15e351e2a041b02dd9b48e6d5c6f47db2e2470021b165f2236	اس نا یاہ گل کہہ کے مولوی صاحب نے اپنا پُوت کو قتل معاف کر چھُڑیو		2	0	fourties				gju	
e65a8c3ba525042ceba11e102309b2525de4d7748b513787fc3ecc50c13c97654e626571fcdb8a6d96b78af3e6c5bfa95fb0286d8407d9d8d3c867d06c7a1fc4	common_voice_gju_42565747.mp3	1eff86c55c684fe96a39711423e393a0419c205ce456c14fae842048e8a4310e	میرا گراں ما مُچ بیٹکی سکول نیہہ چلے تھی کیوں جے کُج لوک یاہ گَل کہہ کہ ” بیٹکیاں وس پڑھنو چنگی شے نیہہ پڑھ لکھ کے ویہ خراب ہو جائے “ خیر ہوں تم نا اپنی گہانی سناؤں		2	0	fourties				gju	
e65a8c3ba525042ceba11e102309b2525de4d7748b513787fc3ecc50c13c97654e626571fcdb8a6d96b78af3e6c5bfa95fb0286d8407d9d8d3c867d06c7a1fc4	common_voice_gju_42565746.mp3	5daa26f25995a8536ba0d905922e87a609d46ffd1cd8f61d8b87ab3f4c3b00a9	ترے دھیاڑا اَجڑی اس بیٹکی نا ڈُھونڈتا رہیا		2	0	fourties				gju	
e65a8c3ba525042ceba11e102309b2525de4d7748b513787fc3ecc50c13c97654e626571fcdb8a6d96b78af3e6c5bfa95fb0286d8407d9d8d3c867d06c7a1fc4	common_voice_gju_42565745.mp3	016c1672b4be1aff28b1b308948163269d714b7179160fd111273c93b3d07a0d	جنازو مُچ ڈھُونڈیو		2	0	fourties				gju	
e65a8c3ba525042ceba11e102309b2525de4d7748b513787fc3ecc50c13c97654e626571fcdb8a6d96b78af3e6c5bfa95fb0286d8407d9d8d3c867d06c7a1fc4	common_voice_gju_42565744.mp3	332e6b2afbe03209d319b635aae7aea7da122c2c834aa09e7b1a35bf16aee660	ہن گھانی مُک گئی		2	0	fourties				gju	
e65a8c3ba525042ceba11e102309b2525de4d7748b513787fc3ecc50c13c97654e626571fcdb8a6d96b78af3e6c5bfa95fb0286d8407d9d8d3c867d06c7a1fc4	common_voice_gju_42565743.mp3	6334be827213fac81f16422d013604265741e37a6f81ce1e9664d9f164269aa5	فاضل دین		2	0	fourties				gju	
e65a8c3ba525042ceba11e102309b2525de4d7748b513787fc3ecc50c13c97654e626571fcdb8a6d96b78af3e6c5bfa95fb0286d8407d9d8d3c867d06c7a1fc4	common_voice_gju_42565742.mp3	4c678b5e9f6fdb856ee8b65dc8b2381f2144a0dd62808ff131843458234e6b13	وہ جنو مُچ سادو تھو		2	0	fourties				gju	
e65a8c3ba525042ceba11e102309b2525de4d7748b513787fc3ecc50c13c97654e626571fcdb8a6d96b78af3e6c5bfa95fb0286d8407d9d8d3c867d06c7a1fc4	common_voice_gju_42565741.mp3	28f266626087f44fb6daca5cb6fb3194712334771c83096bebe0461fa736b389	فرض غسل ڈیرا آلی کول جان تے کاہڈ، یا احتلام ہووے، یا بیذٹکیاں کی خاص بیماری مک جائے۔		2	0	fourties				gju	
e65a8c3ba525042ceba11e102309b2525de4d7748b513787fc3ecc50c13c97654e626571fcdb8a6d96b78af3e6c5bfa95fb0286d8407d9d8d3c867d06c7a1fc4	common_voice_gju_42565740.mp3	65946b8248e4367daffc0c7018ab945fd7e247ec1df38ca41fc9f2505798af20	ویہ یاہ سوچ کے خوش تھی جے ویہ اس جماعت ما مل سکے		2	0	fourties				gju	
e65a8c3ba525042ceba11e102309b2525de4d7748b513787fc3ecc50c13c97654e626571fcdb8a6d96b78af3e6c5bfa95fb0286d8407d9d8d3c867d06c7a1fc4	common_voice_gju_42565739.mp3	63d3746ccada2fb9a2d8c74114fbc166ea82802933498a09a68f8e8c95daadf4	کے چلایو ہے کِ		2	0	fourties				gju	
e65a8c3ba525042ceba11e102309b2525de4d7748b513787fc3ecc50c13c97654e626571fcdb8a6d96b78af3e6c5bfa95fb0286d8407d9d8d3c867d06c7a1fc4	common_voice_gju_42565738.mp3	262aeaedd0e0b885165201e2b8a0630704d3e703d527769d2b5ce6d6e3278146	ہوں زری دُوجا چِڑا لا لیوں “		2	0	fourties				gju	
e65a8c3ba525042ceba11e102309b2525de4d7748b513787fc3ecc50c13c97654e626571fcdb8a6d96b78af3e6c5bfa95fb0286d8407d9d8d3c867d06c7a1fc4	common_voice_gju_42565737.mp3	43f6f9757a063a4ab834b7b72914b39faa0157d4072998fdbc97831385693fc5	پیر بھربھانو نے مُچ نازک کر چھُڑیا تھا		2	0	fourties				gju	
e65a8c3ba525042ceba11e102309b2525de4d7748b513787fc3ecc50c13c97654e626571fcdb8a6d96b78af3e6c5bfa95fb0286d8407d9d8d3c867d06c7a1fc4	common_voice_gju_42565736.mp3	6773ed19024c66089f7bd990036db84a63c1171a8c1156377cc4b841c76453f5	یہ اِنہوں کرتا گیا اگے گلی کے نال بڑا بڑ ا موڑ تھا		2	0	fourties				gju	
e65a8c3ba525042ceba11e102309b2525de4d7748b513787fc3ecc50c13c97654e626571fcdb8a6d96b78af3e6c5bfa95fb0286d8407d9d8d3c867d06c7a1fc4	common_voice_gju_42565735.mp3	3e6c620cc32da135d42d1bfedbd12b6a0cb568b7f0408806d67c4c8c3a2188dc	جنازو کرکے دفنائی		2	0	fourties				gju	
e65a8c3ba525042ceba11e102309b2525de4d7748b513787fc3ecc50c13c97654e626571fcdb8a6d96b78af3e6c5bfa95fb0286d8407d9d8d3c867d06c7a1fc4	common_voice_gju_42565734.mp3	11efe8da55071974430b1a092f6c63c5909101a0e0cd596c9f684b471ce3ad24	جنا اِنھ کول پوہچیا		2	0	fourties				gju	
e65a8c3ba525042ceba11e102309b2525de4d7748b513787fc3ecc50c13c97654e626571fcdb8a6d96b78af3e6c5bfa95fb0286d8407d9d8d3c867d06c7a1fc4	common_voice_gju_42565733.mp3	41060bb997eaa9167f4e86162482fb82fb436ae91be6931b3a630c79baaee5b1	دَکھن اُس کا ڈیرا ہاڑی اُس کے ناڑ آئی		2	0	fourties				gju	
e65a8c3ba525042ceba11e102309b2525de4d7748b513787fc3ecc50c13c97654e626571fcdb8a6d96b78af3e6c5bfa95fb0286d8407d9d8d3c867d06c7a1fc4	common_voice_gju_42565732.mp3	265f2e7457f9378c1157d381d2b58d8ea05bfbb9d076be55a271a66354b83cfe	توہ منا اپنے ناڑ بَدھ ہوں بھی تیرے ناڑ چلوں ‘‘		2	0	fourties				gju	
e65a8c3ba525042ceba11e102309b2525de4d7748b513787fc3ecc50c13c97654e626571fcdb8a6d96b78af3e6c5bfa95fb0286d8407d9d8d3c867d06c7a1fc4	common_voice_gju_42565731.mp3	0d1482174a4d59e5f76c758556e14e9ab6b8edf4b2549007f05cca67d202acac	اس جنا نے وہ سپ کَوری ہنڈی ما رکھ کے اُپرو بند کر چھُڑیو		2	0	fourties				gju	
e65a8c3ba525042ceba11e102309b2525de4d7748b513787fc3ecc50c13c97654e626571fcdb8a6d96b78af3e6c5bfa95fb0286d8407d9d8d3c867d06c7a1fc4	common_voice_gju_42565730.mp3	53444e8605447d7023bc4fa4c1a3f87211383db62e0ba876d2430bd32111d8cf	تَم ساری عمر اس ما اپنی بکری چاروں		2	0	fourties				gju	
e65a8c3ba525042ceba11e102309b2525de4d7748b513787fc3ecc50c13c97654e626571fcdb8a6d96b78af3e6c5bfa95fb0286d8407d9d8d3c867d06c7a1fc4	common_voice_gju_42565729.mp3	5eaf530a8b535353879b588f797e56425e17f5dbe9977cc58d27cb341c854234	دھیانی بیچ چھُڑی		2	0	fourties				gju	
e65a8c3ba525042ceba11e102309b2525de4d7748b513787fc3ecc50c13c97654e626571fcdb8a6d96b78af3e6c5bfa95fb0286d8407d9d8d3c867d06c7a1fc4	common_voice_gju_42565728.mp3	15e66c47c2f7e86af5e30ea797a25fa59f03e19c987b40623dabd394b118c03e	گل زادا نے سنگیاں نا کہیو تم بکریاں نا شیکو		2	0	fourties				gju	
e65a8c3ba525042ceba11e102309b2525de4d7748b513787fc3ecc50c13c97654e626571fcdb8a6d96b78af3e6c5bfa95fb0286d8407d9d8d3c867d06c7a1fc4	common_voice_gju_42565727.mp3	34bb503647611522ccf057aa09faa407e9e4b2076aa4914debdfca1e1ec12456	کاہڈ یہ لوک مچ جلدی گلیاں		2	0	fourties				gju	
e65a8c3ba525042ceba11e102309b2525de4d7748b513787fc3ecc50c13c97654e626571fcdb8a6d96b78af3e6c5bfa95fb0286d8407d9d8d3c867d06c7a1fc4	common_voice_gju_42565726.mp3	2f14cb0b2a4b558c20670863879ca6c25b9b1167f17f4d86d84382dbf7569173	بھی نولکھیو کہن لگو		2	0	fourties				gju	
e65a8c3ba525042ceba11e102309b2525de4d7748b513787fc3ecc50c13c97654e626571fcdb8a6d96b78af3e6c5bfa95fb0286d8407d9d8d3c867d06c7a1fc4	common_voice_gju_42565725.mp3	27e6eeb64456cb8a2e83c616c5101bee7ed244740dd28d7e32d6c4e705e4d2eb	ایک سیئاں ناڑ ہاڑ مارے		2	0	fourties				gju	
e65a8c3ba525042ceba11e102309b2525de4d7748b513787fc3ecc50c13c97654e626571fcdb8a6d96b78af3e6c5bfa95fb0286d8407d9d8d3c867d06c7a1fc4	common_voice_gju_42565724.mp3	520b16c18e5cd9a089560841e438880ba3d4cf505b1d4b07966e8c9e5bd55adc	دیو آ گیو		2	0	fourties				gju	
e65a8c3ba525042ceba11e102309b2525de4d7748b513787fc3ecc50c13c97654e626571fcdb8a6d96b78af3e6c5bfa95fb0286d8407d9d8d3c867d06c7a1fc4	common_voice_gju_42565723.mp3	175da8b5e8822ca0db0ba6f33369e9961b81ea851f14cf74a654d87c3cded614	واہ سجی باکھی نا منہ موڑے		2	0	fourties				gju	
e65a8c3ba525042ceba11e102309b2525de4d7748b513787fc3ecc50c13c97654e626571fcdb8a6d96b78af3e6c5bfa95fb0286d8407d9d8d3c867d06c7a1fc4	common_voice_gju_42565717.mp3	5dc7166157d06930885b6a90116a72ab870063f5e7e0af48b6992da8e7696311	ڈَکی		2	0	fourties				gju	
e65a8c3ba525042ceba11e102309b2525de4d7748b513787fc3ecc50c13c97654e626571fcdb8a6d96b78af3e6c5bfa95fb0286d8407d9d8d3c867d06c7a1fc4	common_voice_gju_42565716.mp3	66eaf335c7e5b316f1f47805c1f81f5a5d0b3fda7165d5750745d1b3549f878c	توہ اِکا مَنا چادے		2	0	fourties				gju	
e65a8c3ba525042ceba11e102309b2525de4d7748b513787fc3ecc50c13c97654e626571fcdb8a6d96b78af3e6c5bfa95fb0286d8407d9d8d3c867d06c7a1fc4	common_voice_gju_42565715.mp3	3779eb66fc4862d4e6e11c45990655a4512c5f3ee2454a964ae8256fab2d056a	اسمان نا دیکھے لگو وہ اِنھ نا کہن لگو		2	0	fourties				gju	
e65a8c3ba525042ceba11e102309b2525de4d7748b513787fc3ecc50c13c97654e626571fcdb8a6d96b78af3e6c5bfa95fb0286d8407d9d8d3c867d06c7a1fc4	common_voice_gju_42565714.mp3	4f918c64ac1c9b29c8a6f8113f7551eb18c0f4f3a7ebe0dda1227d4bc64744c6	مہاراں ہی لوکا ں کی تھی جیہڑو جنو رُڑ کے مُوؤ تھو اس کا چاچا کی تھی اُس جیپ ما بارہ آدمی		2	0	fourties				gju	
e65a8c3ba525042ceba11e102309b2525de4d7748b513787fc3ecc50c13c97654e626571fcdb8a6d96b78af3e6c5bfa95fb0286d8407d9d8d3c867d06c7a1fc4	common_voice_gju_42565713.mp3	1f15f240307cb621aac732fba858eb0a4830cc283035565c09f8f4bc17a3ec81	میری بھاج کوئی گل کرے لگی تھی مَنا دیکھ		2	0	fourties				gju	
e65a8c3ba525042ceba11e102309b2525de4d7748b513787fc3ecc50c13c97654e626571fcdb8a6d96b78af3e6c5bfa95fb0286d8407d9d8d3c867d06c7a1fc4	common_voice_gju_42565712.mp3	30100827432cbfa4aa625110aebe63048c687c6b3409bb795068417e8735eba5	رات		2	0	fourties				gju	
e65a8c3ba525042ceba11e102309b2525de4d7748b513787fc3ecc50c13c97654e626571fcdb8a6d96b78af3e6c5bfa95fb0286d8407d9d8d3c867d06c7a1fc4	common_voice_gju_42565711.mp3	54b02e37a44b7aac35c2d168718f5de7ad7149a3435d976ed87e93af1aac989a	بچ جائوں		2	0	fourties				gju	
e65a8c3ba525042ceba11e102309b2525de4d7748b513787fc3ecc50c13c97654e626571fcdb8a6d96b78af3e6c5bfa95fb0286d8407d9d8d3c867d06c7a1fc4	common_voice_gju_42565710.mp3	5c257cd5d85f876af9d3c048d9ede2cb5a5d7551f0066732e7d495a67f681115	اس جوان نا ہم زندگی ما کَدے نیہہ بھُلساں گا با کے کراں آئی نا کوئی ٹال نیہہ سکتو		2	0	fourties				gju	
e65a8c3ba525042ceba11e102309b2525de4d7748b513787fc3ecc50c13c97654e626571fcdb8a6d96b78af3e6c5bfa95fb0286d8407d9d8d3c867d06c7a1fc4	common_voice_gju_42565709.mp3	3ebc2335bc701b1b0d6d3804bd81fbcd4146bb5aa47ebdb372b22c14ee166596	بیٹکی اندر روکی وی تھی۔		2	0	fourties				gju	
e65a8c3ba525042ceba11e102309b2525de4d7748b513787fc3ecc50c13c97654e626571fcdb8a6d96b78af3e6c5bfa95fb0286d8407d9d8d3c867d06c7a1fc4	common_voice_gju_42565708.mp3	51ee6fcf695c286533b0fe87a494f5acde5bcc711045b2aa7d0e44164b5eed3f	درشی کا بن ما اس کی کجھ بکری گُم گئی		2	0	fourties				gju	
e65a8c3ba525042ceba11e102309b2525de4d7748b513787fc3ecc50c13c97654e626571fcdb8a6d96b78af3e6c5bfa95fb0286d8407d9d8d3c867d06c7a1fc4	common_voice_gju_42565707.mp3	634184a3fa136fa12926c4b08ed116f5b6cdfb695115b53ed36db26115482242	سائیں کاکا کی بکری		2	0	fourties				gju	
e65a8c3ba525042ceba11e102309b2525de4d7748b513787fc3ecc50c13c97654e626571fcdb8a6d96b78af3e6c5bfa95fb0286d8407d9d8d3c867d06c7a1fc4	common_voice_gju_42565706.mp3	665f5a555dc8e720babc0a0b7db2dc891a428480c01008a94fe9a7f2ff18a626	یاہ گل کہہ کے میرا ہتھ		2	0	fourties				gju	
e65a8c3ba525042ceba11e102309b2525de4d7748b513787fc3ecc50c13c97654e626571fcdb8a6d96b78af3e6c5bfa95fb0286d8407d9d8d3c867d06c7a1fc4	common_voice_gju_42565705.mp3	3c6d899f5169f6a70620a973c0d47d19f0bd2b4d488e59c6b511c67a9c0f56a0	ایک دھیاڑے کِ		2	0	fourties				gju	
e65a8c3ba525042ceba11e102309b2525de4d7748b513787fc3ecc50c13c97654e626571fcdb8a6d96b78af3e6c5bfa95fb0286d8407d9d8d3c867d06c7a1fc4	common_voice_gju_42565704.mp3	5926e7e127cb8d3dd60b5d71dcd67f3979ab89a6d65f1799615d0b402f40c1b5	چلتاں چلتاں یہ ددگئی کا گراں ما گیا		2	0	fourties				gju	
e65a8c3ba525042ceba11e102309b2525de4d7748b513787fc3ecc50c13c97654e626571fcdb8a6d96b78af3e6c5bfa95fb0286d8407d9d8d3c867d06c7a1fc4	common_voice_gju_42565703.mp3	60925cf7225643a0a1ed77ee0f91d5deece748f564ef98067078f30144d1b4fe	جنازہ رات دیسی لوکاں کے ڈیرے رکھیا صبح ہوئی		2	0	fourties				gju	
e65a8c3ba525042ceba11e102309b2525de4d7748b513787fc3ecc50c13c97654e626571fcdb8a6d96b78af3e6c5bfa95fb0286d8407d9d8d3c867d06c7a1fc4	common_voice_gju_42565702.mp3	374de4a90660f0d9d649267658d642ae8b4ad3e0e17b65e4b6a27e88bbc2ccda	مولوی تنہاں دیسی لوکاں تا گیو		2	0	fourties				gju	
e65a8c3ba525042ceba11e102309b2525de4d7748b513787fc3ecc50c13c97654e626571fcdb8a6d96b78af3e6c5bfa95fb0286d8407d9d8d3c867d06c7a1fc4	common_voice_gju_42565701.mp3	5421cbd7974e83e4bebf0cfe61ad690acc4a36e546df66625a62f7cb9d074b02	لاہ کے اگ شگ بالی		2	0	fourties				gju	
e65a8c3ba525042ceba11e102309b2525de4d7748b513787fc3ecc50c13c97654e626571fcdb8a6d96b78af3e6c5bfa95fb0286d8407d9d8d3c867d06c7a1fc4	common_voice_gju_42565700.mp3	61d6d6da11664445ecbf9b184628fccde837e1f484897f0bb887aeb5c70e7405	میرو جاوید ہن ڈیرا		2	0	fourties				gju	
e65a8c3ba525042ceba11e102309b2525de4d7748b513787fc3ecc50c13c97654e626571fcdb8a6d96b78af3e6c5bfa95fb0286d8407d9d8d3c867d06c7a1fc4	common_voice_gju_42565699.mp3	0f79096b5b4c7a0b94a4d6c497415428b1b8a72d82c47aa9e3a683c74742e7f8	ہم نیہہ لہتا		2	0	fourties				gju	
e65a8c3ba525042ceba11e102309b2525de4d7748b513787fc3ecc50c13c97654e626571fcdb8a6d96b78af3e6c5bfa95fb0286d8407d9d8d3c867d06c7a1fc4	common_voice_gju_42565698.mp3	27cbe87567cb2bbabefb03e877a350a1f12daa1e1ecea98c88f5f5926e6139f8	لوکاں نے اُتو ڈیرا پَٹیا		2	0	fourties				gju	
e65a8c3ba525042ceba11e102309b2525de4d7748b513787fc3ecc50c13c97654e626571fcdb8a6d96b78af3e6c5bfa95fb0286d8407d9d8d3c867d06c7a1fc4	common_voice_gju_42565697.mp3	2406d791579c1a7798c48629e786cd200b2ddb2f78f5c21f907c5aa0fcffdabc	میں جے چھٹ کریو		2	0	fourties				gju	
e65a8c3ba525042ceba11e102309b2525de4d7748b513787fc3ecc50c13c97654e626571fcdb8a6d96b78af3e6c5bfa95fb0286d8407d9d8d3c867d06c7a1fc4	common_voice_gju_42565696.mp3	4c79e68866f60d11d9062fece3d85fc8dec0478eba593a830934679d79bc2992	لنگھ کے کیل پوہچیا اُتو خرچو لیو		2	0	fourties				gju	
e65a8c3ba525042ceba11e102309b2525de4d7748b513787fc3ecc50c13c97654e626571fcdb8a6d96b78af3e6c5bfa95fb0286d8407d9d8d3c867d06c7a1fc4	common_voice_gju_42565695.mp3	634bc2c74ff9a6b5d9b30d223bdfed154dd3068d0b8bbcb03f8194726ec81b18	جے ایک		2	0	fourties				gju	
e65a8c3ba525042ceba11e102309b2525de4d7748b513787fc3ecc50c13c97654e626571fcdb8a6d96b78af3e6c5bfa95fb0286d8407d9d8d3c867d06c7a1fc4	common_voice_gju_42565694.mp3	378ede40bddbd165176bbedb93990e0a153db8a220e0f080fc86d6b31e0a069b	اِنھ لوکاں پو ایک قسم کی قیامت گزر گئی اس جا ما		2	0	fourties				gju	
e65a8c3ba525042ceba11e102309b2525de4d7748b513787fc3ecc50c13c97654e626571fcdb8a6d96b78af3e6c5bfa95fb0286d8407d9d8d3c867d06c7a1fc4	common_voice_gju_42565693.mp3	4868fd222e66e3fda683572dacfd3f3b66cb0aca0fc0f4bcc0a53b30a3c09d51	بِساکھ ما ڈیرا لَدیا		2	0	fourties				gju	
e65a8c3ba525042ceba11e102309b2525de4d7748b513787fc3ecc50c13c97654e626571fcdb8a6d96b78af3e6c5bfa95fb0286d8407d9d8d3c867d06c7a1fc4	common_voice_gju_42565692.mp3	62b28cc85b16362d2fd161031f3c6d217f22f961b66dfc3f6c3183549f7602b8	مُچ دور تھی		2	0	fourties				gju	
e65a8c3ba525042ceba11e102309b2525de4d7748b513787fc3ecc50c13c97654e626571fcdb8a6d96b78af3e6c5bfa95fb0286d8407d9d8d3c867d06c7a1fc4	common_voice_gju_42565691.mp3	49f5699346af71d093ccbdfda26b8b382ece30e067f8fbb240533852916d80fc	راہ ما کُجھ بیٹکی جاتک لاری کا انتظار ما کھلا تھا		2	0	fourties				gju	
e65a8c3ba525042ceba11e102309b2525de4d7748b513787fc3ecc50c13c97654e626571fcdb8a6d96b78af3e6c5bfa95fb0286d8407d9d8d3c867d06c7a1fc4	common_voice_gju_42565689.mp3	23fe427124f5a8e8ad413f29e055e8ac1f244b81599ce51cf6bb2e3afc1bfc7b	جس بلے بیٹکی کو نمبر آیو۔		2	0	fourties				gju	
e65a8c3ba525042ceba11e102309b2525de4d7748b513787fc3ecc50c13c97654e626571fcdb8a6d96b78af3e6c5bfa95fb0286d8407d9d8d3c867d06c7a1fc4	common_voice_gju_42565688.mp3	61125397219362f4697b03f955b3664a4103436601daee21ded2391bf7939cbb	گرم پٹوڑی		2	0	fourties				gju	
e65a8c3ba525042ceba11e102309b2525de4d7748b513787fc3ecc50c13c97654e626571fcdb8a6d96b78af3e6c5bfa95fb0286d8407d9d8d3c867d06c7a1fc4	common_voice_gju_42565687.mp3	39634c9fa55d8cfb424a7bf7c009f4afc5c758d32e06b84de242f28038bc0a65	نا کہن لگو		2	0	fourties				gju	
e65a8c3ba525042ceba11e102309b2525de4d7748b513787fc3ecc50c13c97654e626571fcdb8a6d96b78af3e6c5bfa95fb0286d8407d9d8d3c867d06c7a1fc4	common_voice_gju_42565686.mp3	44bbe3806484401b673e8d4136e398cb62dbb0d31026238916479df219c63485	یوہ نَس گیو		2	0	fourties				gju	
e65a8c3ba525042ceba11e102309b2525de4d7748b513787fc3ecc50c13c97654e626571fcdb8a6d96b78af3e6c5bfa95fb0286d8407d9d8d3c867d06c7a1fc4	common_voice_gju_42565685.mp3	5eb380b120449b388cab23b46717037961a59b0f4d98894b0946199476479ca9	ڈیرا بھی کافی مندی جا ماتھا		2	0	fourties				gju	
e65a8c3ba525042ceba11e102309b2525de4d7748b513787fc3ecc50c13c97654e626571fcdb8a6d96b78af3e6c5bfa95fb0286d8407d9d8d3c867d06c7a1fc4	common_voice_gju_42565684.mp3	5cd56ea0df6b65e9220ecadbd7d8d4c50714ed742d7af6918e848985cae8524f	اُس سال اجڑیاں کو مُچ نقصان ہویو		2	0	fourties				gju	
e65a8c3ba525042ceba11e102309b2525de4d7748b513787fc3ecc50c13c97654e626571fcdb8a6d96b78af3e6c5bfa95fb0286d8407d9d8d3c867d06c7a1fc4	common_voice_gju_42565683.mp3	608eeb206c3f63b7931e4fd1f9d017f159c3acca1dbf58978c96758e30ab72d1	کھان پکان کا نُوا طریقہ سِکھے گی		2	0	fourties				gju	
e65a8c3ba525042ceba11e102309b2525de4d7748b513787fc3ecc50c13c97654e626571fcdb8a6d96b78af3e6c5bfa95fb0286d8407d9d8d3c867d06c7a1fc4	common_voice_gju_42565682.mp3	473a94438453cf7d268c10baf3b85c2b12dea4659382a940e4b88d0e9e9589d3	یہ چمڑی نا طاقت دیئے سردیاں ما گرمی پیدا کرے		2	0	fourties				gju	
e65a8c3ba525042ceba11e102309b2525de4d7748b513787fc3ecc50c13c97654e626571fcdb8a6d96b78af3e6c5bfa95fb0286d8407d9d8d3c867d06c7a1fc4	common_voice_gju_42565681.mp3	49cabddaf55e13e3df72e31eb07c579204f6051167b0d2350ff1bf1c0f1473f8	یوہ بلادری ما مُچ بڑا صدما کو واقعو ہویو		2	0	fourties				gju	
e65a8c3ba525042ceba11e102309b2525de4d7748b513787fc3ecc50c13c97654e626571fcdb8a6d96b78af3e6c5bfa95fb0286d8407d9d8d3c867d06c7a1fc4	common_voice_gju_42565680.mp3	4f11e404966785f910c230272e6316383b8c19159f8949a58a451ef8a82d1d17	ویہ ڈیرے آیا		2	0	fourties				gju	
e65a8c3ba525042ceba11e102309b2525de4d7748b513787fc3ecc50c13c97654e626571fcdb8a6d96b78af3e6c5bfa95fb0286d8407d9d8d3c867d06c7a1fc4	common_voice_gju_42565679.mp3	29958ac7dab4a03e44f21f11071a16bb7d8e25b3f73675a50c99561fedbe1c38	توہ منا مدھ		2	0	fourties				gju	
e65a8c3ba525042ceba11e102309b2525de4d7748b513787fc3ecc50c13c97654e626571fcdb8a6d96b78af3e6c5bfa95fb0286d8407d9d8d3c867d06c7a1fc4	common_voice_gju_42565673.mp3	18913d8480f81a94a3ae7854e033052eb1e0fe8c8372f870d31d7c3de6e5911e	ان کا اگلا ڈیرا گگئی پوہچ گیا تھا		2	0	fourties				gju	
e65a8c3ba525042ceba11e102309b2525de4d7748b513787fc3ecc50c13c97654e626571fcdb8a6d96b78af3e6c5bfa95fb0286d8407d9d8d3c867d06c7a1fc4	common_voice_gju_42565672.mp3	345231a630a9cf82724225bf2fe8e789391339f98cf282e1fcdaaeff24a77b4e	صبح لِسو مال		2	0	fourties				gju	
e65a8c3ba525042ceba11e102309b2525de4d7748b513787fc3ecc50c13c97654e626571fcdb8a6d96b78af3e6c5bfa95fb0286d8407d9d8d3c867d06c7a1fc4	common_voice_gju_42565671.mp3	5ec02d89d0e511cc96fc8c212f08d62ae3f0098810518b43dae4464a7ad24802	انھ لوکاں کو اصول یوہ تھو جی ویہ جرگا ما باز چھوڈے تھا		2	0	fourties				gju	
e65a8c3ba525042ceba11e102309b2525de4d7748b513787fc3ecc50c13c97654e626571fcdb8a6d96b78af3e6c5bfa95fb0286d8407d9d8d3c867d06c7a1fc4	common_voice_gju_42565670.mp3	4c2b6c2997b23d43758e51f72f8a71278529c18be0ead9e0491790284972f76f	کچراں		2	0	fourties				gju	
e65a8c3ba525042ceba11e102309b2525de4d7748b513787fc3ecc50c13c97654e626571fcdb8a6d96b78af3e6c5bfa95fb0286d8407d9d8d3c867d06c7a1fc4	common_voice_gju_42565669.mp3	4584d3ca45aaeb1fcf5aaa6c7972205139822840cb01fe23c960f47dee1fcb45	اِن نے جاتک چایو		2	0	fourties				gju	
e65a8c3ba525042ceba11e102309b2525de4d7748b513787fc3ecc50c13c97654e626571fcdb8a6d96b78af3e6c5bfa95fb0286d8407d9d8d3c867d06c7a1fc4	common_voice_gju_42565668.mp3	4d6e6baef22fcf29d7d5f320c4fd0dd6a62116061cfd6ed3a96c3407ea567b61	چوتھو قصو		2	0	fourties				gju	
e65a8c3ba525042ceba11e102309b2525de4d7748b513787fc3ecc50c13c97654e626571fcdb8a6d96b78af3e6c5bfa95fb0286d8407d9d8d3c867d06c7a1fc4	common_voice_gju_42565667.mp3	6275bcfed48137079e9ff32c50f72659a538cda89eb524d1c61301ce9cff9480	ندی ما جا کے بڑ گیو		2	0	fourties				gju	
e65a8c3ba525042ceba11e102309b2525de4d7748b513787fc3ecc50c13c97654e626571fcdb8a6d96b78af3e6c5bfa95fb0286d8407d9d8d3c867d06c7a1fc4	common_voice_gju_42565666.mp3	2e103f8dfa733c5db7fbb1492339f5ef06393d789192ef0cc1abdee3c8c5e0b0	اِن کی بکری ڈیرا		2	0	fourties				gju	
e65a8c3ba525042ceba11e102309b2525de4d7748b513787fc3ecc50c13c97654e626571fcdb8a6d96b78af3e6c5bfa95fb0286d8407d9d8d3c867d06c7a1fc4	common_voice_gju_42565665.mp3	5bcc0e982671a14144bd967c36f22d8915d3e7a596364c68b79708b7e5d1f2dd	ہمنا صاف پانی کِتو لبھے گو ؟		2	0	fourties				gju	
e65a8c3ba525042ceba11e102309b2525de4d7748b513787fc3ecc50c13c97654e626571fcdb8a6d96b78af3e6c5bfa95fb0286d8407d9d8d3c867d06c7a1fc4	common_voice_gju_42565664.mp3	0b22f401f2744f440f65bbdfd68e68cdd7fc1939eaf0ee875dfc24710f2f0da6	بارش برتی برہتی مُچ زیادہ ہو گئی تمواں کا دواں پاساں		2	0	fourties				gju	
e65a8c3ba525042ceba11e102309b2525de4d7748b513787fc3ecc50c13c97654e626571fcdb8a6d96b78af3e6c5bfa95fb0286d8407d9d8d3c867d06c7a1fc4	common_voice_gju_42565663.mp3	476ef82b6b10061690819482ee239decf0bcb08854db89e471a5adddad1dac24	مال بے مُچ خوش ہویو		2	0	fourties				gju	
e65a8c3ba525042ceba11e102309b2525de4d7748b513787fc3ecc50c13c97654e626571fcdb8a6d96b78af3e6c5bfa95fb0286d8407d9d8d3c867d06c7a1fc4	common_voice_gju_42565662.mp3	47d35d1fe4555cbbaec1165949637ae38c893df1e7cbb447b7a109f6573dc336	یوہ ڈریو		2	0	fourties				gju	
e65a8c3ba525042ceba11e102309b2525de4d7748b513787fc3ecc50c13c97654e626571fcdb8a6d96b78af3e6c5bfa95fb0286d8407d9d8d3c867d06c7a1fc4	common_voice_gju_42565661.mp3	0e8ef5f1f7cd258e34ba155901abb07fb65ee2e17a08b1961ad645b98f316cfa	ماشٹریانی نے کہیو ضرور اُس نا بے لازمی لے آیئے		2	0	fourties				gju	
e65a8c3ba525042ceba11e102309b2525de4d7748b513787fc3ecc50c13c97654e626571fcdb8a6d96b78af3e6c5bfa95fb0286d8407d9d8d3c867d06c7a1fc4	common_voice_gju_42565660.mp3	4eec4a42624ffb484d23e370e2a7061c1fd6bf49a3bd8045fa5109ad663a3d4f	بھربھانو آئے لگو		2	0	fourties				gju	
e65a8c3ba525042ceba11e102309b2525de4d7748b513787fc3ecc50c13c97654e626571fcdb8a6d96b78af3e6c5bfa95fb0286d8407d9d8d3c867d06c7a1fc4	common_voice_gju_42565659.mp3	5ac2757ab0cf5f1f73b9e362dbb37edef97edceafda8a61438d8b353dbcb3649	ویہ سرگی کی تیاری واسطے اُٹھیا تھا		2	0	fourties				gju	
e65a8c3ba525042ceba11e102309b2525de4d7748b513787fc3ecc50c13c97654e626571fcdb8a6d96b78af3e6c5bfa95fb0286d8407d9d8d3c867d06c7a1fc4	common_voice_gju_42565658.mp3	4d6f6e9415eaf12b350ff0f8257aba19ca5fdd988c99193d67ca47b72e66ef33	ہر ایک اپنی اپنی ایک مھیس نا کوہن بسطے تیار ہو گیو		2	0	fourties				gju	
e65a8c3ba525042ceba11e102309b2525de4d7748b513787fc3ecc50c13c97654e626571fcdb8a6d96b78af3e6c5bfa95fb0286d8407d9d8d3c867d06c7a1fc4	common_voice_gju_42565657.mp3	61e3018da71a6339f8c966f52f07cf29129a1fd75e60c37ae825fa3b8cf075de	پھاٹک تا لے کے چلن کی تیاری کرے لگا		2	0	fourties				gju	
e65a8c3ba525042ceba11e102309b2525de4d7748b513787fc3ecc50c13c97654e626571fcdb8a6d96b78af3e6c5bfa95fb0286d8407d9d8d3c867d06c7a1fc4	common_voice_gju_42565656.mp3	184d7bcae6663dba00609348252cec420db45546d64031d820005f3af17a907d	ڈَکے تھا		2	0	fourties				gju	
e65a8c3ba525042ceba11e102309b2525de4d7748b513787fc3ecc50c13c97654e626571fcdb8a6d96b78af3e6c5bfa95fb0286d8407d9d8d3c867d06c7a1fc4	common_voice_gju_42565655.mp3	01663c716d9c08241f5e25ee5da49517d3ef7f909b6481676da79e269ed03cac	اُت چل کے دیکھیو		2	0	fourties				gju	
e65a8c3ba525042ceba11e102309b2525de4d7748b513787fc3ecc50c13c97654e626571fcdb8a6d96b78af3e6c5bfa95fb0286d8407d9d8d3c867d06c7a1fc4	common_voice_gju_42565654.mp3	5bd7e5523355c328f99776425769c00115e74b9000670e6d9827e45d3950e39a	اُنھ لوکاں نے بلا کے ناڑ وعدو کیو تھو جی تنا روز کو ایک آدمی دیاں گا		2	0	fourties				gju	
e65a8c3ba525042ceba11e102309b2525de4d7748b513787fc3ecc50c13c97654e626571fcdb8a6d96b78af3e6c5bfa95fb0286d8407d9d8d3c867d06c7a1fc4	common_voice_gju_42565653.mp3	60852fd2c52c4e507c986dca5cf2742af98a3c1b26c8d5d47fbeb64078630631	صابر نے لوکاں تا فون کیو		2	0	fourties				gju	
e65a8c3ba525042ceba11e102309b2525de4d7748b513787fc3ecc50c13c97654e626571fcdb8a6d96b78af3e6c5bfa95fb0286d8407d9d8d3c867d06c7a1fc4	common_voice_gju_42565652.mp3	4f032c2e5143d8986730070b5fa7d8e7860e23a16372ae64d56a7881dc89c70a	دھند آگئی اندھیرو ب ے		2	0	fourties				gju	
e65a8c3ba525042ceba11e102309b2525de4d7748b513787fc3ecc50c13c97654e626571fcdb8a6d96b78af3e6c5bfa95fb0286d8407d9d8d3c867d06c7a1fc4	common_voice_gju_42565651.mp3	47a3b15047a5df58b94af86244952e758e456c53415ae0261677a6ada878b4e7	قبر کَڈ ھ کے جنازو دفنایو		2	0	fourties				gju	
e65a8c3ba525042ceba11e102309b2525de4d7748b513787fc3ecc50c13c97654e626571fcdb8a6d96b78af3e6c5bfa95fb0286d8407d9d8d3c867d06c7a1fc4	common_voice_gju_42565650.mp3	5f9d3ec3b74b8d5973fff770180e6dbe8fcdbcb44f6698d3fe590296972896f4	کیل		2	0	fourties				gju	
e65a8c3ba525042ceba11e102309b2525de4d7748b513787fc3ecc50c13c97654e626571fcdb8a6d96b78af3e6c5bfa95fb0286d8407d9d8d3c867d06c7a1fc4	common_voice_gju_42565649.mp3	4f50f4671033cba3f4d0c4abed27911ca33be97116208ac61758b53a06a5183d	اللہ اس نے جنت ما جا دیئے		2	0	fourties				gju	
e65a8c3ba525042ceba11e102309b2525de4d7748b513787fc3ecc50c13c97654e626571fcdb8a6d96b78af3e6c5bfa95fb0286d8407d9d8d3c867d06c7a1fc4	common_voice_gju_42565648.mp3	6042176690a0455a0596e9b4e92ccd8ec54a1b8512892a104b2038d9de3ea365	اُنھ بچاراں نے اپنا باپ کو منہ بے نہ ہیر سکیو		2	0	fourties				gju	
e65a8c3ba525042ceba11e102309b2525de4d7748b513787fc3ecc50c13c97654e626571fcdb8a6d96b78af3e6c5bfa95fb0286d8407d9d8d3c867d06c7a1fc4	common_voice_gju_42565647.mp3	2d35e81cca618de8ba4b1efffbd08d0631c456ffc8a8f81a99ed02dd73fff25b	کاہڈ تا رُڑ گئی		2	0	fourties				gju	
e65a8c3ba525042ceba11e102309b2525de4d7748b513787fc3ecc50c13c97654e626571fcdb8a6d96b78af3e6c5bfa95fb0286d8407d9d8d3c867d06c7a1fc4	common_voice_gju_42565646.mp3	43c221a2bbedc44c4060dba1d1656e3812919bdd1844d88cdfa60af486ac96b2	لوکاں کا یاہ بُو ٹا کھائے تاج ک		2	0	fourties				gju	
e65a8c3ba525042ceba11e102309b2525de4d7748b513787fc3ecc50c13c97654e626571fcdb8a6d96b78af3e6c5bfa95fb0286d8407d9d8d3c867d06c7a1fc4	common_voice_gju_42565645.mp3	318f3ee9301b9295d3cbcd4fb20da36f72eb69abd7d0006efbf1b6f66865e2df	کاہڈ اُس راہ پو کوئی لُگو نیہہ چلے تھو		2	0	fourties				gju	
e65a8c3ba525042ceba11e102309b2525de4d7748b513787fc3ecc50c13c97654e626571fcdb8a6d96b78af3e6c5bfa95fb0286d8407d9d8d3c867d06c7a1fc4	common_voice_gju_42565644.mp3	5787288bfbd7889b7ae6888ca55b406c57a3a34b46a064137b69808f7133ffa5	زور کی بارش لگ گئی		2	0	fourties				gju	
e65a8c3ba525042ceba11e102309b2525de4d7748b513787fc3ecc50c13c97654e626571fcdb8a6d96b78af3e6c5bfa95fb0286d8407d9d8d3c867d06c7a1fc4	common_voice_gju_42565643.mp3	432cb836f80aacff57532735bf95af0b8dce35462cd72b10296990355495e04b	یاہ منا روز مرائے		2	0	fourties				gju	
e65a8c3ba525042ceba11e102309b2525de4d7748b513787fc3ecc50c13c97654e626571fcdb8a6d96b78af3e6c5bfa95fb0286d8407d9d8d3c867d06c7a1fc4	common_voice_gju_42565642.mp3	0cad376a77b3bce3fda52554e4e8b9c13af11ac3f0a8962efe41d5f8305cd3d3	کم نیہہ کرسے گو		2	0	fourties				gju	
e65a8c3ba525042ceba11e102309b2525de4d7748b513787fc3ecc50c13c97654e626571fcdb8a6d96b78af3e6c5bfa95fb0286d8407d9d8d3c867d06c7a1fc4	common_voice_gju_42565641.mp3	18a0e895af0c0b908882e635ccc9ae89aced7dfd0d6fa02dd1bf31d371cc54f1	ڈَنگی بَدھ کے اُتو جنازہ چایا		2	0	fourties				gju	
e65a8c3ba525042ceba11e102309b2525de4d7748b513787fc3ecc50c13c97654e626571fcdb8a6d96b78af3e6c5bfa95fb0286d8407d9d8d3c867d06c7a1fc4	common_voice_gju_42565640.mp3	5d37974840820736c30342e74498fbf03bf12ffab14672b6cc0683f9ad28ec98	نِکو پوت		2	0	fourties				gju	
e65a8c3ba525042ceba11e102309b2525de4d7748b513787fc3ecc50c13c97654e626571fcdb8a6d96b78af3e6c5bfa95fb0286d8407d9d8d3c867d06c7a1fc4	common_voice_gju_42565639.mp3	50913cf737e4d90708c791ce6f387bcc130c03b146b7c5339a51dece411742c5	وہ سوچن لگو ہوں کِشان لڑائی		2	0	fourties				gju	
e65a8c3ba525042ceba11e102309b2525de4d7748b513787fc3ecc50c13c97654e626571fcdb8a6d96b78af3e6c5bfa95fb0286d8407d9d8d3c867d06c7a1fc4	common_voice_gju_42565638.mp3	5765f83ceab01115b980317345d535020bd4f9a6cdd1a21f5970c060f35a5c9a	کیوں جی وہ زور ناڑ ایو		2	0	fourties				gju	
e65a8c3ba525042ceba11e102309b2525de4d7748b513787fc3ecc50c13c97654e626571fcdb8a6d96b78af3e6c5bfa95fb0286d8407d9d8d3c867d06c7a1fc4	common_voice_gju_42565637.mp3	502c1406229f61154c567ee92ae327d3a264b6f535a6a5cadb048c543da829fe	ویہ مار کے نسایا		2	0	fourties				gju	
e65a8c3ba525042ceba11e102309b2525de4d7748b513787fc3ecc50c13c97654e626571fcdb8a6d96b78af3e6c5bfa95fb0286d8407d9d8d3c867d06c7a1fc4	common_voice_gju_42565636.mp3	55375f3bd21f889d5e050f9499076bd4e3ea1c0e2e68d394aaecbe098e4d14bb	ا س کا ڈیرا ہاڑی		2	0	fourties				gju	
e65a8c3ba525042ceba11e102309b2525de4d7748b513787fc3ecc50c13c97654e626571fcdb8a6d96b78af3e6c5bfa95fb0286d8407d9d8d3c867d06c7a1fc4	common_voice_gju_42565635.mp3	43d150227286d60c0f5880faf542c2e17a2fe9a075577fe76c04a256319abe07	سوچیو ہن مناں جلدی ماں باپ کو ڈیرو چھوڈنو پے گو		2	0	fourties				gju	
e65a8c3ba525042ceba11e102309b2525de4d7748b513787fc3ecc50c13c97654e626571fcdb8a6d96b78af3e6c5bfa95fb0286d8407d9d8d3c867d06c7a1fc4	common_voice_gju_42565634.mp3	5aad5c44756e623c8f746100d66c4d25e9cfd76058ebb3b3a560a1e3c593a2b7	ہوں اِت گراں کا لوکاں کے ڈیرے نہ رہیو میں کہیو اِت منا پیوں کھائے گا		2	0	fourties				gju	
e65a8c3ba525042ceba11e102309b2525de4d7748b513787fc3ecc50c13c97654e626571fcdb8a6d96b78af3e6c5bfa95fb0286d8407d9d8d3c867d06c7a1fc4	common_voice_gju_42565628.mp3	3b150968f43ac727e1d7c2979bda14f5fa73c0c188172d501f577fa13254d727	تَم نا اپنی گہانی سناؤں		2	0	fourties				gju	
e65a8c3ba525042ceba11e102309b2525de4d7748b513787fc3ecc50c13c97654e626571fcdb8a6d96b78af3e6c5bfa95fb0286d8407d9d8d3c867d06c7a1fc4	common_voice_gju_42565627.mp3	1f43575225663cd60e41f4d61ec374cfd2e3b3fb55edfc676e41f8f1d2ef2e36	اج اس نا بلا کھائے گی‘‘		2	0	fourties				gju	
e65a8c3ba525042ceba11e102309b2525de4d7748b513787fc3ecc50c13c97654e626571fcdb8a6d96b78af3e6c5bfa95fb0286d8407d9d8d3c867d06c7a1fc4	common_voice_gju_42565626.mp3	3e840bd4cc85f9f993ffec9845ad050ff3086b88e814070cd91b6b4825d7e42b	لبھیو		2	0	fourties				gju	
e65a8c3ba525042ceba11e102309b2525de4d7748b513787fc3ecc50c13c97654e626571fcdb8a6d96b78af3e6c5bfa95fb0286d8407d9d8d3c867d06c7a1fc4	common_voice_gju_42565625.mp3	361deb067eaf2a41eac3deb19bc17016655e22a7b8f19fa35301bdd23bab62b2	بھادرا ما ایک دھیاڑے کا کا نے پُوت نا کہیو بھیڈ میلی ہو گئی		2	0	fourties				gju	
e65a8c3ba525042ceba11e102309b2525de4d7748b513787fc3ecc50c13c97654e626571fcdb8a6d96b78af3e6c5bfa95fb0286d8407d9d8d3c867d06c7a1fc4	common_voice_gju_42565623.mp3	48c036d9b8d85a81031cfc73617de653204d4a96816e175a70e67d320e734dae	مُچ دُور تھا		2	0	fourties				gju	
e65a8c3ba525042ceba11e102309b2525de4d7748b513787fc3ecc50c13c97654e626571fcdb8a6d96b78af3e6c5bfa95fb0286d8407d9d8d3c867d06c7a1fc4	common_voice_gju_42565622.mp3	506fe9e00fc33cd8afbc66dccf0a1b171bf3f5633d20320ffd53ca0431c5724b	ایک مچ بڑو سپ اُنھ بچڑاں نا کھان بسطے بوٹا پو چڑھے لگو		2	0	fourties				gju	
e65a8c3ba525042ceba11e102309b2525de4d7748b513787fc3ecc50c13c97654e626571fcdb8a6d96b78af3e6c5bfa95fb0286d8407d9d8d3c867d06c7a1fc4	common_voice_gju_42565621.mp3	2b73685c28ef05ba8087ba12315739f0bf8e7af7473b8b3cebbeff3d02787464	بکری بے مر گئی		2	0	fourties				gju	
e65a8c3ba525042ceba11e102309b2525de4d7748b513787fc3ecc50c13c97654e626571fcdb8a6d96b78af3e6c5bfa95fb0286d8407d9d8d3c867d06c7a1fc4	common_voice_gju_42565620.mp3	40d5e31e1e15925401ddbff0d27abf345d62f0c98ea15febda275af41695fcdf	جا ہی ختم ہون ہالی نیہہ تھی۔		2	0	fourties				gju	
e65a8c3ba525042ceba11e102309b2525de4d7748b513787fc3ecc50c13c97654e626571fcdb8a6d96b78af3e6c5bfa95fb0286d8407d9d8d3c867d06c7a1fc4	common_voice_gju_42565619.mp3	60e4214993b12f919ad5cbe3356c4cc0fd1899d8ae87bc315fd8954fa78fd962	سَچ ک		2	0	fourties				gju	
e65a8c3ba525042ceba11e102309b2525de4d7748b513787fc3ecc50c13c97654e626571fcdb8a6d96b78af3e6c5bfa95fb0286d8407d9d8d3c867d06c7a1fc4	common_voice_gju_42565618.mp3	4c39e8e3aa0ff07c6d59cecfcedf73a9734f535f83fb6dfc3ecbdd0e93737a2d	ڈیرا ہالا خالق کی حالت دیکھ کے ڈر گیا		2	0	fourties				gju	
e65a8c3ba525042ceba11e102309b2525de4d7748b513787fc3ecc50c13c97654e626571fcdb8a6d96b78af3e6c5bfa95fb0286d8407d9d8d3c867d06c7a1fc4	common_voice_gju_42565617.mp3	4edb00900fd3a8d657d17a2c7008aabf188a76f27cabc9b8dcdbd6fd5750ab5c	لاری ما چڑھ کے امرناہٹھ		2	0	fourties				gju	
e65a8c3ba525042ceba11e102309b2525de4d7748b513787fc3ecc50c13c97654e626571fcdb8a6d96b78af3e6c5bfa95fb0286d8407d9d8d3c867d06c7a1fc4	common_voice_gju_42565616.mp3	5f77155ff3c48a2bd3d7a5ed6cbbc0e02037ab6e0e139b8f8b0e65fbed867075	لال اُنھاں بکریاں واسطے چل گیو		2	0	fourties				gju	
e65a8c3ba525042ceba11e102309b2525de4d7748b513787fc3ecc50c13c97654e626571fcdb8a6d96b78af3e6c5bfa95fb0286d8407d9d8d3c867d06c7a1fc4	common_voice_gju_42565615.mp3	58957c82af60f896fdb06acff8a5d2e9982ee212514086873b1dc6dbab1225cd	مال کو خاصو نقصان ہوگیو		2	0	fourties				gju	
e65a8c3ba525042ceba11e102309b2525de4d7748b513787fc3ecc50c13c97654e626571fcdb8a6d96b78af3e6c5bfa95fb0286d8407d9d8d3c867d06c7a1fc4	common_voice_gju_42565614.mp3	3358cdbd07bd977d72b218a0c0360ccbe1aae701ba6998a3d974e9dc61a34cde	خاص خاص اکھان		2	0	fourties				gju	
e65a8c3ba525042ceba11e102309b2525de4d7748b513787fc3ecc50c13c97654e626571fcdb8a6d96b78af3e6c5bfa95fb0286d8407d9d8d3c867d06c7a1fc4	common_voice_gju_42565613.mp3	5ca849762d209052129107943904528fac24d5edc5c74e272bb91a3e378745a1	بن ما بَڑیو وو تھو		2	0	fourties				gju	
e65a8c3ba525042ceba11e102309b2525de4d7748b513787fc3ecc50c13c97654e626571fcdb8a6d96b78af3e6c5bfa95fb0286d8407d9d8d3c867d06c7a1fc4	common_voice_gju_42565612.mp3	1d9bbda67edc810b1b647c792864d461cc798e0c33d14bfe7ad6c296de89776a	نہ پانی تھو		2	0	fourties				gju	
e65a8c3ba525042ceba11e102309b2525de4d7748b513787fc3ecc50c13c97654e626571fcdb8a6d96b78af3e6c5bfa95fb0286d8407d9d8d3c867d06c7a1fc4	common_voice_gju_42565611.mp3	3362b93482a7bc6fe1dc18910ac3b853ee7f3c277a6fb4e6e87a3630b070e157	اُنھاں نے کہیو اِنھا ں نا چلن کی اجازت بالکل نیہہ دینی		2	0	fourties				gju	
e65a8c3ba525042ceba11e102309b2525de4d7748b513787fc3ecc50c13c97654e626571fcdb8a6d96b78af3e6c5bfa95fb0286d8407d9d8d3c867d06c7a1fc4	common_voice_gju_42565610.mp3	3f5d4aa76822d5205a8a264f9d2a2bcb6b1651e9b9fa83443c7dffda044fc903	کاہڈ کی فوج چرکی اَپڑی		2	0	fourties				gju	
e65a8c3ba525042ceba11e102309b2525de4d7748b513787fc3ecc50c13c97654e626571fcdb8a6d96b78af3e6c5bfa95fb0286d8407d9d8d3c867d06c7a1fc4	common_voice_gju_42565609.mp3	537411ad6a83fcddff1dfa544c103198fc6b3eaeb9be1cb6e9e5a9f71b303863	منا نی دِتی		2	0	fourties				gju	
e65a8c3ba525042ceba11e102309b2525de4d7748b513787fc3ecc50c13c97654e626571fcdb8a6d96b78af3e6c5bfa95fb0286d8407d9d8d3c867d06c7a1fc4	common_voice_gju_42565608.mp3	18de304a0000d28c7c05a5dde10b864c679628e7212489c65ce6938e1181e1ec	تیجا رنگ کی شے ہم نا بیماریاں کا بارہ ما دسے۔		2	0	fourties				gju	
e65a8c3ba525042ceba11e102309b2525de4d7748b513787fc3ecc50c13c97654e626571fcdb8a6d96b78af3e6c5bfa95fb0286d8407d9d8d3c867d06c7a1fc4	common_voice_gju_42565607.mp3	5eb9aec238cfd15271f3f6beec866497f39ed3644fc477e2e781868262e11c32	ہوں مریم نا ملن واسطے گھڑی گھڑی شہر آنو پے تھو		2	0	fourties				gju	
e65a8c3ba525042ceba11e102309b2525de4d7748b513787fc3ecc50c13c97654e626571fcdb8a6d96b78af3e6c5bfa95fb0286d8407d9d8d3c867d06c7a1fc4	common_voice_gju_42565606.mp3	4114df0a95a95e640ca3cf9d22dadf88b800c14c9d49a880f602b864cd7761c3	باد شاہ بڑو خپا ہویو		2	0	fourties				gju	
e65a8c3ba525042ceba11e102309b2525de4d7748b513787fc3ecc50c13c97654e626571fcdb8a6d96b78af3e6c5bfa95fb0286d8407d9d8d3c867d06c7a1fc4	common_voice_gju_42565605.mp3	477f52898e18edc5941f547779f158917e60a270551b71c579ec025acde697c1	اس نے پچھیو:”تم کے شے کھاؤ؟“ پروین نے کہیو: ” ہم پالک کھاں گا۔		2	0	fourties				gju	
e65a8c3ba525042ceba11e102309b2525de4d7748b513787fc3ecc50c13c97654e626571fcdb8a6d96b78af3e6c5bfa95fb0286d8407d9d8d3c867d06c7a1fc4	common_voice_gju_42565604.mp3	03e2ead1d319f5bae0442b7777c43ec16f8c6357dfc9fa84d1e337133d215aab	اِس ڈر		2	0	fourties				gju	
e65a8c3ba525042ceba11e102309b2525de4d7748b513787fc3ecc50c13c97654e626571fcdb8a6d96b78af3e6c5bfa95fb0286d8407d9d8d3c867d06c7a1fc4	common_voice_gju_42565603.mp3	42ec17cf06b28f42b9dc743a9041effd4bc5ed3d27773d1bb9c71ed77bca82d6	گل کری		2	0	fourties				gju	
e65a8c3ba525042ceba11e102309b2525de4d7748b513787fc3ecc50c13c97654e626571fcdb8a6d96b78af3e6c5bfa95fb0286d8407d9d8d3c867d06c7a1fc4	common_voice_gju_42565602.mp3	5c9bc9aea73fa200abda1cf85382994f95a257775e3556fb459687ed29eaae8d	اگلا سارا مار چھڑیا		2	0	fourties				gju	
e65a8c3ba525042ceba11e102309b2525de4d7748b513787fc3ecc50c13c97654e626571fcdb8a6d96b78af3e6c5bfa95fb0286d8407d9d8d3c867d06c7a1fc4	common_voice_gju_42565601.mp3	3267774408c27d620503f444f561dee86229117e28a7b44fe9bc92429114030c	مُچ حیلو کریوبارے گھوڑا نہ بچیا		2	0	fourties				gju	
e65a8c3ba525042ceba11e102309b2525de4d7748b513787fc3ecc50c13c97654e626571fcdb8a6d96b78af3e6c5bfa95fb0286d8407d9d8d3c867d06c7a1fc4	common_voice_gju_42565600.mp3	36132f8546b5e387a7844a1035c78019b9f3a35d30f0f2f39e2e0739855a027a	نیہہ دیے تھا		2	0	fourties				gju	
e65a8c3ba525042ceba11e102309b2525de4d7748b513787fc3ecc50c13c97654e626571fcdb8a6d96b78af3e6c5bfa95fb0286d8407d9d8d3c867d06c7a1fc4	common_voice_gju_42565599.mp3	4cba46f5910c2f88a6f4f4580de4530fb9944cdb09e429230b4ead0675c6896b	تیرہموواقعو		2	0	fourties				gju	
e65a8c3ba525042ceba11e102309b2525de4d7748b513787fc3ecc50c13c97654e626571fcdb8a6d96b78af3e6c5bfa95fb0286d8407d9d8d3c867d06c7a1fc4	common_voice_gju_42565598.mp3	503883df5f5f422d42a6ff6d4ae8ad638432d4e6f9b7154df7e8d164e6835e72	بچی نا باہر نہ نِکلن دیوں		2	0	fourties				gju	
e65a8c3ba525042ceba11e102309b2525de4d7748b513787fc3ecc50c13c97654e626571fcdb8a6d96b78af3e6c5bfa95fb0286d8407d9d8d3c867d06c7a1fc4	common_voice_gju_42565597.mp3	4af5dec5b054e43a82c8b9106e3a39f5cf35f729e45a411aafeb2bfc4d36a818	دو بکری نیہہ		2	0	fourties				gju	
e65a8c3ba525042ceba11e102309b2525de4d7748b513787fc3ecc50c13c97654e626571fcdb8a6d96b78af3e6c5bfa95fb0286d8407d9d8d3c867d06c7a1fc4	common_voice_gju_42565596.mp3	2323d93d2775d4c313a8b76e4480ed11c947db9b37ceaec33056fe99fbe3229b	یہ سارا لوک تمبو		2	0	fourties				gju	
e65a8c3ba525042ceba11e102309b2525de4d7748b513787fc3ecc50c13c97654e626571fcdb8a6d96b78af3e6c5bfa95fb0286d8407d9d8d3c867d06c7a1fc4	common_voice_gju_42565595.mp3	4427b36a5a948aaab590749b74a3bc814058cf533afbea074e83fde4b9b9c33e	مَنا اپنا کَنا پو یقین نیہہ آ		2	0	fourties				gju	
e65a8c3ba525042ceba11e102309b2525de4d7748b513787fc3ecc50c13c97654e626571fcdb8a6d96b78af3e6c5bfa95fb0286d8407d9d8d3c867d06c7a1fc4	common_voice_gju_42565594.mp3	3c494a7cf5a7a7bad1c912233a1c721e1c99fc192eb37d8ab80ad361727bac0c	میری امداد خدا		2	0	fourties				gju	
e65a8c3ba525042ceba11e102309b2525de4d7748b513787fc3ecc50c13c97654e626571fcdb8a6d96b78af3e6c5bfa95fb0286d8407d9d8d3c867d06c7a1fc4	common_voice_gju_42565588.mp3	48702a9be234f5852d7e1b0b3cb5e02db7311b46536959a0fc39147777c8fba1	باقیاں نے وہ ساگ نہ کھادو		2	0	fourties				gju	
e65a8c3ba525042ceba11e102309b2525de4d7748b513787fc3ecc50c13c97654e626571fcdb8a6d96b78af3e6c5bfa95fb0286d8407d9d8d3c867d06c7a1fc4	common_voice_gju_42565587.mp3	5bfa187879622b98de775d0b71e6a8696ee56e8905624be3bf5c76bcc3386e15	یہ جنا مُچ خوش ہویا		2	0	fourties				gju	
e65a8c3ba525042ceba11e102309b2525de4d7748b513787fc3ecc50c13c97654e626571fcdb8a6d96b78af3e6c5bfa95fb0286d8407d9d8d3c867d06c7a1fc4	common_voice_gju_42565586.mp3	2ab2221a4e8326f8972268ee6ff1fcddfe509a19df9a3d022e568705b87d1bbc	کِسے کوڑ یتیم بچا ہوے		2	0	fourties				gju	
e65a8c3ba525042ceba11e102309b2525de4d7748b513787fc3ecc50c13c97654e626571fcdb8a6d96b78af3e6c5bfa95fb0286d8407d9d8d3c867d06c7a1fc4	common_voice_gju_42565585.mp3	5c48b34ae0a8b61d8f8e1045d19fda932121a3199ffeccc74280df2cfe21c385	اُت کا لوکاں نے انھ کے نال مُچ مدد کری		2	0	fourties				gju	
e65a8c3ba525042ceba11e102309b2525de4d7748b513787fc3ecc50c13c97654e626571fcdb8a6d96b78af3e6c5bfa95fb0286d8407d9d8d3c867d06c7a1fc4	common_voice_gju_42565584.mp3	57c26fcf8132fe3b5800261167eb4a0b425f7fec7db5189e438477eaebbd76b0	اپنا ماں باپ کے ڈیرے آ گئی		2	0	fourties				gju	
e65a8c3ba525042ceba11e102309b2525de4d7748b513787fc3ecc50c13c97654e626571fcdb8a6d96b78af3e6c5bfa95fb0286d8407d9d8d3c867d06c7a1fc4	common_voice_gju_42565583.mp3	4e1cd272ac9ed34f9d42c2ba5402dc0fde92a669b38ab86a5ba7fee733b8b26b	اس نے اپنا بھتیجا بابو نا کہیو تم اپنی پھرڑی بکریاں نا بڑی دیواسئی خربوش ما لے چلو کیوں جے اِت بکری خراب ہو گئی		2	0	fourties				gju	
e65a8c3ba525042ceba11e102309b2525de4d7748b513787fc3ecc50c13c97654e626571fcdb8a6d96b78af3e6c5bfa95fb0286d8407d9d8d3c867d06c7a1fc4	common_voice_gju_42565582.mp3	4eb467da8f9a5045b25294b6df1c7777f24c77341910fee47ae97d6af9c62820	ڈیرا کاگان کی ندی پو موڑ آنیا		2	0	fourties				gju	
e65a8c3ba525042ceba11e102309b2525de4d7748b513787fc3ecc50c13c97654e626571fcdb8a6d96b78af3e6c5bfa95fb0286d8407d9d8d3c867d06c7a1fc4	common_voice_gju_42565581.mp3	3c80cba0b3c1f532262847c1cde330cbf282e5c018ad60500569a28f8f3ac4ac	فرض ٖغسل ما ترے فرض ہیں،کرلو کرنو، نک ما پانی کہلنو تے پورا جسا اپر پانی کہلنو		2	0	fourties				gju	
e65a8c3ba525042ceba11e102309b2525de4d7748b513787fc3ecc50c13c97654e626571fcdb8a6d96b78af3e6c5bfa95fb0286d8407d9d8d3c867d06c7a1fc4	common_voice_gju_42565580.mp3	1c4bb4812951baf1e87a3804fabc1641e333efc219d9d8bca843be86ebf8646b	لوئی کی چھَٹ بنا کے ہوں اپنے ڈیرے پوہچایو		2	0	fourties				gju	
e65a8c3ba525042ceba11e102309b2525de4d7748b513787fc3ecc50c13c97654e626571fcdb8a6d96b78af3e6c5bfa95fb0286d8407d9d8d3c867d06c7a1fc4	common_voice_gju_42565579.mp3	5c97373719714a76458d8cd0181d6ca52ea0ed439c5c40aabe23aa0e2c3c3cf4	اَکھ بے سڑ گئی		2	0	fourties				gju	
e65a8c3ba525042ceba11e102309b2525de4d7748b513787fc3ecc50c13c97654e626571fcdb8a6d96b78af3e6c5bfa95fb0286d8407d9d8d3c867d06c7a1fc4	common_voice_gju_42565578.mp3	51d430c33af3444a4a1c170cbe60603b75c078cae7cb585e751ff3bb753d919c	نزیر نے رچھ کا منہ پو گُہاڑی کی سَٹ کری		2	0	fourties				gju	
e65a8c3ba525042ceba11e102309b2525de4d7748b513787fc3ecc50c13c97654e626571fcdb8a6d96b78af3e6c5bfa95fb0286d8407d9d8d3c867d06c7a1fc4	common_voice_gju_42565577.mp3	3eb9fc442be31aba0d69e0887bc9d430b046065a48be18943b157e4495f5ae96	یوہ جنو اُنھ نا کہن لگو		2	0	fourties				gju	
e65a8c3ba525042ceba11e102309b2525de4d7748b513787fc3ecc50c13c97654e626571fcdb8a6d96b78af3e6c5bfa95fb0286d8407d9d8d3c867d06c7a1fc4	common_voice_gju_42565576.mp3	3ea3cdaea5b9e315daee0877f2f2973e33c9ec4f9f9956381f96a974680f2be5	ساری دھیاڑی بکریاں نا ڈھُونڈتو رہیو آخر اس نا ایک جا ما بکری لَبھ گئی		2	0	fourties				gju	
e65a8c3ba525042ceba11e102309b2525de4d7748b513787fc3ecc50c13c97654e626571fcdb8a6d96b78af3e6c5bfa95fb0286d8407d9d8d3c867d06c7a1fc4	common_voice_gju_42565575.mp3	19761b65fead9b5cb14a7858a1909fa35a4a99ca3bb6e4ce22d276e514f47cac	بادشاہ نے اپنا نوکراں نا حکم دیتو		2	0	fourties				gju	
e65a8c3ba525042ceba11e102309b2525de4d7748b513787fc3ecc50c13c97654e626571fcdb8a6d96b78af3e6c5bfa95fb0286d8407d9d8d3c867d06c7a1fc4	common_voice_gju_42565574.mp3	4d7a994e3198fe355f40601da4a09e1c32879f7485cab85f71472b248127e920	ایک گھڑی ما		2	0	fourties				gju	
e65a8c3ba525042ceba11e102309b2525de4d7748b513787fc3ecc50c13c97654e626571fcdb8a6d96b78af3e6c5bfa95fb0286d8407d9d8d3c867d06c7a1fc4	common_voice_gju_42565573.mp3	112108838acb2bc19d8c045e14fb088d1cd2e7f428648a698bad9058a815cb85	روٹی دا ہتھ کرن نال ہی ہوں بے ہوش ہو گیو		2	0	fourties				gju	
e65a8c3ba525042ceba11e102309b2525de4d7748b513787fc3ecc50c13c97654e626571fcdb8a6d96b78af3e6c5bfa95fb0286d8407d9d8d3c867d06c7a1fc4	common_voice_gju_42565572.mp3	4d0adeb389489ac946a2b7f95512b3d32e6544136a424eb58db31e3d5019eda1	یوہ اُس موئی بکری نا چھوڈ کے		2	0	fourties				gju	
e65a8c3ba525042ceba11e102309b2525de4d7748b513787fc3ecc50c13c97654e626571fcdb8a6d96b78af3e6c5bfa95fb0286d8407d9d8d3c867d06c7a1fc4	common_voice_gju_42565571.mp3	18d347c569c0ae73f1fb2d455474bc5e964032363e773895caea96869572ef4e	صبح دس بجے سارا لوکاں نے اس کو جنازو پڑھیو		2	0	fourties				gju	
e65a8c3ba525042ceba11e102309b2525de4d7748b513787fc3ecc50c13c97654e626571fcdb8a6d96b78af3e6c5bfa95fb0286d8407d9d8d3c867d06c7a1fc4	common_voice_gju_42565570.mp3	1aac962feb5130ac830d260078465641ff19d5a2631648642eb0baadabb06ef5	بیٹکی کَڈھ لئی		2	0	fourties				gju	
e65a8c3ba525042ceba11e102309b2525de4d7748b513787fc3ecc50c13c97654e626571fcdb8a6d96b78af3e6c5bfa95fb0286d8407d9d8d3c867d06c7a1fc4	common_voice_gju_42565569.mp3	1c3825b96676b070970f8be5f8f6faf9e59a134fbb45dd7c558f19d7c2518dab	جنازہ نا فتح جنگ لے گیا		2	0	fourties				gju	
e65a8c3ba525042ceba11e102309b2525de4d7748b513787fc3ecc50c13c97654e626571fcdb8a6d96b78af3e6c5bfa95fb0286d8407d9d8d3c867d06c7a1fc4	common_voice_gju_42565568.mp3	1b4f2e6f6e28fadbb95fde597d2658e6c72a31cc50e8e4158163a1820e27abd5	توہ اس نا اکلی چھوڈ کے نیہہ آئے تھو جاتک رون پٹن لگ گیا		2	0	fourties				gju	
e65a8c3ba525042ceba11e102309b2525de4d7748b513787fc3ecc50c13c97654e626571fcdb8a6d96b78af3e6c5bfa95fb0286d8407d9d8d3c867d06c7a1fc4	common_voice_gju_42565567.mp3	5cd7fcd4e6d317339f61aa8cd22ba17790694b4babef7b6d7d8a63e4fbc1f09c	دیکھے		2	0	fourties				gju	
e65a8c3ba525042ceba11e102309b2525de4d7748b513787fc3ecc50c13c97654e626571fcdb8a6d96b78af3e6c5bfa95fb0286d8407d9d8d3c867d06c7a1fc4	common_voice_gju_42565566.mp3	1f790db8e0215a199993bc8905a3a44a07c7dfc465a2674aef2c4019112b3b7f	پروین نے سوچیو		2	0	fourties				gju	
e65a8c3ba525042ceba11e102309b2525de4d7748b513787fc3ecc50c13c97654e626571fcdb8a6d96b78af3e6c5bfa95fb0286d8407d9d8d3c867d06c7a1fc4	common_voice_gju_42565565.mp3	2751a8786646cbba7512867afad2fc7ea4e7580697ace6a0520c2441a9878645	لُڑو پہلی جماعت ما تھو		2	0	fourties				gju	
e65a8c3ba525042ceba11e102309b2525de4d7748b513787fc3ecc50c13c97654e626571fcdb8a6d96b78af3e6c5bfa95fb0286d8407d9d8d3c867d06c7a1fc4	common_voice_gju_42565564.mp3	01c954f1cba9d4afa71a4605bfc66f97a08e8ebea8ba04551d8a9a8fc4120226	انھ نے تپوس کیو جی کے گل ہے		2	0	fourties				gju	
e65a8c3ba525042ceba11e102309b2525de4d7748b513787fc3ecc50c13c97654e626571fcdb8a6d96b78af3e6c5bfa95fb0286d8407d9d8d3c867d06c7a1fc4	common_voice_gju_42565563.mp3	499efb40b9d6ef5e5ce39c41bf76a6f423055484a648fa99095e9f08b24c6d58	فوج کا جواناں نے جا کے اُنھ لوکاں کو مال		2	0	fourties				gju	
e65a8c3ba525042ceba11e102309b2525de4d7748b513787fc3ecc50c13c97654e626571fcdb8a6d96b78af3e6c5bfa95fb0286d8407d9d8d3c867d06c7a1fc4	common_voice_gju_42565562.mp3	00561f456e422626e26dc68791d3f02607674f15b2897e114849a4634501e1c9	نو لکھیا نے تلوار کی اس کا لک ما ماری		2	0	fourties				gju	
e65a8c3ba525042ceba11e102309b2525de4d7748b513787fc3ecc50c13c97654e626571fcdb8a6d96b78af3e6c5bfa95fb0286d8407d9d8d3c867d06c7a1fc4	common_voice_gju_42565561.mp3	5295f5b1423038cb05f8af968d04ee770a74f2b0c362a52f1db2a23cefd097b9	اُس جا ما جا کے ویہ بڑا خوش ہویا		2	0	fourties				gju	
e65a8c3ba525042ceba11e102309b2525de4d7748b513787fc3ecc50c13c97654e626571fcdb8a6d96b78af3e6c5bfa95fb0286d8407d9d8d3c867d06c7a1fc4	common_voice_gju_42565560.mp3	46b286c59fa8ed4fab726782b727cc417f3fce9609bf276e381c568c3f43f93b	دوجی بادشاہی ما چل کے ایک بوٹا کی چھاں ما بیس رہیو		2	0	fourties				gju	
e65a8c3ba525042ceba11e102309b2525de4d7748b513787fc3ecc50c13c97654e626571fcdb8a6d96b78af3e6c5bfa95fb0286d8407d9d8d3c867d06c7a1fc4	common_voice_gju_42565559.mp3	3602fa30e7162b7546b6c92f28086473e4b88413268dfc0c3076561313d6c4d3	اس کھُرا پو چلتا رہیا		2	0	fourties				gju	
e65a8c3ba525042ceba11e102309b2525de4d7748b513787fc3ecc50c13c97654e626571fcdb8a6d96b78af3e6c5bfa95fb0286d8407d9d8d3c867d06c7a1fc4	common_voice_gju_42565558.mp3	0cb7b8e6ba124951e25cec4d74729921f4ae5c6f568871e32490720034946cdf	واہ بُڈھی مچ روئے تھی		2	0	fourties				gju	
e65a8c3ba525042ceba11e102309b2525de4d7748b513787fc3ecc50c13c97654e626571fcdb8a6d96b78af3e6c5bfa95fb0286d8407d9d8d3c867d06c7a1fc4	common_voice_gju_42565557.mp3	2d98c5738b54e298d51717080c2b5fa0222f8e956b2d305bcd5ee02d4c30fcbf	واہ بیمار تھی۔		2	0	fourties				gju	
e65a8c3ba525042ceba11e102309b2525de4d7748b513787fc3ecc50c13c97654e626571fcdb8a6d96b78af3e6c5bfa95fb0286d8407d9d8d3c867d06c7a1fc4	common_voice_gju_42565556.mp3	46ce6f2c060493bf1912f9c527636d253b036b1d180a8de3f2b276422a49fbdb	و ہ ملنگ بادشاہ نا کہن لگو		2	0	fourties				gju	
e65a8c3ba525042ceba11e102309b2525de4d7748b513787fc3ecc50c13c97654e626571fcdb8a6d96b78af3e6c5bfa95fb0286d8407d9d8d3c867d06c7a1fc4	common_voice_gju_42565555.mp3	0889357c3a619768336e8486cdfbd307883ff1b30d507d98c41a516ddb77944f	کہن لگو تیرے نال ہو ر کون		2	0	fourties				gju	
e65a8c3ba525042ceba11e102309b2525de4d7748b513787fc3ecc50c13c97654e626571fcdb8a6d96b78af3e6c5bfa95fb0286d8407d9d8d3c867d06c7a1fc4	common_voice_gju_42565554.mp3	3e68bf658256240d72039ccdd475af36ff21ffc133fded18dc6d07416f9c2db9	ڈاہڈو		2	0	fourties				gju	
e65a8c3ba525042ceba11e102309b2525de4d7748b513787fc3ecc50c13c97654e626571fcdb8a6d96b78af3e6c5bfa95fb0286d8407d9d8d3c867d06c7a1fc4	common_voice_gju_42565553.mp3	58053281e57e8375b7d1cccdbe0f994acb45f041738e00ce6386e99291be4520	اِنھاں نے گھوڑاں		2	0	fourties				gju	
e65a8c3ba525042ceba11e102309b2525de4d7748b513787fc3ecc50c13c97654e626571fcdb8a6d96b78af3e6c5bfa95fb0286d8407d9d8d3c867d06c7a1fc4	common_voice_gju_42565552.mp3	41fa575de5510f835912bf690ef0845834c6ae7354b056928f90fb06cd37c03a	مولوی عبداللہ کو پُوت خالق مُچ بھادر جنو تھو اس نے اپنی کچر		2	0	fourties				gju	
e65a8c3ba525042ceba11e102309b2525de4d7748b513787fc3ecc50c13c97654e626571fcdb8a6d96b78af3e6c5bfa95fb0286d8407d9d8d3c867d06c7a1fc4	common_voice_gju_42565551.mp3	46140489c8df6e364871195afca0f25eeaab9513eb1c6fb365b5049900199282	کہڑو ندی ما رُڑھیو تھو		2	0	fourties				gju	
e65a8c3ba525042ceba11e102309b2525de4d7748b513787fc3ecc50c13c97654e626571fcdb8a6d96b78af3e6c5bfa95fb0286d8407d9d8d3c867d06c7a1fc4	common_voice_gju_42565550.mp3	2281d7536465ed12da254cc3fc6962a83ef952176f8042b80af15bd330867791	بر بڑی سوہنی گزاری		2	0	fourties				gju	
e65a8c3ba525042ceba11e102309b2525de4d7748b513787fc3ecc50c13c97654e626571fcdb8a6d96b78af3e6c5bfa95fb0286d8407d9d8d3c867d06c7a1fc4	common_voice_gju_42565549.mp3	5740324b38a7688296f3b8ba52605496973089f32ac01affc498e46d1c248b8d	اپنا چوڑا		2	0	fourties				gju	
e65a8c3ba525042ceba11e102309b2525de4d7748b513787fc3ecc50c13c97654e626571fcdb8a6d96b78af3e6c5bfa95fb0286d8407d9d8d3c867d06c7a1fc4	common_voice_gju_42565548.mp3	1c91c08ab79d10e44581c01f9838be003f174d21d7204b026c68838f6e8d5b9b	تیجی قسم کو کھانو وہ وھے جہڑو بیماریاں تے بچن ما مدد دئے۔		2	0	fourties				gju	
e65a8c3ba525042ceba11e102309b2525de4d7748b513787fc3ecc50c13c97654e626571fcdb8a6d96b78af3e6c5bfa95fb0286d8407d9d8d3c867d06c7a1fc4	common_voice_gju_42565547.mp3	4bf786c376e22714691e5bb3dbd2d6addb5c6d331497079384fa006ba9f35a83	ہچھی خوراک ما ایک ہور شے کو ہونو بے لازمی		2	0	fourties				gju	
e65a8c3ba525042ceba11e102309b2525de4d7748b513787fc3ecc50c13c97654e626571fcdb8a6d96b78af3e6c5bfa95fb0286d8407d9d8d3c867d06c7a1fc4	common_voice_gju_42565546.mp3	27b3238e2b95b93e8aa9fd28da18cee8b10b9bff246b495ed702d9009267a819	ایک دھیاڑی بادشاہ کہن لگو جی ہن اس جنا کی		2	0	fourties				gju	
e65a8c3ba525042ceba11e102309b2525de4d7748b513787fc3ecc50c13c97654e626571fcdb8a6d96b78af3e6c5bfa95fb0286d8407d9d8d3c867d06c7a1fc4	common_voice_gju_42565545.mp3	511d57a9d9b138acc5fd35f736bc7c3eecf5f74832192bb86521e202ec1dd037	فوجیاں نے ددگئی اپنا افسراں تا فون کیو		2	0	fourties				gju	
e65a8c3ba525042ceba11e102309b2525de4d7748b513787fc3ecc50c13c97654e626571fcdb8a6d96b78af3e6c5bfa95fb0286d8407d9d8d3c867d06c7a1fc4	common_voice_gju_42565544.mp3	4c1cd3e212eba8cacef4b416c74cd8d16b8fdef2265ceae9661e0f607dbc5dd9	وہ جھَڑ گیو		2	0	fourties				gju	
e65a8c3ba525042ceba11e102309b2525de4d7748b513787fc3ecc50c13c97654e626571fcdb8a6d96b78af3e6c5bfa95fb0286d8407d9d8d3c867d06c7a1fc4	common_voice_gju_42565543.mp3	1501917976c93d717842bf550f7437a6fb37f18936c44878ff729307af4214f4	وہ اُٹھیو		2	0	fourties				gju	
e65a8c3ba525042ceba11e102309b2525de4d7748b513787fc3ecc50c13c97654e626571fcdb8a6d96b78af3e6c5bfa95fb0286d8407d9d8d3c867d06c7a1fc4	common_voice_gju_42565542.mp3	0819e56254c3b0cfc3df1367550bc19c7370c483677207bd197fd87a83da0969	دس ! ‘‘		2	0	fourties				gju	
e65a8c3ba525042ceba11e102309b2525de4d7748b513787fc3ecc50c13c97654e626571fcdb8a6d96b78af3e6c5bfa95fb0286d8407d9d8d3c867d06c7a1fc4	common_voice_gju_42565541.mp3	264b401e288722251876d7051ba4f2749ed7b3b45d44ba7f2856e06d2026f0b8	اس کی گھر ہالی مر گئی		2	0	fourties				gju	
e65a8c3ba525042ceba11e102309b2525de4d7748b513787fc3ecc50c13c97654e626571fcdb8a6d96b78af3e6c5bfa95fb0286d8407d9d8d3c867d06c7a1fc4	common_voice_gju_42565540.mp3	23eff451ebf50fe507b9c3fda22d47f58164ff16dbe9e56523fc7916a971866c	پِچھاں ڈھاکا کا پاس تا اسمانی بجلی پے گئی		2	0	fourties				gju	
e65a8c3ba525042ceba11e102309b2525de4d7748b513787fc3ecc50c13c97654e626571fcdb8a6d96b78af3e6c5bfa95fb0286d8407d9d8d3c867d06c7a1fc4	common_voice_gju_42565539.mp3	3c45b7311bab79f4e43f55cfa63724c39e83ebd54a7e62766c95251fbc0c358b	بچائے		2	0	fourties				gju	
e65a8c3ba525042ceba11e102309b2525de4d7748b513787fc3ecc50c13c97654e626571fcdb8a6d96b78af3e6c5bfa95fb0286d8407d9d8d3c867d06c7a1fc4	common_voice_gju_42565533.mp3	59e798e2254239495a486263c169fd10e453686278b02c5875669df5a9f8bb1f	ان کا کن نال		2	0	fourties				gju	
e65a8c3ba525042ceba11e102309b2525de4d7748b513787fc3ecc50c13c97654e626571fcdb8a6d96b78af3e6c5bfa95fb0286d8407d9d8d3c867d06c7a1fc4	common_voice_gju_42565532.mp3	4ea2a43fafbbe296be3e015efce908b47513ae72e42be5dc2656c1f4c36bdb6b	دوجا ہتھ کے نال رچھ کو گاٹو دُبا لیو اتنا ما یوبو ڈوئی پوہچ گیو اُس کا ہتھ ما کشی تھی اس نے رچھ کا سر ما کشی کی سَٹ کری		2	0	fourties				gju	
e65a8c3ba525042ceba11e102309b2525de4d7748b513787fc3ecc50c13c97654e626571fcdb8a6d96b78af3e6c5bfa95fb0286d8407d9d8d3c867d06c7a1fc4	common_voice_gju_42565531.mp3	1f895358baafca0e41160f078dd2d45d1c1a9f01203d8572e1a8f4d8ea3df9be	میرو ناں بانو		2	0	fourties				gju	
e65a8c3ba525042ceba11e102309b2525de4d7748b513787fc3ecc50c13c97654e626571fcdb8a6d96b78af3e6c5bfa95fb0286d8407d9d8d3c867d06c7a1fc4	common_voice_gju_42565530.mp3	28b247276bc01e051b9dcec7ddc62e3f504f413d2c17a26c773685ba3d4d7a79	رات گزار ی		2	0	fourties				gju	
e65a8c3ba525042ceba11e102309b2525de4d7748b513787fc3ecc50c13c97654e626571fcdb8a6d96b78af3e6c5bfa95fb0286d8407d9d8d3c867d06c7a1fc4	common_voice_gju_42565529.mp3	4a950d7a9d711fe040b04fb2927260330124817d9ef018c36e8dde54938288b7	اُت کی جماعت ما حِصو لیو		2	0	fourties				gju	
e65a8c3ba525042ceba11e102309b2525de4d7748b513787fc3ecc50c13c97654e626571fcdb8a6d96b78af3e6c5bfa95fb0286d8407d9d8d3c867d06c7a1fc4	common_voice_gju_42565528.mp3	2b77a7f6544c97fdba5dfcffc4bc3ce9871035dd075a49ccc6250194f66dce95	مولوی صاحب نا مُچ دُعا دِتی		2	0	fourties				gju	
e65a8c3ba525042ceba11e102309b2525de4d7748b513787fc3ecc50c13c97654e626571fcdb8a6d96b78af3e6c5bfa95fb0286d8407d9d8d3c867d06c7a1fc4	common_voice_gju_42565527.mp3	572a28d9200895696c1dda1df2052d96bcf070205e38e4c425b816555b2818b4	اس کی دھِی پری بی بی		2	0	fourties				gju	
e65a8c3ba525042ceba11e102309b2525de4d7748b513787fc3ecc50c13c97654e626571fcdb8a6d96b78af3e6c5bfa95fb0286d8407d9d8d3c867d06c7a1fc4	common_voice_gju_42565526.mp3	4b70fb6886efb7e3c9182720355acd3a7f213ae0cab1ceb5af79c051e965a532	نوری ناڑ ہالی گلی کا مُنڈھ ما جا رہیا		2	0	fourties				gju	
e65a8c3ba525042ceba11e102309b2525de4d7748b513787fc3ecc50c13c97654e626571fcdb8a6d96b78af3e6c5bfa95fb0286d8407d9d8d3c867d06c7a1fc4	common_voice_gju_42565525.mp3	3fa59cb01957e6c9fbf13ff22ba1f37d09f75565c43fbe0431aca60a9f9babf8	سارا لوک اشفاق کا غم ما پے گیا		2	0	fourties				gju	
e65a8c3ba525042ceba11e102309b2525de4d7748b513787fc3ecc50c13c97654e626571fcdb8a6d96b78af3e6c5bfa95fb0286d8407d9d8d3c867d06c7a1fc4	common_voice_gju_42565524.mp3	59f175e66ffce9e555bf96e0954dd6acfb7e7686dfc74374bb2e1fb3643ee4e4	جس بِڑے انھ بچاں کی ماں اُنھ بسطے چوگ لے کے اَئی		2	0	fourties				gju	
e65a8c3ba525042ceba11e102309b2525de4d7748b513787fc3ecc50c13c97654e626571fcdb8a6d96b78af3e6c5bfa95fb0286d8407d9d8d3c867d06c7a1fc4	common_voice_gju_42565523.mp3	3bccb0e8dff58158afcf5154f0b145117e0e8899e1bfd052ca80786578c6b76f	اُس ہاڑ ما ترے ڈیرا		2	0	fourties				gju	
e65a8c3ba525042ceba11e102309b2525de4d7748b513787fc3ecc50c13c97654e626571fcdb8a6d96b78af3e6c5bfa95fb0286d8407d9d8d3c867d06c7a1fc4	common_voice_gju_42565522.mp3	33fd3973ac6898d98f3548e4b2020307c72df228de8b9f6a05a75bfc81414341	اِنھ جاتکاں نے آخری ٹیم اپنی ماں کو منہ بے نہ دیکھ سکیو		2	0	fourties				gju	
e65a8c3ba525042ceba11e102309b2525de4d7748b513787fc3ecc50c13c97654e626571fcdb8a6d96b78af3e6c5bfa95fb0286d8407d9d8d3c867d06c7a1fc4	common_voice_gju_42565521.mp3	3b7a64b26b647f45d92b6fd507eade15d77973ef3b52c537e5143b6f1a9fdb65	پُچھیو تھار ا ہور لوک کِت ہے۔		2	0	fourties				gju	
e65a8c3ba525042ceba11e102309b2525de4d7748b513787fc3ecc50c13c97654e626571fcdb8a6d96b78af3e6c5bfa95fb0286d8407d9d8d3c867d06c7a1fc4	common_voice_gju_42565520.mp3	142ef41507d0a8bb515507f6fa6128382f0ac1f809d15a0cb2b285e047e706d3	رکوع تے اٹھن تے کاہڈ ہتھ کھلا چھوڑنا۔		2	0	fourties				gju	
e65a8c3ba525042ceba11e102309b2525de4d7748b513787fc3ecc50c13c97654e626571fcdb8a6d96b78af3e6c5bfa95fb0286d8407d9d8d3c867d06c7a1fc4	common_voice_gju_42565519.mp3	30e2dc147fba766250ed707d6ecb2e07a7ec51cccdec9edff5e8c38daf1739f1	یوہ کیل		2	0	fourties				gju	
e65a8c3ba525042ceba11e102309b2525de4d7748b513787fc3ecc50c13c97654e626571fcdb8a6d96b78af3e6c5bfa95fb0286d8407d9d8d3c867d06c7a1fc4	common_voice_gju_42565517.mp3	4f124e0b18ce1160cc21a8cc8995e87f824fc53cd5f5ad410cd20ee15c861a13	اُس کوڑے کِہڑو پوت چکیو تھو وہ ندی ما رُڑھ گیو		2	0	fourties				gju	
e65a8c3ba525042ceba11e102309b2525de4d7748b513787fc3ecc50c13c97654e626571fcdb8a6d96b78af3e6c5bfa95fb0286d8407d9d8d3c867d06c7a1fc4	common_voice_gju_42565516.mp3	4239fd31a19d68f46a93859074a24ac480612b5da018286312d163628e6852c1	مُچ باہر رہن لگو		2	0	fourties				gju	
e65a8c3ba525042ceba11e102309b2525de4d7748b513787fc3ecc50c13c97654e626571fcdb8a6d96b78af3e6c5bfa95fb0286d8407d9d8d3c867d06c7a1fc4	common_voice_gju_42565515.mp3	2a23b950e652347b8c32f42ca481ea1f71b0000b7924e069aa1dc4c58f4e2245	ہوں اپنی گماہنڈن نا بے دسوں گی		2	0	fourties				gju	
e65a8c3ba525042ceba11e102309b2525de4d7748b513787fc3ecc50c13c97654e626571fcdb8a6d96b78af3e6c5bfa95fb0286d8407d9d8d3c867d06c7a1fc4	common_voice_gju_42565514.mp3	51114cf68a3c7d63cd97f41795f375f1507e3205cd1fd591a4d4a5791d59865d	ہوتی		2	0	fourties				gju	
e65a8c3ba525042ceba11e102309b2525de4d7748b513787fc3ecc50c13c97654e626571fcdb8a6d96b78af3e6c5bfa95fb0286d8407d9d8d3c867d06c7a1fc4	common_voice_gju_42565513.mp3	02d648d56a90cd16503041fa49b1707e7b7334ce729527967cd985f1f32c1e4b	توہ منڈو کیوں ہے		2	0	fourties				gju	
e65a8c3ba525042ceba11e102309b2525de4d7748b513787fc3ecc50c13c97654e626571fcdb8a6d96b78af3e6c5bfa95fb0286d8407d9d8d3c867d06c7a1fc4	common_voice_gju_42565512.mp3	49da374521210b8683e90ff6083fbd38b3cb627e06f8e5fbd33399dbc9b5a246	گلی پو رہ گیو		2	0	fourties				gju	
e65a8c3ba525042ceba11e102309b2525de4d7748b513787fc3ecc50c13c97654e626571fcdb8a6d96b78af3e6c5bfa95fb0286d8407d9d8d3c867d06c7a1fc4	common_voice_gju_42565511.mp3	2e842049b8c899d32836d1c1fac0c8b09fdc30b5230ac990a6259ac485095bfe	تاں مھارا بچا صحت مند رہ گا		2	0	fourties				gju	
e65a8c3ba525042ceba11e102309b2525de4d7748b513787fc3ecc50c13c97654e626571fcdb8a6d96b78af3e6c5bfa95fb0286d8407d9d8d3c867d06c7a1fc4	common_voice_gju_42565510.mp3	4eca59f8fdbeeb04eae2db6ce68fa43778d27cda6777306e9fc42cad6c9aa904	بھی کوئی بھی آدمی آ کے دوائی لے جائے		2	0	fourties				gju	
e65a8c3ba525042ceba11e102309b2525de4d7748b513787fc3ecc50c13c97654e626571fcdb8a6d96b78af3e6c5bfa95fb0286d8407d9d8d3c867d06c7a1fc4	common_voice_gju_42565509.mp3	4b96e01d0737948441200f9a528507b317d48fb643a974d3b7e73c7f1fe3e58b	اس دھیانی کو ایک جوان پوت تھو		2	0	fourties				gju	
e65a8c3ba525042ceba11e102309b2525de4d7748b513787fc3ecc50c13c97654e626571fcdb8a6d96b78af3e6c5bfa95fb0286d8407d9d8d3c867d06c7a1fc4	common_voice_gju_42565508.mp3	44681b65417ea59f76418fe647cd7e32a2cf3b117a69ea247810646bc5389172	پالک مچ وھے“		2	0	fourties				gju	
e65a8c3ba525042ceba11e102309b2525de4d7748b513787fc3ecc50c13c97654e626571fcdb8a6d96b78af3e6c5bfa95fb0286d8407d9d8d3c867d06c7a1fc4	common_voice_gju_42565507.mp3	31b0ba0b8a9ff86b9324a2de7ced15715fd7801722907e95ff62813d61a63b82	بابو نے مراڑا کی اس کے ماری		2	0	fourties				gju	
e65a8c3ba525042ceba11e102309b2525de4d7748b513787fc3ecc50c13c97654e626571fcdb8a6d96b78af3e6c5bfa95fb0286d8407d9d8d3c867d06c7a1fc4	common_voice_gju_42565506.mp3	49bd6a9a9357f15df8432851aaebda33fbac857633b15c3534f342954f5b7d1b	واہ ساری مکئی بڈھی		2	0	fourties				gju	
e65a8c3ba525042ceba11e102309b2525de4d7748b513787fc3ecc50c13c97654e626571fcdb8a6d96b78af3e6c5bfa95fb0286d8407d9d8d3c867d06c7a1fc4	common_voice_gju_42565505.mp3	0eb3324d62509f116bb07f1cbda003dbdf79b232ed1b4e03a5c889c415814451	مزا کیا		2	0	fourties				gju	
e65a8c3ba525042ceba11e102309b2525de4d7748b513787fc3ecc50c13c97654e626571fcdb8a6d96b78af3e6c5bfa95fb0286d8407d9d8d3c867d06c7a1fc4	common_voice_gju_42565504.mp3	0832b13e4a75028fb45509c67a0b5c3d005f21e2ba2f23ca4a2749ec25385cee	پتو نیہہ یاہ کے شے ہے		2	0	fourties				gju	
e65a8c3ba525042ceba11e102309b2525de4d7748b513787fc3ecc50c13c97654e626571fcdb8a6d96b78af3e6c5bfa95fb0286d8407d9d8d3c867d06c7a1fc4	common_voice_gju_42565503.mp3	9a49b5411f0668ea7e488658cd7a8c63dab1203eee26fccd2aeb9f57ad68d30c	میرے کوڑے ایک بچو ہے‘‘		2	0	fourties				gju	
e65a8c3ba525042ceba11e102309b2525de4d7748b513787fc3ecc50c13c97654e626571fcdb8a6d96b78af3e6c5bfa95fb0286d8407d9d8d3c867d06c7a1fc4	common_voice_gju_42565502.mp3	41bc2f65182ac2376fc9d1f620774358af456dd73253a094fe7bf5b25bb4c9f1	پھوپھی مچ خوش ہوئی		2	0	fourties				gju	
e65a8c3ba525042ceba11e102309b2525de4d7748b513787fc3ecc50c13c97654e626571fcdb8a6d96b78af3e6c5bfa95fb0286d8407d9d8d3c867d06c7a1fc4	common_voice_gju_42565501.mp3	53868760efbb716e390f5e88ba69273195caf3deabe0a015165d8afa857f459b	پوسٹ کا فوجیاں نے ان کو واز سن لیو ویہ فوجی بُوٹاں کے نال رساں بدھتا اِنھ کول پوہچیا		2	0	fourties				gju	
e65a8c3ba525042ceba11e102309b2525de4d7748b513787fc3ecc50c13c97654e626571fcdb8a6d96b78af3e6c5bfa95fb0286d8407d9d8d3c867d06c7a1fc4	common_voice_gju_42565500.mp3	57b1f41ab268e639f5af36190f2e1f28d6a4eeb469e8c2b4cfb6c353b9f2a75a	پل نال دیس چِٹو تھو		2	0	fourties				gju	
e65a8c3ba525042ceba11e102309b2525de4d7748b513787fc3ecc50c13c97654e626571fcdb8a6d96b78af3e6c5bfa95fb0286d8407d9d8d3c867d06c7a1fc4	common_voice_gju_42565499.mp3	27af9676dcdb9f6aa48cc76b252acd2890408c7d1297882c47f145d6d093b7a4	ان کے نال ٹر گیو		2	0	fourties				gju	
e65a8c3ba525042ceba11e102309b2525de4d7748b513787fc3ecc50c13c97654e626571fcdb8a6d96b78af3e6c5bfa95fb0286d8407d9d8d3c867d06c7a1fc4	common_voice_gju_42565498.mp3	4c77d0c7e724f1899a43950d5d7753b389b9da3aa809ba55e2016ff49418be1c	وہ مچ ہی بڑو دیو تھو		2	0	fourties				gju	
e65a8c3ba525042ceba11e102309b2525de4d7748b513787fc3ecc50c13c97654e626571fcdb8a6d96b78af3e6c5bfa95fb0286d8407d9d8d3c867d06c7a1fc4	common_voice_gju_42565497.mp3	3b615c6281fa252a4692173d26ee8d1fab24ae26b5b467945c06cc3d412d9537	کسے نے رچھ کو پِتو دارو بسطے دسیو ہے جی رچھ نا مار کے اُس کو پِتو لے کے بادشاہ نا دیے		2	0	fourties				gju	
e65a8c3ba525042ceba11e102309b2525de4d7748b513787fc3ecc50c13c97654e626571fcdb8a6d96b78af3e6c5bfa95fb0286d8407d9d8d3c867d06c7a1fc4	common_voice_gju_42565496.mp3	20bfb41436968c1c4961451beed066eed284d2c746d60c910f7061218f1963ad	یاہ بیٹکی بھی ان نے جرگو شرگوکر کے دوائی		2	0	fourties				gju	
e65a8c3ba525042ceba11e102309b2525de4d7748b513787fc3ecc50c13c97654e626571fcdb8a6d96b78af3e6c5bfa95fb0286d8407d9d8d3c867d06c7a1fc4	common_voice_gju_42565495.mp3	0fac428c7e502903ff598f38ebf624d643bff989c0b467e1244ac361fe86658e	یہ بیٹکی نا لے کے ڈیرے آ گیا		2	0	fourties				gju	
e65a8c3ba525042ceba11e102309b2525de4d7748b513787fc3ecc50c13c97654e626571fcdb8a6d96b78af3e6c5bfa95fb0286d8407d9d8d3c867d06c7a1fc4	common_voice_gju_42565494.mp3	404e36c3d88b8c1e3a75c3f2e03db70946dc4a498c8e0d4df37149d9537f2173	باقی ساری بھیڈ ٹھیک تھی		2	0	fourties				gju	
e65a8c3ba525042ceba11e102309b2525de4d7748b513787fc3ecc50c13c97654e626571fcdb8a6d96b78af3e6c5bfa95fb0286d8407d9d8d3c867d06c7a1fc4	common_voice_gju_42565493.mp3	540f8cf4342a0043146ef1fafaeb78868b2f6822c7d224ee08e8fde717229dd6	کاہڈ جرگا ہالاں نے فیصلو کیو جے تَم اس کا بَدلا ما بیٹکی دے کے اس بیاہ بے کراؤں		2	0	fourties				gju	
e65a8c3ba525042ceba11e102309b2525de4d7748b513787fc3ecc50c13c97654e626571fcdb8a6d96b78af3e6c5bfa95fb0286d8407d9d8d3c867d06c7a1fc4	common_voice_gju_42565492.mp3	16930576d03cb44dff210dc4b07311575bf11b70abbb08c9009a4c9292ec75a7	اِنھ لوکاں نے کَٹھاں پو لکڑی کا پل لا کے		2	0	fourties				gju	
e65a8c3ba525042ceba11e102309b2525de4d7748b513787fc3ecc50c13c97654e626571fcdb8a6d96b78af3e6c5bfa95fb0286d8407d9d8d3c867d06c7a1fc4	common_voice_gju_42565491.mp3	1dda79615b527adec780de8efc0f30ef188b01c30edcd7062816211f6584222f	بارے بلادری ہالا لوکاں نے انھ کو مال نال ٹوریو		2	1	fourties				gju	
e65a8c3ba525042ceba11e102309b2525de4d7748b513787fc3ecc50c13c97654e626571fcdb8a6d96b78af3e6c5bfa95fb0286d8407d9d8d3c867d06c7a1fc4	common_voice_gju_42565490.mp3	460ab35d568893a3e4841f0cf740edf1a32e33888a1ad33d7b861490ac38136a	اُس پِتیا نے بھی منا دھوکو دِتو		2	0	fourties				gju	
e65a8c3ba525042ceba11e102309b2525de4d7748b513787fc3ecc50c13c97654e626571fcdb8a6d96b78af3e6c5bfa95fb0286d8407d9d8d3c867d06c7a1fc4	common_voice_gju_42565489.mp3	2cefea5ed6a8a388d9cbeae2b3384c8e4164fa32570d19ddfc5a449587178fef	پہلاں توہ اپر چڑھ		2	0	fourties				gju	
e65a8c3ba525042ceba11e102309b2525de4d7748b513787fc3ecc50c13c97654e626571fcdb8a6d96b78af3e6c5bfa95fb0286d8407d9d8d3c867d06c7a1fc4	common_voice_gju_42565488.mp3	5574418e91015b366ffb2928c06dcc444350af6e36be0b9af957823055f9236c	اُتو یہ ٹُریا		2	0	fourties				gju	
e65a8c3ba525042ceba11e102309b2525de4d7748b513787fc3ecc50c13c97654e626571fcdb8a6d96b78af3e6c5bfa95fb0286d8407d9d8d3c867d06c7a1fc4	common_voice_gju_42565487.mp3	43fd741fc1a4b71d197411423965196956b257298b58a30e4e76f9fefbf47c43	ہَتھ پل ما سڑ گیا		2	0	fourties				gju	
e65a8c3ba525042ceba11e102309b2525de4d7748b513787fc3ecc50c13c97654e626571fcdb8a6d96b78af3e6c5bfa95fb0286d8407d9d8d3c867d06c7a1fc4	common_voice_gju_42565486.mp3	51d38e64dfcb09d209def7a53218cc064baa7c07ccd2823ff67a6171b80e53c4	مدینہ ما مہار نبی ﷺ تیرا سال رہیا۔		2	0	fourties				gju	
e65a8c3ba525042ceba11e102309b2525de4d7748b513787fc3ecc50c13c97654e626571fcdb8a6d96b78af3e6c5bfa95fb0286d8407d9d8d3c867d06c7a1fc4	common_voice_gju_42565485.mp3	57c05f3580bc58fc8fcbb49c6e92461abe76c4d0b3f977c590fab01401b1a08d	تیجی واری بی باز اُس بادشاہ کا سر پو جا کے بیٹھو		2	0	fourties				gju	
e65a8c3ba525042ceba11e102309b2525de4d7748b513787fc3ecc50c13c97654e626571fcdb8a6d96b78af3e6c5bfa95fb0286d8407d9d8d3c867d06c7a1fc4	common_voice_gju_42565484.mp3	50fabf3566d60ba074939c0282b4423376fc59b33b0fccf1fb5df2cc4417271b	چار پنج سو بکری ما میر و سو بھارو آئے تھو		2	0	fourties				gju	
e65a8c3ba525042ceba11e102309b2525de4d7748b513787fc3ecc50c13c97654e626571fcdb8a6d96b78af3e6c5bfa95fb0286d8407d9d8d3c867d06c7a1fc4	common_voice_gju_42565483.mp3	201c039c0fc89e10351df78ab75a458d09503a7cdfcb942fba612a62262e7d07	کیو		2	0	fourties				gju	
e65a8c3ba525042ceba11e102309b2525de4d7748b513787fc3ecc50c13c97654e626571fcdb8a6d96b78af3e6c5bfa95fb0286d8407d9d8d3c867d06c7a1fc4	common_voice_gju_42565482.mp3	2c4e02a3fd4199606230c73266d781f77ebe9c11f1afc021509b9f179d9ad6bd	روٹی کھان بغیر نیہہ جان دیتا کیوں جے پل بری تے پھس جائے گا۔		2	0	fourties				gju	
e65a8c3ba525042ceba11e102309b2525de4d7748b513787fc3ecc50c13c97654e626571fcdb8a6d96b78af3e6c5bfa95fb0286d8407d9d8d3c867d06c7a1fc4	common_voice_gju_42565481.mp3	53fac3135dea4833592d4812acda091a7b7942f1e8a30059a6fd43174a759b8d	قرآن پاک رمضان کا مہینہ ما نازل ہویو۔		2	0	fourties				gju	
e65a8c3ba525042ceba11e102309b2525de4d7748b513787fc3ecc50c13c97654e626571fcdb8a6d96b78af3e6c5bfa95fb0286d8407d9d8d3c867d06c7a1fc4	common_voice_gju_42565480.mp3	3421eaeb6c27734064687116cf03b1c311740f7aa49f6238ad4662be0e8dded4	اِکا بکری نے ماری چھال		2	0	fourties				gju	
e65a8c3ba525042ceba11e102309b2525de4d7748b513787fc3ecc50c13c97654e626571fcdb8a6d96b78af3e6c5bfa95fb0286d8407d9d8d3c867d06c7a1fc4	common_voice_gju_42565479.mp3	0e2f2a88476c9f99b3474b14b8ec7c42777ecaaee9dece725f5d37516c4b076d	اُس لُڑا نے ویہ بیہہ بکری سامی		2	0	fourties				gju	
e65a8c3ba525042ceba11e102309b2525de4d7748b513787fc3ecc50c13c97654e626571fcdb8a6d96b78af3e6c5bfa95fb0286d8407d9d8d3c867d06c7a1fc4	common_voice_gju_42565478.mp3	3c185e00ec08d53299430dc4f8cfd554577c67be8d8aacaff8f92f17ca72d204	مکئی ہمنا نیہہ دینی پیسے گی		2	0	fourties				gju	
e65a8c3ba525042ceba11e102309b2525de4d7748b513787fc3ecc50c13c97654e626571fcdb8a6d96b78af3e6c5bfa95fb0286d8407d9d8d3c867d06c7a1fc4	common_voice_gju_42565477.mp3	4a549339361b04dac23ed619c531df63850aa6ef67be222be82ac073ecf254f4	کا کا نے		2	0	fourties				gju	
e65a8c3ba525042ceba11e102309b2525de4d7748b513787fc3ecc50c13c97654e626571fcdb8a6d96b78af3e6c5bfa95fb0286d8407d9d8d3c867d06c7a1fc4	common_voice_gju_42565476.mp3	46f05a5eb86d091c4b4e3fae6754cc1b5e3a2de4b3bc6fe81392cffe53e7a7bc	اُسیں بھی بہانو کیو		2	0	fourties				gju	
e65a8c3ba525042ceba11e102309b2525de4d7748b513787fc3ecc50c13c97654e626571fcdb8a6d96b78af3e6c5bfa95fb0286d8407d9d8d3c867d06c7a1fc4	common_voice_gju_42565475.mp3	54bd4f89ac1dfbaa2e0e6c165e2201e799190521c31a91993b0dd7ffd0e113dc	جس ٹھار ما ویہ اَپڑیا تھا اُت راہ کے بِچ اونٹھاں ہاڑا کی بہن کو ڈیرو تھو		2	0	fourties				gju	
e65a8c3ba525042ceba11e102309b2525de4d7748b513787fc3ecc50c13c97654e626571fcdb8a6d96b78af3e6c5bfa95fb0286d8407d9d8d3c867d06c7a1fc4	common_voice_gju_42565474.mp3	38c8376b9a2c46062fc3818b5df77a237053edde7b5774e3bb00df3fe0f88e28	کیوں جے اُت رچھ مُچ وھے		2	0	fourties				gju	
e65a8c3ba525042ceba11e102309b2525de4d7748b513787fc3ecc50c13c97654e626571fcdb8a6d96b78af3e6c5bfa95fb0286d8407d9d8d3c867d06c7a1fc4	common_voice_gju_42565473.mp3	3c7ad1f51385c46ea348692aa5c68d72121623e0d6eee7a283799b861419f308	پیٹ بھرنو بَکھ گل ہے۔		2	0	fourties				gju	
e65a8c3ba525042ceba11e102309b2525de4d7748b513787fc3ecc50c13c97654e626571fcdb8a6d96b78af3e6c5bfa95fb0286d8407d9d8d3c867d06c7a1fc4	common_voice_gju_42565472.mp3	07ddbd1d1abe3a26c2cd11db9b83081b332037aa67dc42811629c85afe50f786	ویہ دوئے مُچ خوش تھی		2	0	fourties				gju	
e65a8c3ba525042ceba11e102309b2525de4d7748b513787fc3ecc50c13c97654e626571fcdb8a6d96b78af3e6c5bfa95fb0286d8407d9d8d3c867d06c7a1fc4	common_voice_gju_42565471.mp3	4de67cc1338f494f068d873c60074c4a4d76db73e9b272b74bd62963537e6b4a	مولوی بنیامین کی دھی کاہڈ تھی		2	0	fourties				gju	
e65a8c3ba525042ceba11e102309b2525de4d7748b513787fc3ecc50c13c97654e626571fcdb8a6d96b78af3e6c5bfa95fb0286d8407d9d8d3c867d06c7a1fc4	common_voice_gju_42565470.mp3	3786a636357b4430a5f6fb56656e357704f2cf62c55f035a193b6145fa992c08	اُس نے یاہ گل رچھ نا سُنا چھُڑی		2	0	fourties				gju	
e65a8c3ba525042ceba11e102309b2525de4d7748b513787fc3ecc50c13c97654e626571fcdb8a6d96b78af3e6c5bfa95fb0286d8407d9d8d3c867d06c7a1fc4	common_voice_gju_42565466.mp3	2e0435572702966056eed039bd1323317a0566726097ddca19562413ff9dfbcc	چنڈ کی گلی آسانی نال لنگھ گیا		2	0	fourties				gju	
e65a8c3ba525042ceba11e102309b2525de4d7748b513787fc3ecc50c13c97654e626571fcdb8a6d96b78af3e6c5bfa95fb0286d8407d9d8d3c867d06c7a1fc4	common_voice_gju_42565464.mp3	546e9cb757fa6f857400361928af8a9065173471b41db8d8f2771a31077887ad	اِسیں بھی ہور روٹی پکائی		2	0	fourties				gju	
e65a8c3ba525042ceba11e102309b2525de4d7748b513787fc3ecc50c13c97654e626571fcdb8a6d96b78af3e6c5bfa95fb0286d8407d9d8d3c867d06c7a1fc4	common_voice_gju_42565462.mp3	3ccb49b4626f079ff16e49668b4ebbb689fa0d561f9d64dbfe18e599adeae005	ایک دھیاڑے بکری پِچھاں ماہلی دا چرن گئی		2	0	fourties				gju	
e65a8c3ba525042ceba11e102309b2525de4d7748b513787fc3ecc50c13c97654e626571fcdb8a6d96b78af3e6c5bfa95fb0286d8407d9d8d3c867d06c7a1fc4	common_voice_gju_42565461.mp3	56a07d404a83a584c5343ce1549522c83c46c42ceefdd2668df1ea6c92cd47c3	فوج نے یہ لوک سارا بٹلا کر کے کیل پوہچایا		2	0	fourties				gju	
e65a8c3ba525042ceba11e102309b2525de4d7748b513787fc3ecc50c13c97654e626571fcdb8a6d96b78af3e6c5bfa95fb0286d8407d9d8d3c867d06c7a1fc4	common_voice_gju_42565460.mp3	534906880c71744cd238bb597cc36402a148c3f6b74e8b82d9546c4cfe583f4d	تپوس کر جی وہ ذات کو کون ہے		2	0	fourties				gju	
e65a8c3ba525042ceba11e102309b2525de4d7748b513787fc3ecc50c13c97654e626571fcdb8a6d96b78af3e6c5bfa95fb0286d8407d9d8d3c867d06c7a1fc4	common_voice_gju_42565459.mp3	4437bf28c96b7d59b1e3edb7dab173ca96f3deb64c9fde10063aab153f250cdb	کھدی		2	0	fourties				gju	
e65a8c3ba525042ceba11e102309b2525de4d7748b513787fc3ecc50c13c97654e626571fcdb8a6d96b78af3e6c5bfa95fb0286d8407d9d8d3c867d06c7a1fc4	common_voice_gju_42565458.mp3	4fd75649c03d4e2985ea4ecbc6c7b96ff5da8cb9b2b6b26bd45b779421f63a5c	نال پل بے شروع ہو گئی		2	0	fourties				gju	
e65a8c3ba525042ceba11e102309b2525de4d7748b513787fc3ecc50c13c97654e626571fcdb8a6d96b78af3e6c5bfa95fb0286d8407d9d8d3c867d06c7a1fc4	common_voice_gju_42565457.mp3	1c2ac98a4e1c975b402164dc72cec724db2fc58eccb4221a4ba8df9b371997d6	مھاری فصل ہچھی وھے		2	0	fourties				gju	
e65a8c3ba525042ceba11e102309b2525de4d7748b513787fc3ecc50c13c97654e626571fcdb8a6d96b78af3e6c5bfa95fb0286d8407d9d8d3c867d06c7a1fc4	common_voice_gju_42565456.mp3	487a0c625b6410d1a08f830fbcd0717d5669e55bcfa25460856a2e071d3e157c	کُتو ک		2	0	fourties				gju	
e65a8c3ba525042ceba11e102309b2525de4d7748b513787fc3ecc50c13c97654e626571fcdb8a6d96b78af3e6c5bfa95fb0286d8407d9d8d3c867d06c7a1fc4	common_voice_gju_42565455.mp3	4f471700d2514aa25835c7221de971542a151f3a4a9ed11b1c2851629aa85fbb	اج میری دھی کی باری ہے		2	0	fourties				gju	
e65a8c3ba525042ceba11e102309b2525de4d7748b513787fc3ecc50c13c97654e626571fcdb8a6d96b78af3e6c5bfa95fb0286d8407d9d8d3c867d06c7a1fc4	common_voice_gju_42565454.mp3	2ea82c351cf40ae5efbf68522643b4e7f3a5cab6965846ee51cfa0f41e0e0d3f	بادشاہ دھی نا کہن لگو چل ہن خدا		2	0	fourties				gju	
e65a8c3ba525042ceba11e102309b2525de4d7748b513787fc3ecc50c13c97654e626571fcdb8a6d96b78af3e6c5bfa95fb0286d8407d9d8d3c867d06c7a1fc4	common_voice_gju_42565453.mp3	04d9b12463c5c0cd285d0840a278437ab1ea035d6824e29a9d4463cc97e2c703	دیو نے کہیو		2	0	fourties				gju	
e65a8c3ba525042ceba11e102309b2525de4d7748b513787fc3ecc50c13c97654e626571fcdb8a6d96b78af3e6c5bfa95fb0286d8407d9d8d3c867d06c7a1fc4	common_voice_gju_42565452.mp3	3389084fd1fdf6cdb092bb28facf1271995a282f613e08610a7e1ff126283abe	پنج قدم کی جا ما اگے لانی تھی۔		2	0	fourties				gju	
e65a8c3ba525042ceba11e102309b2525de4d7748b513787fc3ecc50c13c97654e626571fcdb8a6d96b78af3e6c5bfa95fb0286d8407d9d8d3c867d06c7a1fc4	common_voice_gju_42565451.mp3	26bdd94d5b8e62006d32cab0f5b5d4b972814fbdd844fb9fa0c56f20f22c7b36	اونٹھاں ہاڑو کہن لگو جی ہم بی اسے ٹھار ما ڈیرو لاں گا		2	0	fourties				gju	
e65a8c3ba525042ceba11e102309b2525de4d7748b513787fc3ecc50c13c97654e626571fcdb8a6d96b78af3e6c5bfa95fb0286d8407d9d8d3c867d06c7a1fc4	common_voice_gju_42565450.mp3	4adb66861aac30081abc2264448c957f517a94caba7142a410ed64c38fb734fa	جہیڑا لوک فوج نے پنڈی پوہچایا تھا یہ کاہڈلا لوک ایک مہینہ تے کاہڈ پوہچیا		2	0	fourties				gju	
e65a8c3ba525042ceba11e102309b2525de4d7748b513787fc3ecc50c13c97654e626571fcdb8a6d96b78af3e6c5bfa95fb0286d8407d9d8d3c867d06c7a1fc4	common_voice_gju_42565449.mp3	170fdfa16625824d94c45f76151b6d724d3363f5b83938f31a3720f278384c7a	اُس جنا نے ند ی کے کنارے محل جوڑ کے ٹکیو		2	0	fourties				gju	
e65a8c3ba525042ceba11e102309b2525de4d7748b513787fc3ecc50c13c97654e626571fcdb8a6d96b78af3e6c5bfa95fb0286d8407d9d8d3c867d06c7a1fc4	common_voice_gju_42565448.mp3	48d3588bc91129892c45ef94f7f9ae8eb49ca23ec5a03964b18575e71cb29414	مزدوری کر کے آیو		2	0	fourties				gju	
e65a8c3ba525042ceba11e102309b2525de4d7748b513787fc3ecc50c13c97654e626571fcdb8a6d96b78af3e6c5bfa95fb0286d8407d9d8d3c867d06c7a1fc4	common_voice_gju_42565447.mp3	0b99898a93455ec868b855241bcf235dfeb0a38e559bde5585cf697e89a2c9cc	اُ س کی ست دھی تھی		2	0	fourties				gju	
e65a8c3ba525042ceba11e102309b2525de4d7748b513787fc3ecc50c13c97654e626571fcdb8a6d96b78af3e6c5bfa95fb0286d8407d9d8d3c867d06c7a1fc4	common_voice_gju_42565446.mp3	463aa0b1c21c3f84b15940f47e19d4280f81798571778326e556002f6361fdc0	رچھ نے یوہ مُچ چھَنڈیو با یوہ نہ ہلیو		2	0	fourties				gju	
e65a8c3ba525042ceba11e102309b2525de4d7748b513787fc3ecc50c13c97654e626571fcdb8a6d96b78af3e6c5bfa95fb0286d8407d9d8d3c867d06c7a1fc4	common_voice_gju_42565445.mp3	a9c13b9695e447b6292e8ce37265fe9b404a69105d09d15bd883f7c26a8d2ee5	سوچن لگو جی ہوں		2	0	fourties				gju	
e65a8c3ba525042ceba11e102309b2525de4d7748b513787fc3ecc50c13c97654e626571fcdb8a6d96b78af3e6c5bfa95fb0286d8407d9d8d3c867d06c7a1fc4	common_voice_gju_42565444.mp3	149de9741a0891a10850b151909304dfcd29f2db9fe29d3a7577a7968144cd18	دوجی بادشاہی کا فوجی اس پٹیا وا بوٹا نا دیکھ کے ڈر گیا		2	0	fourties				gju	
e65a8c3ba525042ceba11e102309b2525de4d7748b513787fc3ecc50c13c97654e626571fcdb8a6d96b78af3e6c5bfa95fb0286d8407d9d8d3c867d06c7a1fc4	common_voice_gju_42565443.mp3	450a6e021acc9cfd8bb2193c1c27d5485d9bfb8f2b9655b3e54eac11481f0a24	پہلے دھیاڑی روٹی پکان نا سَینہاں ہاڑو رہ گیو		2	0	fourties				gju	
e65a8c3ba525042ceba11e102309b2525de4d7748b513787fc3ecc50c13c97654e626571fcdb8a6d96b78af3e6c5bfa95fb0286d8407d9d8d3c867d06c7a1fc4	common_voice_gju_42565442.mp3	4ad80d6269fd9bafe698d47dd73be5644c3be3e64222d222a9cff38e45aa2f25	تھہانیدار نا کہن لگی جی رات میرو بھائی خزانو لے کے میرے ڈیرے رہیو		2	0	fourties				gju	
e65a8c3ba525042ceba11e102309b2525de4d7748b513787fc3ecc50c13c97654e626571fcdb8a6d96b78af3e6c5bfa95fb0286d8407d9d8d3c867d06c7a1fc4	common_voice_gju_42565441.mp3	16f41707da3877e7fe00bef2ecf27c5df2df0f6f0c1341bed75368dd87659652	پرانا بِڑا کی گل ہے ایک بُڈھی تھی اُس کو ایک پوت تھو		2	0	fourties				gju	
e65a8c3ba525042ceba11e102309b2525de4d7748b513787fc3ecc50c13c97654e626571fcdb8a6d96b78af3e6c5bfa95fb0286d8407d9d8d3c867d06c7a1fc4	common_voice_gju_42565440.mp3	198a4c1b8d6407ec5fb19ab5aeae42a1d6a65f10e71cc1137ef7521e1b15e659	راکھاں نے شیک کے آن لئی		2	0	fourties				gju	
e65a8c3ba525042ceba11e102309b2525de4d7748b513787fc3ecc50c13c97654e626571fcdb8a6d96b78af3e6c5bfa95fb0286d8407d9d8d3c867d06c7a1fc4	common_voice_gju_42565439.mp3	47b41c3acafcfa43abfd92d018829e944fe63509d087ba1601b10f6c5649e5fd	ویہ ڈر گیا		2	0	fourties				gju	
e65a8c3ba525042ceba11e102309b2525de4d7748b513787fc3ecc50c13c97654e626571fcdb8a6d96b78af3e6c5bfa95fb0286d8407d9d8d3c867d06c7a1fc4	common_voice_gju_42565438.mp3	27895c174cc73973097024a5a1e55b4b36dce75db14aa75809e85e1a8e616e8a	اونٹھا ں ہاڑا کا سنگی نے دھیانی کا پوت کو		2	0	fourties				gju	
e65a8c3ba525042ceba11e102309b2525de4d7748b513787fc3ecc50c13c97654e626571fcdb8a6d96b78af3e6c5bfa95fb0286d8407d9d8d3c867d06c7a1fc4	common_voice_gju_42565437.mp3	0e4ff2025ff0d0756807bffa3e3330569a50bfcb293ca54aad210eab42f76025	اس کو شہادتی		2	0	fourties				gju	
e65a8c3ba525042ceba11e102309b2525de4d7748b513787fc3ecc50c13c97654e626571fcdb8a6d96b78af3e6c5bfa95fb0286d8407d9d8d3c867d06c7a1fc4	common_voice_gju_42565436.mp3	28f68371944410e039d507ebc7b200cbaeb33c01af5c1bd74ff82e0f6663985a	بانیا بلادری پو یوہ مُچ اوکھو سال آیو		2	0	fourties				gju	
e65a8c3ba525042ceba11e102309b2525de4d7748b513787fc3ecc50c13c97654e626571fcdb8a6d96b78af3e6c5bfa95fb0286d8407d9d8d3c867d06c7a1fc4	common_voice_gju_42565433.mp3	549c03c87da7de8bfd4076b9e349932feb17fa03ffa2611de71ce5f4bbfa9510	اُنھاں نا لے کے بیس رہیو		2	0	fourties				gju	
e65a8c3ba525042ceba11e102309b2525de4d7748b513787fc3ecc50c13c97654e626571fcdb8a6d96b78af3e6c5bfa95fb0286d8407d9d8d3c867d06c7a1fc4	common_voice_gju_42565432.mp3	35344e05cd118a25693e7f15680ab58b8fe1be438ef3a9c6c27de6a2dba67c5f	گید شید گایا گیا		2	0	fourties				gju	
e65a8c3ba525042ceba11e102309b2525de4d7748b513787fc3ecc50c13c97654e626571fcdb8a6d96b78af3e6c5bfa95fb0286d8407d9d8d3c867d06c7a1fc4	common_voice_gju_42565431.mp3	10d760cbf968f17aca12132afb2c8fedeb2222bb40bb0b2a028a630d22d7ccd0	لے گیا		2	0	fourties				gju	
e65a8c3ba525042ceba11e102309b2525de4d7748b513787fc3ecc50c13c97654e626571fcdb8a6d96b78af3e6c5bfa95fb0286d8407d9d8d3c867d06c7a1fc4	common_voice_gju_42565430.mp3	411dc45324871a0d480e12cf4984574846a55f2612a67a5baeb635993925a35b	مھاری دھیانی اَگے بَدھے گی		2	0	fourties				gju	
e65a8c3ba525042ceba11e102309b2525de4d7748b513787fc3ecc50c13c97654e626571fcdb8a6d96b78af3e6c5bfa95fb0286d8407d9d8d3c867d06c7a1fc4	common_voice_gju_42565429.mp3	396089c065bb59a0c6a034599fe3f204da1d6520b11f403b26d445e44623edc1	ایک دھیاڑی شہزادی نے واہ ہنڈی اُکھاڑی		2	0	fourties				gju	
e65a8c3ba525042ceba11e102309b2525de4d7748b513787fc3ecc50c13c97654e626571fcdb8a6d96b78af3e6c5bfa95fb0286d8407d9d8d3c867d06c7a1fc4	common_voice_gju_42565428.mp3	2de6d265d5f48dbbeb343a9a5187c9f22a481a71d86b17adaa46b804d13f9f0f	کڑی جیسو		2	0	fourties				gju	
e65a8c3ba525042ceba11e102309b2525de4d7748b513787fc3ecc50c13c97654e626571fcdb8a6d96b78af3e6c5bfa95fb0286d8407d9d8d3c867d06c7a1fc4	common_voice_gju_42565426.mp3	50c59b57b44b449df7f5d28ef54d932e67985af51889f95a981864cd9d5e6b11	یاہ گل سن کے رچھ نس جائے گو		2	0	fourties				gju	
e65a8c3ba525042ceba11e102309b2525de4d7748b513787fc3ecc50c13c97654e626571fcdb8a6d96b78af3e6c5bfa95fb0286d8407d9d8d3c867d06c7a1fc4	common_voice_gju_42565425.mp3	4101781650b3d0a68679e13dda02e3cf3874fedddfe4af60242427a24db2d8ef	ایک دھیاڑی اس کے ڈیرے ایک ملنگ آ گیو		2	0	fourties				gju	
e65a8c3ba525042ceba11e102309b2525de4d7748b513787fc3ecc50c13c97654e626571fcdb8a6d96b78af3e6c5bfa95fb0286d8407d9d8d3c867d06c7a1fc4	common_voice_gju_42565424.mp3	35479fcdff0d1b4ccb1d18cfb66b6636d86bb6caf26b69ada8fb64b408946288	توہ اس نا سام یوہ مھارو پُوت بن کے رہ گو		2	0	fourties				gju	
e65a8c3ba525042ceba11e102309b2525de4d7748b513787fc3ecc50c13c97654e626571fcdb8a6d96b78af3e6c5bfa95fb0286d8407d9d8d3c867d06c7a1fc4	common_voice_gju_42565421.mp3	2574ea09f9b13bf1bcefdce2924eca9cf07de40dad87f215df35b595bf4a4a78	پُچھن لگا		2	0	fourties				gju	
e65a8c3ba525042ceba11e102309b2525de4d7748b513787fc3ecc50c13c97654e626571fcdb8a6d96b78af3e6c5bfa95fb0286d8407d9d8d3c867d06c7a1fc4	common_voice_gju_42565420.mp3	0b2f6aba568c5bb86908ea1bc245e170493406b3e6591751e8ef89fba9966695	اگے آن ہالا لوکاں نا بے اس زبان کا فائدہ پوہچتا رہ		2	0	fourties				gju	
e65a8c3ba525042ceba11e102309b2525de4d7748b513787fc3ecc50c13c97654e626571fcdb8a6d96b78af3e6c5bfa95fb0286d8407d9d8d3c867d06c7a1fc4	common_voice_gju_42565419.mp3	4c624dc24720d3d55c24323f9b6cb9c733dad8da36377fd67f37da9ad3c5b930	ہوں دَس دیہنہ تخت اُپر بیس کے بادشاہی کروں گو		2	0	fourties				gju	
e65a8c3ba525042ceba11e102309b2525de4d7748b513787fc3ecc50c13c97654e626571fcdb8a6d96b78af3e6c5bfa95fb0286d8407d9d8d3c867d06c7a1fc4	common_voice_gju_42565418.mp3	279a16eaa577576d0dee595b028cd0f3b1166586919e966e97ac3b78315c4bf9	اِنھاں نا ٹاپ پو مھارے کول		2	0	fourties				gju	
e65a8c3ba525042ceba11e102309b2525de4d7748b513787fc3ecc50c13c97654e626571fcdb8a6d96b78af3e6c5bfa95fb0286d8407d9d8d3c867d06c7a1fc4	common_voice_gju_42565417.mp3	18d74bb98ae8c61fc24be6d0427bf3137703df2830773825d41ee0a6ecd163f9	یہ جنا تھوڑا تھا		2	0	fourties				gju	
e65a8c3ba525042ceba11e102309b2525de4d7748b513787fc3ecc50c13c97654e626571fcdb8a6d96b78af3e6c5bfa95fb0286d8407d9d8d3c867d06c7a1fc4	common_voice_gju_42565416.mp3	43641cb592cff70085c69fe6d0805c033e1f2ca9ed117782455602339cc619fb	محمدیونس کی ایک دھِی		2	0	fourties				gju	
e65a8c3ba525042ceba11e102309b2525de4d7748b513787fc3ecc50c13c97654e626571fcdb8a6d96b78af3e6c5bfa95fb0286d8407d9d8d3c867d06c7a1fc4	common_voice_gju_42565415.mp3	27794e7cf71283467d45d68cac0e8d83c07303692a32bccabd86dcd4d84ad4f0	بر یہ لوک اپنی اپنی جا رہیا		2	0	fourties				gju	
e65a8c3ba525042ceba11e102309b2525de4d7748b513787fc3ecc50c13c97654e626571fcdb8a6d96b78af3e6c5bfa95fb0286d8407d9d8d3c867d06c7a1fc4	common_voice_gju_42565414.mp3	41470fbd0806ffbc5e752faa308d650cc61f65d3535c0398dc5fffd370bf118f	کَڈھ کے آنیو		2	0	fourties				gju	
e65a8c3ba525042ceba11e102309b2525de4d7748b513787fc3ecc50c13c97654e626571fcdb8a6d96b78af3e6c5bfa95fb0286d8407d9d8d3c867d06c7a1fc4	common_voice_gju_42565413.mp3	150a6bd0a5185207e91e9989debb934f44e34ff30a184e860c78a3cb21d5f2d3	توہ مدوکاں کے بِچوں چُن پرانی مدوک کڈھنیے‘‘		2	0	fourties				gju	
e65a8c3ba525042ceba11e102309b2525de4d7748b513787fc3ecc50c13c97654e626571fcdb8a6d96b78af3e6c5bfa95fb0286d8407d9d8d3c867d06c7a1fc4	common_voice_gju_42565412.mp3	50b8422b36640e7e24522cf62b86bfdd8119007c269ee3ffb90b3642409acef7	اِنھ پو اَدھی رات ہو گئی		2	0	fourties				gju	
e65a8c3ba525042ceba11e102309b2525de4d7748b513787fc3ecc50c13c97654e626571fcdb8a6d96b78af3e6c5bfa95fb0286d8407d9d8d3c867d06c7a1fc4	common_voice_gju_42565411.mp3	4d23f34c8deb68df51dd13486e780bb9fbcd0b25f4038f8384b4ac98aa2d8aad	رچھ نے یوہ جنو دیکھیو		2	0	fourties				gju	
e65a8c3ba525042ceba11e102309b2525de4d7748b513787fc3ecc50c13c97654e626571fcdb8a6d96b78af3e6c5bfa95fb0286d8407d9d8d3c867d06c7a1fc4	common_voice_gju_42565410.mp3	403788196b11978a02353b02a220e6a450dffce3fc17271563740e56f63986a9	ایک دھیاڑی اُن کے ڈیرے ایک بُڈھی آ گئی		2	0	fourties				gju	
e65a8c3ba525042ceba11e102309b2525de4d7748b513787fc3ecc50c13c97654e626571fcdb8a6d96b78af3e6c5bfa95fb0286d8407d9d8d3c867d06c7a1fc4	common_voice_gju_42565409.mp3	4e8fc7f1de4810f2e48344bce9e225d9adf4a65eabfda50cbdaa51ce3eca7846	اُس کی دھیانی کہہ تھی		2	0	fourties				gju	
e65a8c3ba525042ceba11e102309b2525de4d7748b513787fc3ecc50c13c97654e626571fcdb8a6d96b78af3e6c5bfa95fb0286d8407d9d8d3c867d06c7a1fc4	common_voice_gju_42565408.mp3	1f476f654daa205fbd121afa4718bd4272ac6d065613ad00e443f85f3cbb60ae	رات گزری		2	0	fourties				gju	
e65a8c3ba525042ceba11e102309b2525de4d7748b513787fc3ecc50c13c97654e626571fcdb8a6d96b78af3e6c5bfa95fb0286d8407d9d8d3c867d06c7a1fc4	common_voice_gju_42565407.mp3	2fcaf6e85e667d03be7105f5a6210f856802b98f38ba2b50cd07b4c392f1f3f1	پنجی بھادرا نا چٹی کا دومیل ما جا رہیا		2	0	fourties				gju	
e65a8c3ba525042ceba11e102309b2525de4d7748b513787fc3ecc50c13c97654e626571fcdb8a6d96b78af3e6c5bfa95fb0286d8407d9d8d3c867d06c7a1fc4	common_voice_gju_42565406.mp3	2cde0d60c33427032462a5eb9bda0a2b2253bfed5662766e4d1038e72b803d2d	کاہڈ ہم چڑھاں گی ‘‘		2	0	fourties				gju	
e65a8c3ba525042ceba11e102309b2525de4d7748b513787fc3ecc50c13c97654e626571fcdb8a6d96b78af3e6c5bfa95fb0286d8407d9d8d3c867d06c7a1fc4	common_voice_gju_42565405.mp3	4479d9fc0f2b50c03e629a7b5e02d65dae7014d563cb147ae133db2181fe5ae6	وہ کہن لگو ٹھیک ہے		2	0	fourties				gju	
e65a8c3ba525042ceba11e102309b2525de4d7748b513787fc3ecc50c13c97654e626571fcdb8a6d96b78af3e6c5bfa95fb0286d8407d9d8d3c867d06c7a1fc4	common_voice_gju_42565404.mp3	43e032b3839a250fbf5240cb1d4c9b02346f20ecfadda4bdf65253a97aaf112e	جے کَدے کَدے بکروالاں پو ایسو اوکھا ٹیم بے آئے جے ویہ ادمیاں نا بے بھُل جائے		2	0	fourties				gju	
e65a8c3ba525042ceba11e102309b2525de4d7748b513787fc3ecc50c13c97654e626571fcdb8a6d96b78af3e6c5bfa95fb0286d8407d9d8d3c867d06c7a1fc4	common_voice_gju_42565402.mp3	2dd452709bc4e53e849e14be1071f29227a20d27df9caf08182a25e3965d43fa	تنہاں دراوا پو بے مُچ اوکھا ہو کے آیا		2	0	fourties				gju	
e65a8c3ba525042ceba11e102309b2525de4d7748b513787fc3ecc50c13c97654e626571fcdb8a6d96b78af3e6c5bfa95fb0286d8407d9d8d3c867d06c7a1fc4	common_voice_gju_42565401.mp3	05230137916cc22072221c6a0f6d98066f8dee0abb1516e188bb8dffe346d901	گھوڑی کو انٹڑو ک		2	0	fourties				gju	
e65a8c3ba525042ceba11e102309b2525de4d7748b513787fc3ecc50c13c97654e626571fcdb8a6d96b78af3e6c5bfa95fb0286d8407d9d8d3c867d06c7a1fc4	common_voice_gju_42565400.mp3	36dbca08bfa0cb3989caab0560b75649d74a1cfc1941bba2707d883478a6c460	لوکاں نے کہیو		2	0	fourties				gju	
e65a8c3ba525042ceba11e102309b2525de4d7748b513787fc3ecc50c13c97654e626571fcdb8a6d96b78af3e6c5bfa95fb0286d8407d9d8d3c867d06c7a1fc4	common_voice_gju_42565399.mp3	26055ce29359e6f58317c6f78bf9dbed230099a7d9a3b77c581acd0e8f91cff2	حضرت محمد ﷺ کی چار تہیں تے ترے پوت تھا۔		2	0	fourties				gju	
e65a8c3ba525042ceba11e102309b2525de4d7748b513787fc3ecc50c13c97654e626571fcdb8a6d96b78af3e6c5bfa95fb0286d8407d9d8d3c867d06c7a1fc4	common_voice_gju_42565397.mp3	39ca4a721e86fb80967bcdeef235405a600428de7edb6713690e636d0974e6d6	اس جنا کا باپ نے اپنا بھتیجا نا کہیو جے میں لُڑو پھلاناڈھاراما چھوڈیو		2	0	fourties				gju	
e65a8c3ba525042ceba11e102309b2525de4d7748b513787fc3ecc50c13c97654e626571fcdb8a6d96b78af3e6c5bfa95fb0286d8407d9d8d3c867d06c7a1fc4	common_voice_gju_42565392.mp3	3ec853cc0fa0b83cc2c1d5759ad70ce82e832f4d83f0fed3da2117116a1d33c7	وہ بھی اِس جنا کے ناڑ ہو گیو		2	0	fourties				gju	
e65a8c3ba525042ceba11e102309b2525de4d7748b513787fc3ecc50c13c97654e626571fcdb8a6d96b78af3e6c5bfa95fb0286d8407d9d8d3c867d06c7a1fc4	common_voice_gju_42565391.mp3	4657b7efc0e8b2f28bf2eb7b38e00cdbdf818c045a6a7e4c2271409333a78df7	بلادری کا لوکاں نے اِنھ چھیاں ادمیاں کو جنازو پڑھیو مُچ بڑی تعداد ما لوک جنازہ ما شریک ہویا		2	0	fourties				gju	
e65a8c3ba525042ceba11e102309b2525de4d7748b513787fc3ecc50c13c97654e626571fcdb8a6d96b78af3e6c5bfa95fb0286d8407d9d8d3c867d06c7a1fc4	common_voice_gju_42565390.mp3	51dc3c5be1a0ecb97774ce78c6a28fe9172399c07846645754a1b23039e43930	اک لوئی بنائی		2	0	fourties				gju	
e65a8c3ba525042ceba11e102309b2525de4d7748b513787fc3ecc50c13c97654e626571fcdb8a6d96b78af3e6c5bfa95fb0286d8407d9d8d3c867d06c7a1fc4	common_voice_gju_42565389.mp3	4e4bd4c40bd99ad0b6d6b8b4dc1dfd881e3612e6dd942d95b03c3d71126729af	یہ ساری شے مھارا وجود نا طاقت دیئے		2	0	fourties				gju	
e65a8c3ba525042ceba11e102309b2525de4d7748b513787fc3ecc50c13c97654e626571fcdb8a6d96b78af3e6c5bfa95fb0286d8407d9d8d3c867d06c7a1fc4	common_voice_gju_42565388.mp3	4830123cefb5bfd18bab43b72dd9db75b28669d7c64ca0a54afd604a31b74832	فجر کی نماز نا دینہ کی نماز کہیں۔		2	0	fourties				gju	
e65a8c3ba525042ceba11e102309b2525de4d7748b513787fc3ecc50c13c97654e626571fcdb8a6d96b78af3e6c5bfa95fb0286d8407d9d8d3c867d06c7a1fc4	common_voice_gju_42565382.mp3	3ff2f937f78ea658000debc1419fb082dcf63d85acab18bee11f98e41066e0a4	ہوں اس کی گل سن کے خوش ہوئی جے میرو جنو جوان		2	0	fourties				gju	
e65a8c3ba525042ceba11e102309b2525de4d7748b513787fc3ecc50c13c97654e626571fcdb8a6d96b78af3e6c5bfa95fb0286d8407d9d8d3c867d06c7a1fc4	common_voice_gju_42565381.mp3	50c3ce7fe85dc73db5a434e83ae35a2d6581f2455df3245c70b9830cc298d414	ایک جیپ		2	0	fourties				gju	
e65a8c3ba525042ceba11e102309b2525de4d7748b513787fc3ecc50c13c97654e626571fcdb8a6d96b78af3e6c5bfa95fb0286d8407d9d8d3c867d06c7a1fc4	common_voice_gju_42565380.mp3	3d1933a90b1c15d59fc8c5deb29cfc4d7773dccf90b5a7cbea8a3304b412e8fa	وہ ایک ٹھار ما بادشاہی کرے تھو		2	0	fourties				gju	
e65a8c3ba525042ceba11e102309b2525de4d7748b513787fc3ecc50c13c97654e626571fcdb8a6d96b78af3e6c5bfa95fb0286d8407d9d8d3c867d06c7a1fc4	common_voice_gju_42565379.mp3	418b3e92d5d87b5d25d162f755fd5677dfa80a2096404292e5f730f3925a8141	اُنھ نے رچھ کو کھُرو ڈھُونڈ لیو		2	0	fourties				gju	
e65a8c3ba525042ceba11e102309b2525de4d7748b513787fc3ecc50c13c97654e626571fcdb8a6d96b78af3e6c5bfa95fb0286d8407d9d8d3c867d06c7a1fc4	common_voice_gju_42565378.mp3	2cce79cf05126d757c16d566ccb3a3b89433a2c952fbaf912fa509aafd38357a	پِچھاں ڈھاکا ما خاصی بارش ہو گئی		2	0	fourties				gju	
e65a8c3ba525042ceba11e102309b2525de4d7748b513787fc3ecc50c13c97654e626571fcdb8a6d96b78af3e6c5bfa95fb0286d8407d9d8d3c867d06c7a1fc4	common_voice_gju_42565377.mp3	32429e42612003c9a68a3ddb3cbbc4ccdcf4c7132ae53d6d0e9be6554092f1a6	ایک دھیاڑی اُس جنا نے کہیو جی اِس سپ نا زَرے کڈھُو		2	0	fourties				gju	
e65a8c3ba525042ceba11e102309b2525de4d7748b513787fc3ecc50c13c97654e626571fcdb8a6d96b78af3e6c5bfa95fb0286d8407d9d8d3c867d06c7a1fc4	common_voice_gju_42565376.mp3	4e92f5a4962dea35644f645b75d737a14b93511c828ddcce17126d504a38a426	کچراں پو لدیو		2	0	fourties				gju	
e65a8c3ba525042ceba11e102309b2525de4d7748b513787fc3ecc50c13c97654e626571fcdb8a6d96b78af3e6c5bfa95fb0286d8407d9d8d3c867d06c7a1fc4	common_voice_gju_42565375.mp3	3e4e65e2d0cc67bc44a9add81c37de23c6294ac8d0ad2741be2fe1af470bcec0	انٹڑو رُڑھ کے پھٹ گیو		2	0	fourties				gju	
e65a8c3ba525042ceba11e102309b2525de4d7748b513787fc3ecc50c13c97654e626571fcdb8a6d96b78af3e6c5bfa95fb0286d8407d9d8d3c867d06c7a1fc4	common_voice_gju_42565374.mp3	45cfa86fbaa0ca136a994bf66f880717d9e2bbdb1c56249dccc0d95017ff09e2	پیشی کی نماز ما چار سنت چار فرض تے فر دو سنت ہوویں۔		2	0	fourties				gju	
e65a8c3ba525042ceba11e102309b2525de4d7748b513787fc3ecc50c13c97654e626571fcdb8a6d96b78af3e6c5bfa95fb0286d8407d9d8d3c867d06c7a1fc4	common_voice_gju_42565373.mp3	15c6f6d5305c8cd546cc272294433180e8dc90aa34b2dc2e0ce0445b24df3acb	ماسٹر جاوید اقبال جہلم		2	0	fourties				gju	
e65a8c3ba525042ceba11e102309b2525de4d7748b513787fc3ecc50c13c97654e626571fcdb8a6d96b78af3e6c5bfa95fb0286d8407d9d8d3c867d06c7a1fc4	common_voice_gju_42565372.mp3	3c68035348a0749489dd9d08b5788a3c131909c08c41c6f00b09dbe669778ddc	دوئے گھوڑا مر گیا		2	0	fourties				gju	
e65a8c3ba525042ceba11e102309b2525de4d7748b513787fc3ecc50c13c97654e626571fcdb8a6d96b78af3e6c5bfa95fb0286d8407d9d8d3c867d06c7a1fc4	common_voice_gju_42565371.mp3	098007d673cd12c6387e281618eb0deff37298eac7e48f6c83f4184eaf0b5f18	اِنھ کو دُکھ بنڈیو		2	0	fourties				gju	
e65a8c3ba525042ceba11e102309b2525de4d7748b513787fc3ecc50c13c97654e626571fcdb8a6d96b78af3e6c5bfa95fb0286d8407d9d8d3c867d06c7a1fc4	common_voice_gju_42565370.mp3	0ab28ccec9f653b7b7b69526f5d048658215c18890da32be8b3dde6ce09854a0	ہوانو اُس ٹھار رُڑ ھ گیو		2	0	fourties				gju	
e65a8c3ba525042ceba11e102309b2525de4d7748b513787fc3ecc50c13c97654e626571fcdb8a6d96b78af3e6c5bfa95fb0286d8407d9d8d3c867d06c7a1fc4	common_voice_gju_42565369.mp3	3df01ccf78934d10d8c2a2d700b6a660e659d7670088c3a8bc3898bd259648be	ہوں ترے گل دسوں گو		2	0	fourties				gju	
e65a8c3ba525042ceba11e102309b2525de4d7748b513787fc3ecc50c13c97654e626571fcdb8a6d96b78af3e6c5bfa95fb0286d8407d9d8d3c867d06c7a1fc4	common_voice_gju_42565368.mp3	0ab83fa2cdcb139dff2429c2a8108b4206901c18a45482cf65562a3bb55012d2	توہ سَتاں زمیناں کے ہیٹھ لہہ جائے گو‘‘		2	0	fourties				gju	
e65a8c3ba525042ceba11e102309b2525de4d7748b513787fc3ecc50c13c97654e626571fcdb8a6d96b78af3e6c5bfa95fb0286d8407d9d8d3c867d06c7a1fc4	common_voice_gju_42565367.mp3	0f4ac277c3e5587f04baf2fcdd44c371eb38f2f3e0d0b82e53f69db05bb97cf8	ہوں ایت الکرسی پڑھتو رہیو		2	0	fourties				gju	
e65a8c3ba525042ceba11e102309b2525de4d7748b513787fc3ecc50c13c97654e626571fcdb8a6d96b78af3e6c5bfa95fb0286d8407d9d8d3c867d06c7a1fc4	common_voice_gju_42565366.mp3	282fc5c6c642168ecc25263a31455765aa30e8ef19dd3399ee9620576cb7f43c	میرا سسُو سوہرا چا		2	0	fourties				gju	
e65a8c3ba525042ceba11e102309b2525de4d7748b513787fc3ecc50c13c97654e626571fcdb8a6d96b78af3e6c5bfa95fb0286d8407d9d8d3c867d06c7a1fc4	common_voice_gju_42565365.mp3	4fba238b3c7dbf89a7db7ae2d48a2333f60ec77d2042fda4520763b28960c8b9	ہوں سَٹ چھُڑیو میرے نیڑے نہ آیو		2	0	fourties				gju	
e65a8c3ba525042ceba11e102309b2525de4d7748b513787fc3ecc50c13c97654e626571fcdb8a6d96b78af3e6c5bfa95fb0286d8407d9d8d3c867d06c7a1fc4	common_voice_gju_42565364.mp3	4d69a49615f4896f4a4f36af8828979002df1fe69313ff7f20e262c41c1d4c22	ترے سنگی شِکار نا چلیں تھا		2	0	fourties				gju	
e65a8c3ba525042ceba11e102309b2525de4d7748b513787fc3ecc50c13c97654e626571fcdb8a6d96b78af3e6c5bfa95fb0286d8407d9d8d3c867d06c7a1fc4	common_voice_gju_42565363.mp3	28a7b963cfeb722208f29477e05c51ee5be6d98433ac02ceaea9e822cba39edf	تہاڑ رات ما پنج نماز فرض ہیں۔		2	0	fourties				gju	
e65a8c3ba525042ceba11e102309b2525de4d7748b513787fc3ecc50c13c97654e626571fcdb8a6d96b78af3e6c5bfa95fb0286d8407d9d8d3c867d06c7a1fc4	common_voice_gju_42565362.mp3	3faf6ae990245e53c0b52a6fa26d55cf675a4bcc40f84b731529ab7b324afd6f	کہن لگا اس نا سی ایم ایچ مظفرآباد لے چلوں		2	0	fourties				gju	
e65a8c3ba525042ceba11e102309b2525de4d7748b513787fc3ecc50c13c97654e626571fcdb8a6d96b78af3e6c5bfa95fb0286d8407d9d8d3c867d06c7a1fc4	common_voice_gju_42565361.mp3	4846c49adcf9f8acb3c6bab4997547cecd7b335f34011751a0770f78fca05837	اس نے بکری تنہاں راہ تا ماری		2	0	fourties				gju	
e65a8c3ba525042ceba11e102309b2525de4d7748b513787fc3ecc50c13c97654e626571fcdb8a6d96b78af3e6c5bfa95fb0286d8407d9d8d3c867d06c7a1fc4	common_voice_gju_42565360.mp3	3aae4d631c69e87d141ca900cf284dc8cfe1abf18a620aac5ebb08a9ffde647f	فِر اِس نے اپنی گھانی سنا ئی		2	0	fourties				gju	
e65a8c3ba525042ceba11e102309b2525de4d7748b513787fc3ecc50c13c97654e626571fcdb8a6d96b78af3e6c5bfa95fb0286d8407d9d8d3c867d06c7a1fc4	common_voice_gju_42565359.mp3	28f20eac43ded594b08a3333cedd5388c0a19f7b62dc6bf9738d8bfb8cf88117	کُج ہور ادمیاں نے یاہ گل نہ مَنی		2	0	fourties				gju	
e65a8c3ba525042ceba11e102309b2525de4d7748b513787fc3ecc50c13c97654e626571fcdb8a6d96b78af3e6c5bfa95fb0286d8407d9d8d3c867d06c7a1fc4	common_voice_gju_42565358.mp3	345d2b3ec7503b0ab59b1edcf4ec8826da21701e21c7963f8c155a6b5a40fc4d	مُچ ڈرے		2	0	fourties				gju	
e65a8c3ba525042ceba11e102309b2525de4d7748b513787fc3ecc50c13c97654e626571fcdb8a6d96b78af3e6c5bfa95fb0286d8407d9d8d3c867d06c7a1fc4	common_voice_gju_42565352.mp3	45497ccfc30e91f974c224c727ab4f41c2a89818bb1a9cd0b5d653ac86c1b83e	نوماشاں نا مال بے آگیو		2	0	fourties				gju	
e65a8c3ba525042ceba11e102309b2525de4d7748b513787fc3ecc50c13c97654e626571fcdb8a6d96b78af3e6c5bfa95fb0286d8407d9d8d3c867d06c7a1fc4	common_voice_gju_42565351.mp3	47c28c6748e293952435ad52441ae47e18eca1ce93c3ee5c49d3070c19565ded	بھیڈ کڈھی۔		2	0	fourties				gju	
e65a8c3ba525042ceba11e102309b2525de4d7748b513787fc3ecc50c13c97654e626571fcdb8a6d96b78af3e6c5bfa95fb0286d8407d9d8d3c867d06c7a1fc4	common_voice_gju_42565350.mp3	09b3de3e08a75242d69c34038ec9f1aa4403c27c9bf714c74a880bf0245e32ca	یوہ ظلم وھے لگو		2	0	fourties				gju	
e65a8c3ba525042ceba11e102309b2525de4d7748b513787fc3ecc50c13c97654e626571fcdb8a6d96b78af3e6c5bfa95fb0286d8407d9d8d3c867d06c7a1fc4	common_voice_gju_42565349.mp3	38df2b03f8e0c372e4f8ec6b90ab4406f95b84edcfdee84d102a67e8070c3b6e	غلام مصطفیٰ کو ڈیرو بر گگئی ناگنی ما تھو		2	0	fourties				gju	
e65a8c3ba525042ceba11e102309b2525de4d7748b513787fc3ecc50c13c97654e626571fcdb8a6d96b78af3e6c5bfa95fb0286d8407d9d8d3c867d06c7a1fc4	common_voice_gju_42565348.mp3	442070f13150f5bed0ded82b138e541137e66a8f717fdf19849386553f35a9eb	نوئی نوئی گل سکھی		2	0	fourties				gju	
e65a8c3ba525042ceba11e102309b2525de4d7748b513787fc3ecc50c13c97654e626571fcdb8a6d96b78af3e6c5bfa95fb0286d8407d9d8d3c867d06c7a1fc4	common_voice_gju_42565347.mp3	35f2b55eff71b50d8c692fb992be381f1931ed9d497bca2b0387b8f251d20409	سار لوک مچ خوش تھا جے ڈاکٹراں نے ہیضہ کا ٹیکہ لایا		2	0	fourties				gju	
e65a8c3ba525042ceba11e102309b2525de4d7748b513787fc3ecc50c13c97654e626571fcdb8a6d96b78af3e6c5bfa95fb0286d8407d9d8d3c867d06c7a1fc4	common_voice_gju_42565346.mp3	1bb409c8405e6ee4f66e608a82c663b05d021db4454056adfc76dc7c6ba19138	موتن نا گیو		2	0	fourties				gju	
e65a8c3ba525042ceba11e102309b2525de4d7748b513787fc3ecc50c13c97654e626571fcdb8a6d96b78af3e6c5bfa95fb0286d8407d9d8d3c867d06c7a1fc4	common_voice_gju_42565345.mp3	3c30a28826988f9af40d50201677fa4f9a395649b0a1303b85e7469b5ea89b91	ڈیرے بے اُس کو علاج کرتا رہیا		2	0	fourties				gju	
e65a8c3ba525042ceba11e102309b2525de4d7748b513787fc3ecc50c13c97654e626571fcdb8a6d96b78af3e6c5bfa95fb0286d8407d9d8d3c867d06c7a1fc4	common_voice_gju_42565344.mp3	4e9b230587e1c9b87f2c5a35237a7832318ab32e2eaf868d6109de304534e5dc	ویہ نوکر ٰٰٓٓایک دوجا دیس نا گیا		2	0	fourties				gju	
e65a8c3ba525042ceba11e102309b2525de4d7748b513787fc3ecc50c13c97654e626571fcdb8a6d96b78af3e6c5bfa95fb0286d8407d9d8d3c867d06c7a1fc4	common_voice_gju_42565343.mp3	40f2abf12bf879ca68fb8a7153bfcaef2ebbe70fdd7d5795ddb19e244b607c32	میرا ذہن ما مُچ سارا سوال تھا جن کا بارا ما ہوں جاننو چاہوں تھی		2	0	fourties				gju	
e65a8c3ba525042ceba11e102309b2525de4d7748b513787fc3ecc50c13c97654e626571fcdb8a6d96b78af3e6c5bfa95fb0286d8407d9d8d3c867d06c7a1fc4	common_voice_gju_42565337.mp3	3b87b6806ecfb24eeb89ac9a494a6bca8572484a45e7d0d36c1aa3c1a11ff522	لے آؤں		2	0	fourties				gju	
e65a8c3ba525042ceba11e102309b2525de4d7748b513787fc3ecc50c13c97654e626571fcdb8a6d96b78af3e6c5bfa95fb0286d8407d9d8d3c867d06c7a1fc4	common_voice_gju_42565336.mp3	01a7c507fb1fbf29859551c606bb7b95b3c5e1f478dd89851cbf4e40daee51a6	اُس ٹیم ہوں مُچ ہستی رہوں تھی		2	0	fourties				gju	
e65a8c3ba525042ceba11e102309b2525de4d7748b513787fc3ecc50c13c97654e626571fcdb8a6d96b78af3e6c5bfa95fb0286d8407d9d8d3c867d06c7a1fc4	common_voice_gju_42565335.mp3	294d05b2d96cc3f2312a7be5935c574aa6c7e39669379fdc3a5a75c8ec96e3b3	جا کے ات پوہچیا		2	0	fourties				gju	
e65a8c3ba525042ceba11e102309b2525de4d7748b513787fc3ecc50c13c97654e626571fcdb8a6d96b78af3e6c5bfa95fb0286d8407d9d8d3c867d06c7a1fc4	common_voice_gju_42565334.mp3	4f16c63bb3e26173d39eb2d68956f4aaa63045abdfd3798fff4b1c65ee4b93c6	جن پو سامان لد کے تہنا پچھاں چلے تھو		2	0	fourties				gju	
e65a8c3ba525042ceba11e102309b2525de4d7748b513787fc3ecc50c13c97654e626571fcdb8a6d96b78af3e6c5bfa95fb0286d8407d9d8d3c867d06c7a1fc4	common_voice_gju_42565333.mp3	3c00f7bd4b7cfade2015740231dff4988f39ccd6bbab32ef012c2c1634b3e8c0	ایک جنو فرنٹ سیٹ پو تھو وہ مر گیو		2	0	fourties				gju	
e65a8c3ba525042ceba11e102309b2525de4d7748b513787fc3ecc50c13c97654e626571fcdb8a6d96b78af3e6c5bfa95fb0286d8407d9d8d3c867d06c7a1fc4	common_voice_gju_42565332.mp3	3c876b2d538ccf7e8ad360f18fea8c1c654c1041b14344a8c497c1f5126926d4	اس جنا نے میرو صندوق کھولیو ہے		2	0	fourties				gju	
e65a8c3ba525042ceba11e102309b2525de4d7748b513787fc3ecc50c13c97654e626571fcdb8a6d96b78af3e6c5bfa95fb0286d8407d9d8d3c867d06c7a1fc4	common_voice_gju_42565331.mp3	4e8cfbf2cf5d8a61bf6dbc9c0eaf9eb72a09cc1dd3b14c998f43d3934b5ce8d4	پھٹ گیو		2	0	fourties				gju	
e65a8c3ba525042ceba11e102309b2525de4d7748b513787fc3ecc50c13c97654e626571fcdb8a6d96b78af3e6c5bfa95fb0286d8407d9d8d3c867d06c7a1fc4	common_voice_gju_42565330.mp3	4f1e399ee8f3fafb43e829881be502624490e43bd5cacc1a949d950486920bc6	آخر چودہ دھیاڑاں کاہڈ یاہ پل مُک گئی		2	0	fourties				gju	
e65a8c3ba525042ceba11e102309b2525de4d7748b513787fc3ecc50c13c97654e626571fcdb8a6d96b78af3e6c5bfa95fb0286d8407d9d8d3c867d06c7a1fc4	common_voice_gju_42565329.mp3	4fc932e83f3f902a8c787bd3b7b5868e439257054587ba822ae3344f3187ae72	بادشاہ کی دھی نے واہ سیلی چکی		2	0	fourties				gju	
e65a8c3ba525042ceba11e102309b2525de4d7748b513787fc3ecc50c13c97654e626571fcdb8a6d96b78af3e6c5bfa95fb0286d8407d9d8d3c867d06c7a1fc4	common_voice_gju_42565328.mp3	177d816e2c08784fc29d6806b8c5d665ad860e78a1fba72ed86db46eee78d474	ہوں ساری رات بُوٹاں ما چھَپی رہی		2	0	fourties				gju	
e65a8c3ba525042ceba11e102309b2525de4d7748b513787fc3ecc50c13c97654e626571fcdb8a6d96b78af3e6c5bfa95fb0286d8407d9d8d3c867d06c7a1fc4	common_voice_gju_42565327.mp3	375a6969f0106825db0d3e746bc5fe612084ea52943ae5aafd33ef76468245f2	نوکراں نے وہ لڑو لے کے بادشاہ نا دیتو		2	0	fourties				gju	
e65a8c3ba525042ceba11e102309b2525de4d7748b513787fc3ecc50c13c97654e626571fcdb8a6d96b78af3e6c5bfa95fb0286d8407d9d8d3c867d06c7a1fc4	common_voice_gju_42565326.mp3	0202ed8f6dc1893f2ae722576515f5dd2b9e772b1e53d040ddf82234084e634c	بھادر جوان دفن کر چھُڑیو		2	0	fourties				gju	
e65a8c3ba525042ceba11e102309b2525de4d7748b513787fc3ecc50c13c97654e626571fcdb8a6d96b78af3e6c5bfa95fb0286d8407d9d8d3c867d06c7a1fc4	common_voice_gju_42565325.mp3	3d02b29c75f99f086ce8979e7525d365bb3f05194bd414cda8bcdcaeb089b9a4	پہلاں بھی تیں اس بوٹا		2	0	fourties				gju	
e65a8c3ba525042ceba11e102309b2525de4d7748b513787fc3ecc50c13c97654e626571fcdb8a6d96b78af3e6c5bfa95fb0286d8407d9d8d3c867d06c7a1fc4	common_voice_gju_42565324.mp3	288bcaf55cb1f707e6b7aa0da7cd93021a064fac14c31c2a30ad6a0d499e29ee	ایک دھیاڑی بادشاہ نے اپنی ساری دھیاں		2	0	fourties				gju	
e65a8c3ba525042ceba11e102309b2525de4d7748b513787fc3ecc50c13c97654e626571fcdb8a6d96b78af3e6c5bfa95fb0286d8407d9d8d3c867d06c7a1fc4	common_voice_gju_42565323.mp3	39df61b775096f59e2b5ffd5044d3cf7a3a6492d9eadfe2904ec0a382c7731bc	ویہ یوہ مشورو کر کے چھُری تِرِکھی کرن نا گیا		2	0	fourties				gju	
e65a8c3ba525042ceba11e102309b2525de4d7748b513787fc3ecc50c13c97654e626571fcdb8a6d96b78af3e6c5bfa95fb0286d8407d9d8d3c867d06c7a1fc4	common_voice_gju_42565322.mp3	457cc97832edf3137ca09f1c0de90a33400d95da5f01e1f52922344b0180e4a9	باقی لوک سمجھ گیا جے اس ساگ ما کوئی زہر تھو		2	0	fourties				gju	
e65a8c3ba525042ceba11e102309b2525de4d7748b513787fc3ecc50c13c97654e626571fcdb8a6d96b78af3e6c5bfa95fb0286d8407d9d8d3c867d06c7a1fc4	common_voice_gju_42565321.mp3	1c994d4057b47b388a48f5b8fb3651fcfebfa9ee88c13b8e79d40921d3053965	وہ جرگا ما کسے آدمی کا سر پو نہ بیٹھو		2	0	fourties				gju	
e65a8c3ba525042ceba11e102309b2525de4d7748b513787fc3ecc50c13c97654e626571fcdb8a6d96b78af3e6c5bfa95fb0286d8407d9d8d3c867d06c7a1fc4	common_voice_gju_42565320.mp3	48c7817e3e5686c2c5c1db7fd34bbd706293e33da07659059ec29d304748ad10	پروین کا گراں ما سکول تھو		2	0	fourties				gju	
e65a8c3ba525042ceba11e102309b2525de4d7748b513787fc3ecc50c13c97654e626571fcdb8a6d96b78af3e6c5bfa95fb0286d8407d9d8d3c867d06c7a1fc4	common_voice_gju_42565319.mp3	30ad22a70692e787c6116f6086ef6c6352675cf3521e196f7aeceae1f4705c74	یوہ خواب		2	0	fourties				gju	
e65a8c3ba525042ceba11e102309b2525de4d7748b513787fc3ecc50c13c97654e626571fcdb8a6d96b78af3e6c5bfa95fb0286d8407d9d8d3c867d06c7a1fc4	common_voice_gju_42565318.mp3	4ce7917043139c9e94ad07cb318aeb05039a12853164f2f56f86e1c77f80c790	ایک بکر ا کی سُمہال کَڈھی		2	0	fourties				gju	
e65a8c3ba525042ceba11e102309b2525de4d7748b513787fc3ecc50c13c97654e626571fcdb8a6d96b78af3e6c5bfa95fb0286d8407d9d8d3c867d06c7a1fc4	common_voice_gju_42565312.mp3	4c9ad948609d6e46425d8f0d061601e57b5bcf3c8c53067a89ff9dbe8518d721	مُچ ڈرے تھو		2	0	fourties				gju	
e65a8c3ba525042ceba11e102309b2525de4d7748b513787fc3ecc50c13c97654e626571fcdb8a6d96b78af3e6c5bfa95fb0286d8407d9d8d3c867d06c7a1fc4	common_voice_gju_42565311.mp3	414e307e9f7c3d6fc9a9343b1dbfb881adb4582907a6f0d78aeb793d9047ea20	اِن لوکاں کا خرچا بے مُک گیاتھا		2	0	fourties				gju	
e65a8c3ba525042ceba11e102309b2525de4d7748b513787fc3ecc50c13c97654e626571fcdb8a6d96b78af3e6c5bfa95fb0286d8407d9d8d3c867d06c7a1fc4	common_voice_gju_42565310.mp3	38476b50a5fff460fd4ea82dd4a0b27e8c3f508a2cf84f6f73577d4ad32dbce7	توہ بھی ٹیکو لوا		2	0	fourties				gju	
e65a8c3ba525042ceba11e102309b2525de4d7748b513787fc3ecc50c13c97654e626571fcdb8a6d96b78af3e6c5bfa95fb0286d8407d9d8d3c867d06c7a1fc4	common_voice_gju_42565309.mp3	0d58daab7296d6df4991d2e26bed604744e36f339ef8739a6660c06d23f24da5	بادشاہ نے نکاح بدھ کے دھی بیاہ کی دِتی		2	0	fourties				gju	
e65a8c3ba525042ceba11e102309b2525de4d7748b513787fc3ecc50c13c97654e626571fcdb8a6d96b78af3e6c5bfa95fb0286d8407d9d8d3c867d06c7a1fc4	common_voice_gju_42565308.mp3	29d2179e0990b386f080f81667bd29e47ec697fed51479647a00ad455843088d	لاری کا دو ترے پھیرا کر کے سامان اَت پوہچایو		2	0	fourties				gju	
e65a8c3ba525042ceba11e102309b2525de4d7748b513787fc3ecc50c13c97654e626571fcdb8a6d96b78af3e6c5bfa95fb0286d8407d9d8d3c867d06c7a1fc4	common_voice_gju_42565302.mp3	28ceab626d9cf8a016554b38cd5f1789fa416c7528db914ee0d5f288eaac7113	بکری چُگتی چلے		2	0	fourties				gju	
e65a8c3ba525042ceba11e102309b2525de4d7748b513787fc3ecc50c13c97654e626571fcdb8a6d96b78af3e6c5bfa95fb0286d8407d9d8d3c867d06c7a1fc4	common_voice_gju_42565301.mp3	49d97ae2c15cad976d750b13a6b8782b40f1065b9693f25a3b1c1fdacaad9650	بعد میرو ایک پِتیو آن چلن لگ گیو		2	0	fourties				gju	
e65a8c3ba525042ceba11e102309b2525de4d7748b513787fc3ecc50c13c97654e626571fcdb8a6d96b78af3e6c5bfa95fb0286d8407d9d8d3c867d06c7a1fc4	common_voice_gju_42565300.mp3	40d3cb0e5c314b77bc6e566abb2228f28c5a68372c46a4078e679fb8741d2812	چل گیا		2	0	fourties				gju	
e65a8c3ba525042ceba11e102309b2525de4d7748b513787fc3ecc50c13c97654e626571fcdb8a6d96b78af3e6c5bfa95fb0286d8407d9d8d3c867d06c7a1fc4	common_voice_gju_42565299.mp3	34f400339936401149a6b7c1b354defc8f4f3c2dfc4b1103453bf03c0c257e5c	نو لکھیا نے واہ بلا مار چھوڈی		2	0	fourties				gju	
e65a8c3ba525042ceba11e102309b2525de4d7748b513787fc3ecc50c13c97654e626571fcdb8a6d96b78af3e6c5bfa95fb0286d8407d9d8d3c867d06c7a1fc4	common_voice_gju_42565298.mp3	091dce767a3dae9d558b7f5b3bcdcb558f5e45cab67f3e45946015f2cd4c4107	وہ سُنیارو بے لَبھ گیو جس پو اُس نے		2	0	fourties				gju	
e65a8c3ba525042ceba11e102309b2525de4d7748b513787fc3ecc50c13c97654e626571fcdb8a6d96b78af3e6c5bfa95fb0286d8407d9d8d3c867d06c7a1fc4	common_voice_gju_42565297.mp3	42a70254ef4ea66b8e74c11d22448fbe97f3d5f551a8100c463f47e78098838c	نولکھیو نے سوچیو جی ہن ہوں چِٹا لیلا پو ہتھ لائوں گو		2	0	fourties				gju	
e65a8c3ba525042ceba11e102309b2525de4d7748b513787fc3ecc50c13c97654e626571fcdb8a6d96b78af3e6c5bfa95fb0286d8407d9d8d3c867d06c7a1fc4	common_voice_gju_42565296.mp3	4e8f74fcc7ef2b864f6315b1c10f8d685045187ca8e08f017a7583f0dd2128bd	تنہاں آبادی کے نیڑے ہو گیا		2	0	fourties				gju	
e65a8c3ba525042ceba11e102309b2525de4d7748b513787fc3ecc50c13c97654e626571fcdb8a6d96b78af3e6c5bfa95fb0286d8407d9d8d3c867d06c7a1fc4	common_voice_gju_42565295.mp3	22a00f2594cb4f928292a4693dd8252f49e62682742c236f0401e6ac896d2ca3	گھوڑو اُت بوٹا کا ہیٹو لنگھن لگو		2	0	fourties				gju	
e65a8c3ba525042ceba11e102309b2525de4d7748b513787fc3ecc50c13c97654e626571fcdb8a6d96b78af3e6c5bfa95fb0286d8407d9d8d3c867d06c7a1fc4	common_voice_gju_42565294.mp3	249e4a5d51077f7e65df12bb2d3aaedf06043b56211218e6f8d0d68dd9bca625	توہ ہم نا یاہ گل دس ! جی مہارا		2	0	fourties				gju	
e65a8c3ba525042ceba11e102309b2525de4d7748b513787fc3ecc50c13c97654e626571fcdb8a6d96b78af3e6c5bfa95fb0286d8407d9d8d3c867d06c7a1fc4	common_voice_gju_42565293.mp3	2ff14b4b66735b9d37bf269678bbfc72d664b0e4dd7144cb93ee9cd4360ba3c5	سیؤاں نال روجو کھولیو		2	0	fourties				gju	
e65a8c3ba525042ceba11e102309b2525de4d7748b513787fc3ecc50c13c97654e626571fcdb8a6d96b78af3e6c5bfa95fb0286d8407d9d8d3c867d06c7a1fc4	common_voice_gju_42565292.mp3	361d30cbd62c1aaa6cccca5e5ee6d16ddc10d45fa1e1bba7761ff0258f99daaf	اَگے ایک جا ما لانی نے اِنھ کا کول		2	0	fourties				gju	
e65a8c3ba525042ceba11e102309b2525de4d7748b513787fc3ecc50c13c97654e626571fcdb8a6d96b78af3e6c5bfa95fb0286d8407d9d8d3c867d06c7a1fc4	common_voice_gju_42565291.mp3	0c5cbc0ac06b2a3786aa6bd0f05c4cc91e344632f312e7cd208240be909349e6	منیر کو مُچ بڑو نُقصان ہویو		2	0	fourties				gju	
e65a8c3ba525042ceba11e102309b2525de4d7748b513787fc3ecc50c13c97654e626571fcdb8a6d96b78af3e6c5bfa95fb0286d8407d9d8d3c867d06c7a1fc4	common_voice_gju_42565290.mp3	1c5459f6eb180053c793ecd1193b0ebda18753124424bd07202bd79a7a333027	رکوع ما کہٹ تے کہٹ ترے وار تکبیر کہنی تے سر تے کنڈ برابر کرنی۔		2	0	fourties				gju	
e65a8c3ba525042ceba11e102309b2525de4d7748b513787fc3ecc50c13c97654e626571fcdb8a6d96b78af3e6c5bfa95fb0286d8407d9d8d3c867d06c7a1fc4	common_voice_gju_42565289.mp3	39da6cdd41daff189f2f852f73ba3aa53ef83b5fe28f39d192d5b7ac0b17a49e	اُس بِڑے واہ اپنا جنا نا کہن لگی جی گھوڑی کو انٹڑو نہیہ ہوتو گھوڑی کو بَچڑو ہوے		2	0	fourties				gju	
e65a8c3ba525042ceba11e102309b2525de4d7748b513787fc3ecc50c13c97654e626571fcdb8a6d96b78af3e6c5bfa95fb0286d8407d9d8d3c867d06c7a1fc4	common_voice_gju_42565288.mp3	13860d7b7aae4907e74522c8d8b93f37ba5836e0bee306a2165489e4d1c16f01	مھارا ڈیرا کی حالت ہچھی وھے		2	0	fourties				gju	
e65a8c3ba525042ceba11e102309b2525de4d7748b513787fc3ecc50c13c97654e626571fcdb8a6d96b78af3e6c5bfa95fb0286d8407d9d8d3c867d06c7a1fc4	common_voice_gju_42565287.mp3	3d3c555a9ea34e9b464b9bb145bcb137da44ba91ca9a06289d70e96b7f32da58	ڈیرا کو سامان تھو واہ جیپ پھلاوئی کے قریب سرداری کا گراں کا کاہڈ موڑ		2	0	fourties				gju	
e65a8c3ba525042ceba11e102309b2525de4d7748b513787fc3ecc50c13c97654e626571fcdb8a6d96b78af3e6c5bfa95fb0286d8407d9d8d3c867d06c7a1fc4	common_voice_gju_42565286.mp3	42a4af1a487e1bba639561b7449c6aefc7cff79d58bd3e4cde91a433627fa7a3	نوہی ٹیم گزرتو گیو		2	0	fourties				gju	
e65a8c3ba525042ceba11e102309b2525de4d7748b513787fc3ecc50c13c97654e626571fcdb8a6d96b78af3e6c5bfa95fb0286d8407d9d8d3c867d06c7a1fc4	common_voice_gju_42565285.mp3	371737c5b461799f59752442ab11d78433a6d05b598c4e1e82d7ec5aa9e5b7eb	وہ مھیساں نا ڈھاکا نا چھوڈ کے ایو		2	0	fourties				gju	
e65a8c3ba525042ceba11e102309b2525de4d7748b513787fc3ecc50c13c97654e626571fcdb8a6d96b78af3e6c5bfa95fb0286d8407d9d8d3c867d06c7a1fc4	common_voice_gju_42565284.mp3	110ecdc4cbe2af8ed3d02e2012c0a88c87c456b6c4c140604c37f876d9d3e3f5	دیسی لوکاں نے اس کا جاتکاں		2	0	fourties				gju	
e65a8c3ba525042ceba11e102309b2525de4d7748b513787fc3ecc50c13c97654e626571fcdb8a6d96b78af3e6c5bfa95fb0286d8407d9d8d3c867d06c7a1fc4	common_voice_gju_42565283.mp3	0286b64d1122ade210761ede826201988f3d731ba1c8528ba5e93ce37d2580d3	اُس جنا نے واہ سیلی لئی		2	0	fourties				gju	
e65a8c3ba525042ceba11e102309b2525de4d7748b513787fc3ecc50c13c97654e626571fcdb8a6d96b78af3e6c5bfa95fb0286d8407d9d8d3c867d06c7a1fc4	common_voice_gju_42565277.mp3	397f225a43388ad5f72241aefcf701dbd69963b3801150bab0bd6196fca14b9d	مُوسو خان خالق کو انتظار کرے لگا تھا		2	0	fourties				gju	
e65a8c3ba525042ceba11e102309b2525de4d7748b513787fc3ecc50c13c97654e626571fcdb8a6d96b78af3e6c5bfa95fb0286d8407d9d8d3c867d06c7a1fc4	common_voice_gju_42565276.mp3	167d58c6a1ac77a439e6282c651edfe0bbcecddc8a67d1b1e7a3b8b356c16d4d	ماشٹریانی نے کہیو:”ہمنا پتو		2	0	fourties				gju	
e65a8c3ba525042ceba11e102309b2525de4d7748b513787fc3ecc50c13c97654e626571fcdb8a6d96b78af3e6c5bfa95fb0286d8407d9d8d3c867d06c7a1fc4	common_voice_gju_42565275.mp3	3a3a82dfdd76fbc464700859dd6d20d90bf2fdc9b7ee9b2140b282fd67cecf37	بڈھی نے سوچیو		2	0	fourties				gju	
e65a8c3ba525042ceba11e102309b2525de4d7748b513787fc3ecc50c13c97654e626571fcdb8a6d96b78af3e6c5bfa95fb0286d8407d9d8d3c867d06c7a1fc4	common_voice_gju_42565273.mp3	3f03e7a019edbebe6d988906264451f47ae05eb6b1edfc0c1acbef6571660cdd	او بھائی مکئی ہاڑا ! تنا کِ		2	0	fourties				gju	
e65a8c3ba525042ceba11e102309b2525de4d7748b513787fc3ecc50c13c97654e626571fcdb8a6d96b78af3e6c5bfa95fb0286d8407d9d8d3c867d06c7a1fc4	common_voice_gju_42565272.mp3	4cbc4a05f4ff8225e6aa14b924b47bc0dfc46c3885d3307c72cf51f406d624f4	اِس پٹھان کی دوئے ٹنگ بَد کے گھوڑاں نا دوڑا چھوڈو ‘‘		2	0	fourties				gju	
e65a8c3ba525042ceba11e102309b2525de4d7748b513787fc3ecc50c13c97654e626571fcdb8a6d96b78af3e6c5bfa95fb0286d8407d9d8d3c867d06c7a1fc4	common_voice_gju_42565271.mp3	4a58685e4672f933c8379677b50aa0acf3b16714a3ca366aa170fb0160795a4e	میر چیچی یہ		2	0	fourties				gju	
e65a8c3ba525042ceba11e102309b2525de4d7748b513787fc3ecc50c13c97654e626571fcdb8a6d96b78af3e6c5bfa95fb0286d8407d9d8d3c867d06c7a1fc4	common_voice_gju_42565270.mp3	3cb095d27d788f9689ea59448149af8d3c25cf9358d5dcc5fe7a88c6bb3d171b	اِنھ نے ماہلی ما خیر خرامی خوشی کے نال گزاری		2	0	fourties				gju	
e65a8c3ba525042ceba11e102309b2525de4d7748b513787fc3ecc50c13c97654e626571fcdb8a6d96b78af3e6c5bfa95fb0286d8407d9d8d3c867d06c7a1fc4	common_voice_gju_42565269.mp3	12defb66635a7c84ab18e5f8875ec06a06612fba9997c45011db96a89404becf	اس نے بھی ہو ر روٹی پکائی		2	0	fourties				gju	
e65a8c3ba525042ceba11e102309b2525de4d7748b513787fc3ecc50c13c97654e626571fcdb8a6d96b78af3e6c5bfa95fb0286d8407d9d8d3c867d06c7a1fc4	common_voice_gju_42565268.mp3	3b5c19c3acb46a8a94aba134924ffdec440d9282d7e053baf78e3451936ba775	اِن کا ڈیرا راہ پو چلیں تھا		2	0	fourties				gju	
e65a8c3ba525042ceba11e102309b2525de4d7748b513787fc3ecc50c13c97654e626571fcdb8a6d96b78af3e6c5bfa95fb0286d8407d9d8d3c867d06c7a1fc4	common_voice_gju_42565267.mp3	3f3f775194ad1647aa7343f57d7fbecaa1be246071b9e7846ef9ac1e15f9f18d	ویہ پِٹتا رہیا		2	0	fourties				gju	
e65a8c3ba525042ceba11e102309b2525de4d7748b513787fc3ecc50c13c97654e626571fcdb8a6d96b78af3e6c5bfa95fb0286d8407d9d8d3c867d06c7a1fc4	common_voice_gju_42565266.mp3	4aed757f434a85b588edbd848f8c4dead2693700d2112af16c55103c86a14e91	کاکا نے یاہ صلاح کری کہ نِکا بکروٹ		2	0	fourties				gju	
e65a8c3ba525042ceba11e102309b2525de4d7748b513787fc3ecc50c13c97654e626571fcdb8a6d96b78af3e6c5bfa95fb0286d8407d9d8d3c867d06c7a1fc4	common_voice_gju_42565265.mp3	1bcccc255e45bc6a784220f10d0eb05e5ef85a88f709d8d8332b33736b374edf	بَر کا سیزن ما یہ لوک جھیل سیف الملوک پو ہوئے		2	0	fourties				gju	
e65a8c3ba525042ceba11e102309b2525de4d7748b513787fc3ecc50c13c97654e626571fcdb8a6d96b78af3e6c5bfa95fb0286d8407d9d8d3c867d06c7a1fc4	common_voice_gju_42565264.mp3	4b9c45f2fe40d6125bf52db3722d06a2a0bd0afe8ad47fdc808b2fd88b2a526a	اُس کا سنگی بکری شیک کے لے گیا		2	0	fourties				gju	
e65a8c3ba525042ceba11e102309b2525de4d7748b513787fc3ecc50c13c97654e626571fcdb8a6d96b78af3e6c5bfa95fb0286d8407d9d8d3c867d06c7a1fc4	common_voice_gju_42565263.mp3	42df49a9c0ce75d529a9adef6413073af6b9a78873e41df7e509c93b03ed3f7a	بھیڈ نیہہ تھی۔		2	0	fourties				gju	
e65a8c3ba525042ceba11e102309b2525de4d7748b513787fc3ecc50c13c97654e626571fcdb8a6d96b78af3e6c5bfa95fb0286d8407d9d8d3c867d06c7a1fc4	common_voice_gju_42565262.mp3	42c218d83985089801b83849f0be8eb2777ce618072c0eb6c0e3c998b5a9b753	رات نا یہ بٹلا ھویا		2	0	fourties				gju	
e65a8c3ba525042ceba11e102309b2525de4d7748b513787fc3ecc50c13c97654e626571fcdb8a6d96b78af3e6c5bfa95fb0286d8407d9d8d3c867d06c7a1fc4	common_voice_gju_42565261.mp3	20dd16951da04117765e81786807781a8d276182a9d894bede36f6b55b36ced0	یاہ دوائی ترے دن واسطے		2	0	fourties				gju	
e65a8c3ba525042ceba11e102309b2525de4d7748b513787fc3ecc50c13c97654e626571fcdb8a6d96b78af3e6c5bfa95fb0286d8407d9d8d3c867d06c7a1fc4	common_voice_gju_42565260.mp3	43cad3d154d2336caf310e71ccb02ef77f28431ad83d80e9abf80579cca0a6e2	کیل ہالاں نے اُتو مظفرآباد چلا چھُڑیو		2	0	fourties				gju	
e65a8c3ba525042ceba11e102309b2525de4d7748b513787fc3ecc50c13c97654e626571fcdb8a6d96b78af3e6c5bfa95fb0286d8407d9d8d3c867d06c7a1fc4	common_voice_gju_42565259.mp3	3f10c750f1b43826f1c689a0225193f422930cf2a2a8c067c3cef2951d4a6c84	نوکراں نے بادشاہ نا کہیو جی فلانو جنو نیہہ اَیو		2	0	fourties				gju	
e65a8c3ba525042ceba11e102309b2525de4d7748b513787fc3ecc50c13c97654e626571fcdb8a6d96b78af3e6c5bfa95fb0286d8407d9d8d3c867d06c7a1fc4	common_voice_gju_42565258.mp3	18ec56b8eb1279d7d3aaf70826109f08a1eaf2ccf74fd6e74b660584d610487c	یوہ سو رُپیو		2	0	fourties				gju	
e65a8c3ba525042ceba11e102309b2525de4d7748b513787fc3ecc50c13c97654e626571fcdb8a6d96b78af3e6c5bfa95fb0286d8407d9d8d3c867d06c7a1fc4	common_voice_gju_42565252.mp3	000b7eecd0bd3a1659508a4ac6b06de06be93d8a0660d7270418158a49a19356	یوہ جنو مچ سیانو ہے اس نے مدوک بی چنگی قابو کئی		2	0	fourties				gju	
e65a8c3ba525042ceba11e102309b2525de4d7748b513787fc3ecc50c13c97654e626571fcdb8a6d96b78af3e6c5bfa95fb0286d8407d9d8d3c867d06c7a1fc4	common_voice_gju_42565251.mp3	321b63d78c7af483fa546c219325e7702e61e7bc6c40fb90a2e896e7dd8f6f21	ہارون نظام مورت		2	0	fourties				gju	
e65a8c3ba525042ceba11e102309b2525de4d7748b513787fc3ecc50c13c97654e626571fcdb8a6d96b78af3e6c5bfa95fb0286d8407d9d8d3c867d06c7a1fc4	common_voice_gju_42565250.mp3	432ad025377e6030df3a9e9edb8c5500c3ff05797690ee8861d206fc992a2720	اگے ہو گیو		2	0	fourties				gju	
e65a8c3ba525042ceba11e102309b2525de4d7748b513787fc3ecc50c13c97654e626571fcdb8a6d96b78af3e6c5bfa95fb0286d8407d9d8d3c867d06c7a1fc4	common_voice_gju_42565249.mp3	02d3eb49c59a19c18dd18056055726ccf33ec0c04fe4c01ccfe2585c838bbe8f	فوج نے ہیلی کاپٹر منگایا		2	0	fourties				gju	
e65a8c3ba525042ceba11e102309b2525de4d7748b513787fc3ecc50c13c97654e626571fcdb8a6d96b78af3e6c5bfa95fb0286d8407d9d8d3c867d06c7a1fc4	common_voice_gju_42565248.mp3	362d7d41b0bd27604ecb8580c6948b7de93e80cfad327684fe732be2eb147ecc	ہوں اٹھارہ سال کی ہو گئی تھی		2	0	fourties				gju	
e65a8c3ba525042ceba11e102309b2525de4d7748b513787fc3ecc50c13c97654e626571fcdb8a6d96b78af3e6c5bfa95fb0286d8407d9d8d3c867d06c7a1fc4	common_voice_gju_42565247.mp3	496055c4587a2dff4cd5beb45e608446c2f2b03d8c3e38c0320d76743892581f	ان نال ہور بھیڈاں ہالا لوک بے تھا		2	0	fourties				gju	
e65a8c3ba525042ceba11e102309b2525de4d7748b513787fc3ecc50c13c97654e626571fcdb8a6d96b78af3e6c5bfa95fb0286d8407d9d8d3c867d06c7a1fc4	common_voice_gju_42565246.mp3	034636f08a3568c6072b3bdf8cc98da3b6eb7a3bf67557de1b5dd321e1f622ea	یہ لوک بڑی دلیری		2	0	fourties				gju	
e65a8c3ba525042ceba11e102309b2525de4d7748b513787fc3ecc50c13c97654e626571fcdb8a6d96b78af3e6c5bfa95fb0286d8407d9d8d3c867d06c7a1fc4	common_voice_gju_42565245.mp3	016daad91a1d16eb2a6eff4c8ebc79cff536f3d0f63ffc9e5331ff56b2fc8283	یاہ چیز پھل ما وھے		2	0	fourties				gju	
e65a8c3ba525042ceba11e102309b2525de4d7748b513787fc3ecc50c13c97654e626571fcdb8a6d96b78af3e6c5bfa95fb0286d8407d9d8d3c867d06c7a1fc4	common_voice_gju_42565244.mp3	060995a87af8b7e867304ac7a666d4112c38bdf30d153b7a8329870acf8ccd7c	تم سار اپنا اپنا ڈیرا نا جا رہوں		2	0	fourties				gju	
e65a8c3ba525042ceba11e102309b2525de4d7748b513787fc3ecc50c13c97654e626571fcdb8a6d96b78af3e6c5bfa95fb0286d8407d9d8d3c867d06c7a1fc4	common_voice_gju_42565243.mp3	42e29d9f60b61a02a2b8d93e75ce08039918e563e0e08c76c66c783778d21556	ایوب کا نوکر آ کے کہن لگا اِس کو حصو دیوں		2	0	fourties				gju	
e65a8c3ba525042ceba11e102309b2525de4d7748b513787fc3ecc50c13c97654e626571fcdb8a6d96b78af3e6c5bfa95fb0286d8407d9d8d3c867d06c7a1fc4	common_voice_gju_42565237.mp3	49bdc98e1b0d1e14de2def930b407924f5fbdf03ddbbedc7ce86ca65c359d138	وجود نا بنان		2	0	fourties				gju	
e65a8c3ba525042ceba11e102309b2525de4d7748b513787fc3ecc50c13c97654e626571fcdb8a6d96b78af3e6c5bfa95fb0286d8407d9d8d3c867d06c7a1fc4	common_voice_gju_42565236.mp3	486f7ad5ae75f76fdb944329712d7eda5258717a49b8e963747881025323d451	واہ اپنا بچاں نا سکول چلائے تھی		2	0	fourties				gju	
e65a8c3ba525042ceba11e102309b2525de4d7748b513787fc3ecc50c13c97654e626571fcdb8a6d96b78af3e6c5bfa95fb0286d8407d9d8d3c867d06c7a1fc4	common_voice_gju_42565235.mp3	49f238c27fe9fc32c9a8686124bbaa9b52ea56b46a6fb6135d9941e767015653	پراں کیل کا پاس تا لنگھایا		2	0	fourties				gju	
e65a8c3ba525042ceba11e102309b2525de4d7748b513787fc3ecc50c13c97654e626571fcdb8a6d96b78af3e6c5bfa95fb0286d8407d9d8d3c867d06c7a1fc4	common_voice_gju_42565234.mp3	224f6cbe889a2c41cdf141d25773d51787b9a762cd5f4941baaed7d383354fbe	تہنا بے بڑو مشکل سفر تھوکیون جے راہ ہر جا پل تھی		2	0	fourties				gju	
e65a8c3ba525042ceba11e102309b2525de4d7748b513787fc3ecc50c13c97654e626571fcdb8a6d96b78af3e6c5bfa95fb0286d8407d9d8d3c867d06c7a1fc4	common_voice_gju_42565233.mp3	464235d1bb5274d72772c92831f1c67267b73703364cd1d8ac167bfbd7fe8bf3	اونٹھاں ہاڑا کا سنگی نے واہ دھیانی دیکھی		2	0	fourties				gju	
e65a8c3ba525042ceba11e102309b2525de4d7748b513787fc3ecc50c13c97654e626571fcdb8a6d96b78af3e6c5bfa95fb0286d8407d9d8d3c867d06c7a1fc4	common_voice_gju_42565232.mp3	43fc7c8c53f6935740dde63fb3df56ca92e9f61f8cfc4d2067a154e58d7e5b92	بادشاہ سلامت ! میں مچ لڑائی کئی ہے		2	0	fourties				gju	
e65a8c3ba525042ceba11e102309b2525de4d7748b513787fc3ecc50c13c97654e626571fcdb8a6d96b78af3e6c5bfa95fb0286d8407d9d8d3c867d06c7a1fc4	common_voice_gju_42565231.mp3	334546e9c908fae8cc974a1e68127c9cd946cb78e00a05801a90c3b5d43daa74	چنڈ کی گلی ما ڈیرا لایا		2	0	fourties				gju	
e65a8c3ba525042ceba11e102309b2525de4d7748b513787fc3ecc50c13c97654e626571fcdb8a6d96b78af3e6c5bfa95fb0286d8407d9d8d3c867d06c7a1fc4	common_voice_gju_42565230.mp3	4429582c39c75011f1e5a941754a67504c718269702145b5a84402abc4ff2212	لو ہو گئی		2	0	fourties				gju	
e65a8c3ba525042ceba11e102309b2525de4d7748b513787fc3ecc50c13c97654e626571fcdb8a6d96b78af3e6c5bfa95fb0286d8407d9d8d3c867d06c7a1fc4	common_voice_gju_42565229.mp3	0556546907bb0b964f671d70d00c8c7f0600dda8841bdf44a5443375aea2ea0e	رو بھی گئی		2	0	fourties				gju	
e65a8c3ba525042ceba11e102309b2525de4d7748b513787fc3ecc50c13c97654e626571fcdb8a6d96b78af3e6c5bfa95fb0286d8407d9d8d3c867d06c7a1fc4	common_voice_gju_42565228.mp3	2335b00a3bf9ea3a0e48e5b0622ea8df998ffa6de86536deb9e91f872af8f17a	ڈریور		2	0	fourties				gju	
e65a8c3ba525042ceba11e102309b2525de4d7748b513787fc3ecc50c13c97654e626571fcdb8a6d96b78af3e6c5bfa95fb0286d8407d9d8d3c867d06c7a1fc4	common_voice_gju_42565227.mp3	23cc70806db1a6a3c00f15867feb0295f18336d47175b36902b860bbe9c2e33a	وہ بادشاہ اپنا نوکراں نا کہن لگو		2	0	fourties				gju	
e65a8c3ba525042ceba11e102309b2525de4d7748b513787fc3ecc50c13c97654e626571fcdb8a6d96b78af3e6c5bfa95fb0286d8407d9d8d3c867d06c7a1fc4	common_voice_gju_42565226.mp3	38e1cb3edee1c0fc707b33a8731a5b323cd31673d8698fc205797111c72d1a88	اگے گڑز ہویو		2	0	fourties				gju	
e65a8c3ba525042ceba11e102309b2525de4d7748b513787fc3ecc50c13c97654e626571fcdb8a6d96b78af3e6c5bfa95fb0286d8407d9d8d3c867d06c7a1fc4	common_voice_gju_42565225.mp3	033788f55a45acc4043555ff7b9db6329222d61b100b5d655976d478d47046e7	ہم گھی بے کھاواں		2	0	fourties				gju	
e65a8c3ba525042ceba11e102309b2525de4d7748b513787fc3ecc50c13c97654e626571fcdb8a6d96b78af3e6c5bfa95fb0286d8407d9d8d3c867d06c7a1fc4	common_voice_gju_42565224.mp3	3ba122419e6af0404ee3dd998daf72ecb42ce248f0ad535ef8b1ed7951583735	ٹھیک ہے		2	0	fourties				gju	
e65a8c3ba525042ceba11e102309b2525de4d7748b513787fc3ecc50c13c97654e626571fcdb8a6d96b78af3e6c5bfa95fb0286d8407d9d8d3c867d06c7a1fc4	common_voice_gju_42565223.mp3	3aba34e21088dc7a32e5f0100252a2000c87ae87c41619071f6799951cc18780	اللہ کو شکر		2	0	fourties				gju	
e65a8c3ba525042ceba11e102309b2525de4d7748b513787fc3ecc50c13c97654e626571fcdb8a6d96b78af3e6c5bfa95fb0286d8407d9d8d3c867d06c7a1fc4	common_voice_gju_42565222.mp3	3d212bea774fd74b3b0ddc322033c7b93b9a61c43f37bb100389b1e40a7fc155	ایک چِٹو ہے		2	0	fourties				gju	
e65a8c3ba525042ceba11e102309b2525de4d7748b513787fc3ecc50c13c97654e626571fcdb8a6d96b78af3e6c5bfa95fb0286d8407d9d8d3c867d06c7a1fc4	common_voice_gju_42565221.mp3	1cdef00e2b473dde8d66e145895df3cdc1b448345fc5111c968c248591088b68	یار ! کوئی قصو سنا جی مہاری رات گزر جائے‘‘		2	0	fourties				gju	
e65a8c3ba525042ceba11e102309b2525de4d7748b513787fc3ecc50c13c97654e626571fcdb8a6d96b78af3e6c5bfa95fb0286d8407d9d8d3c867d06c7a1fc4	common_voice_gju_42565220.mp3	ed32fa59ccbb01469930a021ee6f33e71245b0588da607e497776ddd2046906f	اونٹھاں ہاڑا نے کہیو ـ		2	0	fourties				gju	
e65a8c3ba525042ceba11e102309b2525de4d7748b513787fc3ecc50c13c97654e626571fcdb8a6d96b78af3e6c5bfa95fb0286d8407d9d8d3c867d06c7a1fc4	common_voice_gju_42565219.mp3	19bb8c37201c4fae34feada35839cf754447802cc8187cf227134f7e8a8bbba4	تکبیر تحریمہ،قرات،رکوع، سجدو،آخری قعدو تے ارادہ نال سلام فیرنو		2	0	fourties				gju	
e65a8c3ba525042ceba11e102309b2525de4d7748b513787fc3ecc50c13c97654e626571fcdb8a6d96b78af3e6c5bfa95fb0286d8407d9d8d3c867d06c7a1fc4	common_voice_gju_42565218.mp3	491c5a1aababdbd1773bfe76764e547e547759b2d4ebb4051e008cafdb6f120c	اُراں پراں نس گیا		2	0	fourties				gju	
e65a8c3ba525042ceba11e102309b2525de4d7748b513787fc3ecc50c13c97654e626571fcdb8a6d96b78af3e6c5bfa95fb0286d8407d9d8d3c867d06c7a1fc4	common_voice_gju_42565212.mp3	15f016a2781ce28fd22814126ea2fd8c5e6799c9805672610a379d86a83ef8da	بڑی بیٹکی چھیمی کلاس ما پڑھے تھی		2	0	fourties				gju	
e65a8c3ba525042ceba11e102309b2525de4d7748b513787fc3ecc50c13c97654e626571fcdb8a6d96b78af3e6c5bfa95fb0286d8407d9d8d3c867d06c7a1fc4	common_voice_gju_42565211.mp3	47b60ef795b7c7ce2377ee1e00b534622b98f566bf9476dfaedbed5ce6044319	اشفاق اگے اگے چلے تھو		2	0	fourties				gju	
e65a8c3ba525042ceba11e102309b2525de4d7748b513787fc3ecc50c13c97654e626571fcdb8a6d96b78af3e6c5bfa95fb0286d8407d9d8d3c867d06c7a1fc4	common_voice_gju_42565210.mp3	37f3ce0be9d772a0a1621f990157611079d289d603fbd843544f1af24230a3c1	یہ خاصا ادمی تھا اِنھ نے ڈنڈ رولو کریو		2	0	fourties				gju	
e65a8c3ba525042ceba11e102309b2525de4d7748b513787fc3ecc50c13c97654e626571fcdb8a6d96b78af3e6c5bfa95fb0286d8407d9d8d3c867d06c7a1fc4	common_voice_gju_42565209.mp3	211d648153536c7e7d5025b120ea73324306188266e48b0f9f2507f0797f86b3	پہلاں توہ بیاہ نیہہ کرے تھی		2	0	fourties				gju	
e65a8c3ba525042ceba11e102309b2525de4d7748b513787fc3ecc50c13c97654e626571fcdb8a6d96b78af3e6c5bfa95fb0286d8407d9d8d3c867d06c7a1fc4	common_voice_gju_42565208.mp3	2b9bbcfc869ddffbc206c443b67db8f09f3d1a8881077062e452c6d28fce9d2c	کہیو جے ہم اس نا اس کو مال لے کے دیاں گا		2	0	fourties				gju	
e65a8c3ba525042ceba11e102309b2525de4d7748b513787fc3ecc50c13c97654e626571fcdb8a6d96b78af3e6c5bfa95fb0286d8407d9d8d3c867d06c7a1fc4	common_voice_gju_42565202.mp3	3f38ca1cb078ee8ba90529ef1e1f9da3a4543184e88afb09c6dd05f784fb84fd	بادشاہ کو پوت نجوڑو نیہہ		2	0	fourties				gju	
e65a8c3ba525042ceba11e102309b2525de4d7748b513787fc3ecc50c13c97654e626571fcdb8a6d96b78af3e6c5bfa95fb0286d8407d9d8d3c867d06c7a1fc4	common_voice_gju_42565201.mp3	fb8980041d4fdc3be6d5f2ade67cdf29f4ace54c5dc0b0bc6b7d01819c80c2c9	مورا کے بِچ لہہ گیو		2	0	fourties				gju	
e65a8c3ba525042ceba11e102309b2525de4d7748b513787fc3ecc50c13c97654e626571fcdb8a6d96b78af3e6c5bfa95fb0286d8407d9d8d3c867d06c7a1fc4	common_voice_gju_42565200.mp3	2e18916443ffd42620f9332ea85b5f303fbe2c7921122512210bc93302095185	یاہ میری بہن ہے رات ا		2	0	fourties				gju	
e65a8c3ba525042ceba11e102309b2525de4d7748b513787fc3ecc50c13c97654e626571fcdb8a6d96b78af3e6c5bfa95fb0286d8407d9d8d3c867d06c7a1fc4	common_voice_gju_42565199.mp3	3d71bc1f10d71770938654266813affb193d19c5d03aca32307a2446e7cb07d2	یوہ واقعو کالو بانیا کو		2	0	fourties				gju	
e65a8c3ba525042ceba11e102309b2525de4d7748b513787fc3ecc50c13c97654e626571fcdb8a6d96b78af3e6c5bfa95fb0286d8407d9d8d3c867d06c7a1fc4	common_voice_gju_42565198.mp3	3420067326a586ed906c93302b6bb32e362574d4a0f4eafd8440db9687c02251	رشتو چنگو		2	1	fourties				gju	
e65a8c3ba525042ceba11e102309b2525de4d7748b513787fc3ecc50c13c97654e626571fcdb8a6d96b78af3e6c5bfa95fb0286d8407d9d8d3c867d06c7a1fc4	common_voice_gju_42565197.mp3	44f8347ad48b8aa23c85cec43567e7ce943f3d04bac05ebce5b534d3699e0988	تم مہربانی کر کے بندوق لے کے آؤں		2	0	fourties				gju	
e65a8c3ba525042ceba11e102309b2525de4d7748b513787fc3ecc50c13c97654e626571fcdb8a6d96b78af3e6c5bfa95fb0286d8407d9d8d3c867d06c7a1fc4	common_voice_gju_42565196.mp3	2b82b5137f6b26cac18951f93c3b1acb18aecd6b604fef89a09571fc961fe018	ڈیرے لے گیا		2	0	fourties				gju	
e65a8c3ba525042ceba11e102309b2525de4d7748b513787fc3ecc50c13c97654e626571fcdb8a6d96b78af3e6c5bfa95fb0286d8407d9d8d3c867d06c7a1fc4	common_voice_gju_42565195.mp3	47f7e0c4b881dd9fd8daa587c709c85752729f63b5890422fe6e8e2b73d295e1	ڈیرا کا دواں پاساں		2	0	fourties				gju	
e65a8c3ba525042ceba11e102309b2525de4d7748b513787fc3ecc50c13c97654e626571fcdb8a6d96b78af3e6c5bfa95fb0286d8407d9d8d3c867d06c7a1fc4	common_voice_gju_42565194.mp3	460230d3c0f8bde66a26748518346aa2c8865c8b03fe10845f26baee94e1b04a	ہوں دروازہ کے کاہڈ کھلی ہو کے اُنھ کی		2	0	fourties				gju	
e65a8c3ba525042ceba11e102309b2525de4d7748b513787fc3ecc50c13c97654e626571fcdb8a6d96b78af3e6c5bfa95fb0286d8407d9d8d3c867d06c7a1fc4	common_voice_gju_42565193.mp3	30a1cde2b65ec7c6a2cdbc0b218b7800ecc0847813b4af1f1462de444067e0fe	کاہڈ پل شروع ہو گئی مولوی بنیامین نماز واسطے اُٹھیو دیکھیو		2	0	fourties				gju	
e65a8c3ba525042ceba11e102309b2525de4d7748b513787fc3ecc50c13c97654e626571fcdb8a6d96b78af3e6c5bfa95fb0286d8407d9d8d3c867d06c7a1fc4	common_voice_gju_42563263.mp3	08ee52b6d767fab6db22e6f4f36f456ce7e1546ff214c41f2bef82811c49c215	رچھ نے گُہاڑی خس کے سَٹ چھُڑی		2	0	fourties				gju	
e65a8c3ba525042ceba11e102309b2525de4d7748b513787fc3ecc50c13c97654e626571fcdb8a6d96b78af3e6c5bfa95fb0286d8407d9d8d3c867d06c7a1fc4	common_voice_gju_42563262.mp3	29984638f35de6f2095d7eed7b4654d7c9f0efb617a1dc7fff7f3a8913969dcf	ڈیرا تا واز کری ڈیرا ہالا اُت آیا		2	0	fourties				gju	
e65a8c3ba525042ceba11e102309b2525de4d7748b513787fc3ecc50c13c97654e626571fcdb8a6d96b78af3e6c5bfa95fb0286d8407d9d8d3c867d06c7a1fc4	common_voice_gju_42563261.mp3	40be01ca9e90ee7237dbe6845220a186f436cf3264ad8b8044dec2342dd879f1	لوک بر بَڑی دیواسئی ما تھا		2	0	fourties				gju	
e65a8c3ba525042ceba11e102309b2525de4d7748b513787fc3ecc50c13c97654e626571fcdb8a6d96b78af3e6c5bfa95fb0286d8407d9d8d3c867d06c7a1fc4	common_voice_gju_42563260.mp3	2e1f68c38abcaaf6d08de59e7522993e6e8ca06b313f80a62e40cf2570f40470	سنائوں ! تم ہسی کیوں		2	0	fourties				gju	
e65a8c3ba525042ceba11e102309b2525de4d7748b513787fc3ecc50c13c97654e626571fcdb8a6d96b78af3e6c5bfa95fb0286d8407d9d8d3c867d06c7a1fc4	common_voice_gju_42563259.mp3	234e3a65fad0e37945d5537e0cdb9cb64656f61a58df57a5eecb3eed99f87589	اُنھ نے اس کی بانہہ پو دورو شارو لایو		2	0	fourties				gju	
e65a8c3ba525042ceba11e102309b2525de4d7748b513787fc3ecc50c13c97654e626571fcdb8a6d96b78af3e6c5bfa95fb0286d8407d9d8d3c867d06c7a1fc4	common_voice_gju_42563258.mp3	02862e4c9c16df6543fd695d9979bfa15a57834e5aafa4d76c121f41495f51fb	باقی تریہی سنگی اس کے کاہڈ تھا		2	0	fourties				gju	
e65a8c3ba525042ceba11e102309b2525de4d7748b513787fc3ecc50c13c97654e626571fcdb8a6d96b78af3e6c5bfa95fb0286d8407d9d8d3c867d06c7a1fc4	common_voice_gju_42563257.mp3	2086ca51c28035db6eb9a6b714bbd80616cc77c000a5f3460635cc59d592e728	چیچی پالٹی کا ڈیرا رات بڑی دیواسئی کالا پانی ما تھا		2	0	fourties				gju	
e65a8c3ba525042ceba11e102309b2525de4d7748b513787fc3ecc50c13c97654e626571fcdb8a6d96b78af3e6c5bfa95fb0286d8407d9d8d3c867d06c7a1fc4	common_voice_gju_42563256.mp3	1597d9d691f48f81f97264700aec7502fe001db587f52e91e1799f0d42252ded	ہم یاہ گل دیکھاں جے کالسریا ں کی کے حالت		2	0	fourties				gju	
e65a8c3ba525042ceba11e102309b2525de4d7748b513787fc3ecc50c13c97654e626571fcdb8a6d96b78af3e6c5bfa95fb0286d8407d9d8d3c867d06c7a1fc4	common_voice_gju_42563254.mp3	3a8a82326b878ae61a2c13a05524246cfe7442dd3cab6716621b14bd272ea99e	کاہڈ اس کی دھی کو تاپ ختم ہو گیو		2	0	fourties				gju	
e65a8c3ba525042ceba11e102309b2525de4d7748b513787fc3ecc50c13c97654e626571fcdb8a6d96b78af3e6c5bfa95fb0286d8407d9d8d3c867d06c7a1fc4	common_voice_gju_42563243.mp3	321b7fa87855ebd24ee9e0194e2618818eb44fbf1b02914ac2e5fdc6e7ccfba3	ناڑ لڑائی ہوے گی یوہ اُس نا مارے گو		2	0	fourties				gju	
e65a8c3ba525042ceba11e102309b2525de4d7748b513787fc3ecc50c13c97654e626571fcdb8a6d96b78af3e6c5bfa95fb0286d8407d9d8d3c867d06c7a1fc4	common_voice_gju_42563242.mp3	4552f88d9d437c07089d8e9566823f0ac82424f0bc9d72fb3f1ceaead4506910	اِنھ نے اُچی ٹھار ما ڈیرو لاہ کے رات گزاری		2	0	fourties				gju	
e65a8c3ba525042ceba11e102309b2525de4d7748b513787fc3ecc50c13c97654e626571fcdb8a6d96b78af3e6c5bfa95fb0286d8407d9d8d3c867d06c7a1fc4	common_voice_gju_42563241.mp3	17f5afff89f8f551eef55f37e7aefd66b42e920844f431126239b4c5a45f5319	اپنا ماما نال رہوں تھی		2	0	fourties				gju	
e65a8c3ba525042ceba11e102309b2525de4d7748b513787fc3ecc50c13c97654e626571fcdb8a6d96b78af3e6c5bfa95fb0286d8407d9d8d3c867d06c7a1fc4	common_voice_gju_42563240.mp3	4199b329f472a02d9f97bb0100517c7dfdefa5c159fdc8a43c7e5f461c78d4a1	رات اُت گیا جہڑا جنا اُنھ کے نال اُنھ کا رہن کو تَمُو لوایو		2	0	fourties				gju	
e65a8c3ba525042ceba11e102309b2525de4d7748b513787fc3ecc50c13c97654e626571fcdb8a6d96b78af3e6c5bfa95fb0286d8407d9d8d3c867d06c7a1fc4	common_voice_gju_42563233.mp3	2aad25c8f5f8fdcf10f29c8abe2aa16c1b93608a190f2c90067f66b23c977726	ہر بیٹکی کو یوہ خیال وھے		2	0	fourties				gju	
e65a8c3ba525042ceba11e102309b2525de4d7748b513787fc3ecc50c13c97654e626571fcdb8a6d96b78af3e6c5bfa95fb0286d8407d9d8d3c867d06c7a1fc4	common_voice_gju_42563232.mp3	163b99d3c664b30d12251631cf317d4ccd0202d31080f9ff0e4af63231d98546	اُت ٹھیکیدار لوک تھا اُنھ		2	0	fourties				gju	
e65a8c3ba525042ceba11e102309b2525de4d7748b513787fc3ecc50c13c97654e626571fcdb8a6d96b78af3e6c5bfa95fb0286d8407d9d8d3c867d06c7a1fc4	common_voice_gju_42563231.mp3	1fa2b6f9e950bcb041c80cc7a20df05cfa5591189c5638bcd185ec1923939b1d	ان کو مال بے		2	0	fourties				gju	
e65a8c3ba525042ceba11e102309b2525de4d7748b513787fc3ecc50c13c97654e626571fcdb8a6d96b78af3e6c5bfa95fb0286d8407d9d8d3c867d06c7a1fc4	common_voice_gju_42563230.mp3	289bb6eabe16d96336c5eabfbbc94049f55b379ed07cf90c2e6ab8f7d71c3ea6	ویہ کہہ تھا جے اس گراں کا لوک مچ ہچھا		2	0	fourties				gju	
e65a8c3ba525042ceba11e102309b2525de4d7748b513787fc3ecc50c13c97654e626571fcdb8a6d96b78af3e6c5bfa95fb0286d8407d9d8d3c867d06c7a1fc4	common_voice_gju_42563229.mp3	4254e8f98d60956725da7bdd9cce5858deee128e0fe412c2a04a326bff325c7c	تم ہن اپڑیا		2	0	fourties				gju	
e65a8c3ba525042ceba11e102309b2525de4d7748b513787fc3ecc50c13c97654e626571fcdb8a6d96b78af3e6c5bfa95fb0286d8407d9d8d3c867d06c7a1fc4	common_voice_gju_42563224.mp3	2cc52f9b8effd07058073c5f9e51016064e635b82b14b524813c77bf86053f86	اُت لوکاں نے کہیو ٹیم جان کو نیہہ اِ		2	0	fourties				gju	
e65a8c3ba525042ceba11e102309b2525de4d7748b513787fc3ecc50c13c97654e626571fcdb8a6d96b78af3e6c5bfa95fb0286d8407d9d8d3c867d06c7a1fc4	common_voice_gju_42563223.mp3	3c7a4c100dc737fee8ecd55b00f92993d1b056824d1b269a1de6978a2ccec89b	چاچا نا بھی جا کے دس جے شہر ما ہیضو پھیل رہیو		2	0	fourties				gju	
e65a8c3ba525042ceba11e102309b2525de4d7748b513787fc3ecc50c13c97654e626571fcdb8a6d96b78af3e6c5bfa95fb0286d8407d9d8d3c867d06c7a1fc4	common_voice_gju_42563222.mp3	0f77554abe51a13f9de06e9f66c22b0b6d04f547b900548a9a5f87a05e2889c5	اس دُنیا ما بڑا بڑا بہادر اس طرح کمزور ہو جائے		2	0	fourties				gju	
e65a8c3ba525042ceba11e102309b2525de4d7748b513787fc3ecc50c13c97654e626571fcdb8a6d96b78af3e6c5bfa95fb0286d8407d9d8d3c867d06c7a1fc4	common_voice_gju_42563221.mp3	126afc84652532794cc3d4d529ceb4bc54828151c539aeaf0fc53a13bf27fc93	نہ مُکن ہالو نقصان ہویو		2	0	fourties				gju	
e65a8c3ba525042ceba11e102309b2525de4d7748b513787fc3ecc50c13c97654e626571fcdb8a6d96b78af3e6c5bfa95fb0286d8407d9d8d3c867d06c7a1fc4	common_voice_gju_42563220.mp3	3f141ac53ddc8cf5b795b74f0846f9f1f952eddab4cadb4ed115e9c60a794213	ا س بِچار ا کی اشانے زندگی گزرتی چلے تھی		2	0	fourties				gju	
e65a8c3ba525042ceba11e102309b2525de4d7748b513787fc3ecc50c13c97654e626571fcdb8a6d96b78af3e6c5bfa95fb0286d8407d9d8d3c867d06c7a1fc4	common_voice_gju_42563200.mp3	3fb82bf7ffedde2fa4a956cb2bea81f5c610bf4949db04be97b76a0c3ba72aae	یوہ واقعو کافی پرانا وقت کو		2	0	fourties				gju	
e65a8c3ba525042ceba11e102309b2525de4d7748b513787fc3ecc50c13c97654e626571fcdb8a6d96b78af3e6c5bfa95fb0286d8407d9d8d3c867d06c7a1fc4	common_voice_gju_42563199.mp3	33ace798e794afc5674aa602d5f2a6f9accccc9fe5444e007210622cd3409951	لڑائی کی دھیاڑی سارا لوک بٹلا ہویا		2	0	fourties				gju	
e65a8c3ba525042ceba11e102309b2525de4d7748b513787fc3ecc50c13c97654e626571fcdb8a6d96b78af3e6c5bfa95fb0286d8407d9d8d3c867d06c7a1fc4	common_voice_gju_42563198.mp3	2eeb7fda7e34d2165ca31c0d166dcaca293d3095ca5242a3335c999e17758da4	پنجی بھادرا نا کھاہری لوک ڈیرا پَٹ کے بُرزل ٹاپ کول جا رہیا		2	0	fourties				gju	
e65a8c3ba525042ceba11e102309b2525de4d7748b513787fc3ecc50c13c97654e626571fcdb8a6d96b78af3e6c5bfa95fb0286d8407d9d8d3c867d06c7a1fc4	common_voice_gju_42563197.mp3	1a32381adaf3e27e9802f0a0a31361cf243e896641c83f4f7197d3b47f982a1b	بھائی نال تھو۔		2	0	fourties				gju	
e65a8c3ba525042ceba11e102309b2525de4d7748b513787fc3ecc50c13c97654e626571fcdb8a6d96b78af3e6c5bfa95fb0286d8407d9d8d3c867d06c7a1fc4	common_voice_gju_42563196.mp3	2d83f00a80a8fcdbc2a9a9032e2b0cda069bfbefa650cb08c3f9f80086d7a441	بکروالا ں کی ایک گڈی دریا ما رُڑھ گئی		2	0	fourties				gju	
e65a8c3ba525042ceba11e102309b2525de4d7748b513787fc3ecc50c13c97654e626571fcdb8a6d96b78af3e6c5bfa95fb0286d8407d9d8d3c867d06c7a1fc4	common_voice_gju_42563190.mp3	44978462b639f588ee65ef1db1b4e2b983a2ab53f89d4b7d4bbfd5f68f72a25a	اس ندی پو چلتاں چلتاں یہ لوک		2	0	fourties				gju	
e65a8c3ba525042ceba11e102309b2525de4d7748b513787fc3ecc50c13c97654e626571fcdb8a6d96b78af3e6c5bfa95fb0286d8407d9d8d3c867d06c7a1fc4	common_voice_gju_42563189.mp3	44825a484ebca7b8df047e1a048adca5de17120646c4780f1c891147ca91975e	اس نے ایک چلاکی کری		2	0	fourties				gju	
e65a8c3ba525042ceba11e102309b2525de4d7748b513787fc3ecc50c13c97654e626571fcdb8a6d96b78af3e6c5bfa95fb0286d8407d9d8d3c867d06c7a1fc4	common_voice_gju_42563188.mp3	0dc333c041078fcfaf04333fd2fcb8c08277b0530cfe18da5f7a6030eb9fefd8	کائے شے کھان واسطے بھی نیہہ تھی		2	0	fourties				gju	
e65a8c3ba525042ceba11e102309b2525de4d7748b513787fc3ecc50c13c97654e626571fcdb8a6d96b78af3e6c5bfa95fb0286d8407d9d8d3c867d06c7a1fc4	common_voice_gju_42563187.mp3	34c5408819670c1f3a6ad9cabc18f6ce236c9adaeb4e8b259ddcf43717450982	بادشاہ نے کہیو جی چلوں		2	0	fourties				gju	
e65a8c3ba525042ceba11e102309b2525de4d7748b513787fc3ecc50c13c97654e626571fcdb8a6d96b78af3e6c5bfa95fb0286d8407d9d8d3c867d06c7a1fc4	common_voice_gju_42563186.mp3	43272329f5e82d10d8fccea450b4f6942e5e8dbf6d3974d41cf6c0aebf60a6db	ٹرک ما لدیو		2	0	fourties				gju	
e65a8c3ba525042ceba11e102309b2525de4d7748b513787fc3ecc50c13c97654e626571fcdb8a6d96b78af3e6c5bfa95fb0286d8407d9d8d3c867d06c7a1fc4	common_voice_gju_42563179.mp3	2baae4c34524cf0c52b5944262a09b64d88d8c692882ee8884c4bc70560ed84c	اس کٹھا ما اگلا سنگی اونٹھاں		2	0	fourties				gju	
e65a8c3ba525042ceba11e102309b2525de4d7748b513787fc3ecc50c13c97654e626571fcdb8a6d96b78af3e6c5bfa95fb0286d8407d9d8d3c867d06c7a1fc4	common_voice_gju_42563178.mp3	3f861d5c79b3a5812926ef46637132d99e928f1b2a5ad7569493f82d03205217	جے اللہ تعالیٰ اُنھ ساراں کی بخشش کرے		2	0	fourties				gju	
e65a8c3ba525042ceba11e102309b2525de4d7748b513787fc3ecc50c13c97654e626571fcdb8a6d96b78af3e6c5bfa95fb0286d8407d9d8d3c867d06c7a1fc4	common_voice_gju_42563176.mp3	39b5de037223155efc8fc1bf47f053dd92ccdaa438ec551dee0834ddd8ff6a61	ہوں کہوں ’ نیہہ‘		2	0	fourties				gju	
e65a8c3ba525042ceba11e102309b2525de4d7748b513787fc3ecc50c13c97654e626571fcdb8a6d96b78af3e6c5bfa95fb0286d8407d9d8d3c867d06c7a1fc4	common_voice_gju_42563174.mp3	1a0612c6d4d428b88dc9e909692bfd64ddf9666567fb4ca77decd82db23dd850	چلاں		2	0	fourties				gju	
e65a8c3ba525042ceba11e102309b2525de4d7748b513787fc3ecc50c13c97654e626571fcdb8a6d96b78af3e6c5bfa95fb0286d8407d9d8d3c867d06c7a1fc4	common_voice_gju_42563171.mp3	430de30b58fadfe1a1677a6003200d3f9e761b37523c80eaae26c58c62ffefb1	کاہڈ اِسیں بھی جہان وس لایو		2	0	fourties				gju	
e65a8c3ba525042ceba11e102309b2525de4d7748b513787fc3ecc50c13c97654e626571fcdb8a6d96b78af3e6c5bfa95fb0286d8407d9d8d3c867d06c7a1fc4	common_voice_gju_42563164.mp3	385c8b83b80be96f1403d6c8ac35025db4a3ae39ae03266350f3004180cf44ef	‘‘وہ کہن لگو		2	0	fourties				gju	
e65a8c3ba525042ceba11e102309b2525de4d7748b513787fc3ecc50c13c97654e626571fcdb8a6d96b78af3e6c5bfa95fb0286d8407d9d8d3c867d06c7a1fc4	common_voice_gju_42563163.mp3	3434f99710e307790864f84d92c1b91197dc83fb203825b155e3b57336f7916b	ہم یاہ رَکھ تھارے ناں لا چھُڑاں		2	0	fourties				gju	
e65a8c3ba525042ceba11e102309b2525de4d7748b513787fc3ecc50c13c97654e626571fcdb8a6d96b78af3e6c5bfa95fb0286d8407d9d8d3c867d06c7a1fc4	common_voice_gju_42563162.mp3	4143282d850f203e1bdddba9ffe457fd8612a63c1acc2e084348ea162c122a45	اک دھیاڑے اشکاری اُس ڈھارا ما آیا اِنھ نے دیکھیو ایک جاتک اُ ت بیٹھو		2	0	fourties				gju	
e65a8c3ba525042ceba11e102309b2525de4d7748b513787fc3ecc50c13c97654e626571fcdb8a6d96b78af3e6c5bfa95fb0286d8407d9d8d3c867d06c7a1fc4	common_voice_gju_42563161.mp3	080b6af5626a15a3487b58ee46dda761a813e94c4f4f9624d70ab29a21a45169	ہوں اس شہید کو تھارے		2	0	fourties				gju	
e65a8c3ba525042ceba11e102309b2525de4d7748b513787fc3ecc50c13c97654e626571fcdb8a6d96b78af3e6c5bfa95fb0286d8407d9d8d3c867d06c7a1fc4	common_voice_gju_42563160.mp3	265d6ac66ee3fa75047ad41a79cb22b17bcdc63af223e49aa23639afa3eff13d	لڑائی		2	0	fourties				gju	
e65a8c3ba525042ceba11e102309b2525de4d7748b513787fc3ecc50c13c97654e626571fcdb8a6d96b78af3e6c5bfa95fb0286d8407d9d8d3c867d06c7a1fc4	common_voice_gju_42563159.mp3	15d14d7f053c2a061c8d9b53fb96473b297b8367c8690cc1a14e933aae277f02	پِچھاں کچر رُڑ جائے گی		2	0	fourties				gju	
e65a8c3ba525042ceba11e102309b2525de4d7748b513787fc3ecc50c13c97654e626571fcdb8a6d96b78af3e6c5bfa95fb0286d8407d9d8d3c867d06c7a1fc4	common_voice_gju_42563158.mp3	2dc25f66342201a84d3ac0d3ae0f1f19786a4b06b50d2c659a747264f62be8b8	بکری بے ڈیرا کولے ڈَکی		2	0	fourties				gju	
e65a8c3ba525042ceba11e102309b2525de4d7748b513787fc3ecc50c13c97654e626571fcdb8a6d96b78af3e6c5bfa95fb0286d8407d9d8d3c867d06c7a1fc4	common_voice_gju_42563157.mp3	43f6abf3732bf59409f00bfaa7816f279bd9c59b8195caf84ddd8111249bfa49	اس بجلی نے اِنھ کی پنجی بکری مار چھُڑی		2	0	fourties				gju	
e65a8c3ba525042ceba11e102309b2525de4d7748b513787fc3ecc50c13c97654e626571fcdb8a6d96b78af3e6c5bfa95fb0286d8407d9d8d3c867d06c7a1fc4	common_voice_gju_42563156.mp3	1e04404bbeb2dfc03917b5099f50da95ec31dd5a5145c6ec2b47fea4f9e14872	ایک دوجی جا ما جا جے تَمو لا لیو		2	0	fourties				gju	
e65a8c3ba525042ceba11e102309b2525de4d7748b513787fc3ecc50c13c97654e626571fcdb8a6d96b78af3e6c5bfa95fb0286d8407d9d8d3c867d06c7a1fc4	common_voice_gju_42563155.mp3	1670bf752d236ceb8b5cc653d13da4354b3b020dada803fd7ce4fdecb4891cb8	باپ ڈوگیاں ما کم کرے تھو		2	0	fourties				gju	
e65a8c3ba525042ceba11e102309b2525de4d7748b513787fc3ecc50c13c97654e626571fcdb8a6d96b78af3e6c5bfa95fb0286d8407d9d8d3c867d06c7a1fc4	common_voice_gju_42563145.mp3	01d21cfd2b83218e9f8cd7f773b75104b8a207602dd3a43e2c17b75736288807	بکریاں نا اگے کروں جے راہ بنے		2	0	fourties				gju	
e65a8c3ba525042ceba11e102309b2525de4d7748b513787fc3ecc50c13c97654e626571fcdb8a6d96b78af3e6c5bfa95fb0286d8407d9d8d3c867d06c7a1fc4	common_voice_gju_42563144.mp3	e4f2541e96ccde6da87848bf59d65e9d66ea8f7a2053f802c5a981073789b629	نہ لکڑی تھی		2	0	fourties				gju	
e65a8c3ba525042ceba11e102309b2525de4d7748b513787fc3ecc50c13c97654e626571fcdb8a6d96b78af3e6c5bfa95fb0286d8407d9d8d3c867d06c7a1fc4	common_voice_gju_42563143.mp3	299ccf45cf26e27eb6b7e6915935392f6004d4fa5b894e6b60940d510101b28e	یوہ حِلیو وو رچھ میری ایک بکری نیہہ چھوڈسے گو		2	0	fourties				gju	
e65a8c3ba525042ceba11e102309b2525de4d7748b513787fc3ecc50c13c97654e626571fcdb8a6d96b78af3e6c5bfa95fb0286d8407d9d8d3c867d06c7a1fc4	common_voice_gju_42563142.mp3	f2e8732a4294f5a84c9c0b121d9d0bfe0185562875e6775e1b2c9fa9a64af791	وہ جنو مچ پریشان ہو گیو		2	0	fourties				gju	
e65a8c3ba525042ceba11e102309b2525de4d7748b513787fc3ecc50c13c97654e626571fcdb8a6d96b78af3e6c5bfa95fb0286d8407d9d8d3c867d06c7a1fc4	common_voice_gju_42563141.mp3	44bfd4c3c3f919b97f3b903046ea16fafbd52a093da0d07a431ee0a1ce58f81d	رہیا		2	0	fourties				gju	
e65a8c3ba525042ceba11e102309b2525de4d7748b513787fc3ecc50c13c97654e626571fcdb8a6d96b78af3e6c5bfa95fb0286d8407d9d8d3c867d06c7a1fc4	common_voice_gju_42563130.mp3	2383b4e55e9acf74b6a7fa940ab46740ad0b3dab04558055614c420c12aa924f	وہ اُس رات بکریاں نالوں رُڑھ کے کافی زخمی ہو گیو		2	0	fourties				gju	
e65a8c3ba525042ceba11e102309b2525de4d7748b513787fc3ecc50c13c97654e626571fcdb8a6d96b78af3e6c5bfa95fb0286d8407d9d8d3c867d06c7a1fc4	common_voice_gju_42563129.mp3	454c3ce597fa2fea45e19921a8cf1bba2a6a932be1e7a465fb9dca2f3309e25b	اُنھ ترواں کے بِچو کسے نے واہ گٹی نہ چک سکی		2	0	fourties				gju	
e65a8c3ba525042ceba11e102309b2525de4d7748b513787fc3ecc50c13c97654e626571fcdb8a6d96b78af3e6c5bfa95fb0286d8407d9d8d3c867d06c7a1fc4	common_voice_gju_42563128.mp3	0b329b2eeb327425d863cd8f454477b374c186e7fd5450f87c7974184b66c28f	ویہ کہن لگی		2	0	fourties				gju	
e65a8c3ba525042ceba11e102309b2525de4d7748b513787fc3ecc50c13c97654e626571fcdb8a6d96b78af3e6c5bfa95fb0286d8407d9d8d3c867d06c7a1fc4	common_voice_gju_42563127.mp3	333c924a4e72c16ea39c3f97845b2869e2f57bb8cb05fb8af7947d9cb7f996ad	یوہ جنو بادشاہ کوڑے گیو		2	0	fourties				gju	
e65a8c3ba525042ceba11e102309b2525de4d7748b513787fc3ecc50c13c97654e626571fcdb8a6d96b78af3e6c5bfa95fb0286d8407d9d8d3c867d06c7a1fc4	common_voice_gju_42563126.mp3	4238a5a61e5e40faae2371880582dcce369e5db43ae052e3982ddc5808783cf9	پوت نے کہیو		2	0	fourties				gju	
e65a8c3ba525042ceba11e102309b2525de4d7748b513787fc3ecc50c13c97654e626571fcdb8a6d96b78af3e6c5bfa95fb0286d8407d9d8d3c867d06c7a1fc4	common_voice_gju_42563120.mp3	36864f657aceb43c9c52acff0014019f854eeb839c639096fd0aef9632305b67	نس کے اپنی پھوپھی کولے جا رہیو		2	0	fourties				gju	
e65a8c3ba525042ceba11e102309b2525de4d7748b513787fc3ecc50c13c97654e626571fcdb8a6d96b78af3e6c5bfa95fb0286d8407d9d8d3c867d06c7a1fc4	common_voice_gju_42563119.mp3	438ec328aebd3f94af616f6094f073833a79c80088a82884ede423905faf96ec	اندھیرا ما اس کو ہتھ کاڑا لیلا اپر لگ گیو		2	0	fourties				gju	
e65a8c3ba525042ceba11e102309b2525de4d7748b513787fc3ecc50c13c97654e626571fcdb8a6d96b78af3e6c5bfa95fb0286d8407d9d8d3c867d06c7a1fc4	common_voice_gju_42563118.mp3	39ae25a0e6b76e9ed014872c04452e1cb227f129c9002d85fd1a51b35d96a520	اُت ہسپتال ہالاں نے کہیو انھاں جھب جھب گلگلت لے چلوں		2	0	fourties				gju	
e65a8c3ba525042ceba11e102309b2525de4d7748b513787fc3ecc50c13c97654e626571fcdb8a6d96b78af3e6c5bfa95fb0286d8407d9d8d3c867d06c7a1fc4	common_voice_gju_42563117.mp3	41eae864e26c222b0efd9cd4734f87eea93269e84c8907326d970e4f08b5005c	وہ جا رہیو میں اُتو ہٹی اپر پوہچ کے سودو لیو۔		2	0	fourties				gju	
e65a8c3ba525042ceba11e102309b2525de4d7748b513787fc3ecc50c13c97654e626571fcdb8a6d96b78af3e6c5bfa95fb0286d8407d9d8d3c867d06c7a1fc4	common_voice_gju_42563116.mp3	3920dee2d6956fa720093139dd1a69a996eb98bdaa78bb03d8f18dd3011cdd13	اُس دکاندار نا منا دس		2	0	fourties				gju	
e65a8c3ba525042ceba11e102309b2525de4d7748b513787fc3ecc50c13c97654e626571fcdb8a6d96b78af3e6c5bfa95fb0286d8407d9d8d3c867d06c7a1fc4	common_voice_gju_42563105.mp3	2e7f43c19e3d080ff61e2cae8597bef35812a04f2a3079efea1a780f44f2c75d	مظفرآباد تا لے گیا		2	0	fourties				gju	
e65a8c3ba525042ceba11e102309b2525de4d7748b513787fc3ecc50c13c97654e626571fcdb8a6d96b78af3e6c5bfa95fb0286d8407d9d8d3c867d06c7a1fc4	common_voice_gju_42563104.mp3	34afda70333cce607caf26c6b57a80412711590d87dc33e1c66d38377266d075	پروین نے کہیو:”یاہ دو دن		2	0	fourties				gju	
e65a8c3ba525042ceba11e102309b2525de4d7748b513787fc3ecc50c13c97654e626571fcdb8a6d96b78af3e6c5bfa95fb0286d8407d9d8d3c867d06c7a1fc4	common_voice_gju_42563103.mp3	188db5c8469f02be77c75069275ed40400a0f26ed2c6c413fb260a6fb8bb4e34	ہوں انھ سَینہاں نا کھوڑ کے ڈھاکا نا دوڑا چھوڈوں		2	0	fourties				gju	
e65a8c3ba525042ceba11e102309b2525de4d7748b513787fc3ecc50c13c97654e626571fcdb8a6d96b78af3e6c5bfa95fb0286d8407d9d8d3c867d06c7a1fc4	common_voice_gju_42563102.mp3	2df26fc46d474067c78b8926eea5ab31c852525e28820f71c54cbc518d302146	کم ست اَٹھ سو بکری تھی اس کو یوہ پُوت مُچ تکڑو وھے تھو		2	0	fourties				gju	
e65a8c3ba525042ceba11e102309b2525de4d7748b513787fc3ecc50c13c97654e626571fcdb8a6d96b78af3e6c5bfa95fb0286d8407d9d8d3c867d06c7a1fc4	common_voice_gju_42563101.mp3	2fb18546ffc532244b60ddf3ede18c4ec61bd889ccf2f386f5f9c37a2895b59b	جس بِلے پروین کی واری آئی		2	0	fourties				gju	
e65a8c3ba525042ceba11e102309b2525de4d7748b513787fc3ecc50c13c97654e626571fcdb8a6d96b78af3e6c5bfa95fb0286d8407d9d8d3c867d06c7a1fc4	common_voice_gju_42563090.mp3	29077bd704db57e2e00eda604665781e6293f044272f0b1801dbde45878a191a	اُس نا کہن لگو		2	0	fourties				gju	
e65a8c3ba525042ceba11e102309b2525de4d7748b513787fc3ecc50c13c97654e626571fcdb8a6d96b78af3e6c5bfa95fb0286d8407d9d8d3c867d06c7a1fc4	common_voice_gju_42563089.mp3	37dfff80e9a57be407b82142bdb4299571ccde69772257840ff167be1195a32e	میں دیو کو مورو دیکھیو ہے		2	0	fourties				gju	
e65a8c3ba525042ceba11e102309b2525de4d7748b513787fc3ecc50c13c97654e626571fcdb8a6d96b78af3e6c5bfa95fb0286d8407d9d8d3c867d06c7a1fc4	common_voice_gju_42563088.mp3	02d20a4c6d559ace810a74b60fd764d5eba794e59a5af4dbc40d962fb881389a	اس قِسم کا کافی واقعہ بکروالاں نال پیش آوے		2	0	fourties				gju	
e65a8c3ba525042ceba11e102309b2525de4d7748b513787fc3ecc50c13c97654e626571fcdb8a6d96b78af3e6c5bfa95fb0286d8407d9d8d3c867d06c7a1fc4	common_voice_gju_42563087.mp3	328c7b931c946a7d459a624a126fea7ac8eb36f7bfff89c6cd4b4eb28074819f	مچ خوش باش زندگی گزاری		2	0	fourties				gju	
e65a8c3ba525042ceba11e102309b2525de4d7748b513787fc3ecc50c13c97654e626571fcdb8a6d96b78af3e6c5bfa95fb0286d8407d9d8d3c867d06c7a1fc4	common_voice_gju_42563086.mp3	29b7d58e2488cd70a79ab28380ddd5e5c0dfe651a08ab0496e2833caded460f7	خاص کر کے عزیز		2	0	fourties				gju	
e65a8c3ba525042ceba11e102309b2525de4d7748b513787fc3ecc50c13c97654e626571fcdb8a6d96b78af3e6c5bfa95fb0286d8407d9d8d3c867d06c7a1fc4	common_voice_gju_42563080.mp3	0d71b198c08f34f9460c9a43a90235080e150d6b603fdf6b8d616c3075a178f9	راہ ما ہم نا ایک جنو لَبھ گیو		2	0	fourties				gju	
e65a8c3ba525042ceba11e102309b2525de4d7748b513787fc3ecc50c13c97654e626571fcdb8a6d96b78af3e6c5bfa95fb0286d8407d9d8d3c867d06c7a1fc4	common_voice_gju_42563079.mp3	2f5ea0ac35badc850bf97fddd17d768994a93bce37fae26a2929ba9d53ebf937	نہ اُنھ کا تمو		2	0	fourties				gju	
e65a8c3ba525042ceba11e102309b2525de4d7748b513787fc3ecc50c13c97654e626571fcdb8a6d96b78af3e6c5bfa95fb0286d8407d9d8d3c867d06c7a1fc4	common_voice_gju_42563078.mp3	430d8d3e42c5a21ead5275449ac50acce7a4c6a75e6e54113667015e6262f1b8	بزار نا گیو۔		2	0	fourties				gju	
e65a8c3ba525042ceba11e102309b2525de4d7748b513787fc3ecc50c13c97654e626571fcdb8a6d96b78af3e6c5bfa95fb0286d8407d9d8d3c867d06c7a1fc4	common_voice_gju_42563077.mp3	1f0f9687e0f1501e73e58c8552224318fb08037e119294d4a33ca167b576baee	یاہ خبر سن کے مہارا دو جنا بھی مُڑ کے اُس جا نا گیا		2	0	fourties				gju	
e65a8c3ba525042ceba11e102309b2525de4d7748b513787fc3ecc50c13c97654e626571fcdb8a6d96b78af3e6c5bfa95fb0286d8407d9d8d3c867d06c7a1fc4	common_voice_gju_42563076.mp3	0b647b9a6554b3a97a501472a372c8feb3d02e170cd837df9c14940e56f253a6	بھی تم منا چِھک کے کڈھیوں‘‘		2	0	fourties				gju	
e65a8c3ba525042ceba11e102309b2525de4d7748b513787fc3ecc50c13c97654e626571fcdb8a6d96b78af3e6c5bfa95fb0286d8407d9d8d3c867d06c7a1fc4	common_voice_gju_42563065.mp3	0b0a02ff34db8021bceffe321aadc6e3a553eecfb10fa624625bb22f7641e4ae	دوجے دھیاڑے ٹیکہ لان ہالا آیا		2	0	fourties				gju	
e65a8c3ba525042ceba11e102309b2525de4d7748b513787fc3ecc50c13c97654e626571fcdb8a6d96b78af3e6c5bfa95fb0286d8407d9d8d3c867d06c7a1fc4	common_voice_gju_42563064.mp3	3d209066587eabe8fcdfa9c0e2287a27ecd7b5d7f92686ad19a01ade5ea759b8	بلادری کا لوکاں نے اُنھ جاتکاں نا سھارو شھارو دِتو		2	0	fourties				gju	
e65a8c3ba525042ceba11e102309b2525de4d7748b513787fc3ecc50c13c97654e626571fcdb8a6d96b78af3e6c5bfa95fb0286d8407d9d8d3c867d06c7a1fc4	common_voice_gju_42563063.mp3	1308fbc7e8f621d034a03d8087f52bb08ab951ec74ec4f421aa161e063ca7ea1	مُچ زخمی ہو گیو		2	0	fourties				gju	
e65a8c3ba525042ceba11e102309b2525de4d7748b513787fc3ecc50c13c97654e626571fcdb8a6d96b78af3e6c5bfa95fb0286d8407d9d8d3c867d06c7a1fc4	common_voice_gju_42563062.mp3	086e7acdeae01602e254737b02b661b4eb53416d194b594ebd0a13c3e2b381e2	اِت میرو کوئی چارو نیہہ تھو		2	0	fourties				gju	
e65a8c3ba525042ceba11e102309b2525de4d7748b513787fc3ecc50c13c97654e626571fcdb8a6d96b78af3e6c5bfa95fb0286d8407d9d8d3c867d06c7a1fc4	common_voice_gju_42563061.mp3	2c0cf0fd9649840e0a4b069183c7462991975ac6ad3941c4415cd292bdb70840	ڈیرے		2	0	fourties				gju	
e65a8c3ba525042ceba11e102309b2525de4d7748b513787fc3ecc50c13c97654e626571fcdb8a6d96b78af3e6c5bfa95fb0286d8407d9d8d3c867d06c7a1fc4	common_voice_gju_42563055.mp3	35a7275908de5ff80aa673c712cc5c59ecae97c6948759285ceb0373672f36c3	بارش برتی برتی مُچ زیادہ ہو گئی		2	0	fourties				gju	
e65a8c3ba525042ceba11e102309b2525de4d7748b513787fc3ecc50c13c97654e626571fcdb8a6d96b78af3e6c5bfa95fb0286d8407d9d8d3c867d06c7a1fc4	common_voice_gju_42563054.mp3	024b26f6d96580121119ebbc618fa89a20d041c0f033a2d03bd97819e57cee6f	ہم مُچ خوش		2	0	fourties				gju	
e65a8c3ba525042ceba11e102309b2525de4d7748b513787fc3ecc50c13c97654e626571fcdb8a6d96b78af3e6c5bfa95fb0286d8407d9d8d3c867d06c7a1fc4	common_voice_gju_42563053.mp3	347a294af5223d8a0cbc4dddce552adfe3aefa1667b43dcdd0343ef9ef967003	ان لوکاں کی اکھ بے خراب ہو گئی تھی		2	0	fourties				gju	
e65a8c3ba525042ceba11e102309b2525de4d7748b513787fc3ecc50c13c97654e626571fcdb8a6d96b78af3e6c5bfa95fb0286d8407d9d8d3c867d06c7a1fc4	common_voice_gju_42563052.mp3	1337e8ad8c50275b511ccc44e996bc8420d66be7f2f6f765e62c220afc65a6fd	بارش زیادہ ہون کی وجہ		2	0	fourties				gju	
e65a8c3ba525042ceba11e102309b2525de4d7748b513787fc3ecc50c13c97654e626571fcdb8a6d96b78af3e6c5bfa95fb0286d8407d9d8d3c867d06c7a1fc4	common_voice_gju_42563051.mp3	2fe396028b423eade0d8c37942678468151f089201058be13431f91b20e1bf00	ساری دنیا اللہ نے بنائی ہے۔	general	2	0	fourties				gju	
e65a8c3ba525042ceba11e102309b2525de4d7748b513787fc3ecc50c13c97654e626571fcdb8a6d96b78af3e6c5bfa95fb0286d8407d9d8d3c867d06c7a1fc4	common_voice_gju_42563039.mp3	0b70e9798eb7d4ccadb99d65a24307e36559d68bf55e0f374dd9d6f8c9a5abd0	رِچھ کھائے		2	0	fourties				gju	
e65a8c3ba525042ceba11e102309b2525de4d7748b513787fc3ecc50c13c97654e626571fcdb8a6d96b78af3e6c5bfa95fb0286d8407d9d8d3c867d06c7a1fc4	common_voice_gju_42563038.mp3	17cd12a75909ce1e9afffb8643e0e9a83b0d42f1c62f33adb3c26d8f73fdddf8	لوہار نے کہیو		2	0	fourties				gju	
e65a8c3ba525042ceba11e102309b2525de4d7748b513787fc3ecc50c13c97654e626571fcdb8a6d96b78af3e6c5bfa95fb0286d8407d9d8d3c867d06c7a1fc4	common_voice_gju_42563037.mp3	2dc6cdfe7e8929253ea179df82472a56c431dd4786e5089906fa05e1b01783f8	کوئی شے منگتو		2	0	fourties				gju	
e65a8c3ba525042ceba11e102309b2525de4d7748b513787fc3ecc50c13c97654e626571fcdb8a6d96b78af3e6c5bfa95fb0286d8407d9d8d3c867d06c7a1fc4	common_voice_gju_42563036.mp3	21f74dd83187faab41213a21b8dbc37bf68a96d47ccdd4666f5f74dd6ef7a3ed	سو جا بیٹکی سو جا		2	0	fourties				gju	
e65a8c3ba525042ceba11e102309b2525de4d7748b513787fc3ecc50c13c97654e626571fcdb8a6d96b78af3e6c5bfa95fb0286d8407d9d8d3c867d06c7a1fc4	common_voice_gju_42563031.mp3	160554b444257d28824a2e9d95cec7a90620ef0cae4592134a19da1fab54f9d0	تھوڑو جو اَگے گیو		2	0	fourties				gju	
e65a8c3ba525042ceba11e102309b2525de4d7748b513787fc3ecc50c13c97654e626571fcdb8a6d96b78af3e6c5bfa95fb0286d8407d9d8d3c867d06c7a1fc4	common_voice_gju_42563030.mp3	37710d2d0963aafd14980c75f11cf213d52dc2c77104cc0b508a34b04a43e51e	جنازہ کے نال آن ہالا لوک رات جلکھڈ ما اجڑیاں کے ڈیرے رہیا		2	0	fourties				gju	
e65a8c3ba525042ceba11e102309b2525de4d7748b513787fc3ecc50c13c97654e626571fcdb8a6d96b78af3e6c5bfa95fb0286d8407d9d8d3c867d06c7a1fc4	common_voice_gju_42563029.mp3	2f95706c49372138afd81a0ed9b5d402376988ab1c296e1382b30de16d28e83a	پل نیہہ برہتی ہم گلی تا پوہچ جاں گا		2	0	fourties				gju	
e65a8c3ba525042ceba11e102309b2525de4d7748b513787fc3ecc50c13c97654e626571fcdb8a6d96b78af3e6c5bfa95fb0286d8407d9d8d3c867d06c7a1fc4	common_voice_gju_42563028.mp3	4060ae95c844ea8e4c328bf4d643536195872abb4f02c26a6f8af85bcc706311	کَدے کاہڈ کالوک اُس اپنی خاص قبیلہ یا قوم کی زبان نا چھو ڈ دیے		2	0	fourties				gju	
e65a8c3ba525042ceba11e102309b2525de4d7748b513787fc3ecc50c13c97654e626571fcdb8a6d96b78af3e6c5bfa95fb0286d8407d9d8d3c867d06c7a1fc4	common_voice_gju_42563027.mp3	3da9aad4fa3960e0adfd949815fa20d7392724e9278574fb09bd3d91ee417ac4	کدے سجدہ تلاوت آلی ایت پڑھی تے بھی اسے وخت سجدو کرنو۔		2	0	fourties				gju	
e65a8c3ba525042ceba11e102309b2525de4d7748b513787fc3ecc50c13c97654e626571fcdb8a6d96b78af3e6c5bfa95fb0286d8407d9d8d3c867d06c7a1fc4	common_voice_gju_42563021.mp3	3e98e2e14544ea5eb4e8377c745bb92c1bf748fa5d5dad938baf6d289081c5bd	مظفرآباد کا ہسپتال ما اس کو علاج ہویو		2	0	fourties				gju	
e65a8c3ba525042ceba11e102309b2525de4d7748b513787fc3ecc50c13c97654e626571fcdb8a6d96b78af3e6c5bfa95fb0286d8407d9d8d3c867d06c7a1fc4	common_voice_gju_42563020.mp3	1a9ee8c9809caa7336eaa3872e1bbbfbf4d07ec13bb76c54b35ec3fa561711c1	بڈھی کہن لگی " ہوں جی تنا کہوں تھی رچھ ناڑ یاری نہ لا"		2	0	fourties				gju	
e65a8c3ba525042ceba11e102309b2525de4d7748b513787fc3ecc50c13c97654e626571fcdb8a6d96b78af3e6c5bfa95fb0286d8407d9d8d3c867d06c7a1fc4	common_voice_gju_42563019.mp3	01ba41ef1f60a72985feaf48c041410098f05410ddead61351c770f2b00ceb87	ویہ اپنی بکریاں نا لے ا ٓ گیا		2	0	fourties				gju	
e65a8c3ba525042ceba11e102309b2525de4d7748b513787fc3ecc50c13c97654e626571fcdb8a6d96b78af3e6c5bfa95fb0286d8407d9d8d3c867d06c7a1fc4	common_voice_gju_42563018.mp3	27b870e5545d266c8f0dec7f487ab66a07c41de3cdb87ca39f102a8ff3af6a0e	جنا نے بڑی بڑی ڈنڈ ماری		2	0	fourties				gju	
e65a8c3ba525042ceba11e102309b2525de4d7748b513787fc3ecc50c13c97654e626571fcdb8a6d96b78af3e6c5bfa95fb0286d8407d9d8d3c867d06c7a1fc4	common_voice_gju_42563017.mp3	3a6d89c4200fb4106ca00214558183b6a4f328f55b94b8a7094708d15474e003	نماشاں ہوگئی		2	0	fourties				gju	
e65a8c3ba525042ceba11e102309b2525de4d7748b513787fc3ecc50c13c97654e626571fcdb8a6d96b78af3e6c5bfa95fb0286d8407d9d8d3c867d06c7a1fc4	common_voice_gju_42563006.mp3	247a7ee591cd2a82167aee7656b3fe0b7dffe1f347e3d511b6202094a90a3a4f	گل ڈیرا تا چل کم کر		2	0	fourties				gju	
e65a8c3ba525042ceba11e102309b2525de4d7748b513787fc3ecc50c13c97654e626571fcdb8a6d96b78af3e6c5bfa95fb0286d8407d9d8d3c867d06c7a1fc4	common_voice_gju_42563005.mp3	240a0ef2ddd100e30a403530013dc16af9192a4e2df7a398f1591e87d3b4c88a	اُنھ پو رات آ گئی		2	0	fourties				gju	
e65a8c3ba525042ceba11e102309b2525de4d7748b513787fc3ecc50c13c97654e626571fcdb8a6d96b78af3e6c5bfa95fb0286d8407d9d8d3c867d06c7a1fc4	common_voice_gju_42563004.mp3	064f278972e81e4ad78765825258fda28c2fb94b345da78e5eea3bc42949139a	جنا تیار کریا جن ما نورعالم ڈوئی نزیر ڈوئی		2	0	fourties				gju	
e65a8c3ba525042ceba11e102309b2525de4d7748b513787fc3ecc50c13c97654e626571fcdb8a6d96b78af3e6c5bfa95fb0286d8407d9d8d3c867d06c7a1fc4	common_voice_gju_42563003.mp3	392100cee891091a3f5b349f2c019a4e903c6f3e9e45016acab36f97719d47c6	جے مھاری زبان گوجری		2	0	fourties				gju	
e65a8c3ba525042ceba11e102309b2525de4d7748b513787fc3ecc50c13c97654e626571fcdb8a6d96b78af3e6c5bfa95fb0286d8407d9d8d3c867d06c7a1fc4	common_voice_gju_42563002.mp3	4100997dff72b385e8dd8acb6d98a720bf42097e446d0db77aeb21c55cf2b33d	دیس بے رُڑھ گیو		2	0	fourties				gju	
e65a8c3ba525042ceba11e102309b2525de4d7748b513787fc3ecc50c13c97654e626571fcdb8a6d96b78af3e6c5bfa95fb0286d8407d9d8d3c867d06c7a1fc4	common_voice_gju_42562993.mp3	2e1b791d809d2e1694ccff2e9ef75614cc1507962b5d372b900aea463d80b3d0	یوہ کھانو رَت نا صاف کرے		2	0	fourties				gju	
e65a8c3ba525042ceba11e102309b2525de4d7748b513787fc3ecc50c13c97654e626571fcdb8a6d96b78af3e6c5bfa95fb0286d8407d9d8d3c867d06c7a1fc4	common_voice_gju_42562992.mp3	3adff5ea139e7dc8f75d31375f4ca4d8751d43ab75fbec276f392125692c608f	ِِِخانہ بدوش بکروالاں نا سفر ماکئی قِسم کا واقعہ پیش آوے		2	0	fourties				gju	
e65a8c3ba525042ceba11e102309b2525de4d7748b513787fc3ecc50c13c97654e626571fcdb8a6d96b78af3e6c5bfa95fb0286d8407d9d8d3c867d06c7a1fc4	common_voice_gju_42562991.mp3	062287c9614ea1f0b2882d1afe07f2df9d052185cfe530e61e71c8bb8bf5af2a	شاید اس کی جان بچ جاتی		2	0	fourties				gju	
e65a8c3ba525042ceba11e102309b2525de4d7748b513787fc3ecc50c13c97654e626571fcdb8a6d96b78af3e6c5bfa95fb0286d8407d9d8d3c867d06c7a1fc4	common_voice_gju_42562990.mp3	0951ce8bacd5e940b01ca12bc2d54557ad0a05aab6baf784c81c5913e59f5a97	بھادرا ما بارش شروع ہو گئی		2	0	fourties				gju	
e65a8c3ba525042ceba11e102309b2525de4d7748b513787fc3ecc50c13c97654e626571fcdb8a6d96b78af3e6c5bfa95fb0286d8407d9d8d3c867d06c7a1fc4	common_voice_gju_42562989.mp3	32238370825380c219f61582e6983fbe701a0daeed85fe3a416853f6799e9f92	منیر روز گھوڑاں نا چوری نال لوکاں کا فصلاں ما چھوڈے تھو		2	0	fourties				gju	
e65a8c3ba525042ceba11e102309b2525de4d7748b513787fc3ecc50c13c97654e626571fcdb8a6d96b78af3e6c5bfa95fb0286d8407d9d8d3c867d06c7a1fc4	common_voice_gju_42562978.mp3	2eeb1952e879aafea502ee6aa20abe448281ac41257e1611c4837eabd8e154a5	گھوڑاں کے بِچ پھریو		2	0	fourties				gju	
e65a8c3ba525042ceba11e102309b2525de4d7748b513787fc3ecc50c13c97654e626571fcdb8a6d96b78af3e6c5bfa95fb0286d8407d9d8d3c867d06c7a1fc4	common_voice_gju_42562977.mp3	0c65089bc4ee3988d10f0b018a83b7a77c1ebf2f3d23a88fd321596da4d1fab5	ساما ن کچراں پو لدیا		2	0	fourties				gju	
e65a8c3ba525042ceba11e102309b2525de4d7748b513787fc3ecc50c13c97654e626571fcdb8a6d96b78af3e6c5bfa95fb0286d8407d9d8d3c867d06c7a1fc4	common_voice_gju_42562976.mp3	347d8fe456b7645864f4ebf38311a7e3bed11fab250818aa5b65b76ee08e43bc	بُڈھی نے اس نا کہیو		2	0	fourties				gju	
e65a8c3ba525042ceba11e102309b2525de4d7748b513787fc3ecc50c13c97654e626571fcdb8a6d96b78af3e6c5bfa95fb0286d8407d9d8d3c867d06c7a1fc4	common_voice_gju_42562975.mp3	1cec6a5371d275ed0d8a2c090e1150f053805109db731f86a2ed066debda1843	اُس بِڑے رچھ بی آ کے جنا کو ڑے بیس رہیو		2	0	fourties				gju	
e65a8c3ba525042ceba11e102309b2525de4d7748b513787fc3ecc50c13c97654e626571fcdb8a6d96b78af3e6c5bfa95fb0286d8407d9d8d3c867d06c7a1fc4	common_voice_gju_42562974.mp3	369ef1824d184da136d93db603328f1ad868605c10743ad6d0c5ed3fc62bd573	باہر دواں پاساں دا دریا تھی یہ کِسے پاسے نیہہ جا سکے تھا		2	0	fourties				gju	
e65a8c3ba525042ceba11e102309b2525de4d7748b513787fc3ecc50c13c97654e626571fcdb8a6d96b78af3e6c5bfa95fb0286d8407d9d8d3c867d06c7a1fc4	common_voice_gju_42562963.mp3	20d6251a2f559d868c5535b5b500b222376eb681c957f0466e2db2c0e9cebbcb	اُن ما اِکن کا دو لیلا تھا		2	0	fourties				gju	
e65a8c3ba525042ceba11e102309b2525de4d7748b513787fc3ecc50c13c97654e626571fcdb8a6d96b78af3e6c5bfa95fb0286d8407d9d8d3c867d06c7a1fc4	common_voice_gju_42562962.mp3	293e1668feaf195c2f6da6b8bafe79d6d814066c260748668bf5111f27c41a76	وہ اُت مر گیو باقی لوک اُت پوہچیا		2	0	fourties				gju	
e65a8c3ba525042ceba11e102309b2525de4d7748b513787fc3ecc50c13c97654e626571fcdb8a6d96b78af3e6c5bfa95fb0286d8407d9d8d3c867d06c7a1fc4	common_voice_gju_42562961.mp3	01472c5e03761841b2a68fb89e8c8419afb23012e0d65d3f21069a8e6115ac95	دیس پل نال چِٹو شوید تھو اس نے ساراں تا واز کری جے پل پے گئی		2	0	fourties				gju	
e65a8c3ba525042ceba11e102309b2525de4d7748b513787fc3ecc50c13c97654e626571fcdb8a6d96b78af3e6c5bfa95fb0286d8407d9d8d3c867d06c7a1fc4	common_voice_gju_42562960.mp3	3be4b5b8cf301b6fe787a3371e91b93d47dede64e4f5cf45568b5c4c7317c41a	کاہڈ میرا بدلہ ما ایک بیٹکی کری		2	0	fourties				gju	
e65a8c3ba525042ceba11e102309b2525de4d7748b513787fc3ecc50c13c97654e626571fcdb8a6d96b78af3e6c5bfa95fb0286d8407d9d8d3c867d06c7a1fc4	common_voice_gju_42562956.mp3	0e7532db7c66f7f316f6c0fcce6c2f12c82f8c966fc0c8727c66fbb5a4ff06e7	پیسا ہالا لوک مچ ہے۔		2	0	fourties				gju	
e65a8c3ba525042ceba11e102309b2525de4d7748b513787fc3ecc50c13c97654e626571fcdb8a6d96b78af3e6c5bfa95fb0286d8407d9d8d3c867d06c7a1fc4	common_voice_gju_42562954.mp3	34021d46857b0ef8513ad48a3595352df4729b9450cd880fb10bca1a796dcd27	فِر اِنھ کی بادشاہی ہو گئی		2	0	fourties				gju	
e65a8c3ba525042ceba11e102309b2525de4d7748b513787fc3ecc50c13c97654e626571fcdb8a6d96b78af3e6c5bfa95fb0286d8407d9d8d3c867d06c7a1fc4	common_voice_gju_42562952.mp3	3b4a1591c3f1917fb4cc99547faf57cb7f0c4d2cd521bb83a30c47a5d1354fd8	پکھنی اس نا کہن لگی		2	0	fourties				gju	
e65a8c3ba525042ceba11e102309b2525de4d7748b513787fc3ecc50c13c97654e626571fcdb8a6d96b78af3e6c5bfa95fb0286d8407d9d8d3c867d06c7a1fc4	common_voice_gju_42562950.mp3	3ad8782418bb6f65160e209212859e7281a9935f7419954943b0f8bd69b5e333	ہن دس		2	0	fourties				gju	
e65a8c3ba525042ceba11e102309b2525de4d7748b513787fc3ecc50c13c97654e626571fcdb8a6d96b78af3e6c5bfa95fb0286d8407d9d8d3c867d06c7a1fc4	common_voice_gju_42562949.mp3	1fa0f5b9193545490f7acfcb725ba79d4f741544e3cea83ab6630f583352cca1	اِ ن نے بکری ایک رکھ ما سَٹ چھُڑی		2	0	fourties				gju	
e65a8c3ba525042ceba11e102309b2525de4d7748b513787fc3ecc50c13c97654e626571fcdb8a6d96b78af3e6c5bfa95fb0286d8407d9d8d3c867d06c7a1fc4	common_voice_gju_42562943.mp3	00eb8f61db3e9e304d45b7fb7f46c414d0740efc4da7f8c994f18aea2553d2e8	یہ دو جناں راہ ما چلیں تھا		2	0	fourties				gju	
e65a8c3ba525042ceba11e102309b2525de4d7748b513787fc3ecc50c13c97654e626571fcdb8a6d96b78af3e6c5bfa95fb0286d8407d9d8d3c867d06c7a1fc4	common_voice_gju_42562942.mp3	11700a5b7e65ca3423fce14407f077115e3f9fcee78980ff1cdd0804f2ce8b7a	رات اس نے بکری اُت بن ما ڈکی		2	0	fourties				gju	
e65a8c3ba525042ceba11e102309b2525de4d7748b513787fc3ecc50c13c97654e626571fcdb8a6d96b78af3e6c5bfa95fb0286d8407d9d8d3c867d06c7a1fc4	common_voice_gju_42562941.mp3	00d2f42ef537fe308a235ac8f17d48e5013949048864cc50c4065b6efe7c11a1	یونس کھاہری		2	0	fourties				gju	
e65a8c3ba525042ceba11e102309b2525de4d7748b513787fc3ecc50c13c97654e626571fcdb8a6d96b78af3e6c5bfa95fb0286d8407d9d8d3c867d06c7a1fc4	common_voice_gju_42562940.mp3	0a4966deecca1fdd6adabc9af3e7c3914b11974ae230be7ef2a9bcd6e988acf2	اس نے بہانو کیو		2	0	fourties				gju	
e65a8c3ba525042ceba11e102309b2525de4d7748b513787fc3ecc50c13c97654e626571fcdb8a6d96b78af3e6c5bfa95fb0286d8407d9d8d3c867d06c7a1fc4	common_voice_gju_42562939.mp3	3f3b1af9293642d44eb8ecf196a1915308eb5dabecf43623a1f7d68cad4d220e	اُس نے دیکھیو جی اُس ما ایک جاتک بیٹھو بو ہے		2	0	fourties				gju	
e65a8c3ba525042ceba11e102309b2525de4d7748b513787fc3ecc50c13c97654e626571fcdb8a6d96b78af3e6c5bfa95fb0286d8407d9d8d3c867d06c7a1fc4	common_voice_gju_42562933.mp3	1fff6dba235eed1365730a3232e84aef6efb5ff35bcbf042696cb0dd3cf4c5f5	کے ویہ پل ما پھسیا وا لوک کَڈہیا		2	0	fourties				gju	
e65a8c3ba525042ceba11e102309b2525de4d7748b513787fc3ecc50c13c97654e626571fcdb8a6d96b78af3e6c5bfa95fb0286d8407d9d8d3c867d06c7a1fc4	common_voice_gju_42562932.mp3	0f47be179f010c6721d584ef24c44fcda53348ab86cda7fc17deefd8426982a3	واہ ہُن ٹھیک تھی		2	0	fourties				gju	
e65a8c3ba525042ceba11e102309b2525de4d7748b513787fc3ecc50c13c97654e626571fcdb8a6d96b78af3e6c5bfa95fb0286d8407d9d8d3c867d06c7a1fc4	common_voice_gju_42562931.mp3	2de5245694f655276c602319c301c6e733c110e7e2d59e753c312603ce8e5b2f	اُت وہ دو دن بے ہوش رہیو		2	0	fourties				gju	
e65a8c3ba525042ceba11e102309b2525de4d7748b513787fc3ecc50c13c97654e626571fcdb8a6d96b78af3e6c5bfa95fb0286d8407d9d8d3c867d06c7a1fc4	common_voice_gju_42562930.mp3	337887af127073d7b0b5840209693e4b3147ba975ca171990ebd5c73010b1537	کُجھ وخ		2	0	fourties				gju	
e65a8c3ba525042ceba11e102309b2525de4d7748b513787fc3ecc50c13c97654e626571fcdb8a6d96b78af3e6c5bfa95fb0286d8407d9d8d3c867d06c7a1fc4	common_voice_gju_42562929.mp3	3ac82d3e803c86675d003bb449a6515e2dc3d40f7bc89a49c7756c4148113a3d	پل لگی وی تھی یہ مُچ ڈریا جے کِتے پل ہیٹھ آواں گا۔		2	0	fourties				gju	
e65a8c3ba525042ceba11e102309b2525de4d7748b513787fc3ecc50c13c97654e626571fcdb8a6d96b78af3e6c5bfa95fb0286d8407d9d8d3c867d06c7a1fc4	common_voice_gju_42562920.mp3	2d16c101c040282855a82650a94560f99441d92bd7c614437bb10381500f2eec	جنو مچ پریشان ہویو		2	0	fourties				gju	
e65a8c3ba525042ceba11e102309b2525de4d7748b513787fc3ecc50c13c97654e626571fcdb8a6d96b78af3e6c5bfa95fb0286d8407d9d8d3c867d06c7a1fc4	common_voice_gju_42562918.mp3	1d45b612c3c0b1f2b003b789a6868c8ab739ef6b7b396ecc178cddd0d58bfb50	اِن نے وہ کوہ کے دھریو		2	0	fourties				gju	
e65a8c3ba525042ceba11e102309b2525de4d7748b513787fc3ecc50c13c97654e626571fcdb8a6d96b78af3e6c5bfa95fb0286d8407d9d8d3c867d06c7a1fc4	common_voice_gju_42562917.mp3	17244089421b7da8a24a975ee9cce3901a64c3aed2517851dd635620cbcc2925	سنگیاں نے اس		2	0	fourties				gju	
e65a8c3ba525042ceba11e102309b2525de4d7748b513787fc3ecc50c13c97654e626571fcdb8a6d96b78af3e6c5bfa95fb0286d8407d9d8d3c867d06c7a1fc4	common_voice_gju_42562915.mp3	38851f0cf4e88334e0fd284bdaec0e2e401a2d5138b899b1eb3adbaa1bc9c21a	بکرو کڈھہو		2	0	fourties				gju	
e65a8c3ba525042ceba11e102309b2525de4d7748b513787fc3ecc50c13c97654e626571fcdb8a6d96b78af3e6c5bfa95fb0286d8407d9d8d3c867d06c7a1fc4	common_voice_gju_42562914.mp3	001a05236fa3b2b2f48b42baaf251dd61d10ca75d6b467dad11723f4888e7f63	توہ اِت کیوں سُتو ہے		2	0	fourties				gju	
e65a8c3ba525042ceba11e102309b2525de4d7748b513787fc3ecc50c13c97654e626571fcdb8a6d96b78af3e6c5bfa95fb0286d8407d9d8d3c867d06c7a1fc4	common_voice_gju_42562908.mp3	0ffbc0c16814a8d5d6cd2b7138a9afe557f5bb91f90c9e8a26f3d55431c53c8e	میری سُسو		2	0	fourties				gju	
e65a8c3ba525042ceba11e102309b2525de4d7748b513787fc3ecc50c13c97654e626571fcdb8a6d96b78af3e6c5bfa95fb0286d8407d9d8d3c867d06c7a1fc4	common_voice_gju_42562907.mp3	054f9eeb8e06105a32da74c7feabaaed27fe110fa5735be76cdce3a72874ff7a	ہسپتال کا عملہ نے جنازو رکھ کے لوک سدیا		2	0	fourties				gju	
e65a8c3ba525042ceba11e102309b2525de4d7748b513787fc3ecc50c13c97654e626571fcdb8a6d96b78af3e6c5bfa95fb0286d8407d9d8d3c867d06c7a1fc4	common_voice_gju_42562906.mp3	2fb4f54ab26e4a35226fa645dcf6b1887ca848c188ce8f256776e6bb6ff4ded0	میرو باپ کہن لگو ”توہ ہن مُڑ کے چل جا		2	0	fourties				gju	
e65a8c3ba525042ceba11e102309b2525de4d7748b513787fc3ecc50c13c97654e626571fcdb8a6d96b78af3e6c5bfa95fb0286d8407d9d8d3c867d06c7a1fc4	common_voice_gju_42562905.mp3	32860b2170d7421c493771de802223ebbfda0644a715d1c4e2eb62e7a8f5b3d0	اُت ویہ ننجوڑا مُچ تنگ ہو گیا		2	0	fourties				gju	
e65a8c3ba525042ceba11e102309b2525de4d7748b513787fc3ecc50c13c97654e626571fcdb8a6d96b78af3e6c5bfa95fb0286d8407d9d8d3c867d06c7a1fc4	common_voice_gju_42562903.mp3	17fa66e15ca65573f74301140cca01da6d085200d935d53b40e9e30a4ef7504b	مھارا ڈیرا		2	0	fourties				gju	
e65a8c3ba525042ceba11e102309b2525de4d7748b513787fc3ecc50c13c97654e626571fcdb8a6d96b78af3e6c5bfa95fb0286d8407d9d8d3c867d06c7a1fc4	common_voice_gju_42562898.mp3	3758fa8a2707758569d6819db6126db893625e3a636d06ab81c83e362f6789be	لیو ہے		2	0	fourties				gju	
e65a8c3ba525042ceba11e102309b2525de4d7748b513787fc3ecc50c13c97654e626571fcdb8a6d96b78af3e6c5bfa95fb0286d8407d9d8d3c867d06c7a1fc4	common_voice_gju_42562897.mp3	3a8268dced637bdd0bb4832b0364321717c7c322c2b81bd3270e8d2883289bd1	اُس جنا نے سوچیو جی یاہ		2	0	fourties				gju	
e65a8c3ba525042ceba11e102309b2525de4d7748b513787fc3ecc50c13c97654e626571fcdb8a6d96b78af3e6c5bfa95fb0286d8407d9d8d3c867d06c7a1fc4	common_voice_gju_42562896.mp3	25e5fb399116d2c5ba6134bd401fb07405f7d5c6dbab951c71fd6e65c7a53c93	رکوع ما ہتھ جنو اپر رکھ کے زور نال دبانو۔		2	0	fourties				gju	
e65a8c3ba525042ceba11e102309b2525de4d7748b513787fc3ecc50c13c97654e626571fcdb8a6d96b78af3e6c5bfa95fb0286d8407d9d8d3c867d06c7a1fc4	common_voice_gju_42562895.mp3	3e54ac1a331c95eff3ad208e36eb0530b638c313b2df897d3f168276019dfcd4	واہ اُتو نَس گئی		2	0	fourties				gju	
e65a8c3ba525042ceba11e102309b2525de4d7748b513787fc3ecc50c13c97654e626571fcdb8a6d96b78af3e6c5bfa95fb0286d8407d9d8d3c867d06c7a1fc4	common_voice_gju_42562894.mp3	1f2a3416d698b98a90488a204db31a804dee7a5117c2838b9928e94dfcdd2154	پِٹن لگی		2	0	fourties				gju	
e65a8c3ba525042ceba11e102309b2525de4d7748b513787fc3ecc50c13c97654e626571fcdb8a6d96b78af3e6c5bfa95fb0286d8407d9d8d3c867d06c7a1fc4	common_voice_gju_42562888.mp3	0d58494356e6770c7d3d21a726d633f7e8e680de64425230ed39401a83d96701	آیا تھا		2	0	fourties				gju	
e65a8c3ba525042ceba11e102309b2525de4d7748b513787fc3ecc50c13c97654e626571fcdb8a6d96b78af3e6c5bfa95fb0286d8407d9d8d3c867d06c7a1fc4	common_voice_gju_42562887.mp3	2ab559c2999d64d8c25540dc37f400d0e6c175755bd9c9545d49438606c6a0b2	اُس نے اپنا وزیراں نا کہیو		2	0	fourties				gju	
e65a8c3ba525042ceba11e102309b2525de4d7748b513787fc3ecc50c13c97654e626571fcdb8a6d96b78af3e6c5bfa95fb0286d8407d9d8d3c867d06c7a1fc4	common_voice_gju_42562886.mp3	1f9256eb5dabb7ffd50ef5aceac29d132732ad0dc99ff7cba982aa5ee9f14d79	اُس کا جنا نے کہیو کدے اس سال مھاری فصل چنگی ہوئی		2	0	fourties				gju	
e65a8c3ba525042ceba11e102309b2525de4d7748b513787fc3ecc50c13c97654e626571fcdb8a6d96b78af3e6c5bfa95fb0286d8407d9d8d3c867d06c7a1fc4	common_voice_gju_42562885.mp3	232ac5765bde991793a3747c41eac47afd3445bc72aab61de9916ef6b6abb266	اپنے ناڑ آپ کیو		2	0	fourties				gju	
e65a8c3ba525042ceba11e102309b2525de4d7748b513787fc3ecc50c13c97654e626571fcdb8a6d96b78af3e6c5bfa95fb0286d8407d9d8d3c867d06c7a1fc4	common_voice_gju_42562884.mp3	3d7ee84fc71f9ae51639db645f21f4da18187fa639ba657557848758b9f0a758	بھی ہم چڑھاں گی		2	0	fourties				gju	
e65a8c3ba525042ceba11e102309b2525de4d7748b513787fc3ecc50c13c97654e626571fcdb8a6d96b78af3e6c5bfa95fb0286d8407d9d8d3c867d06c7a1fc4	common_voice_gju_42562883.mp3	144276ffc7f28a3e46c44d7dece42a8a8387fc83b59d44a979b497c9111c8a34	تپوس کیو جے کِسی گل ہے		2	0	fourties				gju	
e65a8c3ba525042ceba11e102309b2525de4d7748b513787fc3ecc50c13c97654e626571fcdb8a6d96b78af3e6c5bfa95fb0286d8407d9d8d3c867d06c7a1fc4	common_voice_gju_42562882.mp3	331c3d2b18cff489f14aaf4ecae49fac7b4b30a42fa33d58aaefc11e02cb8694	ہر آدمی نا لڑائی پو آنو پے گو		2	0	fourties				gju	
e65a8c3ba525042ceba11e102309b2525de4d7748b513787fc3ecc50c13c97654e626571fcdb8a6d96b78af3e6c5bfa95fb0286d8407d9d8d3c867d06c7a1fc4	common_voice_gju_42562881.mp3	2fb03a11187fbf2411cdf9358486e9d34085384b9aaab7b658aa32e115faa4f6	ایک مھیس ایک کَچھ ما ہے		2	0	fourties				gju	
e65a8c3ba525042ceba11e102309b2525de4d7748b513787fc3ecc50c13c97654e626571fcdb8a6d96b78af3e6c5bfa95fb0286d8407d9d8d3c867d06c7a1fc4	common_voice_gju_42562880.mp3	05f6e21dcf34e4c681f5dfe1140c51c95d19a511627f0fb81a0b41604d708765	سرہگی ہوئی		2	0	fourties				gju	
e65a8c3ba525042ceba11e102309b2525de4d7748b513787fc3ecc50c13c97654e626571fcdb8a6d96b78af3e6c5bfa95fb0286d8407d9d8d3c867d06c7a1fc4	common_voice_gju_42562879.mp3	30a921f4bfefd1dbc6783e1a8e810adcc85c6a2830a2e4ffececa6e04dbf69d5	ڈریے نہ		2	0	fourties				gju	
e65a8c3ba525042ceba11e102309b2525de4d7748b513787fc3ecc50c13c97654e626571fcdb8a6d96b78af3e6c5bfa95fb0286d8407d9d8d3c867d06c7a1fc4	common_voice_gju_42562873.mp3	3928a6622819c8527801aa01e77666c8c863b68cb5259ac1b4a30f256a0f61c7	ہن ویہ منا مچ یاد آوے		2	0	fourties				gju	
e65a8c3ba525042ceba11e102309b2525de4d7748b513787fc3ecc50c13c97654e626571fcdb8a6d96b78af3e6c5bfa95fb0286d8407d9d8d3c867d06c7a1fc4	common_voice_gju_42562872.mp3	3a5a9e04538678a723b69b4ff1bbb298e21ad4a6fd7dc5c2a0ea7eb27a2629ac	بکریاں کی کاہڈ لُڑو بچ گیو		2	0	fourties				gju	
e65a8c3ba525042ceba11e102309b2525de4d7748b513787fc3ecc50c13c97654e626571fcdb8a6d96b78af3e6c5bfa95fb0286d8407d9d8d3c867d06c7a1fc4	common_voice_gju_42562871.mp3	3a9df31da1cb7f8445c9e491e19fbb9ff63a83bd6864062b5b1d7cbc7fe6ac40	حاجی اسماعیل کو ڈیرو بر چٹی ندی ما رہیو		2	0	fourties				gju	
e65a8c3ba525042ceba11e102309b2525de4d7748b513787fc3ecc50c13c97654e626571fcdb8a6d96b78af3e6c5bfa95fb0286d8407d9d8d3c867d06c7a1fc4	common_voice_gju_42562870.mp3	0f1f45f5cd5593c69e453528af77f3384b8c05f9b791ed2673ecce087e59d62a	رات نا سنگی ایا		2	0	fourties				gju	
e65a8c3ba525042ceba11e102309b2525de4d7748b513787fc3ecc50c13c97654e626571fcdb8a6d96b78af3e6c5bfa95fb0286d8407d9d8d3c867d06c7a1fc4	common_voice_gju_42562869.mp3	2d19ad03b0b2d24f9c927ea1c422ce316ad6f3ce4f37423f9b22b3822e38254a	ویہ لوک اُس سارا قیمتی سرمایا		2	0	fourties				gju	
e65a8c3ba525042ceba11e102309b2525de4d7748b513787fc3ecc50c13c97654e626571fcdb8a6d96b78af3e6c5bfa95fb0286d8407d9d8d3c867d06c7a1fc4	common_voice_gju_42562868.mp3	0197c2a6ea6f7788d8d66a3b46feea30e1e8f5719026ba6ef516e139b71e606b	رچھنی کا بَچاں نے اس کا چِڑا چیر چھُڑیا		2	0	fourties				gju	
e65a8c3ba525042ceba11e102309b2525de4d7748b513787fc3ecc50c13c97654e626571fcdb8a6d96b78af3e6c5bfa95fb0286d8407d9d8d3c867d06c7a1fc4	common_voice_gju_42562866.mp3	22bc3e18cfdba28e29d5564dd0f09a90390ce29c62e83495572cec2b3acd3a22	ویہ سارا لوک اس بڈھی کی دھی نا بلا بسطے لے گیا		2	0	fourties				gju	
e65a8c3ba525042ceba11e102309b2525de4d7748b513787fc3ecc50c13c97654e626571fcdb8a6d96b78af3e6c5bfa95fb0286d8407d9d8d3c867d06c7a1fc4	common_voice_gju_42562865.mp3	38358f6bd298a0039aa31dfe3f82520eefe87226b5e21a016bda9e940365eeab	اس نے اپنا بڑا پُوت قیوم نا کہیو جاہ بکریاں نے ڈھُونڈ کے لے آ		2	0	fourties				gju	
e65a8c3ba525042ceba11e102309b2525de4d7748b513787fc3ecc50c13c97654e626571fcdb8a6d96b78af3e6c5bfa95fb0286d8407d9d8d3c867d06c7a1fc4	common_voice_gju_42562864.mp3	1f0b70025d453f8159ed76f725983b1b8b5a6ddf353e3c1a0f9c6f6bacf933d2	پتو نیہہ تمنا کے گل ہے		2	0	fourties				gju	
e65a8c3ba525042ceba11e102309b2525de4d7748b513787fc3ecc50c13c97654e626571fcdb8a6d96b78af3e6c5bfa95fb0286d8407d9d8d3c867d06c7a1fc4	common_voice_gju_42562853.mp3	2bb1b5f74f71c860fed222d0753a74cf065c4e3411a921f265e8552e8af6f0ed	یاہ مُچ بیابان جا تھی		2	0	fourties				gju	
e65a8c3ba525042ceba11e102309b2525de4d7748b513787fc3ecc50c13c97654e626571fcdb8a6d96b78af3e6c5bfa95fb0286d8407d9d8d3c867d06c7a1fc4	common_voice_gju_42562852.mp3	1a94a3638313bdfc5062f0519d847eddeed66bf565073f133015aadc28866b84	سِدھو ڈیراں پو لگے تھو		2	0	fourties				gju	
e65a8c3ba525042ceba11e102309b2525de4d7748b513787fc3ecc50c13c97654e626571fcdb8a6d96b78af3e6c5bfa95fb0286d8407d9d8d3c867d06c7a1fc4	common_voice_gju_42562851.mp3	3b0840fa76c5eae4e60b5adaa9edb1e703b2d8a864e7dbb65bcf0c501c8fed24	تھوڑو جو دُور ایو تھو		2	0	fourties				gju	
e65a8c3ba525042ceba11e102309b2525de4d7748b513787fc3ecc50c13c97654e626571fcdb8a6d96b78af3e6c5bfa95fb0286d8407d9d8d3c867d06c7a1fc4	common_voice_gju_42562850.mp3	2db80e4338068025d99247e6eda726aefc891e276f1b8aa83d553567537ee298	اسرائیل کسانہ بکروال کو ڈیرو بڑ ی دیواسئی پوہچیو		2	0	fourties				gju	
e65a8c3ba525042ceba11e102309b2525de4d7748b513787fc3ecc50c13c97654e626571fcdb8a6d96b78af3e6c5bfa95fb0286d8407d9d8d3c867d06c7a1fc4	common_voice_gju_42562849.mp3	36e33f8057f16f20e13696460264bf1c0e7dae30c8400374a1e72bcb8fd6a685	چلتاں چلتاں دواریاں کا قریب پہچیا		2	0	fourties				gju	
e65a8c3ba525042ceba11e102309b2525de4d7748b513787fc3ecc50c13c97654e626571fcdb8a6d96b78af3e6c5bfa95fb0286d8407d9d8d3c867d06c7a1fc4	common_voice_gju_42562844.mp3	2ebf6bcf123cf56d44e98694e380b930e34f754dcd3a135b83ed700ddd68198e	اللہ مریم بی بی کو بھَلو کرے ہوں ساری عمر اُس تا دُعا کرتی رہوں گی		2	0	fourties				gju	
e65a8c3ba525042ceba11e102309b2525de4d7748b513787fc3ecc50c13c97654e626571fcdb8a6d96b78af3e6c5bfa95fb0286d8407d9d8d3c867d06c7a1fc4	common_voice_gju_42562843.mp3	3a7da9cd75d9bc067822cc54d453544c6ffe9910d581ae7b5f5a48fc540e1c97	اُت چل کے بیسے		2	0	fourties				gju	
e65a8c3ba525042ceba11e102309b2525de4d7748b513787fc3ecc50c13c97654e626571fcdb8a6d96b78af3e6c5bfa95fb0286d8407d9d8d3c867d06c7a1fc4	common_voice_gju_42562841.mp3	2ef7564d26fb606e4da46ba80bcc0bcf80d3cbec73571501313fcc4c7b4d1da8	دروازو کھولیو		2	0	fourties				gju	
e65a8c3ba525042ceba11e102309b2525de4d7748b513787fc3ecc50c13c97654e626571fcdb8a6d96b78af3e6c5bfa95fb0286d8407d9d8d3c867d06c7a1fc4	common_voice_gju_42562840.mp3	11ae0efea1b8f4210822a30d03babbedec167dd8f7811cb41f7a9c75ee12edb3	ہارونا نا		2	0	fourties				gju	
e65a8c3ba525042ceba11e102309b2525de4d7748b513787fc3ecc50c13c97654e626571fcdb8a6d96b78af3e6c5bfa95fb0286d8407d9d8d3c867d06c7a1fc4	common_voice_gju_42562839.mp3	04ac5928e139fbd51a90985826216985361e2a1f32286b0f3fea79438dc7f15a	کیل ہسپتال ما پوہچایا		2	0	fourties				gju	
e65a8c3ba525042ceba11e102309b2525de4d7748b513787fc3ecc50c13c97654e626571fcdb8a6d96b78af3e6c5bfa95fb0286d8407d9d8d3c867d06c7a1fc4	common_voice_gju_42562838.mp3	1b155f05228716eb5e5eda5a7af1a3e7063c1bf9bec5a34f9b5dc65850d385ca	کاہڈ مُچ سارا جاتک میرے اَگے پِچھے چلے لگا		2	0	fourties				gju	
e65a8c3ba525042ceba11e102309b2525de4d7748b513787fc3ecc50c13c97654e626571fcdb8a6d96b78af3e6c5bfa95fb0286d8407d9d8d3c867d06c7a1fc4	common_voice_gju_42562837.mp3	2bfe94024c85cdffe95202d99627d39207bca0bb24df7c744c9b3975765afac9	کول پوہچایو		2	0	fourties				gju	
e65a8c3ba525042ceba11e102309b2525de4d7748b513787fc3ecc50c13c97654e626571fcdb8a6d96b78af3e6c5bfa95fb0286d8407d9d8d3c867d06c7a1fc4	common_voice_gju_42562836.mp3	2096d4e428838bace7a6ed8c48985115157107566015ccbd57719faa26c9d410	مھاری زبان زندہ رہ		2	0	fourties				gju	
e65a8c3ba525042ceba11e102309b2525de4d7748b513787fc3ecc50c13c97654e626571fcdb8a6d96b78af3e6c5bfa95fb0286d8407d9d8d3c867d06c7a1fc4	common_voice_gju_42562835.mp3	0783d9c9e9c41bbfe67cfe6a966280c68a823ac435a5341a6fa6dfdca3c0a074	اللہ اِنھ کی آپ حفاظت کرے		2	0	fourties				gju	
e65a8c3ba525042ceba11e102309b2525de4d7748b513787fc3ecc50c13c97654e626571fcdb8a6d96b78af3e6c5bfa95fb0286d8407d9d8d3c867d06c7a1fc4	common_voice_gju_42562834.mp3	28b65ec15c3f5b1d3faa99e30b176043aa0d9c3f82e4428520dd37e6bbebdd08	مندا کماں کو مندو نتیجو		2	0	fourties				gju	
e65a8c3ba525042ceba11e102309b2525de4d7748b513787fc3ecc50c13c97654e626571fcdb8a6d96b78af3e6c5bfa95fb0286d8407d9d8d3c867d06c7a1fc4	common_voice_gju_42562830.mp3	30d017fd0771aa420f52a3133bd1e32d5639a971859b1d1886063c8056a884d0	اس کی گماہنڈن “		2	0	fourties				gju	
e65a8c3ba525042ceba11e102309b2525de4d7748b513787fc3ecc50c13c97654e626571fcdb8a6d96b78af3e6c5bfa95fb0286d8407d9d8d3c867d06c7a1fc4	common_voice_gju_42562828.mp3	213ac4a16cf6de4348cc5e21bcb73ea2d42645d12525922459d505bdc7dde774	بکریاں ہالا بڑا پریشان ہویا۔		2	0	fourties				gju	
e65a8c3ba525042ceba11e102309b2525de4d7748b513787fc3ecc50c13c97654e626571fcdb8a6d96b78af3e6c5bfa95fb0286d8407d9d8d3c867d06c7a1fc4	common_voice_gju_42562826.mp3	383dd9b0c817aa9db8322ba41b1ae392491c0a00af069a67bdd4ddc6ec794951	بکری بے ساری پل ما پھَسی وی تھی		2	0	fourties				gju	
e65a8c3ba525042ceba11e102309b2525de4d7748b513787fc3ecc50c13c97654e626571fcdb8a6d96b78af3e6c5bfa95fb0286d8407d9d8d3c867d06c7a1fc4	common_voice_gju_42562825.mp3	1467b2ee8d9b36010bb9940f662e798f2e0198c7f954cddad1afa3e73d470733	بڈھی کو سنگی نہ ہووے		2	0	fourties				gju	
e65a8c3ba525042ceba11e102309b2525de4d7748b513787fc3ecc50c13c97654e626571fcdb8a6d96b78af3e6c5bfa95fb0286d8407d9d8d3c867d06c7a1fc4	common_voice_gju_42562824.mp3	05c5b1f14fc851247d48c929bfcfc3846a2016caf8b7d7867541bb582a6ec4fe	نیہہ ٹِکتی تپوس کرے		2	0	fourties				gju	
e65a8c3ba525042ceba11e102309b2525de4d7748b513787fc3ecc50c13c97654e626571fcdb8a6d96b78af3e6c5bfa95fb0286d8407d9d8d3c867d06c7a1fc4	common_voice_gju_42562823.mp3	325a33c9d2265817f14a6fb54b68d0ff4c9ed8e428f1df1c73e0420047a1f67f	ماشٹریانی نے کہیو لوکاں نا اس گل کو علم بھی ہونو چاہیے جے جہڑی شے صحت وس ضروری		2	0	fourties				gju	
e65a8c3ba525042ceba11e102309b2525de4d7748b513787fc3ecc50c13c97654e626571fcdb8a6d96b78af3e6c5bfa95fb0286d8407d9d8d3c867d06c7a1fc4	common_voice_gju_42562822.mp3	08753ab910b222f3ae5bc9be6c62dce74789f1564f19904007f1e83694805f0b	دیو نس گیو		2	0	fourties				gju	
e65a8c3ba525042ceba11e102309b2525de4d7748b513787fc3ecc50c13c97654e626571fcdb8a6d96b78af3e6c5bfa95fb0286d8407d9d8d3c867d06c7a1fc4	common_voice_gju_42562819.mp3	39fa6f7ce9191a4696dd9e9a0105f4b54decad453b66ce01c1c4d84a07cf1448	اُس دھیاڑے بارش لگ گئی		2	0	fourties				gju	
e65a8c3ba525042ceba11e102309b2525de4d7748b513787fc3ecc50c13c97654e626571fcdb8a6d96b78af3e6c5bfa95fb0286d8407d9d8d3c867d06c7a1fc4	common_voice_gju_42562817.mp3	2563b86639f2055522ae29915e8a866bcaa5b6af5d96bb3ed245175e04762e67	ایک بِڑے دیو آ گیو		2	0	fourties				gju	
e65a8c3ba525042ceba11e102309b2525de4d7748b513787fc3ecc50c13c97654e626571fcdb8a6d96b78af3e6c5bfa95fb0286d8407d9d8d3c867d06c7a1fc4	common_voice_gju_42562812.mp3	3224a4dab27af81e2b328272f2a6366e3e565152a101e603e338442cc938890e	رات نساپے پَل لگ گئی		2	0	fourties				gju	
e65a8c3ba525042ceba11e102309b2525de4d7748b513787fc3ecc50c13c97654e626571fcdb8a6d96b78af3e6c5bfa95fb0286d8407d9d8d3c867d06c7a1fc4	common_voice_gju_42562810.mp3	38ddbf65af64bf9a411183b53d823e2f6e22a5571a912894910056b12cce2b95	چلتاں چلتاں چھَڑ کا سر تا پوہچ گیا		2	0	fourties				gju	
e65a8c3ba525042ceba11e102309b2525de4d7748b513787fc3ecc50c13c97654e626571fcdb8a6d96b78af3e6c5bfa95fb0286d8407d9d8d3c867d06c7a1fc4	common_voice_gju_42562808.mp3	fc3ff8e87766eb3a2b62a3eeee2422c730a1f9b76a22222b8f750cdb85a7feca	ایک ڈھا		2	0	fourties				gju	
e65a8c3ba525042ceba11e102309b2525de4d7748b513787fc3ecc50c13c97654e626571fcdb8a6d96b78af3e6c5bfa95fb0286d8407d9d8d3c867d06c7a1fc4	common_voice_gju_42562805.mp3	3726cebcd59c8811308b091aa4c3af7aec0e721a984e6a2f10063fb9ed526737	کرے تھو وہ بکریاں کو بوپار		2	0	fourties				gju	
e65a8c3ba525042ceba11e102309b2525de4d7748b513787fc3ecc50c13c97654e626571fcdb8a6d96b78af3e6c5bfa95fb0286d8407d9d8d3c867d06c7a1fc4	common_voice_gju_42562803.mp3	101af68a8e5e451062e3852ed51352094cc3815d55d30db74088ff6913838397	ایک دھیاڑے مولوی بنیامین کا پُوت اپنی بکریاں نا رات چارن واسطے لے گیا		2	0	fourties				gju	
e65a8c3ba525042ceba11e102309b2525de4d7748b513787fc3ecc50c13c97654e626571fcdb8a6d96b78af3e6c5bfa95fb0286d8407d9d8d3c867d06c7a1fc4	common_voice_gju_42562802.mp3	2442bfbb803b22e2cf3912412d345b7df00b474ff4ce93e0bb0340f5d6560e47	اُس سیلاب کے دوران اِن لوکا ں کی ستر بکری		2	0	fourties				gju	
e65a8c3ba525042ceba11e102309b2525de4d7748b513787fc3ecc50c13c97654e626571fcdb8a6d96b78af3e6c5bfa95fb0286d8407d9d8d3c867d06c7a1fc4	common_voice_gju_42562801.mp3	2ef077a24694d1a9ef85419a57fd8122ea45ab30109e9c1a4031b40fb5832073	ایک واقعو کاغان کی ندی پو ایک بکروال نال پیش آیو		2	0	fourties				gju	
e65a8c3ba525042ceba11e102309b2525de4d7748b513787fc3ecc50c13c97654e626571fcdb8a6d96b78af3e6c5bfa95fb0286d8407d9d8d3c867d06c7a1fc4	common_voice_gju_42562800.mp3	29078974140b30be36a59346f7e5e371b8dcd1b5cf884584efa8cf4bfe1fca2e	اُنھ کو ایک بھائی نظام دین جس نا ماڑو ک		2	0	fourties				gju	
e65a8c3ba525042ceba11e102309b2525de4d7748b513787fc3ecc50c13c97654e626571fcdb8a6d96b78af3e6c5bfa95fb0286d8407d9d8d3c867d06c7a1fc4	common_voice_gju_42562799.mp3	0ad2bcfc949d052180c6fd20f031ec4cf7eb407b39fe98d5addf505f1624871d	گلاں ہاڑو کہن لگو		2	0	fourties				gju	
e65a8c3ba525042ceba11e102309b2525de4d7748b513787fc3ecc50c13c97654e626571fcdb8a6d96b78af3e6c5bfa95fb0286d8407d9d8d3c867d06c7a1fc4	common_voice_gju_42562798.mp3	2dc2de2d652cf3f74cd9b7a51d75bbbec0c694198add2fc0003f4ed7a236c8fc	اس نے اپنی چادر نال رَت بند کرن کی کوشش کری		2	0	fourties				gju	
e65a8c3ba525042ceba11e102309b2525de4d7748b513787fc3ecc50c13c97654e626571fcdb8a6d96b78af3e6c5bfa95fb0286d8407d9d8d3c867d06c7a1fc4	common_voice_gju_42562792.mp3	1c52e97e9e8eb4c3137bfd23d2da509a84ee6014e576f0199c6ce8e0882caca1	اس گل نا یاد رکھیوں جے شہر		2	0	fourties				gju	
e65a8c3ba525042ceba11e102309b2525de4d7748b513787fc3ecc50c13c97654e626571fcdb8a6d96b78af3e6c5bfa95fb0286d8407d9d8d3c867d06c7a1fc4	common_voice_gju_42562790.mp3	0e64c23cfea3de3fe126fd0b7fe3da7119d3f3ca8f1913e8b32d6aaa7a9695b4	واہ کہن لگی توہ بادشاہ		2	1	fourties				gju	
e65a8c3ba525042ceba11e102309b2525de4d7748b513787fc3ecc50c13c97654e626571fcdb8a6d96b78af3e6c5bfa95fb0286d8407d9d8d3c867d06c7a1fc4	common_voice_gju_42562789.mp3	211493cbecfed212bd70a52d6db2b115c6b865650d2fc443b2ad549b977d7821	رِہ گئی بکری ایک		2	0	fourties				gju	
e65a8c3ba525042ceba11e102309b2525de4d7748b513787fc3ecc50c13c97654e626571fcdb8a6d96b78af3e6c5bfa95fb0286d8407d9d8d3c867d06c7a1fc4	common_voice_gju_42562788.mp3	2f63dc51408db4f913b0fc3f4808b8f9df745a5d369ab869136bb97fbc4d05ad	رچھ کے ناڑ دینہنا ہم ٹھگی کراں گا توہ چل کے مکئی چھلینے		2	0	fourties				gju	
e65a8c3ba525042ceba11e102309b2525de4d7748b513787fc3ecc50c13c97654e626571fcdb8a6d96b78af3e6c5bfa95fb0286d8407d9d8d3c867d06c7a1fc4	common_voice_gju_42562787.mp3	1ee904d2596f34ff6e5366fd944ce1a11897bc35257173edb05a0764e41a2f0c	اُسیں بھیڈ نُہال کے آنی		2	0	fourties				gju	
e65a8c3ba525042ceba11e102309b2525de4d7748b513787fc3ecc50c13c97654e626571fcdb8a6d96b78af3e6c5bfa95fb0286d8407d9d8d3c867d06c7a1fc4	common_voice_gju_42562786.mp3	307dd9dddcd38547cd1ec18d2a525150165b05177318c0b0c84a00e38bfbbdd3	مہار دین کو ناں اسلام ہے۔		2	0	fourties				gju	
e65a8c3ba525042ceba11e102309b2525de4d7748b513787fc3ecc50c13c97654e626571fcdb8a6d96b78af3e6c5bfa95fb0286d8407d9d8d3c867d06c7a1fc4	common_voice_gju_42562785.mp3	2611c0bb3fdfa72688771b9714eb6626cb781a412b84ddd6e24a21c10c3b355a	بکری تے کچر پِچھاں ماری		2	0	fourties				gju	
e65a8c3ba525042ceba11e102309b2525de4d7748b513787fc3ecc50c13c97654e626571fcdb8a6d96b78af3e6c5bfa95fb0286d8407d9d8d3c867d06c7a1fc4	common_voice_gju_42562784.mp3	223131801a5adcf93401b3acd3cacc57f0a95a0eb1f8f3982ce428416f2f8799	ٹر گیا		2	0	fourties				gju	
e65a8c3ba525042ceba11e102309b2525de4d7748b513787fc3ecc50c13c97654e626571fcdb8a6d96b78af3e6c5bfa95fb0286d8407d9d8d3c867d06c7a1fc4	common_voice_gju_42562783.mp3	2353e433c56fb4f8556be53423ecb49547e1be0150c59b2f98788993e9a044da	اس کو جنو چھری تِرِکھی کر کے ایا		2	0	fourties				gju	
e65a8c3ba525042ceba11e102309b2525de4d7748b513787fc3ecc50c13c97654e626571fcdb8a6d96b78af3e6c5bfa95fb0286d8407d9d8d3c867d06c7a1fc4	common_voice_gju_42562778.mp3	1c6afc0146bb2e514a80221bee42224f1c29a60862249b48e0281b5f1ad9376d	اپنا ہتھ پیر ڈھیلا کر لیا		2	0	fourties				gju	
e65a8c3ba525042ceba11e102309b2525de4d7748b513787fc3ecc50c13c97654e626571fcdb8a6d96b78af3e6c5bfa95fb0286d8407d9d8d3c867d06c7a1fc4	common_voice_gju_42562777.mp3	3234db709a2b003ed5453858623f551a8ce22f6cb6da81d0bd7a8ea8de21766f	پل لگاتار شروع ہوگئی		2	0	fourties				gju	
e65a8c3ba525042ceba11e102309b2525de4d7748b513787fc3ecc50c13c97654e626571fcdb8a6d96b78af3e6c5bfa95fb0286d8407d9d8d3c867d06c7a1fc4	common_voice_gju_42562776.mp3	1d6afb0bdb282a7058d095b8f6dfc491d9824368f5408a04c4fb91ccb163a558	ہوں جی تنا کہوں تھو کٹھا ما ڈیرو نیہہ لاتا		2	0	fourties				gju	
e65a8c3ba525042ceba11e102309b2525de4d7748b513787fc3ecc50c13c97654e626571fcdb8a6d96b78af3e6c5bfa95fb0286d8407d9d8d3c867d06c7a1fc4	common_voice_gju_42562775.mp3	202cd5fb3d8830992f52fb1f44cd83341767ea987d71615271de403b8912a638	سیری ما ڈیراں تا بے سِنہیو چلا چھُڑیو		2	0	fourties				gju	
e65a8c3ba525042ceba11e102309b2525de4d7748b513787fc3ecc50c13c97654e626571fcdb8a6d96b78af3e6c5bfa95fb0286d8407d9d8d3c867d06c7a1fc4	common_voice_gju_42562774.mp3	0e84183c47b90b27290feb490e683c2ea81c22e452076c056842348ba125ffbd	یوہ واقعو بانی برادری کو		2	0	fourties				gju	
e65a8c3ba525042ceba11e102309b2525de4d7748b513787fc3ecc50c13c97654e626571fcdb8a6d96b78af3e6c5bfa95fb0286d8407d9d8d3c867d06c7a1fc4	common_voice_gju_42562773.mp3	26d4e6e7df2de604e8421576f23e4bf1b088e869560858233813ee9874eead9d	جنو مڑ کے ڈیرے ایو		2	0	fourties				gju	
e65a8c3ba525042ceba11e102309b2525de4d7748b513787fc3ecc50c13c97654e626571fcdb8a6d96b78af3e6c5bfa95fb0286d8407d9d8d3c867d06c7a1fc4	common_voice_gju_42562772.mp3	2974af6768234cbf37e05ade2d22091b9ff261556dc78446250b25ce92e8edcd	مکئی بیجی		2	0	fourties				gju	
e65a8c3ba525042ceba11e102309b2525de4d7748b513787fc3ecc50c13c97654e626571fcdb8a6d96b78af3e6c5bfa95fb0286d8407d9d8d3c867d06c7a1fc4	common_voice_gju_42562771.mp3	361a6c5c42b2ea3b40795283d5d1413272420e7060b1b8f0801b1bb4c551a794	اُت بھی اِسے شان زمین تھی		2	0	fourties				gju	
e65a8c3ba525042ceba11e102309b2525de4d7748b513787fc3ecc50c13c97654e626571fcdb8a6d96b78af3e6c5bfa95fb0286d8407d9d8d3c867d06c7a1fc4	common_voice_gju_42562770.mp3	12c3c46ddd8d949f6148381a1f7e90a53f20885539a43c39fd15d0a61d3249c7	اللہ داد نے ڈیرو پَٹیو		2	0	fourties				gju	
e65a8c3ba525042ceba11e102309b2525de4d7748b513787fc3ecc50c13c97654e626571fcdb8a6d96b78af3e6c5bfa95fb0286d8407d9d8d3c867d06c7a1fc4	common_voice_gju_42562769.mp3	33104f944ed4a4378f3626073413d6d03044a3f1cd32989000bbbf0324ed65cf	سارا ڈیرا ہالا اس نال لاڈ کرے تھا		2	0	fourties				gju	
e65a8c3ba525042ceba11e102309b2525de4d7748b513787fc3ecc50c13c97654e626571fcdb8a6d96b78af3e6c5bfa95fb0286d8407d9d8d3c867d06c7a1fc4	common_voice_gju_42562763.mp3	09bca15bb06cdf7f63a4b5a3dbc59e42091ac9fdd20ffee0535b5e1a9b5abfcc	بادشاہ کا نوکر بچا آنن بسطے ٹُر گیا		2	0	fourties				gju	
e65a8c3ba525042ceba11e102309b2525de4d7748b513787fc3ecc50c13c97654e626571fcdb8a6d96b78af3e6c5bfa95fb0286d8407d9d8d3c867d06c7a1fc4	common_voice_gju_42562762.mp3	329ee173f9425c1c35b19217c0c4da5189ba47c6e91f3af6eb6af854caf0c70a	ہم غونو غون کا تماشا نا چلاں لگا‘‘		2	0	fourties				gju	
e65a8c3ba525042ceba11e102309b2525de4d7748b513787fc3ecc50c13c97654e626571fcdb8a6d96b78af3e6c5bfa95fb0286d8407d9d8d3c867d06c7a1fc4	common_voice_gju_42562761.mp3	31af73840fe50e6deff3010ed66d7da2cd4f916f9b240019538fe8fe92dd3ee0	بکری شیکی		2	0	fourties				gju	
e65a8c3ba525042ceba11e102309b2525de4d7748b513787fc3ecc50c13c97654e626571fcdb8a6d96b78af3e6c5bfa95fb0286d8407d9d8d3c867d06c7a1fc4	common_voice_gju_42562760.mp3	2e4a96e37f6adf4631ce39c6c6b203bc421404a25d521ebb32fafc5d50225a88	وہ مچ ہی غریب تھو		2	0	fourties				gju	
e65a8c3ba525042ceba11e102309b2525de4d7748b513787fc3ecc50c13c97654e626571fcdb8a6d96b78af3e6c5bfa95fb0286d8407d9d8d3c867d06c7a1fc4	common_voice_gju_42562759.mp3	0eb78ec25803e775d0b4be7c0497b461cf7be687a24cfef2b28ec9c7c20d0f25	مسجد پِکٹ پو رہیا		2	0	fourties				gju	
e65a8c3ba525042ceba11e102309b2525de4d7748b513787fc3ecc50c13c97654e626571fcdb8a6d96b78af3e6c5bfa95fb0286d8407d9d8d3c867d06c7a1fc4	common_voice_gju_42562758.mp3	83d6507d2545437d6096d81d625bfdac55e76b508d6e04fb58d98a9d10cfb232	اپنا ڈیرا ہالاں وَس کھانو پکائے تھی		2	0	fourties				gju	
e65a8c3ba525042ceba11e102309b2525de4d7748b513787fc3ecc50c13c97654e626571fcdb8a6d96b78af3e6c5bfa95fb0286d8407d9d8d3c867d06c7a1fc4	common_voice_gju_42562757.mp3	3336c59395afedd697524cbf0ba3a20efcd5d246d37b308eb96a697a66ac7a09	مھاری دُعا		2	0	fourties				gju	
e65a8c3ba525042ceba11e102309b2525de4d7748b513787fc3ecc50c13c97654e626571fcdb8a6d96b78af3e6c5bfa95fb0286d8407d9d8d3c867d06c7a1fc4	common_voice_gju_42562756.mp3	20e038670169a63372ecef0999a2f77ac981aeb4b071909da17d0ceb49f026e1	پہلاں اس ٹھار		2	0	fourties				gju	
e65a8c3ba525042ceba11e102309b2525de4d7748b513787fc3ecc50c13c97654e626571fcdb8a6d96b78af3e6c5bfa95fb0286d8407d9d8d3c867d06c7a1fc4	common_voice_gju_42562755.mp3	333373b0f5f5ead7affb4025310a2fcf417a0ff4e12fe6bbf026c208660567f4	نہ جی ! وہ ک		2	0	fourties				gju	
e65a8c3ba525042ceba11e102309b2525de4d7748b513787fc3ecc50c13c97654e626571fcdb8a6d96b78af3e6c5bfa95fb0286d8407d9d8d3c867d06c7a1fc4	common_voice_gju_42562754.mp3	25626d541ad054fe238ad46660cafc9b8f2bed956c125907b3a043ba83cb302b	ہم دوئے اِنھ گلاں پو عمل کراں گی		2	0	fourties				gju	
e65a8c3ba525042ceba11e102309b2525de4d7748b513787fc3ecc50c13c97654e626571fcdb8a6d96b78af3e6c5bfa95fb0286d8407d9d8d3c867d06c7a1fc4	common_voice_gju_42562748.mp3	1dde3fdfc4eacf0f3cd045d30f32c60cbe3157f006487c5a48418199bb33e4c3	کاہڈ تاپ ختم ہو گیو		2	0	fourties				gju	
e65a8c3ba525042ceba11e102309b2525de4d7748b513787fc3ecc50c13c97654e626571fcdb8a6d96b78af3e6c5bfa95fb0286d8407d9d8d3c867d06c7a1fc4	common_voice_gju_42562747.mp3	07a10f9679a690490f73f154ca68b804281287b812210673aaefe8695ea9ff55	فضل کے نال اِنھ ساراں کی جان بچا لئی		2	0	fourties				gju	
e65a8c3ba525042ceba11e102309b2525de4d7748b513787fc3ecc50c13c97654e626571fcdb8a6d96b78af3e6c5bfa95fb0286d8407d9d8d3c867d06c7a1fc4	common_voice_gju_42562746.mp3	3153468db307005b4bbd11216eebbeb7a894e3c5e5a10beea055003538862646	بکر ی ٹور چھُڑی		2	0	fourties				gju	
e65a8c3ba525042ceba11e102309b2525de4d7748b513787fc3ecc50c13c97654e626571fcdb8a6d96b78af3e6c5bfa95fb0286d8407d9d8d3c867d06c7a1fc4	common_voice_gju_42562745.mp3	0f77445195851b8b948505669c9cc603c9a4911e7ec423e74243b806d13ad94a	جنو ڈر گیو۔		2	0	fourties				gju	
e65a8c3ba525042ceba11e102309b2525de4d7748b513787fc3ecc50c13c97654e626571fcdb8a6d96b78af3e6c5bfa95fb0286d8407d9d8d3c867d06c7a1fc4	common_voice_gju_42562744.mp3	2ce87567eeabec7e73a15199cb948ad3d0fe33c047f4751ac5aeaec6be092d47	اندھیرو ہو گیو یہ اُ		2	0	fourties				gju	
e65a8c3ba525042ceba11e102309b2525de4d7748b513787fc3ecc50c13c97654e626571fcdb8a6d96b78af3e6c5bfa95fb0286d8407d9d8d3c867d06c7a1fc4	common_voice_gju_42562734.mp3	4faaed246ea7e21a5311ea7603e8c60cb71811cbf1bca63f64589086d09fe71e	داڑھی کا باڑ بھی لما ہو گیا تھا		2	0	fourties				gju	
e65a8c3ba525042ceba11e102309b2525de4d7748b513787fc3ecc50c13c97654e626571fcdb8a6d96b78af3e6c5bfa95fb0286d8407d9d8d3c867d06c7a1fc4	common_voice_gju_42562733.mp3	22a7a5dcedcddc97715ac8b2640325cafea2d83ced062f9da86ce4d1a34c1e3f	چلتاں چلتاں اگے اُلہا ما رچھ بکریاں نا دھر کے بیٹھو وو تھو		2	0	fourties				gju	
e65a8c3ba525042ceba11e102309b2525de4d7748b513787fc3ecc50c13c97654e626571fcdb8a6d96b78af3e6c5bfa95fb0286d8407d9d8d3c867d06c7a1fc4	common_voice_gju_42562731.mp3	1a1f0a4ddffd389f8c10c8ba695f4648545f9d2b45526db1ae2f3b1fe5b52a78	یوبا چاچا نے اپنی ڈیرا ہالی نا کہیو ہم نے جاتک بکریاں دا چلا چھُڑیا		2	0	fourties				gju	
e65a8c3ba525042ceba11e102309b2525de4d7748b513787fc3ecc50c13c97654e626571fcdb8a6d96b78af3e6c5bfa95fb0286d8407d9d8d3c867d06c7a1fc4	common_voice_gju_42562730.mp3	196df6ad271cd18fdae7bf72147c34cef9744f0116b262fc4f27a3cc7dd14c3e	عزیز یہ سارا بر چٹی ندی ما رہیا		2	0	fourties				gju	
e65a8c3ba525042ceba11e102309b2525de4d7748b513787fc3ecc50c13c97654e626571fcdb8a6d96b78af3e6c5bfa95fb0286d8407d9d8d3c867d06c7a1fc4	common_voice_gju_42562729.mp3	24b9489c78b028e1b588d68fd19bc2ec0c5afda848748d8e8ac0e9d50ab193b1	اس نے آ کے دم شم کریو		2	0	fourties				gju	
e65a8c3ba525042ceba11e102309b2525de4d7748b513787fc3ecc50c13c97654e626571fcdb8a6d96b78af3e6c5bfa95fb0286d8407d9d8d3c867d06c7a1fc4	common_voice_gju_42562728.mp3	102fafffcfde9e88e1a6ba9d76db780cdb9d02ba8eb7c90e6cc7544da4ee996e	باپ		2	0	fourties				gju	
e65a8c3ba525042ceba11e102309b2525de4d7748b513787fc3ecc50c13c97654e626571fcdb8a6d96b78af3e6c5bfa95fb0286d8407d9d8d3c867d06c7a1fc4	common_voice_gju_42562727.mp3	391a8ed9f6d6fc338bdbdb3bd537bf28a534a0e6648657cb06d01d52e0ce6632	توہ کہنیے نیہہ سہی ہویو		2	0	fourties				gju	
e65a8c3ba525042ceba11e102309b2525de4d7748b513787fc3ecc50c13c97654e626571fcdb8a6d96b78af3e6c5bfa95fb0286d8407d9d8d3c867d06c7a1fc4	common_voice_gju_42562726.mp3	28df212c2fc6fad1528817a7881c3c8f823dd26cfa90b6ba88b10f914ee56bea	تو لے کے آنیے		2	0	fourties				gju	
e65a8c3ba525042ceba11e102309b2525de4d7748b513787fc3ecc50c13c97654e626571fcdb8a6d96b78af3e6c5bfa95fb0286d8407d9d8d3c867d06c7a1fc4	common_voice_gju_42562725.mp3	04026116ff9449dc176cb9dd38b912a229eb05b6ffb19eac3cac4d3ea8ef9e3d	اُس نے کہیو ”رو نہ ہوں تیرو مقدمو لڑوں گی		2	0	fourties				gju	
e65a8c3ba525042ceba11e102309b2525de4d7748b513787fc3ecc50c13c97654e626571fcdb8a6d96b78af3e6c5bfa95fb0286d8407d9d8d3c867d06c7a1fc4	common_voice_gju_42562719.mp3	143125797cfbed60f40390a12cc95f5c8d3534bf83f312c9bcf73ea553126038	انھ نے بر کا دھیاڑا مُچ آرام پو گُزاریا		2	0	fourties				gju	
e65a8c3ba525042ceba11e102309b2525de4d7748b513787fc3ecc50c13c97654e626571fcdb8a6d96b78af3e6c5bfa95fb0286d8407d9d8d3c867d06c7a1fc4	common_voice_gju_42562718.mp3	a0fb5d9bdd5edb437b8ee1640db2998c8a5980bcdd494e8eb29f328e3a957de7	اگے سکولی جاتک سپ نا ماریں تھا		2	0	fourties				gju	
e65a8c3ba525042ceba11e102309b2525de4d7748b513787fc3ecc50c13c97654e626571fcdb8a6d96b78af3e6c5bfa95fb0286d8407d9d8d3c867d06c7a1fc4	common_voice_gju_42562717.mp3	2f2f5ad0a5903331ca375e2c8f58b80e16aef441ab64a951170b610aeb603d57	پتو نیہہ وہ تیرو کِسو سنگی ہے		2	0	fourties				gju	
e65a8c3ba525042ceba11e102309b2525de4d7748b513787fc3ecc50c13c97654e626571fcdb8a6d96b78af3e6c5bfa95fb0286d8407d9d8d3c867d06c7a1fc4	common_voice_gju_42562716.mp3	315f0060f484931169eeeb82dc3579998d9c8bb7dc8803c2aae5c8f075faf990	مولوی ابراہیم نے اپنو پُوت اشفاق کسانو بے اِنھ کے نال چلا چھُڑیو		2	0	fourties				gju	
e65a8c3ba525042ceba11e102309b2525de4d7748b513787fc3ecc50c13c97654e626571fcdb8a6d96b78af3e6c5bfa95fb0286d8407d9d8d3c867d06c7a1fc4	common_voice_gju_42562715.mp3	0a37df874b8c95c9d107d76dda85f16d716ffcdc0ab2578c6724c90da675aa9c	بیہہ بھادرا نا اِنھاں نے ڈیرو پَٹیو		2	0	fourties				gju	
e65a8c3ba525042ceba11e102309b2525de4d7748b513787fc3ecc50c13c97654e626571fcdb8a6d96b78af3e6c5bfa95fb0286d8407d9d8d3c867d06c7a1fc4	common_voice_gju_42562704.mp3	25a6de32f9a0c4ecec46eadfbcfe340e67a1995d2928d9fa34220067d70ed823	کَٹھا کا پار		2	0	fourties				gju	
e65a8c3ba525042ceba11e102309b2525de4d7748b513787fc3ecc50c13c97654e626571fcdb8a6d96b78af3e6c5bfa95fb0286d8407d9d8d3c867d06c7a1fc4	common_voice_gju_42562703.mp3	2bbb034d304e55542443bb465bd78568447d4dbb39dbaa93109564a1f42ca864	تو		2	0	fourties				gju	
e65a8c3ba525042ceba11e102309b2525de4d7748b513787fc3ecc50c13c97654e626571fcdb8a6d96b78af3e6c5bfa95fb0286d8407d9d8d3c867d06c7a1fc4	common_voice_gju_42562702.mp3	291633005603463261f8d5feeeb923e5514340657e8a650b921ddfddce20f416	اُس ملانا نے پُچھیو تَنا کے ہویو		2	0	fourties				gju	
e65a8c3ba525042ceba11e102309b2525de4d7748b513787fc3ecc50c13c97654e626571fcdb8a6d96b78af3e6c5bfa95fb0286d8407d9d8d3c867d06c7a1fc4	common_voice_gju_42562701.mp3	0c2e15f14f04bb5a5f6c213ee3f6d668800d5c4ac917c12dcbd03ce7d8bf8552	بھی مھارے تا رسو سٹینے		2	0	fourties				gju	
e65a8c3ba525042ceba11e102309b2525de4d7748b513787fc3ecc50c13c97654e626571fcdb8a6d96b78af3e6c5bfa95fb0286d8407d9d8d3c867d06c7a1fc4	common_voice_gju_42562700.mp3	28ddc524fe4127fe41cccd5fa77aa8b40559305d32426c698b5183bec1245a27	یہ مُڑ کے ڈیرے آ گیا		2	0	fourties				gju	
e65a8c3ba525042ceba11e102309b2525de4d7748b513787fc3ecc50c13c97654e626571fcdb8a6d96b78af3e6c5bfa95fb0286d8407d9d8d3c867d06c7a1fc4	common_voice_gju_42562694.mp3	24dff38cb96d7d1047d4c114aa19519fad731a559c2de06c69f4b39c486d6515	تَرے دن لگاتار بارش رہی۔		2	0	fourties				gju	
e65a8c3ba525042ceba11e102309b2525de4d7748b513787fc3ecc50c13c97654e626571fcdb8a6d96b78af3e6c5bfa95fb0286d8407d9d8d3c867d06c7a1fc4	common_voice_gju_42562693.mp3	06aec2160047e27f061d731d7c243b6ff15a155ec74c0769ddc712059c111218	اُس بادشاہی ما ایک		2	0	fourties				gju	
e65a8c3ba525042ceba11e102309b2525de4d7748b513787fc3ecc50c13c97654e626571fcdb8a6d96b78af3e6c5bfa95fb0286d8407d9d8d3c867d06c7a1fc4	common_voice_gju_42562692.mp3	140feea5b593315d9c21e730f5dc87fef3d310ac1f2e542142d5283e2f5b3dd1	خاصو اگے مسیت کول وَلا چوہان کو ڈیرو ہم نے دیکھیو تھو		2	0	fourties				gju	
e65a8c3ba525042ceba11e102309b2525de4d7748b513787fc3ecc50c13c97654e626571fcdb8a6d96b78af3e6c5bfa95fb0286d8407d9d8d3c867d06c7a1fc4	common_voice_gju_42562691.mp3	f712d741cd971b48d476c423f2ff8d02591e5d165ed6603eb6d0a062ff7290ba	بیٹکی بھی ترے ہیں		2	0	fourties				gju	
e65a8c3ba525042ceba11e102309b2525de4d7748b513787fc3ecc50c13c97654e626571fcdb8a6d96b78af3e6c5bfa95fb0286d8407d9d8d3c867d06c7a1fc4	common_voice_gju_42562690.mp3	2ec2981bf18a60de2a236245e0a090db4bc1868e4ad71258b04abfbefcd9b9e8	دھُپ ما پل کی لانی چھُٹن لگ گئی		2	0	fourties				gju	
e65a8c3ba525042ceba11e102309b2525de4d7748b513787fc3ecc50c13c97654e626571fcdb8a6d96b78af3e6c5bfa95fb0286d8407d9d8d3c867d06c7a1fc4	common_voice_gju_42562689.mp3	30786d8a3a677bba9044cd3b4fb2a597edb161b61a5105afe7aecab1483f3b43	لوک ڈر گیا تھا جے ہم نے ہن کد کچر لَدنی		2	0	fourties				gju	
e65a8c3ba525042ceba11e102309b2525de4d7748b513787fc3ecc50c13c97654e626571fcdb8a6d96b78af3e6c5bfa95fb0286d8407d9d8d3c867d06c7a1fc4	common_voice_gju_42562688.mp3	17bd56219ba90598fd26fb2d7ad7e25df232f6c9206a611511137c37fcd59f4d	یوہ کہن لگو میرو باپ منّا لُگا بیابان ما سَٹ کے آپ بکری لے کے نس گیو		2	0	fourties				gju	
e65a8c3ba525042ceba11e102309b2525de4d7748b513787fc3ecc50c13c97654e626571fcdb8a6d96b78af3e6c5bfa95fb0286d8407d9d8d3c867d06c7a1fc4	common_voice_gju_42562687.mp3	2f0e380c991e3b36090ea081971ed3f741aed3e3b98ad481f6da2a027a02df1a	سارو کوئی ٹھیک رہیو		2	0	fourties				gju	
e65a8c3ba525042ceba11e102309b2525de4d7748b513787fc3ecc50c13c97654e626571fcdb8a6d96b78af3e6c5bfa95fb0286d8407d9d8d3c867d06c7a1fc4	common_voice_gju_42562686.mp3	2427d66bcb9edf95aedb7218da4ba99ae4c286025b0998884822603a3cb95fef	یہ جنا ساری دھیاڑی رِچھ نا دوڑاتا ریہا		2	0	fourties				gju	
e65a8c3ba525042ceba11e102309b2525de4d7748b513787fc3ecc50c13c97654e626571fcdb8a6d96b78af3e6c5bfa95fb0286d8407d9d8d3c867d06c7a1fc4	common_voice_gju_42562685.mp3	236782eef72f0992a0203ceba70697f074279ae77791b9c4ed6ab5c12a3127fa	رچھ دھیاڑی کو ہریو تھو وہ بُوٹاں کے بچ بڑ کے بیس گیو		2	0	fourties				gju	
e65a8c3ba525042ceba11e102309b2525de4d7748b513787fc3ecc50c13c97654e626571fcdb8a6d96b78af3e6c5bfa95fb0286d8407d9d8d3c867d06c7a1fc4	common_voice_gju_42562679.mp3	2ecc98ded08c508a1f2848026e405bbf69d9f8e77ff141603d97e145e4f14cf0	لو ہو کے دو زخمی گھوڑاں پو چاہڑیا		2	0	fourties				gju	
e65a8c3ba525042ceba11e102309b2525de4d7748b513787fc3ecc50c13c97654e626571fcdb8a6d96b78af3e6c5bfa95fb0286d8407d9d8d3c867d06c7a1fc4	common_voice_gju_42562678.mp3	0608751b16bcfad82df68bb0e5f6bcaa08cf11faa22ea3723b5f707a067fa054	ہم نا روزی خدا دیے		2	0	fourties				gju	
e65a8c3ba525042ceba11e102309b2525de4d7748b513787fc3ecc50c13c97654e626571fcdb8a6d96b78af3e6c5bfa95fb0286d8407d9d8d3c867d06c7a1fc4	common_voice_gju_42562677.mp3	29de8a20bc5c2c2eb4c3102a27959fb619fb1e4c214e8ed23f12224c5e52ebab	ویہ اس نا کہن لگا		2	0	fourties				gju	
e65a8c3ba525042ceba11e102309b2525de4d7748b513787fc3ecc50c13c97654e626571fcdb8a6d96b78af3e6c5bfa95fb0286d8407d9d8d3c867d06c7a1fc4	common_voice_gju_42562676.mp3	31b3c0fa8ef1c42946c7b0c1d5478ba45a312f7ec0640607d930cf4126688a2e	تو ہ دَس دِیہناں نا چھوڈ کے بیہہ دھیاڑی بادشاہی کر		2	0	fourties				gju	
e65a8c3ba525042ceba11e102309b2525de4d7748b513787fc3ecc50c13c97654e626571fcdb8a6d96b78af3e6c5bfa95fb0286d8407d9d8d3c867d06c7a1fc4	common_voice_gju_42562675.mp3	29ef5998c1c2df96cd035a1c4ded455484cc4c1eef498bde4d621105ab8a31d1	خاص خاص بیماریاں کا دیسی علاج		2	0	fourties				gju	
e65a8c3ba525042ceba11e102309b2525de4d7748b513787fc3ecc50c13c97654e626571fcdb8a6d96b78af3e6c5bfa95fb0286d8407d9d8d3c867d06c7a1fc4	common_voice_gju_42562669.mp3	03decb333b6c689189c7b56812215d17dac66f894e092a4d31d07ed5995efb54	کہن لگا ہم		2	0	fourties				gju	
e65a8c3ba525042ceba11e102309b2525de4d7748b513787fc3ecc50c13c97654e626571fcdb8a6d96b78af3e6c5bfa95fb0286d8407d9d8d3c867d06c7a1fc4	common_voice_gju_42562668.mp3	19a502a2f1935284c41c5780619a4654b8b02ebdbb39c829ab2e5b6f89cc6f37	تنا کہوں گی		2	0	fourties				gju	
e65a8c3ba525042ceba11e102309b2525de4d7748b513787fc3ecc50c13c97654e626571fcdb8a6d96b78af3e6c5bfa95fb0286d8407d9d8d3c867d06c7a1fc4	common_voice_gju_42562667.mp3	2760b74e436bb04a707c5b77c33a7235993f76d39b55c817310a5d54b2b33c45	دوجی دھیاڑی بھی یوہ مزدوری نا جا رہیو		2	0	fourties				gju	
e65a8c3ba525042ceba11e102309b2525de4d7748b513787fc3ecc50c13c97654e626571fcdb8a6d96b78af3e6c5bfa95fb0286d8407d9d8d3c867d06c7a1fc4	common_voice_gju_42562666.mp3	32f8f1ec2e53c471f5de1cd9201abede44957d89ddb0aa74e825775b4fc63c9d	یاہ بڑی افسو س کی گل		2	0	fourties				gju	
e65a8c3ba525042ceba11e102309b2525de4d7748b513787fc3ecc50c13c97654e626571fcdb8a6d96b78af3e6c5bfa95fb0286d8407d9d8d3c867d06c7a1fc4	common_voice_gju_42562665.mp3	313a2286e162ad9a0a9ba74ea137ed0995c62b63fc6622b855c780d6893acc35	اٹھمقام ہسپتال ما پوہچایو		2	0	fourties				gju	
e65a8c3ba525042ceba11e102309b2525de4d7748b513787fc3ecc50c13c97654e626571fcdb8a6d96b78af3e6c5bfa95fb0286d8407d9d8d3c867d06c7a1fc4	common_voice_gju_42562659.mp3	1e6ccb1152eb44db36709ca9ae9ca7233eff418c5a80ea9e5b9d19f78c470e80	راہ ما ایک ہور جنو لَبھ گیو		2	0	fourties				gju	
e65a8c3ba525042ceba11e102309b2525de4d7748b513787fc3ecc50c13c97654e626571fcdb8a6d96b78af3e6c5bfa95fb0286d8407d9d8d3c867d06c7a1fc4	common_voice_gju_42562658.mp3	03727d635fc2aac6d8864993a2c14f2f9fe7e28a2828553abe2a46d11856b5ab	تھہارے		2	0	fourties				gju	
e65a8c3ba525042ceba11e102309b2525de4d7748b513787fc3ecc50c13c97654e626571fcdb8a6d96b78af3e6c5bfa95fb0286d8407d9d8d3c867d06c7a1fc4	common_voice_gju_42562657.mp3	14daa718adb69ef35e990a3c5718c9901b60fefc374008bdb1897e8d753b3b27	تم خوراک کا بارہ ما کے جانو“		2	0	fourties				gju	
e65a8c3ba525042ceba11e102309b2525de4d7748b513787fc3ecc50c13c97654e626571fcdb8a6d96b78af3e6c5bfa95fb0286d8407d9d8d3c867d06c7a1fc4	common_voice_gju_42562656.mp3	192652a6f63e3a6e0af17ca080a12a25e5a981baa57e3b05414810c51e4b7df8	رات نا سنگی آیا		2	0	fourties				gju	
e65a8c3ba525042ceba11e102309b2525de4d7748b513787fc3ecc50c13c97654e626571fcdb8a6d96b78af3e6c5bfa95fb0286d8407d9d8d3c867d06c7a1fc4	common_voice_gju_42562655.mp3	1963012674f6910c52240d37d8d010f2559047e93f75ae12bb24ef06ffbce2a0	دسمو واقعو		2	0	fourties				gju	
e65a8c3ba525042ceba11e102309b2525de4d7748b513787fc3ecc50c13c97654e626571fcdb8a6d96b78af3e6c5bfa95fb0286d8407d9d8d3c867d06c7a1fc4	common_voice_gju_42562654.mp3	fdc08a1a0ce6d76d3f3f4362198902b93af2d26ae3dfb4b45281dd6bd4449ef3	ایک نا چک کے لے گیو		2	0	fourties				gju	
e65a8c3ba525042ceba11e102309b2525de4d7748b513787fc3ecc50c13c97654e626571fcdb8a6d96b78af3e6c5bfa95fb0286d8407d9d8d3c867d06c7a1fc4	common_voice_gju_42562653.mp3	0f3d3f40721acb3b82a4682d1a6ce01ab586e63a2b5f85912ca79d347bd0ee79	یہ چلتاں چلتاں تلے مسیت کول پوہچ گیا اُتوں ہور ڈیرا نَس کے اَچھر کول جا رہیا تھا		2	0	fourties				gju	
e65a8c3ba525042ceba11e102309b2525de4d7748b513787fc3ecc50c13c97654e626571fcdb8a6d96b78af3e6c5bfa95fb0286d8407d9d8d3c867d06c7a1fc4	common_voice_gju_42562652.mp3	2404b3a3af2b13e277738108545c16b0cc6ab32314216efc776eb1cbd9cf2d64	یوہ لُڑو اس کی وراثت نا لیے گو		2	0	fourties				gju	
e65a8c3ba525042ceba11e102309b2525de4d7748b513787fc3ecc50c13c97654e626571fcdb8a6d96b78af3e6c5bfa95fb0286d8407d9d8d3c867d06c7a1fc4	common_voice_gju_42562651.mp3	195d8830e44346e6ed8340ca6d0a1e412defe4dcb810cb630f33ebea9b9409c6	اُت رات ڈیرو لویو		2	0	fourties				gju	
e65a8c3ba525042ceba11e102309b2525de4d7748b513787fc3ecc50c13c97654e626571fcdb8a6d96b78af3e6c5bfa95fb0286d8407d9d8d3c867d06c7a1fc4	common_voice_gju_42562644.mp3	faac883549d26ac9a8e387b0efe2ed45b596991777d790ceabe15df8de48ccca	خدا کی شان دیکھوں جی ایک دھیاڑی اُنھ پٹھاناں کا ڈیرا بی بادشاہ کا محل کوڑے آلگا		2	0	fourties				gju	
e65a8c3ba525042ceba11e102309b2525de4d7748b513787fc3ecc50c13c97654e626571fcdb8a6d96b78af3e6c5bfa95fb0286d8407d9d8d3c867d06c7a1fc4	common_voice_gju_42562643.mp3	214abb0822baeb98c363ea246aaae8da6ad60de02bf0fa61f8dbfb80e74feb3d	رچھ اجڑیاں کو بڑو نقصان کرتو رہ		2	0	fourties				gju	
e65a8c3ba525042ceba11e102309b2525de4d7748b513787fc3ecc50c13c97654e626571fcdb8a6d96b78af3e6c5bfa95fb0286d8407d9d8d3c867d06c7a1fc4	common_voice_gju_42562642.mp3	05eaeaba3fa1df92230bf0e116224454da6fcf7bcd5d520e5c82441e58494c28	ہوں کدے کدے اُنھ کی لڑائی کی گل سنتی رہوں تھی		2	0	fourties				gju	
e65a8c3ba525042ceba11e102309b2525de4d7748b513787fc3ecc50c13c97654e626571fcdb8a6d96b78af3e6c5bfa95fb0286d8407d9d8d3c867d06c7a1fc4	common_voice_gju_42562641.mp3	055f68cf2e83c6928b8042a5269a3b4790917f70f6bc33e4e26d640ffe01977d	چل ہن چلاں‘‘		2	0	fourties				gju	
e65a8c3ba525042ceba11e102309b2525de4d7748b513787fc3ecc50c13c97654e626571fcdb8a6d96b78af3e6c5bfa95fb0286d8407d9d8d3c867d06c7a1fc4	common_voice_gju_42562640.mp3	277c886a7e4fb30b42c4e562f30949037259762fb1974a806cda88bd15818f4c	ہم مُچ سُکھ کی زندگی گزاراں لگا		2	0	fourties				gju	
e65a8c3ba525042ceba11e102309b2525de4d7748b513787fc3ecc50c13c97654e626571fcdb8a6d96b78af3e6c5bfa95fb0286d8407d9d8d3c867d06c7a1fc4	common_voice_gju_42562638.mp3	2c9666ac90cb374aad3340658ff9ef26bbf73896893500898041c63e4c95c269	پَہی ارماند کروں توہ منا دس		2	0	fourties				gju	
e65a8c3ba525042ceba11e102309b2525de4d7748b513787fc3ecc50c13c97654e626571fcdb8a6d96b78af3e6c5bfa95fb0286d8407d9d8d3c867d06c7a1fc4	common_voice_gju_42562636.mp3	1d7ef608ffd27b3c3ef48063bebbec927644c7fbc01887298af1160b9bd135fb	مر گیو ہون بکریاں کو کے کراں		2	0	fourties				gju	
e65a8c3ba525042ceba11e102309b2525de4d7748b513787fc3ecc50c13c97654e626571fcdb8a6d96b78af3e6c5bfa95fb0286d8407d9d8d3c867d06c7a1fc4	common_voice_gju_42562635.mp3	243760f35389b334a419a88e14af377d263cefc4d4d99854ffc1715b43e0b9c8	اس ہاڑ بکری رُڑ گئی		2	0	fourties				gju	
e65a8c3ba525042ceba11e102309b2525de4d7748b513787fc3ecc50c13c97654e626571fcdb8a6d96b78af3e6c5bfa95fb0286d8407d9d8d3c867d06c7a1fc4	common_voice_gju_42562634.mp3	0c06d255cb0869a55eca4e5db1ee3c76f414993816c91a454bf75b617c51e19d	تھہانیدار صاحب ! سچ گل کروں یا کوڑ کروں		2	0	fourties				gju	
e65a8c3ba525042ceba11e102309b2525de4d7748b513787fc3ecc50c13c97654e626571fcdb8a6d96b78af3e6c5bfa95fb0286d8407d9d8d3c867d06c7a1fc4	common_voice_gju_42562623.mp3	0b24c34db0330a1660dfc29f3dc1a53167e9dd167467ed31278d176dde4ce7fb	اس نےپیسا لیا		2	0	fourties				gju	
e65a8c3ba525042ceba11e102309b2525de4d7748b513787fc3ecc50c13c97654e626571fcdb8a6d96b78af3e6c5bfa95fb0286d8407d9d8d3c867d06c7a1fc4	common_voice_gju_42562622.mp3	af41617cbe58c59413e0e3fd1c6ec09f567cb2d898f6f96e69710d4c54113c8b	وہ ایک دھیاڑی بزار نا گیو		2	0	fourties				gju	
e65a8c3ba525042ceba11e102309b2525de4d7748b513787fc3ecc50c13c97654e626571fcdb8a6d96b78af3e6c5bfa95fb0286d8407d9d8d3c867d06c7a1fc4	common_voice_gju_42562621.mp3	1e7c643b0ac71f77928eda09b9bee384c9606fccdcd34dc786fc1bd7a8e84d5a	پُلس آئی		2	0	fourties				gju	
e65a8c3ba525042ceba11e102309b2525de4d7748b513787fc3ecc50c13c97654e626571fcdb8a6d96b78af3e6c5bfa95fb0286d8407d9d8d3c867d06c7a1fc4	common_voice_gju_42562620.mp3	0a8c7893c312f62366757a8787e8d1230ceba826a3628cbf30a924b80dee66a3	مَدھ بی کائے جنو ہے		2	0	fourties				gju	
e65a8c3ba525042ceba11e102309b2525de4d7748b513787fc3ecc50c13c97654e626571fcdb8a6d96b78af3e6c5bfa95fb0286d8407d9d8d3c867d06c7a1fc4	common_voice_gju_42562619.mp3	11814ee0ec586a2bfd37fdedfa8ff405d173d6cb33b6b3a9c81109a5df675e92	ایک مہینہ		2	0	fourties				gju	
e65a8c3ba525042ceba11e102309b2525de4d7748b513787fc3ecc50c13c97654e626571fcdb8a6d96b78af3e6c5bfa95fb0286d8407d9d8d3c867d06c7a1fc4	common_voice_gju_42562613.mp3	1dad6a2f9b5134550b0ecaf23e53cad74f4e2233530c52b091a61e4554fa2c27	پُڑس ہاڑاں نے دھیانی		2	0	fourties				gju	
e65a8c3ba525042ceba11e102309b2525de4d7748b513787fc3ecc50c13c97654e626571fcdb8a6d96b78af3e6c5bfa95fb0286d8407d9d8d3c867d06c7a1fc4	common_voice_gju_42562612.mp3	2a24430eda638dc8b5a963a9b5d7509b5685b596979189a7343815222db1ede7	ک		2	0	fourties				gju	
e65a8c3ba525042ceba11e102309b2525de4d7748b513787fc3ecc50c13c97654e626571fcdb8a6d96b78af3e6c5bfa95fb0286d8407d9d8d3c867d06c7a1fc4	common_voice_gju_42562611.mp3	edeed7513d5694ee2a64e1b3d5eba2764cd2bab28193d978c774d65296d6fe27	سہی		2	0	fourties				gju	
e65a8c3ba525042ceba11e102309b2525de4d7748b513787fc3ecc50c13c97654e626571fcdb8a6d96b78af3e6c5bfa95fb0286d8407d9d8d3c867d06c7a1fc4	common_voice_gju_42562610.mp3	d049afeb7a9361667fda8ae1f05ed8d113a0178df552b106b1e4fab06d742a1f	رات گُزری		2	0	fourties				gju	
e65a8c3ba525042ceba11e102309b2525de4d7748b513787fc3ecc50c13c97654e626571fcdb8a6d96b78af3e6c5bfa95fb0286d8407d9d8d3c867d06c7a1fc4	common_voice_gju_42562609.mp3	150d9cea2936fcc79a7b92f4f26af82091a320ff15d44d42dd5ce5928a8a3205	رسیو بسیو		2	0	fourties				gju	
e65a8c3ba525042ceba11e102309b2525de4d7748b513787fc3ecc50c13c97654e626571fcdb8a6d96b78af3e6c5bfa95fb0286d8407d9d8d3c867d06c7a1fc4	common_voice_gju_42562607.mp3	15b3efcbce8c4cf0c16de4c2e603cdbd11c8343165b917d2182f6e1af0d67f8e	ککڑی نا لے گئی چا لنگاڑی		2	0	fourties				gju	
e65a8c3ba525042ceba11e102309b2525de4d7748b513787fc3ecc50c13c97654e626571fcdb8a6d96b78af3e6c5bfa95fb0286d8407d9d8d3c867d06c7a1fc4	common_voice_gju_42562606.mp3	03c71ebf3b86230161dd5c9e022d170cb6a1396cbe817a77e27105b4c12b3d68	ہچھی خوراک ما ترے شے وھے جن کی انسان کا وجود نا لوڑ وھے		2	0	fourties				gju	
e65a8c3ba525042ceba11e102309b2525de4d7748b513787fc3ecc50c13c97654e626571fcdb8a6d96b78af3e6c5bfa95fb0286d8407d9d8d3c867d06c7a1fc4	common_voice_gju_42562605.mp3	1b023a894d7c131901c2d1e849787f9125410051a6c02bbcc811933deb1747be	بانہہ بَدھی		2	0	fourties				gju	
e65a8c3ba525042ceba11e102309b2525de4d7748b513787fc3ecc50c13c97654e626571fcdb8a6d96b78af3e6c5bfa95fb0286d8407d9d8d3c867d06c7a1fc4	common_voice_gju_42562604.mp3	12089fa9d0468fc989a87b532f1511c83c3ad9ec477e2445c499d57082338dc1	مدیہرے انھ نے اونٹھ لدیا		2	0	fourties				gju	
e65a8c3ba525042ceba11e102309b2525de4d7748b513787fc3ecc50c13c97654e626571fcdb8a6d96b78af3e6c5bfa95fb0286d8407d9d8d3c867d06c7a1fc4	common_voice_gju_42562593.mp3	511b59847620697a1199a406fb552341593c1f0251a7c12faed729482f3d27d9	مُچاں دھیاڑاں		2	0	fourties				gju	
e65a8c3ba525042ceba11e102309b2525de4d7748b513787fc3ecc50c13c97654e626571fcdb8a6d96b78af3e6c5bfa95fb0286d8407d9d8d3c867d06c7a1fc4	common_voice_gju_42562592.mp3	0f1bc53c13236eb5f410d06a7eb429785af819a24ec931c420f545fd08c84615	مدیہرے بُڈھی کو پوت مکئی کوڑے جا رہیو		2	0	fourties				gju	
e65a8c3ba525042ceba11e102309b2525de4d7748b513787fc3ecc50c13c97654e626571fcdb8a6d96b78af3e6c5bfa95fb0286d8407d9d8d3c867d06c7a1fc4	common_voice_gju_42562591.mp3	24488c8a5805090e40c4e640ec77a5163e43d2f60b9ee19caf1f1f79389638b1	کیوں جے اِنھ کی مُچ کچر رُڑ گئی تھی		2	0	fourties				gju	
e65a8c3ba525042ceba11e102309b2525de4d7748b513787fc3ecc50c13c97654e626571fcdb8a6d96b78af3e6c5bfa95fb0286d8407d9d8d3c867d06c7a1fc4	common_voice_gju_42562590.mp3	0896e0fc5c786422a96f8a3b3464844f1fa34daa76922f32c4c9c3cb47db5961	اُس نا ڈھونڈ کے آنوں		2	0	fourties				gju	
e65a8c3ba525042ceba11e102309b2525de4d7748b513787fc3ecc50c13c97654e626571fcdb8a6d96b78af3e6c5bfa95fb0286d8407d9d8d3c867d06c7a1fc4	common_voice_gju_42562589.mp3	669e4ab2432babf5c3c2046d487993fb8cc7711aacbda928cebba8f04f6131fd	آن کے اس کا منہ پو چھنڈیا		2	0	fourties				gju	
e65a8c3ba525042ceba11e102309b2525de4d7748b513787fc3ecc50c13c97654e626571fcdb8a6d96b78af3e6c5bfa95fb0286d8407d9d8d3c867d06c7a1fc4	common_voice_gju_42562583.mp3	0ddf59adbfe9002fc8432a39ca2ffcb08caca878cb3a6a5d233473a721eb4ec8	ہچھی		2	0	fourties				gju	
e65a8c3ba525042ceba11e102309b2525de4d7748b513787fc3ecc50c13c97654e626571fcdb8a6d96b78af3e6c5bfa95fb0286d8407d9d8d3c867d06c7a1fc4	common_voice_gju_42562582.mp3	2b1004d00330f32653af010e5854e6ce8df3009a62dafff42d00a98fb3830c15	ایک جا ما ڈیر ا لے کے لایا		2	0	fourties				gju	
e65a8c3ba525042ceba11e102309b2525de4d7748b513787fc3ecc50c13c97654e626571fcdb8a6d96b78af3e6c5bfa95fb0286d8407d9d8d3c867d06c7a1fc4	common_voice_gju_42562581.mp3	20073f37ec304296399042e68a6e2e333bcfb46142aa5ee801dd45c96113e704	دُوجے دھیاڑے کا کا نے حشری سدیا		2	0	fourties				gju	
e65a8c3ba525042ceba11e102309b2525de4d7748b513787fc3ecc50c13c97654e626571fcdb8a6d96b78af3e6c5bfa95fb0286d8407d9d8d3c867d06c7a1fc4	common_voice_gju_42562579.mp3	1070438f1b967175590d9c626c099ab6476cdd964d12f18a96a51f22921666c0	ماہلی ما پوہچ کے یہ لوک مُچ خوش ہویا جے ہن بر کا دھیاڑا ارام کراں گا		2	0	fourties				gju	
e65a8c3ba525042ceba11e102309b2525de4d7748b513787fc3ecc50c13c97654e626571fcdb8a6d96b78af3e6c5bfa95fb0286d8407d9d8d3c867d06c7a1fc4	common_voice_gju_42562578.mp3	d0f96c8a7d33e3e8330ae11c806cd580bfe30bc3bb018d4aae8d31a3c668d385	اونٹھاں ہاڑو		2	0	fourties				gju	
e65a8c3ba525042ceba11e102309b2525de4d7748b513787fc3ecc50c13c97654e626571fcdb8a6d96b78af3e6c5bfa95fb0286d8407d9d8d3c867d06c7a1fc4	common_voice_gju_42562577.mp3	ca1c56f3d34dd272aeaf8936d531c6a803937fc7ba3ec01f2edf43a706914cd4	دوجا نے مھیس چَکی ہے		2	0	fourties				gju	
e65a8c3ba525042ceba11e102309b2525de4d7748b513787fc3ecc50c13c97654e626571fcdb8a6d96b78af3e6c5bfa95fb0286d8407d9d8d3c867d06c7a1fc4	common_voice_gju_42562576.mp3	18e7256d5ef1cda3446a62cce2bbd41d1e5c48c4b676e5d1fbcf0bdb0cb366ab	اِن کو کم مچ خراب تھو		2	0	fourties				gju	
e65a8c3ba525042ceba11e102309b2525de4d7748b513787fc3ecc50c13c97654e626571fcdb8a6d96b78af3e6c5bfa95fb0286d8407d9d8d3c867d06c7a1fc4	common_voice_gju_42562575.mp3	1cfc7a1858306d2ab866884239a2a1aa7c1a6391e176eb0de168aafdf51dc5f4	پٹھاناں نے ڈیرا لاہیا		2	0	fourties				gju	
e65a8c3ba525042ceba11e102309b2525de4d7748b513787fc3ecc50c13c97654e626571fcdb8a6d96b78af3e6c5bfa95fb0286d8407d9d8d3c867d06c7a1fc4	common_voice_gju_42562573.mp3	2937df7c8ff9e13c7cbcfa5306f913090f64514f490616b3ecaf75d166ac4fad	بکروال حاجی ایوب کو ڈیرو تھو۔		2	0	fourties				gju	
e65a8c3ba525042ceba11e102309b2525de4d7748b513787fc3ecc50c13c97654e626571fcdb8a6d96b78af3e6c5bfa95fb0286d8407d9d8d3c867d06c7a1fc4	common_voice_gju_42562568.mp3	2a7dfd013446e522906310206ea60b21b1b3ad491736341393286bbafea257cc	منا یاہ گل دس دکاندار نے تیرے تیں کتنا پیسہ لیا تھا		2	0	fourties				gju	
e65a8c3ba525042ceba11e102309b2525de4d7748b513787fc3ecc50c13c97654e626571fcdb8a6d96b78af3e6c5bfa95fb0286d8407d9d8d3c867d06c7a1fc4	common_voice_gju_42562567.mp3	0ed1d6c1d06ecdb7bcb629ae924aa14d22f76274918c9aa6e31240e3e56f02df	کالا خان نے صبح بکری سُمہالی		2	0	fourties				gju	
e65a8c3ba525042ceba11e102309b2525de4d7748b513787fc3ecc50c13c97654e626571fcdb8a6d96b78af3e6c5bfa95fb0286d8407d9d8d3c867d06c7a1fc4	common_voice_gju_42562566.mp3	e34102a14b5703cafbbfe3ea58a67b6b4d39fa94397d1499671407f6d1758f38	ہن توہ کہے ہوں بیاہ کروں ہے "		2	0	fourties				gju	
e65a8c3ba525042ceba11e102309b2525de4d7748b513787fc3ecc50c13c97654e626571fcdb8a6d96b78af3e6c5bfa95fb0286d8407d9d8d3c867d06c7a1fc4	common_voice_gju_42562565.mp3	06359b6ee260c4391036df21ec9e0877cebdd458d63a1b398093d4aacc41ca93	اپنا جنا نا کہیو ” چنگی گل		2	0	fourties				gju	
e65a8c3ba525042ceba11e102309b2525de4d7748b513787fc3ecc50c13c97654e626571fcdb8a6d96b78af3e6c5bfa95fb0286d8407d9d8d3c867d06c7a1fc4	common_voice_gju_42562558.mp3	221c411831bd4e1481ea3f740a294bf03c3f16b78127a838d515de2275b5a0f1	سارا لوک اَیا		2	0	fourties				gju	
e65a8c3ba525042ceba11e102309b2525de4d7748b513787fc3ecc50c13c97654e626571fcdb8a6d96b78af3e6c5bfa95fb0286d8407d9d8d3c867d06c7a1fc4	common_voice_gju_42562557.mp3	293fbfb48eb58f3e8f14a218337efbab58a1b6fa08d61ba40ad8cd2af1e3276e	ویہ اُٹھیا		2	0	fourties				gju	
e65a8c3ba525042ceba11e102309b2525de4d7748b513787fc3ecc50c13c97654e626571fcdb8a6d96b78af3e6c5bfa95fb0286d8407d9d8d3c867d06c7a1fc4	common_voice_gju_42562556.mp3	08fb95d78e3907d050bec35bac304b8942fe6f899e4a3d13ec02104c01903cdb	لگی		2	0	fourties				gju	
e65a8c3ba525042ceba11e102309b2525de4d7748b513787fc3ecc50c13c97654e626571fcdb8a6d96b78af3e6c5bfa95fb0286d8407d9d8d3c867d06c7a1fc4	common_voice_gju_42562555.mp3	206f22b22a1e2a4ea72a879bbbc5da99726fc385945babcfb61ebbd3dda50bc5	اُت اِنھ نے کُج عرصو خرامو		2	0	fourties				gju	
e65a8c3ba525042ceba11e102309b2525de4d7748b513787fc3ecc50c13c97654e626571fcdb8a6d96b78af3e6c5bfa95fb0286d8407d9d8d3c867d06c7a1fc4	common_voice_gju_42562554.mp3	201bbd2718bd9f735b1d7cb8c3c1f5574cc7cff9b06c9e04725dd099ec73926b	اِکا بکری کری لہال		2	1	fourties				gju	
e65a8c3ba525042ceba11e102309b2525de4d7748b513787fc3ecc50c13c97654e626571fcdb8a6d96b78af3e6c5bfa95fb0286d8407d9d8d3c867d06c7a1fc4	common_voice_gju_42562553.mp3	0e4210faa872af055062c2d635c9bb82f6b61a878cd41e266ba38ca4d421913c	رب نے سارا موڑ کے ایک ٹھار ما کیا		2	0	fourties				gju	
e65a8c3ba525042ceba11e102309b2525de4d7748b513787fc3ecc50c13c97654e626571fcdb8a6d96b78af3e6c5bfa95fb0286d8407d9d8d3c867d06c7a1fc4	common_voice_gju_42562552.mp3	13ab1cb4c901b1540637caffedf0a70ba3de21a04539b71ec17c9cce31fa9cb7	اج توہ اِت کینجو آ گیو		2	0	fourties				gju	
e65a8c3ba525042ceba11e102309b2525de4d7748b513787fc3ecc50c13c97654e626571fcdb8a6d96b78af3e6c5bfa95fb0286d8407d9d8d3c867d06c7a1fc4	common_voice_gju_42562551.mp3	086863a5feb8d69894bc39ab7d8da6ce0d0eb9e1126f5f9b356fcd7f817cccb2	اس گل کو پتو بادشاہ نا لگو		2	0	fourties				gju	
e65a8c3ba525042ceba11e102309b2525de4d7748b513787fc3ecc50c13c97654e626571fcdb8a6d96b78af3e6c5bfa95fb0286d8407d9d8d3c867d06c7a1fc4	common_voice_gju_42562550.mp3	07f9f6a0f01fbcf9477a4b7ed96c71aba1b56ba06479671cb45c30d09b188a07	لوک اَیا		2	0	fourties				gju	
e65a8c3ba525042ceba11e102309b2525de4d7748b513787fc3ecc50c13c97654e626571fcdb8a6d96b78af3e6c5bfa95fb0286d8407d9d8d3c867d06c7a1fc4	common_voice_gju_42562549.mp3	149961302142e456051105c5bdb64a7a75eb78bb8f12095f53325ea802fee72c	فر نس بھج کے ان تا جرگو چلایو		2	0	fourties				gju	
e65a8c3ba525042ceba11e102309b2525de4d7748b513787fc3ecc50c13c97654e626571fcdb8a6d96b78af3e6c5bfa95fb0286d8407d9d8d3c867d06c7a1fc4	common_voice_gju_42562541.mp3	0ea77d364e34fd5e30eabd7288cbd21e66ed050e8ae4d0427913c3d4261e866f	مال بے مُچ مر گیو		2	0	fourties				gju	
e65a8c3ba525042ceba11e102309b2525de4d7748b513787fc3ecc50c13c97654e626571fcdb8a6d96b78af3e6c5bfa95fb0286d8407d9d8d3c867d06c7a1fc4	common_voice_gju_42562540.mp3	e0344d3d8784c84e3962d33ae59916db6939af056ec8f2bfc14a289904f7f4e8	جہیڑا رچھ نے بکری ماری تھی اوہ بھی اس بِلے اُت ہی تھو		2	0	fourties				gju	
e65a8c3ba525042ceba11e102309b2525de4d7748b513787fc3ecc50c13c97654e626571fcdb8a6d96b78af3e6c5bfa95fb0286d8407d9d8d3c867d06c7a1fc4	common_voice_gju_42562539.mp3	0f0f2199df5d015c955c8c8e44e8180be78154f6c9fb58c5ee6672cbbb3cc049	خدا کو شکر ہویو جے لو تھی		2	0	fourties				gju	
e65a8c3ba525042ceba11e102309b2525de4d7748b513787fc3ecc50c13c97654e626571fcdb8a6d96b78af3e6c5bfa95fb0286d8407d9d8d3c867d06c7a1fc4	common_voice_gju_42562537.mp3	08e46a8954f66fe3a9debfdda872fba29919582499bb12eb3a4e3a3a8fe7b52a	ضرورت کی جہیڑی شے تھی چا لئی		2	0	fourties				gju	
e65a8c3ba525042ceba11e102309b2525de4d7748b513787fc3ecc50c13c97654e626571fcdb8a6d96b78af3e6c5bfa95fb0286d8407d9d8d3c867d06c7a1fc4	common_voice_gju_42562531.mp3	2139234585e4d2d1c803b9693d4c96972246604647f78e497da254f60036e73f	جہڑو ہمنا طاقت دیئے یوہ کنک کی روٹی ہے		2	0	fourties				gju	
e65a8c3ba525042ceba11e102309b2525de4d7748b513787fc3ecc50c13c97654e626571fcdb8a6d96b78af3e6c5bfa95fb0286d8407d9d8d3c867d06c7a1fc4	common_voice_gju_42562530.mp3	18ca72fa4730cd421e4e540aeb58100020d43d5e7fde19c2f7273d8440289655	رہ گئی پنج خیر نال		2	1	fourties				gju	
e65a8c3ba525042ceba11e102309b2525de4d7748b513787fc3ecc50c13c97654e626571fcdb8a6d96b78af3e6c5bfa95fb0286d8407d9d8d3c867d06c7a1fc4	common_voice_gju_42562529.mp3	0b5516403f328cf316e7a29ed090a174ecbcdf7cb38d5cfcdf6752ea5b4b18c9	دیو نے اپنی مُچھ		2	0	fourties				gju	
e65a8c3ba525042ceba11e102309b2525de4d7748b513787fc3ecc50c13c97654e626571fcdb8a6d96b78af3e6c5bfa95fb0286d8407d9d8d3c867d06c7a1fc4	common_voice_gju_42562528.mp3	25f551728ec5b54342abe6e87c9dc617c4cb40e34a9b8a1908b3e1bfbae90f97	اُ س نامُچ دُکھ لگو بارے مندا کماں کو مندو نتیجو وھے		2	0	fourties				gju	
e65a8c3ba525042ceba11e102309b2525de4d7748b513787fc3ecc50c13c97654e626571fcdb8a6d96b78af3e6c5bfa95fb0286d8407d9d8d3c867d06c7a1fc4	common_voice_gju_42562527.mp3	0511116222b2ecd9ec58c45e4478177e11851861890167d34713ae5e19675d63	اَنھاں نا نَپ کے لے		2	0	fourties				gju	
e65a8c3ba525042ceba11e102309b2525de4d7748b513787fc3ecc50c13c97654e626571fcdb8a6d96b78af3e6c5bfa95fb0286d8407d9d8d3c867d06c7a1fc4	common_voice_gju_42562521.mp3	f4b540a8a491d8888533f8700e8ac0cdfcfe1c09b57fc62ad4e094ad180c5f30	بے ہوش ہوگیا		2	0	fourties				gju	
e65a8c3ba525042ceba11e102309b2525de4d7748b513787fc3ecc50c13c97654e626571fcdb8a6d96b78af3e6c5bfa95fb0286d8407d9d8d3c867d06c7a1fc4	common_voice_gju_42562520.mp3	034dc13b308f99652a8ee8a7dbd70ff85cb9aae2adbb43f5cee6c8c1b43461de	گرم روٹی ہم نیہہ کھا سکتا‘‘		2	0	fourties				gju	
e65a8c3ba525042ceba11e102309b2525de4d7748b513787fc3ecc50c13c97654e626571fcdb8a6d96b78af3e6c5bfa95fb0286d8407d9d8d3c867d06c7a1fc4	common_voice_gju_42562519.mp3	0f7e1f08bde6e5e7166551bb0fa23928e93fc78edc13d302b5935630694416eb	اپنا کَھم پانی ما بھے کے آئی		2	0	fourties				gju	
e65a8c3ba525042ceba11e102309b2525de4d7748b513787fc3ecc50c13c97654e626571fcdb8a6d96b78af3e6c5bfa95fb0286d8407d9d8d3c867d06c7a1fc4	common_voice_gju_42562518.mp3	15615ff035d887b366fdc8c0f856d296464e88fa2314c328bdb010652062cb10	اس نا تاپ		2	0	fourties				gju	
e65a8c3ba525042ceba11e102309b2525de4d7748b513787fc3ecc50c13c97654e626571fcdb8a6d96b78af3e6c5bfa95fb0286d8407d9d8d3c867d06c7a1fc4	common_voice_gju_42562517.mp3	10038a731cecb6f2ac7a639843c953eb6db7e1224ccd83893ce245e8d76f345a	یاہ اِنھ لوکاں کی مُچ بڑی خُوبی		2	0	fourties				gju	
e65a8c3ba525042ceba11e102309b2525de4d7748b513787fc3ecc50c13c97654e626571fcdb8a6d96b78af3e6c5bfa95fb0286d8407d9d8d3c867d06c7a1fc4	common_voice_gju_42562506.mp3	26c946b10a9052082f6b29e00d47caf822135c5546d22a6665c9c06a16772360	ہم ہر قسم کی چیز کھاواں		2	0	fourties				gju	
e65a8c3ba525042ceba11e102309b2525de4d7748b513787fc3ecc50c13c97654e626571fcdb8a6d96b78af3e6c5bfa95fb0286d8407d9d8d3c867d06c7a1fc4	common_voice_gju_42562505.mp3	1d9ff616c3050e1ebe05621d74959bcf0120e85ab1113295c4c274757ad2e9fc	حضرت محمد ﷺ نا چالی سال کی عمر ما نبی بنا کے بھیجیو۔		2	0	fourties				gju	
e65a8c3ba525042ceba11e102309b2525de4d7748b513787fc3ecc50c13c97654e626571fcdb8a6d96b78af3e6c5bfa95fb0286d8407d9d8d3c867d06c7a1fc4	common_voice_gju_42562504.mp3	26566fee03a4586220b505ce0277a09259c39ecbb759c667310048fbceb27bb1	خربوش کی ماہلی ما جا رہیا		2	0	fourties				gju	
e65a8c3ba525042ceba11e102309b2525de4d7748b513787fc3ecc50c13c97654e626571fcdb8a6d96b78af3e6c5bfa95fb0286d8407d9d8d3c867d06c7a1fc4	common_voice_gju_42562503.mp3	2160402322754a88efc41d2e280b16850b747bfee05c02d2cc2f2624e1abfdd7	رچھ نیہہ سہی ہویو		2	0	fourties				gju	
e65a8c3ba525042ceba11e102309b2525de4d7748b513787fc3ecc50c13c97654e626571fcdb8a6d96b78af3e6c5bfa95fb0286d8407d9d8d3c867d06c7a1fc4	common_voice_gju_42562502.mp3	a45f4c819c11ebb10eeae8693e1f4f4b443767099f86f4d1d50679e79d4d2975	دیو جس بِڑے اُس نا مارن نا اُٹھیو		2	0	fourties				gju	
e65a8c3ba525042ceba11e102309b2525de4d7748b513787fc3ecc50c13c97654e626571fcdb8a6d96b78af3e6c5bfa95fb0286d8407d9d8d3c867d06c7a1fc4	common_voice_gju_42562496.mp3	27fe8d691ced28c89f7dcf1243a1ba94bff52d8db8573861473145423e95707d	نہ آیا یاہ مرباس بے ڈکی		2	0	fourties				gju	
e65a8c3ba525042ceba11e102309b2525de4d7748b513787fc3ecc50c13c97654e626571fcdb8a6d96b78af3e6c5bfa95fb0286d8407d9d8d3c867d06c7a1fc4	common_voice_gju_42562495.mp3	1f62faeb5533c369ce7a8643eb1d48eca3199892dfea69e7b8ce4a1dfb87ae86	پروین ہر دھیاڑے پنج بَجے اُٹھے تھی واہ پہلاں بھاری مارے تھی اُس		2	0	fourties				gju	
e65a8c3ba525042ceba11e102309b2525de4d7748b513787fc3ecc50c13c97654e626571fcdb8a6d96b78af3e6c5bfa95fb0286d8407d9d8d3c867d06c7a1fc4	common_voice_gju_42562494.mp3	1771089fb0d3c7584586b15f70658ac1a889b18c77683f800fc8020b572535ec	دینہا میری وار ہے		2	0	fourties				gju	
e65a8c3ba525042ceba11e102309b2525de4d7748b513787fc3ecc50c13c97654e626571fcdb8a6d96b78af3e6c5bfa95fb0286d8407d9d8d3c867d06c7a1fc4	common_voice_gju_42562493.mp3	03bfe24ebb3cceee21ee9c6e3dbcc2f06edd09887b4f8c38ee15c5fa80123672	اُس سال یہ لوک پَل ما مچ سخت تنگ ہویا		2	0	fourties				gju	
e65a8c3ba525042ceba11e102309b2525de4d7748b513787fc3ecc50c13c97654e626571fcdb8a6d96b78af3e6c5bfa95fb0286d8407d9d8d3c867d06c7a1fc4	common_voice_gju_42562492.mp3	1e7926376f706768add976182cc33c15af4d4afb64ca973cc0d701bac442631d	کاہڈ یاہ بیمار بیٹکی مُچ اوکھا طریقہ نال گلگت پوہچائی		2	0	fourties				gju	
e65a8c3ba525042ceba11e102309b2525de4d7748b513787fc3ecc50c13c97654e626571fcdb8a6d96b78af3e6c5bfa95fb0286d8407d9d8d3c867d06c7a1fc4	common_voice_gju_42562486.mp3	0370ffde2c0e1a44e332d263fa96cc038f7d48c9806f111a99e2fdc785f40ccd	نجمہ کو باپ		2	0	fourties				gju	
e65a8c3ba525042ceba11e102309b2525de4d7748b513787fc3ecc50c13c97654e626571fcdb8a6d96b78af3e6c5bfa95fb0286d8407d9d8d3c867d06c7a1fc4	common_voice_gju_42562485.mp3	1cd90514607d2e3639cec1ff0e3b831f3264bf6d52ba68a3ba7a753a0f81fc99	وہ جنو مچھی نپن ہاڑو شکاری تھو		2	0	fourties				gju	
e65a8c3ba525042ceba11e102309b2525de4d7748b513787fc3ecc50c13c97654e626571fcdb8a6d96b78af3e6c5bfa95fb0286d8407d9d8d3c867d06c7a1fc4	common_voice_gju_42562484.mp3	12c9324f4a9179d531633879b4191d9557825f844428f7c3ebb3e029990337c4	بِساکھ کی دھیاڑی تھی بزار ما اُس نے ہوانا دیکھ لیا		2	0	fourties				gju	
e65a8c3ba525042ceba11e102309b2525de4d7748b513787fc3ecc50c13c97654e626571fcdb8a6d96b78af3e6c5bfa95fb0286d8407d9d8d3c867d06c7a1fc4	common_voice_gju_42562483.mp3	0e988b1c3bd8616e9955c7cc8d2d8e94de297b2d3e43128b8863815d213ed8a1	دیسی لوکاں		2	0	fourties				gju	
e65a8c3ba525042ceba11e102309b2525de4d7748b513787fc3ecc50c13c97654e626571fcdb8a6d96b78af3e6c5bfa95fb0286d8407d9d8d3c867d06c7a1fc4	common_voice_gju_42562482.mp3	19a44565c6ca187feb8a2d7b3b4707055092b9593867d746bc103ed93274d96c	حاجی صاحب کی حالت مُچ خراب تھی		2	0	fourties				gju	
e65a8c3ba525042ceba11e102309b2525de4d7748b513787fc3ecc50c13c97654e626571fcdb8a6d96b78af3e6c5bfa95fb0286d8407d9d8d3c867d06c7a1fc4	common_voice_gju_42562481.mp3	18710a474c63bf5981e5d2c21cfe9281a72cea2655c75730ee211819c3206000	مصطفی نے سوچیو جے اِت یہ بکری مَنا تنگ کرے گی ہوں اُت دُوجا بُوٹا کے ہیٹھ جا کے بیسوں		2	0	fourties				gju	
e65a8c3ba525042ceba11e102309b2525de4d7748b513787fc3ecc50c13c97654e626571fcdb8a6d96b78af3e6c5bfa95fb0286d8407d9d8d3c867d06c7a1fc4	common_voice_gju_42562480.mp3	23a396b32fbf7f146f54e80478d229acea91df0e52adf5b62cddc35de8e52549	رہ گئی چھ بکری ساری		2	0	fourties				gju	
e65a8c3ba525042ceba11e102309b2525de4d7748b513787fc3ecc50c13c97654e626571fcdb8a6d96b78af3e6c5bfa95fb0286d8407d9d8d3c867d06c7a1fc4	common_voice_gju_42562478.mp3	d045046475126b152c5fae5675e8021ab941afadf7b5450f49b9a13c8c5c4d01	چلتیں چلتیں اَگے راہ ما گیو		2	0	fourties				gju	
e65a8c3ba525042ceba11e102309b2525de4d7748b513787fc3ecc50c13c97654e626571fcdb8a6d96b78af3e6c5bfa95fb0286d8407d9d8d3c867d06c7a1fc4	common_voice_gju_42562477.mp3	0f774282eeecc5c99c90b62a2735396e79de3438c204f2d727271b53cd3468d2	چرکھو آنیو		2	0	fourties				gju	
e65a8c3ba525042ceba11e102309b2525de4d7748b513787fc3ecc50c13c97654e626571fcdb8a6d96b78af3e6c5bfa95fb0286d8407d9d8d3c867d06c7a1fc4	common_voice_gju_42562475.mp3	02e6ff40d5baf54862e83cc78a539e7cf0a7eafdea650afc62e5326b8fa0536e	دیگر کو ٹیم تھو		2	0	fourties				gju	
e65a8c3ba525042ceba11e102309b2525de4d7748b513787fc3ecc50c13c97654e626571fcdb8a6d96b78af3e6c5bfa95fb0286d8407d9d8d3c867d06c7a1fc4	common_voice_gju_42562471.mp3	e21d215b577a0c0c3ceec7a6b934c0d57cf64affc98e2e98c4ceb3dfd64894cb	رات اِت گزار کے مدیہرے چلاں گا ‘‘		2	0	fourties				gju	
e65a8c3ba525042ceba11e102309b2525de4d7748b513787fc3ecc50c13c97654e626571fcdb8a6d96b78af3e6c5bfa95fb0286d8407d9d8d3c867d06c7a1fc4	common_voice_gju_42562469.mp3	01b57740833fd1ed1de49621830c1349f2be4e11ced61a926e4b3b19143eca29	بکریاں کی کائی گل نیہہ بکری خدا ہور چا دیئے گو		2	0	fourties				gju	
e65a8c3ba525042ceba11e102309b2525de4d7748b513787fc3ecc50c13c97654e626571fcdb8a6d96b78af3e6c5bfa95fb0286d8407d9d8d3c867d06c7a1fc4	common_voice_gju_42562468.mp3	dd266b148d4069610b2154736b50f4f60a10673c9506c1625a59f859ba66fbd2	توہ میری کے امداد کرے گی		2	0	fourties				gju	
e65a8c3ba525042ceba11e102309b2525de4d7748b513787fc3ecc50c13c97654e626571fcdb8a6d96b78af3e6c5bfa95fb0286d8407d9d8d3c867d06c7a1fc4	common_voice_gju_42562467.mp3	358428c5f88ed47141b5a73182fdfef91998ddfeee44dfa8bc0753ec175e8fa0	اس نا بکری کھادی وی تھا گئی		2	0	fourties				gju	
e65a8c3ba525042ceba11e102309b2525de4d7748b513787fc3ecc50c13c97654e626571fcdb8a6d96b78af3e6c5bfa95fb0286d8407d9d8d3c867d06c7a1fc4	common_voice_gju_42562466.mp3	871a5b3520333e1ed980d9ec5dd29ebbcea42ef1968645112cb54c950982fcc5	اُنھ کے نیڑے پٹھاناں کا ڈیرا تھا		2	0	fourties				gju	
e65a8c3ba525042ceba11e102309b2525de4d7748b513787fc3ecc50c13c97654e626571fcdb8a6d96b78af3e6c5bfa95fb0286d8407d9d8d3c867d06c7a1fc4	common_voice_gju_42562450.mp3	1c0ad2828d5dc0290d958396ecc520abdfa9643543db96bd87d0cf0473398876	اُس نے کت چھٹ ماریو		2	0	fourties				gju	
e65a8c3ba525042ceba11e102309b2525de4d7748b513787fc3ecc50c13c97654e626571fcdb8a6d96b78af3e6c5bfa95fb0286d8407d9d8d3c867d06c7a1fc4	common_voice_gju_42562449.mp3	08e821ccc34381c19c6981129be37405d0442630d9a13f1048e58d74868be0fa	نولکھیا نے جس بِڑے صندوق کھولیو		2	0	fourties				gju	
e65a8c3ba525042ceba11e102309b2525de4d7748b513787fc3ecc50c13c97654e626571fcdb8a6d96b78af3e6c5bfa95fb0286d8407d9d8d3c867d06c7a1fc4	common_voice_gju_42562448.mp3	099443b3af13775c4d7a69161790b1703a1ba8e26acc60e88b3608230a1f5bbc	ڈیرا کَٹھا کے بے نیڑے تھا دوہاں پاساں		2	0	fourties				gju	
e65a8c3ba525042ceba11e102309b2525de4d7748b513787fc3ecc50c13c97654e626571fcdb8a6d96b78af3e6c5bfa95fb0286d8407d9d8d3c867d06c7a1fc4	common_voice_gju_42562447.mp3	2e7bb3aad5953ee40bc11a62b7a8af28a789135fcf08789ebe62589f8f75ea65	کاہڈ وہ ڈیرا نا آن لگو		2	0	fourties				gju	
e65a8c3ba525042ceba11e102309b2525de4d7748b513787fc3ecc50c13c97654e626571fcdb8a6d96b78af3e6c5bfa95fb0286d8407d9d8d3c867d06c7a1fc4	common_voice_gju_42562446.mp3	3418e6e96a7ec57854c0c070f5d4dc0524b0fdf9b97205a9190f8447a29966d8	ہوں اسے کے ناڑ بیاہ کروں گی ‘‘		2	0	fourties				gju	
e65a8c3ba525042ceba11e102309b2525de4d7748b513787fc3ecc50c13c97654e626571fcdb8a6d96b78af3e6c5bfa95fb0286d8407d9d8d3c867d06c7a1fc4	common_voice_gju_42562440.mp3	004a80f3fcd5013451bf9ab8c2e5b15660e1e1e55ac64df51eb1c53591f859ba	جیہڑو کرایو بنے وہ بے دیوؤں		2	0	fourties				gju	
e65a8c3ba525042ceba11e102309b2525de4d7748b513787fc3ecc50c13c97654e626571fcdb8a6d96b78af3e6c5bfa95fb0286d8407d9d8d3c867d06c7a1fc4	common_voice_gju_42562439.mp3	1976c79e1f15021f0627211c1355fed0a3c9f07c75358101207bc5ff0fba7ed7	اِنھ نے ڈیرا		2	0	fourties				gju	
e65a8c3ba525042ceba11e102309b2525de4d7748b513787fc3ecc50c13c97654e626571fcdb8a6d96b78af3e6c5bfa95fb0286d8407d9d8d3c867d06c7a1fc4	common_voice_gju_42562438.mp3	0a29e7935310935f79e9da8f932f8c297555c51be177d0f01fe62a076d3f4ffe	ٹرک ہالا نے یہ پھلاوائی لاہ چھُڑیا		2	0	fourties				gju	
e65a8c3ba525042ceba11e102309b2525de4d7748b513787fc3ecc50c13c97654e626571fcdb8a6d96b78af3e6c5bfa95fb0286d8407d9d8d3c867d06c7a1fc4	common_voice_gju_42562437.mp3	17e5320a5be579216b5d4aaf0281bc07c145591e121f8294500ce65f9e9bf69e	رچھ نے جنو چھوڈ دتو		2	0	fourties				gju	
e65a8c3ba525042ceba11e102309b2525de4d7748b513787fc3ecc50c13c97654e626571fcdb8a6d96b78af3e6c5bfa95fb0286d8407d9d8d3c867d06c7a1fc4	common_voice_gju_42562436.mp3	01e23a18f4fa9e58d101e5820a040dc01bc112889379f50d68357d41a58081c3	ہن وہ خالق چنگو بھَلو		2	0	fourties				gju	
e65a8c3ba525042ceba11e102309b2525de4d7748b513787fc3ecc50c13c97654e626571fcdb8a6d96b78af3e6c5bfa95fb0286d8407d9d8d3c867d06c7a1fc4	common_voice_gju_42562432.mp3	22de8ee91265abc6d83038d76db14dfc987c5778f9059dc04a95955232e0b9c7	دین		2	0	fourties				gju	
e65a8c3ba525042ceba11e102309b2525de4d7748b513787fc3ecc50c13c97654e626571fcdb8a6d96b78af3e6c5bfa95fb0286d8407d9d8d3c867d06c7a1fc4	common_voice_gju_42562430.mp3	0db2d69c69a14c1ff10ab887eef5cba64572a6c9d594825383739c7bee8c29c2	دوجی دھیاڑی کہیڑو گدڑ اِنھ کی گل سنے تھو		2	0	fourties				gju	
e65a8c3ba525042ceba11e102309b2525de4d7748b513787fc3ecc50c13c97654e626571fcdb8a6d96b78af3e6c5bfa95fb0286d8407d9d8d3c867d06c7a1fc4	common_voice_gju_42562428.mp3	05f96dea13ab1876b29e544f1f94d9e030fa4303306cdd28cf5d3c11d1bc6081	بھی واہ پکھنی اس نا کہن لگی		2	0	fourties				gju	
e65a8c3ba525042ceba11e102309b2525de4d7748b513787fc3ecc50c13c97654e626571fcdb8a6d96b78af3e6c5bfa95fb0286d8407d9d8d3c867d06c7a1fc4	common_voice_gju_42562427.mp3	17b2a024cc70967d25c8c44375ceaf8dfff6144a4a7e1dc3ea5af9201741f11d	ایک ہفتہ		2	0	fourties				gju	
e65a8c3ba525042ceba11e102309b2525de4d7748b513787fc3ecc50c13c97654e626571fcdb8a6d96b78af3e6c5bfa95fb0286d8407d9d8d3c867d06c7a1fc4	common_voice_gju_42562426.mp3	00667ce41bb5f796e6489117425ea65c3326caa47ac1ced522e94b865820d5de	نوئی جا ما بے یہ مُچ خوش رہیا اُت تھوڑ ا جا ڈیرا تھا		2	0	fourties				gju	
e65a8c3ba525042ceba11e102309b2525de4d7748b513787fc3ecc50c13c97654e626571fcdb8a6d96b78af3e6c5bfa95fb0286d8407d9d8d3c867d06c7a1fc4	common_voice_gju_42562421.mp3	1c927d2a899faf068d198217b871b8dcb9839b42df48e992bf164d541dfdf1a8	اُت کا دیسی لوکاں نے		2	0	fourties				gju	
e65a8c3ba525042ceba11e102309b2525de4d7748b513787fc3ecc50c13c97654e626571fcdb8a6d96b78af3e6c5bfa95fb0286d8407d9d8d3c867d06c7a1fc4	common_voice_gju_42562420.mp3	a7f70732c8bc397a27c8c7f58a08fd7bf2c05a49727beb20b5ab177ba1661fe5	رات نا سنگی مڑ کے آیا		2	0	fourties				gju	
e65a8c3ba525042ceba11e102309b2525de4d7748b513787fc3ecc50c13c97654e626571fcdb8a6d96b78af3e6c5bfa95fb0286d8407d9d8d3c867d06c7a1fc4	common_voice_gju_42562419.mp3	0b181aa86b8bef9075828a2fa69ba25dedabf792b221009c2fa27dd34e8860a9	پہلوکلمو طییب، دوجو کلمو شہادت، تیجو کملو تمجید، چوتھو کملو توحید، پنجمو کلمو استغفار، چھیمو کلمو رد کفر		2	0	fourties				gju	
e65a8c3ba525042ceba11e102309b2525de4d7748b513787fc3ecc50c13c97654e626571fcdb8a6d96b78af3e6c5bfa95fb0286d8407d9d8d3c867d06c7a1fc4	common_voice_gju_42562418.mp3	10177fad1fb1e9f85ee0ab8583f1a6bdefc20eeb212fa78c6743106642f34ad7	بکری نہ لبھی		2	0	fourties				gju	
e65a8c3ba525042ceba11e102309b2525de4d7748b513787fc3ecc50c13c97654e626571fcdb8a6d96b78af3e6c5bfa95fb0286d8407d9d8d3c867d06c7a1fc4	common_voice_gju_42562417.mp3	00bac858f8bbc66ce472492f8431596f1efc4f5867e49d01c7d26f596b4185ea	بوٹو منڈھ		2	0	fourties				gju	
e65a8c3ba525042ceba11e102309b2525de4d7748b513787fc3ecc50c13c97654e626571fcdb8a6d96b78af3e6c5bfa95fb0286d8407d9d8d3c867d06c7a1fc4	common_voice_gju_42562416.mp3	087cfd13ca5cbb1fa303a5e21bd8940779ee5337772fde5f8c54990c242e0029	حاجی صاحب نے پُوت کا سر کو ایک بکرو مَنیو		2	0	fourties				gju	
e65a8c3ba525042ceba11e102309b2525de4d7748b513787fc3ecc50c13c97654e626571fcdb8a6d96b78af3e6c5bfa95fb0286d8407d9d8d3c867d06c7a1fc4	common_voice_gju_42562415.mp3	17521d3f5aa13aaefa4f09f0ef352fe8cd01ee4b6a70317ae67317fee38d264b	کاہڈ وہ بے مر گیو		2	0	fourties				gju	
e65a8c3ba525042ceba11e102309b2525de4d7748b513787fc3ecc50c13c97654e626571fcdb8a6d96b78af3e6c5bfa95fb0286d8407d9d8d3c867d06c7a1fc4	common_voice_gju_42562414.mp3	2230e3679bd6d2d4e20ccb964186ee98d1f4c50af2a5ef6b017e170bd38b1af1	ظہر کی نماز نا پیشی کہ نماز کہیں۔		2	0	fourties				gju	
e65a8c3ba525042ceba11e102309b2525de4d7748b513787fc3ecc50c13c97654e626571fcdb8a6d96b78af3e6c5bfa95fb0286d8407d9d8d3c867d06c7a1fc4	common_voice_gju_42562413.mp3	1b4d8cc987fe1956f405433bfe9ab51a75eca1caacdcdaaf2d84e45d91914bc8	دو اکھاں ہالا نلا ما آیا		2	0	fourties				gju	
e65a8c3ba525042ceba11e102309b2525de4d7748b513787fc3ecc50c13c97654e626571fcdb8a6d96b78af3e6c5bfa95fb0286d8407d9d8d3c867d06c7a1fc4	common_voice_gju_42562412.mp3	20e385c5108878cf4f79c3dfe2821961c2e5f07f0a9b09218f62593db27af27b	حاجی میاں نظام دین بلادری کا لوکاں کا اس تعاون کو مُچ شکر گُزار		2	0	fourties				gju	
e65a8c3ba525042ceba11e102309b2525de4d7748b513787fc3ecc50c13c97654e626571fcdb8a6d96b78af3e6c5bfa95fb0286d8407d9d8d3c867d06c7a1fc4	common_voice_gju_42562406.mp3	116bea258220cd45f291cdadc68b3a7e27aa07b4d2bc62cb97b5e7a83556c3a8	بر یہ لوک مُچ خوش خُشحال رہیا۔		2	0	fourties				gju	
e65a8c3ba525042ceba11e102309b2525de4d7748b513787fc3ecc50c13c97654e626571fcdb8a6d96b78af3e6c5bfa95fb0286d8407d9d8d3c867d06c7a1fc4	common_voice_gju_42562405.mp3	4dccf09deefecd0c46494056835d4121bce95665e860b68acec1cf2911c78654	اندر مھیساں کی کُھرلی ما دب چھوڈیو		2	0	fourties				gju	
e65a8c3ba525042ceba11e102309b2525de4d7748b513787fc3ecc50c13c97654e626571fcdb8a6d96b78af3e6c5bfa95fb0286d8407d9d8d3c867d06c7a1fc4	common_voice_gju_42562404.mp3	1902c5c8ffe4a5395b9608d387a599e777252086018691126a4a920ab3b24808	کافی دھیاڑا ہسپتال ما اسکو علاج کراتا رہیا		2	0	fourties				gju	
e65a8c3ba525042ceba11e102309b2525de4d7748b513787fc3ecc50c13c97654e626571fcdb8a6d96b78af3e6c5bfa95fb0286d8407d9d8d3c867d06c7a1fc4	common_voice_gju_42562403.mp3	06280540623e1d78fd5036ae75267be14703d3ca1e66ff64b229ff1d647e878f	فوج نے جنازہ کَڈھیا		2	0	fourties				gju	
e65a8c3ba525042ceba11e102309b2525de4d7748b513787fc3ecc50c13c97654e626571fcdb8a6d96b78af3e6c5bfa95fb0286d8407d9d8d3c867d06c7a1fc4	common_voice_gju_42562402.mp3	0cf273669ede8f8938b122a8c1643c3bc89b18b1c05338ecf5b85868a4afa59c	لاری رُڑتاں ما یوہ کِ		2	0	fourties				gju	
e65a8c3ba525042ceba11e102309b2525de4d7748b513787fc3ecc50c13c97654e626571fcdb8a6d96b78af3e6c5bfa95fb0286d8407d9d8d3c867d06c7a1fc4	common_voice_gju_42562395.mp3	171a0a80ea3b79bc4a6095c7ee9332fb68db0693d35f637ba1a95b0240156e7a	منا گل کاری آئے ‘‘		2	0	fourties				gju	
e65a8c3ba525042ceba11e102309b2525de4d7748b513787fc3ecc50c13c97654e626571fcdb8a6d96b78af3e6c5bfa95fb0286d8407d9d8d3c867d06c7a1fc4	common_voice_gju_42562394.mp3	12efc616d1614141d0f60d04ba645d3f327f7f1357ad56aed6191020b6975823	قرآن پاک ما ما ایک سو چوداں سورت ہیں۔		2	0	fourties				gju	
e65a8c3ba525042ceba11e102309b2525de4d7748b513787fc3ecc50c13c97654e626571fcdb8a6d96b78af3e6c5bfa95fb0286d8407d9d8d3c867d06c7a1fc4	common_voice_gju_42562393.mp3	1006a6912faaca3423bffabbb134c3dcf3862f4c462dbb15845344cbe2d324ef	ساری مکئی اپنا ڈیرا نا لے کے چلیں		2	0	fourties				gju	
e65a8c3ba525042ceba11e102309b2525de4d7748b513787fc3ecc50c13c97654e626571fcdb8a6d96b78af3e6c5bfa95fb0286d8407d9d8d3c867d06c7a1fc4	common_voice_gju_42562392.mp3	fe1d616005c7a97bd29a366d90813e3a622146110b1b5caf95a14a21cc225a09	بڈھی سمجھ گئی جی کِہڑی رات ہم نے رچھ کا بارہ ما یاہ صلاح کئی تھی		2	0	fourties				gju	
e65a8c3ba525042ceba11e102309b2525de4d7748b513787fc3ecc50c13c97654e626571fcdb8a6d96b78af3e6c5bfa95fb0286d8407d9d8d3c867d06c7a1fc4	common_voice_gju_42562391.mp3	dba1e755a8a44fb84e14653eb53b4eedcefdd70558344bd7a0962c73a272317c	شہزادی نے باپ نا کہیو " تم کہیں		2	0	fourties				gju	
e65a8c3ba525042ceba11e102309b2525de4d7748b513787fc3ecc50c13c97654e626571fcdb8a6d96b78af3e6c5bfa95fb0286d8407d9d8d3c867d06c7a1fc4	common_voice_gju_42562389.mp3	1a0040e94e4cacd1f7767832d350db1610977463dc744248dd287877f390db0b	بھی وہ اپنی دھیانی نا کہہ تھو		2	0	fourties				gju	
e65a8c3ba525042ceba11e102309b2525de4d7748b513787fc3ecc50c13c97654e626571fcdb8a6d96b78af3e6c5bfa95fb0286d8407d9d8d3c867d06c7a1fc4	common_voice_gju_42562388.mp3	8e035e5116d49f51fea229a54d25565de8e239554acdee12295fa108f6ef82b2	باز ات نیہہ بیستو		2	0	fourties				gju	
e65a8c3ba525042ceba11e102309b2525de4d7748b513787fc3ecc50c13c97654e626571fcdb8a6d96b78af3e6c5bfa95fb0286d8407d9d8d3c867d06c7a1fc4	common_voice_gju_42562387.mp3	04b0b0011dee9b5b7b84e0be1617d44680cbfed6842b0b7656617d5f421a7daa	ماہلیاں کا پاس دا ٹُر گیا		2	0	fourties				gju	
e65a8c3ba525042ceba11e102309b2525de4d7748b513787fc3ecc50c13c97654e626571fcdb8a6d96b78af3e6c5bfa95fb0286d8407d9d8d3c867d06c7a1fc4	common_voice_gju_42562386.mp3	d470012af1c2062e56abf1a45852a70ca21f0c74dc6e7f5ad4dd94aa8e419223	ڈروکڑ جنا کو قصو		2	0	fourties				gju	
e65a8c3ba525042ceba11e102309b2525de4d7748b513787fc3ecc50c13c97654e626571fcdb8a6d96b78af3e6c5bfa95fb0286d8407d9d8d3c867d06c7a1fc4	common_voice_gju_42562385.mp3	0a195d6ed42ef2872ce2d5374340562fbc69b775e6b6504510e553e14c3f262b	یوہ سارو نقصان رچھ نے کریو		2	0	fourties				gju	
e65a8c3ba525042ceba11e102309b2525de4d7748b513787fc3ecc50c13c97654e626571fcdb8a6d96b78af3e6c5bfa95fb0286d8407d9d8d3c867d06c7a1fc4	common_voice_gju_42562384.mp3	1013d992663b5180862d8c8dee0b83e6b91d9bee34e16dcc808609b306323efe	مھاری چنگی فصل		2	0	fourties				gju	
e65a8c3ba525042ceba11e102309b2525de4d7748b513787fc3ecc50c13c97654e626571fcdb8a6d96b78af3e6c5bfa95fb0286d8407d9d8d3c867d06c7a1fc4	common_voice_gju_42562383.mp3	0d23e2242ca7a7a35a4f3004054d9a073c3bc3750bddc89abab991b66482ff6d	نولکھیا نے پکھنی پو ایک پاس ماس کی چیدین دھری		2	0	fourties				gju	
e65a8c3ba525042ceba11e102309b2525de4d7748b513787fc3ecc50c13c97654e626571fcdb8a6d96b78af3e6c5bfa95fb0286d8407d9d8d3c867d06c7a1fc4	common_voice_gju_42562382.mp3	c7dca5539f0be2319c1d7033884d12db35b8e71f5db808be40f063f49b06e290	یار ! تیں ہن روٹی پکائی ہے		2	0	fourties				gju	
e65a8c3ba525042ceba11e102309b2525de4d7748b513787fc3ecc50c13c97654e626571fcdb8a6d96b78af3e6c5bfa95fb0286d8407d9d8d3c867d06c7a1fc4	common_voice_gju_42562381.mp3	1eaf863e458320de6c0aa3a8852a1940e0ecfb9b677c6a4090e1ff6e69ed1b0f	اُنھ لوکاں نے موت ما سارو کم کیو		2	0	fourties				gju	
e65a8c3ba525042ceba11e102309b2525de4d7748b513787fc3ecc50c13c97654e626571fcdb8a6d96b78af3e6c5bfa95fb0286d8407d9d8d3c867d06c7a1fc4	common_voice_gju_42562380.mp3	0280f1719fcc7ec821e1a6179f6ee38f7d11f280887b75bfb9c9c53c730e2996	ساری دنیا اللہ نے بنائی		2	0	fourties				gju	
e65a8c3ba525042ceba11e102309b2525de4d7748b513787fc3ecc50c13c97654e626571fcdb8a6d96b78af3e6c5bfa95fb0286d8407d9d8d3c867d06c7a1fc4	common_voice_gju_42562373.mp3	0453d76e895b20a2ec4273239067b8df8d7eb62c34046d6a6eba93acaed65138	اُت کوئی بکروال لوک ڈیرا لَدے تھا		2	0	fourties				gju	
e65a8c3ba525042ceba11e102309b2525de4d7748b513787fc3ecc50c13c97654e626571fcdb8a6d96b78af3e6c5bfa95fb0286d8407d9d8d3c867d06c7a1fc4	common_voice_gju_42562372.mp3	19d4901540e211ebc6439bb6ccdbdc33b6c4a8f056195fa15ca4dcebf392cd22	ندی کے بچکار گیو		2	0	fourties				gju	
e65a8c3ba525042ceba11e102309b2525de4d7748b513787fc3ecc50c13c97654e626571fcdb8a6d96b78af3e6c5bfa95fb0286d8407d9d8d3c867d06c7a1fc4	common_voice_gju_42562371.mp3	00d77a2ffa5c696eb80ec19ecb5bf9b9fdf7b41df8444962583ecc419130c6aa	اس نے ڈَنڈ رولو		2	0	fourties				gju	
e65a8c3ba525042ceba11e102309b2525de4d7748b513787fc3ecc50c13c97654e626571fcdb8a6d96b78af3e6c5bfa95fb0286d8407d9d8d3c867d06c7a1fc4	common_voice_gju_42562370.mp3	0559e3fcfa4292ede9e8b218886c9e2a22a1f6f50cc29987a8b139959241cece	اَگے گیا		2	0	fourties				gju	
e65a8c3ba525042ceba11e102309b2525de4d7748b513787fc3ecc50c13c97654e626571fcdb8a6d96b78af3e6c5bfa95fb0286d8407d9d8d3c867d06c7a1fc4	common_voice_gju_42562359.mp3	9665d725954c36f1934f302718b66a8b0186852c2574bdf0912be0e2799c410e	کائے وجہ		2	0	fourties				gju	
e65a8c3ba525042ceba11e102309b2525de4d7748b513787fc3ecc50c13c97654e626571fcdb8a6d96b78af3e6c5bfa95fb0286d8407d9d8d3c867d06c7a1fc4	common_voice_gju_42562358.mp3	ff252789a52daf883e3523333510d342d275ee0b0d8f633414e841a17b0eca81	گدڑ یاہ ساری گل سن کے جا رہیو		2	0	fourties				gju	
e65a8c3ba525042ceba11e102309b2525de4d7748b513787fc3ecc50c13c97654e626571fcdb8a6d96b78af3e6c5bfa95fb0286d8407d9d8d3c867d06c7a1fc4	common_voice_gju_42562357.mp3	bfdf8ee96b9a9e40e67611301c8d3732f2d036c52750e21f5a490f206fca3307	تیر لنگھا ئے		2	0	fourties				gju	
e65a8c3ba525042ceba11e102309b2525de4d7748b513787fc3ecc50c13c97654e626571fcdb8a6d96b78af3e6c5bfa95fb0286d8407d9d8d3c867d06c7a1fc4	common_voice_gju_42562356.mp3	1d5bfbf0baad5bb31fc7d19ea7784ae5728831da672cfa6f7578649440ec71f2	جے ہم اُنھاں نا خبر کراں		2	0	fourties				gju	
e65a8c3ba525042ceba11e102309b2525de4d7748b513787fc3ecc50c13c97654e626571fcdb8a6d96b78af3e6c5bfa95fb0286d8407d9d8d3c867d06c7a1fc4	common_voice_gju_42562355.mp3	1823c11a27f4eebc2581105a1af3cc7abda6a5d18d9e9a728d3ef25a2aadf9b7	اُت لوکاں ما یاہ گل مشہور ہو گئی		2	0	fourties				gju	
e65a8c3ba525042ceba11e102309b2525de4d7748b513787fc3ecc50c13c97654e626571fcdb8a6d96b78af3e6c5bfa95fb0286d8407d9d8d3c867d06c7a1fc4	common_voice_gju_42562353.mp3	1eec9355dcef71b56e05c1014fba84173f1cc53017adf4cddc766b2dec8abd1c	کہن لگو اس نا ہوں ساموں گو		2	0	fourties				gju	
e65a8c3ba525042ceba11e102309b2525de4d7748b513787fc3ecc50c13c97654e626571fcdb8a6d96b78af3e6c5bfa95fb0286d8407d9d8d3c867d06c7a1fc4	common_voice_gju_42562352.mp3	0b809044c17df7af9937bfe74776ccb566d3beb9747564a653b92165ba38c0c5	اس واقعہ ما اللہ نے ساراں کی جان بچا لئی		2	0	fourties				gju	
e65a8c3ba525042ceba11e102309b2525de4d7748b513787fc3ecc50c13c97654e626571fcdb8a6d96b78af3e6c5bfa95fb0286d8407d9d8d3c867d06c7a1fc4	common_voice_gju_42562351.mp3	13338b38f08ac346436bcf57da72a9682a3ad8a1b570bf607c16343f37a842e1	یوہ ایک مُچ افسوس ناک واقعو		2	0	fourties				gju	
e65a8c3ba525042ceba11e102309b2525de4d7748b513787fc3ecc50c13c97654e626571fcdb8a6d96b78af3e6c5bfa95fb0286d8407d9d8d3c867d06c7a1fc4	common_voice_gju_42562350.mp3	0fb7e0f10b7b709c922e95965a9dfdcf5190fb5246cc72685676392061ad13ec	رکھیو		2	0	fourties				gju	
e65a8c3ba525042ceba11e102309b2525de4d7748b513787fc3ecc50c13c97654e626571fcdb8a6d96b78af3e6c5bfa95fb0286d8407d9d8d3c867d06c7a1fc4	common_voice_gju_42562349.mp3	1f3af3934a69a345a6189e19557a62fd6a9b5f526718e12417650ee839b1fee5	پنجاں کی مار کے اس کو منہ پَٹ لیو		2	0	fourties				gju	
e65a8c3ba525042ceba11e102309b2525de4d7748b513787fc3ecc50c13c97654e626571fcdb8a6d96b78af3e6c5bfa95fb0286d8407d9d8d3c867d06c7a1fc4	common_voice_gju_42622055.mp3	f63064191bf7b0934a15586015df01f2f745d32e2d192c7e82ab58835e472c9c	پانی جنا کا لَک تک اَیو اُس نے بھی تپوس کئی		2	0	fourties				gju	
e65a8c3ba525042ceba11e102309b2525de4d7748b513787fc3ecc50c13c97654e626571fcdb8a6d96b78af3e6c5bfa95fb0286d8407d9d8d3c867d06c7a1fc4	common_voice_gju_42613884.mp3	d2096bd80f28df919164cb09d4d9c66772d0a981597540f8aa315728a143414f	سَٹ کے اپنا زخمی جنا چایا		2	0	fourties				gju	
e65a8c3ba525042ceba11e102309b2525de4d7748b513787fc3ecc50c13c97654e626571fcdb8a6d96b78af3e6c5bfa95fb0286d8407d9d8d3c867d06c7a1fc4	common_voice_gju_42613887.mp3	99680aebf7c2b50d62fb0f2828baa304a33abb3e7d784e078e4de2a90ab71af5	یوہ واقعو ایک بکروال جنا کو		2	0	fourties				gju	
e65a8c3ba525042ceba11e102309b2525de4d7748b513787fc3ecc50c13c97654e626571fcdb8a6d96b78af3e6c5bfa95fb0286d8407d9d8d3c867d06c7a1fc4	common_voice_gju_42613888.mp3	f01aa89bd1522224feeaa370bc711b2005882985a7c28d339f420bb6cac14a4b	لے کے چل گیا		2	0	fourties				gju	
e65a8c3ba525042ceba11e102309b2525de4d7748b513787fc3ecc50c13c97654e626571fcdb8a6d96b78af3e6c5bfa95fb0286d8407d9d8d3c867d06c7a1fc4	common_voice_gju_42613899.mp3	f35401ca0e286d8e6e182a5ea6ba05e892288bce190b8860e374e3ad643db081	اُنیسمو واقعو		2	0	fourties				gju	
e65a8c3ba525042ceba11e102309b2525de4d7748b513787fc3ecc50c13c97654e626571fcdb8a6d96b78af3e6c5bfa95fb0286d8407d9d8d3c867d06c7a1fc4	common_voice_gju_42613900.mp3	d6137a549d0cdd824ea8ab5914901a4bcf3846e7fbea52f01aa18e2bf824e448	اُت دو دن ہسپتال ما رہیو		2	0	fourties				gju	
e65a8c3ba525042ceba11e102309b2525de4d7748b513787fc3ecc50c13c97654e626571fcdb8a6d96b78af3e6c5bfa95fb0286d8407d9d8d3c867d06c7a1fc4	common_voice_gju_42613902.mp3	b481a31daecda705d0529b4cb2622d5ed70bc5f891a7c0e0f99dfb68ff256eec	رِچھ نے پنجا کی اسرائیل کا منہ پو ماری		2	0	fourties				gju	
e65a8c3ba525042ceba11e102309b2525de4d7748b513787fc3ecc50c13c97654e626571fcdb8a6d96b78af3e6c5bfa95fb0286d8407d9d8d3c867d06c7a1fc4	common_voice_gju_42613904.mp3	f9a8bea55eb1f0e23ecc87bc7caf9d6e9f34e610abcbd6a27ec10a1aee347529	ایک گھوڑا پو لَدیو		2	0	fourties				gju	
e65a8c3ba525042ceba11e102309b2525de4d7748b513787fc3ecc50c13c97654e626571fcdb8a6d96b78af3e6c5bfa95fb0286d8407d9d8d3c867d06c7a1fc4	common_voice_gju_42613910.mp3	f2671fe43e9fde190c6587778803f421c932037acf001a2ab5690ee07fdb6671	ایک ڈھارا ما یوہ نِکو جاتک چھوڈ دِتو		2	0	fourties				gju	
e65a8c3ba525042ceba11e102309b2525de4d7748b513787fc3ecc50c13c97654e626571fcdb8a6d96b78af3e6c5bfa95fb0286d8407d9d8d3c867d06c7a1fc4	common_voice_gju_42613918.mp3	ff6539ac6b29a55298407447828e9097da6fce658e3a8f3b1ce49a01196dd5d6	یوہ جنو خاصو زخمی کر چھُڑیو اس بڑی بڑی ڈَنڈ کری اُت بن ما		2	0	fourties				gju	
e65a8c3ba525042ceba11e102309b2525de4d7748b513787fc3ecc50c13c97654e626571fcdb8a6d96b78af3e6c5bfa95fb0286d8407d9d8d3c867d06c7a1fc4	common_voice_gju_42613919.mp3	fbce14f38952bbdd0ee111af059970d3c78dfac94a6bec5aa501a62716026f39	حاکم کِسے کم واسطے قامری نا جا رہیا تھا		2	0	fourties				gju	
e65a8c3ba525042ceba11e102309b2525de4d7748b513787fc3ecc50c13c97654e626571fcdb8a6d96b78af3e6c5bfa95fb0286d8407d9d8d3c867d06c7a1fc4	common_voice_gju_42613920.mp3	e36991bc72140a26eb437de0f599adc9d85bebae2374a69faa494cc3c750409c	اس بارش ما لوکاں کی اسی بکری		2	0	fourties				gju	
e65a8c3ba525042ceba11e102309b2525de4d7748b513787fc3ecc50c13c97654e626571fcdb8a6d96b78af3e6c5bfa95fb0286d8407d9d8d3c867d06c7a1fc4	common_voice_gju_42613921.mp3	b4ee797185c04277ba2b2042fef2482e1fa0f54bd6acaebbbc9850bc73cabe24	آ ! اس بھائی نا اج کوہواں		2	0	fourties				gju	
e65a8c3ba525042ceba11e102309b2525de4d7748b513787fc3ecc50c13c97654e626571fcdb8a6d96b78af3e6c5bfa95fb0286d8407d9d8d3c867d06c7a1fc4	common_voice_gju_42613922.mp3	eceec24a0654fd531b021daaaf75bd48fb219c1696d6212b7506364f7a9be19f	خاصا دھیاڑا لگی رہی		2	0	fourties				gju	
e65a8c3ba525042ceba11e102309b2525de4d7748b513787fc3ecc50c13c97654e626571fcdb8a6d96b78af3e6c5bfa95fb0286d8407d9d8d3c867d06c7a1fc4	common_voice_gju_42619789.mp3	f7b85292a5b46bf8bcdee0787e42bd7b7dc9f9e15eee0a74635788b49d673f99	مظفرآباد ما یہ دس بارہ دن رہیا		2	0	fourties				gju	
e65a8c3ba525042ceba11e102309b2525de4d7748b513787fc3ecc50c13c97654e626571fcdb8a6d96b78af3e6c5bfa95fb0286d8407d9d8d3c867d06c7a1fc4	common_voice_gju_42619791.mp3	e12062f05be23db2a39b41a4abe4e7eb42919274bb89b36a0faff58c6673efe7	بکروٹ کڈھیا		2	0	fourties				gju	
e65a8c3ba525042ceba11e102309b2525de4d7748b513787fc3ecc50c13c97654e626571fcdb8a6d96b78af3e6c5bfa95fb0286d8407d9d8d3c867d06c7a1fc4	common_voice_gju_42619793.mp3	df47a70f0d0ea1d1fc654f23fcf8831d71515e97c2333b8e66dffed2ee96208a	قبلہ کے پاسے منہ کرنو۔		2	0	fourties				gju	
e65a8c3ba525042ceba11e102309b2525de4d7748b513787fc3ecc50c13c97654e626571fcdb8a6d96b78af3e6c5bfa95fb0286d8407d9d8d3c867d06c7a1fc4	common_voice_gju_42619795.mp3	fbf96414130956ea1e1de8596c7cc6277bbdecf796d877206cc0e49fa2dcd2d6	بُڈھی نے مدوک منڈھا کے ناڑ لا کے اُچا ڈھاکا پو چڑھ کے دیکھن لگی		2	0	fourties				gju	
e65a8c3ba525042ceba11e102309b2525de4d7748b513787fc3ecc50c13c97654e626571fcdb8a6d96b78af3e6c5bfa95fb0286d8407d9d8d3c867d06c7a1fc4	common_voice_gju_42619797.mp3	deefb7890ef72b7ee1a48c0ac9b39a603a999b33f91bfcd11bdfef6f506914a4	ویہ لوک اِتو اپنو ڈیرو لَد کے گیا		2	0	fourties				gju	
e65a8c3ba525042ceba11e102309b2525de4d7748b513787fc3ecc50c13c97654e626571fcdb8a6d96b78af3e6c5bfa95fb0286d8407d9d8d3c867d06c7a1fc4	common_voice_gju_42619798.mp3	e73ff285af8609db078a0202d5933966e3e54c80263e188f26b6df5fe70f14b9	کاہڈ تابٹ ما لوکاں نا اس واقعہ کی خبر دِتی		2	0	fourties				gju	
e65a8c3ba525042ceba11e102309b2525de4d7748b513787fc3ecc50c13c97654e626571fcdb8a6d96b78af3e6c5bfa95fb0286d8407d9d8d3c867d06c7a1fc4	common_voice_gju_42619801.mp3	ea6e164c91807c99da75f48559a62c2dfe09ed9ac9f54fd4a4b7ab8a0ba49691	قیوم بانی کی بہو نجمہ بی بی		2	0	fourties				gju	
e65a8c3ba525042ceba11e102309b2525de4d7748b513787fc3ecc50c13c97654e626571fcdb8a6d96b78af3e6c5bfa95fb0286d8407d9d8d3c867d06c7a1fc4	common_voice_gju_42619803.mp3	e538dfe5137a7a47442655555b9e380011158ddc7b924f10b03682ee6ebc61a3	نال نال چلتو رہیو یوہ لُگو بیابان دیس		2	0	fourties				gju	
e65a8c3ba525042ceba11e102309b2525de4d7748b513787fc3ecc50c13c97654e626571fcdb8a6d96b78af3e6c5bfa95fb0286d8407d9d8d3c867d06c7a1fc4	common_voice_gju_42619806.mp3	e843f78c18396665517271832cb8a53c3bcfcb837bf3ada4987fbe48ed3f2274	جنا کا اُنھ بھتیجاں نے اس لُڑا نا مارن کی صلاح کر لئی		2	0	fourties				gju	
e65a8c3ba525042ceba11e102309b2525de4d7748b513787fc3ecc50c13c97654e626571fcdb8a6d96b78af3e6c5bfa95fb0286d8407d9d8d3c867d06c7a1fc4	common_voice_gju_42619807.mp3	fe09795b6a5323f0c2e61c81cd7cbba10503bfb2ec02f716c1d138cb058306da	گھوڑا بی پسند کرن لگا		2	0	fourties				gju	
e65a8c3ba525042ceba11e102309b2525de4d7748b513787fc3ecc50c13c97654e626571fcdb8a6d96b78af3e6c5bfa95fb0286d8407d9d8d3c867d06c7a1fc4	common_voice_gju_42619808.mp3	e3a4437e4c084224d5585fc1910433d6b68464fdba9e2e3a82972373bd3b10b6	رُنی کیوں		2	0	fourties				gju	
e65a8c3ba525042ceba11e102309b2525de4d7748b513787fc3ecc50c13c97654e626571fcdb8a6d96b78af3e6c5bfa95fb0286d8407d9d8d3c867d06c7a1fc4	common_voice_gju_42619813.mp3	e8ded089f874f0d88352859ad58229dee3128c75e5fae80ac9cec38c62205c6b	کِس رات اِنھ نے یاہ صلاح کی تھی اُس رات ایک گدڑ اِنھ کی ساری گل سُنے تھو		2	0	fourties				gju	
e65a8c3ba525042ceba11e102309b2525de4d7748b513787fc3ecc50c13c97654e626571fcdb8a6d96b78af3e6c5bfa95fb0286d8407d9d8d3c867d06c7a1fc4	common_voice_gju_42619817.mp3	ee5e64f9316bd34220120676851a2a66727e990c52ae0744c44a1c97dd926284	اُس بلا نا روز کو ایک آدمی نیہہ دیے تھا واہ سارا ڈیرا نا تباہ کرے تھی		2	0	fourties				gju	
e65a8c3ba525042ceba11e102309b2525de4d7748b513787fc3ecc50c13c97654e626571fcdb8a6d96b78af3e6c5bfa95fb0286d8407d9d8d3c867d06c7a1fc4	common_voice_gju_42619824.mp3	f38bb45d43e3df81cf85c5b2d41bda62bb47540f9e28df2ec5930375a0bb5ebd	اُنھ کو بال بچو تھو واہ جد ساؤ ناڑ کا پل لنگھی		2	0	fourties				gju	
e65a8c3ba525042ceba11e102309b2525de4d7748b513787fc3ecc50c13c97654e626571fcdb8a6d96b78af3e6c5bfa95fb0286d8407d9d8d3c867d06c7a1fc4	common_voice_gju_42619825.mp3	aad122a0869b44b923434b9f3f422e3090fb87a20f89985c967eec14a305bf9c	ڈر نال کَمتی رہی		2	0	fourties				gju	
e65a8c3ba525042ceba11e102309b2525de4d7748b513787fc3ecc50c13c97654e626571fcdb8a6d96b78af3e6c5bfa95fb0286d8407d9d8d3c867d06c7a1fc4	common_voice_gju_42619826.mp3	8edd36ea27ef531b220636bc78ff6220380cd3520d23636cf0b169b98568e08c	دھیاڑی مزدوری کر کے رات نا اُسے راہ پو مُڑ کے اَیو		2	0	fourties				gju	
e65a8c3ba525042ceba11e102309b2525de4d7748b513787fc3ecc50c13c97654e626571fcdb8a6d96b78af3e6c5bfa95fb0286d8407d9d8d3c867d06c7a1fc4	common_voice_gju_42619859.mp3	e194aad0fb49bb6a880ba0cf58f60bf20785a18e8916b57654e15a2c8e75f184	منا کہہ جی میرے		2	0	fourties				gju	
e65a8c3ba525042ceba11e102309b2525de4d7748b513787fc3ecc50c13c97654e626571fcdb8a6d96b78af3e6c5bfa95fb0286d8407d9d8d3c867d06c7a1fc4	common_voice_gju_42619864.mp3	ef6e883bb45d1d9b82217d96aa454bbf72b56db9cf5604eb36b224ca214daf78	باقی بکری دراوا کا راہ پو شیک چھُڑی		2	0	fourties				gju	
e65a8c3ba525042ceba11e102309b2525de4d7748b513787fc3ecc50c13c97654e626571fcdb8a6d96b78af3e6c5bfa95fb0286d8407d9d8d3c867d06c7a1fc4	common_voice_gju_42619867.mp3	fc22d3764ab8ab6af3a8da876a1026eb4eb25bc9aea9d9fe02d3a973f486b718	رُپیا خوب کمائے تھو ٹَبر سارا نا رجائے تھو		2	0	fourties				gju	
e65a8c3ba525042ceba11e102309b2525de4d7748b513787fc3ecc50c13c97654e626571fcdb8a6d96b78af3e6c5bfa95fb0286d8407d9d8d3c867d06c7a1fc4	common_voice_gju_42619879.mp3	f5a0219eaf203822acd8b7d5523f170b669b22eb948e7a29100dd3e5247291ee	لانی نے لُڑا مار چھُڑیا		2	0	fourties				gju	
e65a8c3ba525042ceba11e102309b2525de4d7748b513787fc3ecc50c13c97654e626571fcdb8a6d96b78af3e6c5bfa95fb0286d8407d9d8d3c867d06c7a1fc4	common_voice_gju_42619880.mp3	efa2fae19cab1c7dc376f4c77548ab3290373f95eb3fe294af5295704cd0ad26	مُڑیو		2	0	fourties				gju	
e65a8c3ba525042ceba11e102309b2525de4d7748b513787fc3ecc50c13c97654e626571fcdb8a6d96b78af3e6c5bfa95fb0286d8407d9d8d3c867d06c7a1fc4	common_voice_gju_42619882.mp3	f1d0294f96d88137fed6819477103a93eed77deeda659cbc86ff1f7590dfdd39	مُک گیو		2	0	fourties				gju	
e65a8c3ba525042ceba11e102309b2525de4d7748b513787fc3ecc50c13c97654e626571fcdb8a6d96b78af3e6c5bfa95fb0286d8407d9d8d3c867d06c7a1fc4	common_voice_gju_42619889.mp3	e19e319a0336c982136e0d30fd4f8641fb5ad7594586a58fa1d93dfefb1ae319	اگے دیو		2	0	fourties				gju	
e65a8c3ba525042ceba11e102309b2525de4d7748b513787fc3ecc50c13c97654e626571fcdb8a6d96b78af3e6c5bfa95fb0286d8407d9d8d3c867d06c7a1fc4	common_voice_gju_42619892.mp3	e64332bdd26b66acb73c411b6aee4a5705f20f5419de28ab4f9378ad073e8774	اس جنا نے اُنھ بکریاں کو پَتو لایو		2	0	fourties				gju	
e65a8c3ba525042ceba11e102309b2525de4d7748b513787fc3ecc50c13c97654e626571fcdb8a6d96b78af3e6c5bfa95fb0286d8407d9d8d3c867d06c7a1fc4	common_voice_gju_42619902.mp3	bca0cef39bb3c0948f519793c1f5188b9800c605bfaf833a25a89253000f59b9	دھاگا شاگا لِیا		2	0	fourties				gju	
e65a8c3ba525042ceba11e102309b2525de4d7748b513787fc3ecc50c13c97654e626571fcdb8a6d96b78af3e6c5bfa95fb0286d8407d9d8d3c867d06c7a1fc4	common_voice_gju_42619914.mp3	b7ed1fef08ff244c65436a64186a34b95d396c1c817281b746fb7b9915e06ffa	مورا ما ترے بیٹکی بیٹھی ہیں		2	0	fourties				gju	
e65a8c3ba525042ceba11e102309b2525de4d7748b513787fc3ecc50c13c97654e626571fcdb8a6d96b78af3e6c5bfa95fb0286d8407d9d8d3c867d06c7a1fc4	common_voice_gju_42619916.mp3	c59b0bf00946b87612e0d1547593b746d42b39a2a78c4efa99dbe40a3a9636a3	رہ جا		2	0	fourties				gju	
e65a8c3ba525042ceba11e102309b2525de4d7748b513787fc3ecc50c13c97654e626571fcdb8a6d96b78af3e6c5bfa95fb0286d8407d9d8d3c867d06c7a1fc4	common_voice_gju_42619928.mp3	f2f9e828d902c14602c9a05145efc4aa480d14ffb5b61afd6b3bbc0bbac7f68d	ہم گل شل کر تا گلی ما چڑھاں لگا گلی ما چڑھیا		2	0	fourties				gju	
e65a8c3ba525042ceba11e102309b2525de4d7748b513787fc3ecc50c13c97654e626571fcdb8a6d96b78af3e6c5bfa95fb0286d8407d9d8d3c867d06c7a1fc4	common_voice_gju_42619929.mp3	fd64bcdd17cc4b035a621e6a21f72bb1b4c5fb52e7687149f5afa1fe281c8b6e	سوہلمو واقعو		2	0	fourties				gju	
e65a8c3ba525042ceba11e102309b2525de4d7748b513787fc3ecc50c13c97654e626571fcdb8a6d96b78af3e6c5bfa95fb0286d8407d9d8d3c867d06c7a1fc4	common_voice_gju_42619930.mp3	ec88daf51270d4b0b0ac150cc68e759a98d18d056626564a9a7d17a5f971ddbe	بیٹکی آن کے بڈھی کے حوالے کر چھوڈی		2	0	fourties				gju	
e65a8c3ba525042ceba11e102309b2525de4d7748b513787fc3ecc50c13c97654e626571fcdb8a6d96b78af3e6c5bfa95fb0286d8407d9d8d3c867d06c7a1fc4	common_voice_gju_42619938.mp3	e1a18548dbe992702b1995b99948c6e0869eb1645d5dcaf5c403edbe811d7cb3	جے ہم روز یہ چیز کھاواں		2	0	fourties				gju	
e65a8c3ba525042ceba11e102309b2525de4d7748b513787fc3ecc50c13c97654e626571fcdb8a6d96b78af3e6c5bfa95fb0286d8407d9d8d3c867d06c7a1fc4	common_voice_gju_42619941.mp3	f541c3d1d914add6631f7338022f01634ef85ca55d7fe8dece8b9228679b148f	ہونٹ بے چریو تھو		2	0	fourties				gju	
e65a8c3ba525042ceba11e102309b2525de4d7748b513787fc3ecc50c13c97654e626571fcdb8a6d96b78af3e6c5bfa95fb0286d8407d9d8d3c867d06c7a1fc4	common_voice_gju_42619942.mp3	d77499cef4110c8b0ebf16044a399df39bf6d7f59fbcc2dac03ce4b6c17cad3c	ہور لوک بے آ گیا آ کے دیکھیو		2	0	fourties				gju	
e65a8c3ba525042ceba11e102309b2525de4d7748b513787fc3ecc50c13c97654e626571fcdb8a6d96b78af3e6c5bfa95fb0286d8407d9d8d3c867d06c7a1fc4	common_voice_gju_42619957.mp3	fb135d735d286ab7379d6aea69c17d4db519b6fb9324dc2eb8f6643a2a176763	اِنھ لوکاں نے تھا نہ ما راکھاں کے خلاف پرچو کرا چھُڑیو		2	0	fourties				gju	
e65a8c3ba525042ceba11e102309b2525de4d7748b513787fc3ecc50c13c97654e626571fcdb8a6d96b78af3e6c5bfa95fb0286d8407d9d8d3c867d06c7a1fc4	common_voice_gju_42619961.mp3	fb014adcaaf5d00d7c2bdd7c6fb9ba1fe1ede0f19e557f76902548de74960553	تریہی نجوڑا بے گھوڑاں پو چاہڑ کے لے گیا		2	0	fourties				gju	
e65a8c3ba525042ceba11e102309b2525de4d7748b513787fc3ecc50c13c97654e626571fcdb8a6d96b78af3e6c5bfa95fb0286d8407d9d8d3c867d06c7a1fc4	common_voice_gju_42619962.mp3	d700acd0ab301551189ba4d4c5b77a5bcfa612e7bf8c2b0c390fd4d7cd831dec	دھیانی اس نا اگا		2	0	fourties				gju	
e65a8c3ba525042ceba11e102309b2525de4d7748b513787fc3ecc50c13c97654e626571fcdb8a6d96b78af3e6c5bfa95fb0286d8407d9d8d3c867d06c7a1fc4	common_voice_gju_42619969.mp3	a392b699934d37242197eb23ab83b7f2ac9c79e0b813b58be90346851b7b76a0	اس ٹیم اس کو نِکو جاتک رہ گیو		2	0	fourties				gju	
e65a8c3ba525042ceba11e102309b2525de4d7748b513787fc3ecc50c13c97654e626571fcdb8a6d96b78af3e6c5bfa95fb0286d8407d9d8d3c867d06c7a1fc4	common_voice_gju_42619970.mp3	fad42af24d986ed747dedcbc7723b8eb17293d83dc4ea9059bab94a2895634eb	یہ کتنا باٹا جنا ہے		2	0	fourties				gju	
e65a8c3ba525042ceba11e102309b2525de4d7748b513787fc3ecc50c13c97654e626571fcdb8a6d96b78af3e6c5bfa95fb0286d8407d9d8d3c867d06c7a1fc4	common_voice_gju_42619972.mp3	f3d5104fbc51e628369d538ba564345ebd7c16f94062430d33e8d9acfed10b6c	تیمم اسی صورت ما ہووے جے کدے پانی ایک میل تک نہ ملے یا پین وسطے ہووے یا بیمار ہون کو خطرو ہووے		2	0	fourties				gju	
e65a8c3ba525042ceba11e102309b2525de4d7748b513787fc3ecc50c13c97654e626571fcdb8a6d96b78af3e6c5bfa95fb0286d8407d9d8d3c867d06c7a1fc4	common_voice_gju_42619985.mp3	ea366a1a897fe1fc5920204f729470548b5fc81d1d1184c4738505e4eafbd1ff	مڑ کے آئی		2	0	fourties				gju	
e65a8c3ba525042ceba11e102309b2525de4d7748b513787fc3ecc50c13c97654e626571fcdb8a6d96b78af3e6c5bfa95fb0286d8407d9d8d3c867d06c7a1fc4	common_voice_gju_42619988.mp3	d5464c79447502c744cba78961e217a859ce23d7ae409d3b1743605384b4986a	ڈاکٹر		2	0	fourties				gju	
e65a8c3ba525042ceba11e102309b2525de4d7748b513787fc3ecc50c13c97654e626571fcdb8a6d96b78af3e6c5bfa95fb0286d8407d9d8d3c867d06c7a1fc4	common_voice_gju_42619997.mp3	f8891837d617a16e0c8a4a8335170d17711528176da5646c9e2dc0403850a9ba	ویہ فوجی ڈر		2	0	fourties				gju	
e65a8c3ba525042ceba11e102309b2525de4d7748b513787fc3ecc50c13c97654e626571fcdb8a6d96b78af3e6c5bfa95fb0286d8407d9d8d3c867d06c7a1fc4	common_voice_gju_42619999.mp3	e9b612e2f1c7aca51b63f2f8f8fadebb1f74674625cfa348bbf245494a9a20a9	بھی مُڑ کے اُن ہی شِنگراں پو سامان چا کے آنتا رہیا		2	0	fourties				gju	
e65a8c3ba525042ceba11e102309b2525de4d7748b513787fc3ecc50c13c97654e626571fcdb8a6d96b78af3e6c5bfa95fb0286d8407d9d8d3c867d06c7a1fc4	common_voice_gju_42620015.mp3	f548b2da504a1c43a35c7b5f39b240def40db66d19382710a741ae959993e60c	جنازو دفن کر کے دو ترے دن اُت رہیا		2	0	fourties				gju	
e65a8c3ba525042ceba11e102309b2525de4d7748b513787fc3ecc50c13c97654e626571fcdb8a6d96b78af3e6c5bfa95fb0286d8407d9d8d3c867d06c7a1fc4	common_voice_gju_42620016.mp3	c108cd4d6e241f0ec04218508f01ab44f2e19ac54b4fb929769192f3dbce2235	اس کا ہتھ بے کَمے لگا تھا		2	0	fourties				gju	
e65a8c3ba525042ceba11e102309b2525de4d7748b513787fc3ecc50c13c97654e626571fcdb8a6d96b78af3e6c5bfa95fb0286d8407d9d8d3c867d06c7a1fc4	common_voice_gju_42620026.mp3	f8a5cd55d52b6478ef004c6e446285cacd90fc75405713c786f64466a11a70fa	اِت ہسپتال ما		2	0	fourties				gju	
e65a8c3ba525042ceba11e102309b2525de4d7748b513787fc3ecc50c13c97654e626571fcdb8a6d96b78af3e6c5bfa95fb0286d8407d9d8d3c867d06c7a1fc4	common_voice_gju_42620029.mp3	ea01624ead9e720fe80b5dcdad2170a36aec2dc047b5ef107729a6ef2a32ea5b	نساپے ندل کڑکن لگ گیو		2	0	fourties				gju	
e65a8c3ba525042ceba11e102309b2525de4d7748b513787fc3ecc50c13c97654e626571fcdb8a6d96b78af3e6c5bfa95fb0286d8407d9d8d3c867d06c7a1fc4	common_voice_gju_42620036.mp3	f666c95d5ab58606f13c1259feb6739efaa116a35ff3f7b3bcba79d81723648b	دیگر کی نماز ما چار فرض ہوویں۔		2	0	fourties				gju	
e65a8c3ba525042ceba11e102309b2525de4d7748b513787fc3ecc50c13c97654e626571fcdb8a6d96b78af3e6c5bfa95fb0286d8407d9d8d3c867d06c7a1fc4	common_voice_gju_42620039.mp3	cc90f4bd8a78f7977350edc442ef524129aa6ae6385382303a7ed043006e2934	پل مُچ پے گئی تھی		2	0	fourties				gju	
e65a8c3ba525042ceba11e102309b2525de4d7748b513787fc3ecc50c13c97654e626571fcdb8a6d96b78af3e6c5bfa95fb0286d8407d9d8d3c867d06c7a1fc4	common_voice_gju_42620045.mp3	dad6849dd1ca0d8087415bd92252c87a5d1baeed787f2f00d38d36131a9cd0ab	توہ اپر چڑھ جائے گو جی ک		2	0	fourties				gju	
e65a8c3ba525042ceba11e102309b2525de4d7748b513787fc3ecc50c13c97654e626571fcdb8a6d96b78af3e6c5bfa95fb0286d8407d9d8d3c867d06c7a1fc4	common_voice_gju_42620047.mp3	dd044ccf12ce69b3105ed5efe24f4b6e6f1c87ae820931812ef0c6c2372bb96c	بکری کِت تھی اس وخت۔		2	0	fourties				gju	
e65a8c3ba525042ceba11e102309b2525de4d7748b513787fc3ecc50c13c97654e626571fcdb8a6d96b78af3e6c5bfa95fb0286d8407d9d8d3c867d06c7a1fc4	common_voice_gju_42620056.mp3	c678b984d4b2465ab2271dab67b6b9486aa22c65e443476078d556f4307e8dc6	؎رُپیو چار سو اس نا تھایو شام نا مُڑ کے ڈیرے آ یو		2	0	fourties				gju	
e65a8c3ba525042ceba11e102309b2525de4d7748b513787fc3ecc50c13c97654e626571fcdb8a6d96b78af3e6c5bfa95fb0286d8407d9d8d3c867d06c7a1fc4	common_voice_gju_42620057.mp3	c4687be87a458c6a4fc104153415ed21e3e5734d400e9815fa66e3773d49a311	بھی اس پکھنی نے ہُکڑی کئی		2	0	fourties				gju	
e65a8c3ba525042ceba11e102309b2525de4d7748b513787fc3ecc50c13c97654e626571fcdb8a6d96b78af3e6c5bfa95fb0286d8407d9d8d3c867d06c7a1fc4	common_voice_gju_42620060.mp3	f23c3fde5fe533d4992702cadcf1fb53b63016686cfffe256eb878b79cd7d1f5	گَٹی مورا کا منہ		2	0	fourties				gju	
e65a8c3ba525042ceba11e102309b2525de4d7748b513787fc3ecc50c13c97654e626571fcdb8a6d96b78af3e6c5bfa95fb0286d8407d9d8d3c867d06c7a1fc4	common_voice_gju_42620062.mp3	e0741391c20a4ea9493607f7b1ab784b2c49ff8d86754d4289e4c741e786098b	مھاری دھیانیاں نا موقعو لبھو		2	0	fourties				gju	
e65a8c3ba525042ceba11e102309b2525de4d7748b513787fc3ecc50c13c97654e626571fcdb8a6d96b78af3e6c5bfa95fb0286d8407d9d8d3c867d06c7a1fc4	common_voice_gju_42620064.mp3	fc09fc9d69e0a0add18f1c63382368bab0ab525ed1d51863285e63a0e4968783	اُسیں کہیو " ہاں تپوس کروں ہے"		2	0	fourties				gju	
e65a8c3ba525042ceba11e102309b2525de4d7748b513787fc3ecc50c13c97654e626571fcdb8a6d96b78af3e6c5bfa95fb0286d8407d9d8d3c867d06c7a1fc4	common_voice_gju_42620066.mp3	f90fd304f082fd8a92e5529bc505743646b620ad6e589b2f857fb40e9dd12746	سورت فاتحہ کسے ہور سورت تے پہلاں پڑھنی		2	0	fourties				gju	
e65a8c3ba525042ceba11e102309b2525de4d7748b513787fc3ecc50c13c97654e626571fcdb8a6d96b78af3e6c5bfa95fb0286d8407d9d8d3c867d06c7a1fc4	common_voice_gju_42620288.mp3	e980cc58d8c1e4ee29d863364c0d06e1ad78a89d852f4b25145cd39ea084213e	ڈیرا اُت لُگا رہ گیا		2	0	fourties				gju	
e65a8c3ba525042ceba11e102309b2525de4d7748b513787fc3ecc50c13c97654e626571fcdb8a6d96b78af3e6c5bfa95fb0286d8407d9d8d3c867d06c7a1fc4	common_voice_gju_42620294.mp3	e71fdfa5ae8d66af6f11425d07713356c2ea4680a59e20533c579f17ff54a31b	بخشے وہ پوہچ آیو		2	0	fourties				gju	
e65a8c3ba525042ceba11e102309b2525de4d7748b513787fc3ecc50c13c97654e626571fcdb8a6d96b78af3e6c5bfa95fb0286d8407d9d8d3c867d06c7a1fc4	common_voice_gju_42620295.mp3	d33302e8d7b7bb3bec341fb2f892aa88f6fbd1207361883d68eea74562bf64cc	اللہ نے کہٹ بدھ ایک لکھ چبی ہزار پیغمبر چلایا ہیں۔		2	0	fourties				gju	
e65a8c3ba525042ceba11e102309b2525de4d7748b513787fc3ecc50c13c97654e626571fcdb8a6d96b78af3e6c5bfa95fb0286d8407d9d8d3c867d06c7a1fc4	common_voice_gju_42620297.mp3	e3b92eeaecd50aca6b4c71642168ebaa2749960fdaa67ba5890fcd530f72cc6c	پل پے پے کے ڈھیر ہو گئی		2	0	fourties				gju	
e65a8c3ba525042ceba11e102309b2525de4d7748b513787fc3ecc50c13c97654e626571fcdb8a6d96b78af3e6c5bfa95fb0286d8407d9d8d3c867d06c7a1fc4	common_voice_gju_42622045.mp3	eb13fc7ec239abe54835b96cca16d8aea8eb8fe23aeba5bc2330969be30ab02f	مال رہیو وہ بلادری کا لوکاں نے خان پور پوہچایو		2	0	fourties				gju	
e65a8c3ba525042ceba11e102309b2525de4d7748b513787fc3ecc50c13c97654e626571fcdb8a6d96b78af3e6c5bfa95fb0286d8407d9d8d3c867d06c7a1fc4	common_voice_gju_42622053.mp3	f63e06eef3698bcb38b3b18fc63300c6e87240a31ab9ec2c7e5bb2cc5bba310a	نال بیمار علم دین بے گھوڑا پو چاہڑھ کے آنیو		2	0	fourties				gju	
e65a8c3ba525042ceba11e102309b2525de4d7748b513787fc3ecc50c13c97654e626571fcdb8a6d96b78af3e6c5bfa95fb0286d8407d9d8d3c867d06c7a1fc4	common_voice_gju_42622054.mp3	ff76ec518ff0bb0acdbbdf2123331aa545817d8aa50de94e0f1e98ccb7918400	ایک بھائی پوہچ گیا		2	0	fourties				gju	
e65a8c3ba525042ceba11e102309b2525de4d7748b513787fc3ecc50c13c97654e626571fcdb8a6d96b78af3e6c5bfa95fb0286d8407d9d8d3c867d06c7a1fc4	common_voice_gju_42562342.mp3	0e454788c26a4303ce55d0be94ce130107770247a7a8b9c1651a5d5239132b11	بکری شیک لئی		2	0	fourties				gju	
e65a8c3ba525042ceba11e102309b2525de4d7748b513787fc3ecc50c13c97654e626571fcdb8a6d96b78af3e6c5bfa95fb0286d8407d9d8d3c867d06c7a1fc4	common_voice_gju_42562340.mp3	1d9b7e7c686ce7883a360e17f6238fc1b14027164e3a9782df7e808f7c50f852	اس کو دم خرچ ہو گیو اِنھ کول اُت کا مقامی لوک تھا ڈیرا ہالاں نے اُنھ لوکاں نا اس واقعہ کی خبر کری		2	0	fourties				gju	
e65a8c3ba525042ceba11e102309b2525de4d7748b513787fc3ecc50c13c97654e626571fcdb8a6d96b78af3e6c5bfa95fb0286d8407d9d8d3c867d06c7a1fc4	common_voice_gju_42562338.mp3	1b370c4e7c0782d1e903c6ac1fe125c03179e14f7ca8335bedbc359f0a3c5625	بکریاں ما رچھ پے گیو		2	0	fourties				gju	
e65a8c3ba525042ceba11e102309b2525de4d7748b513787fc3ecc50c13c97654e626571fcdb8a6d96b78af3e6c5bfa95fb0286d8407d9d8d3c867d06c7a1fc4	common_voice_gju_42562336.mp3	11b894cad9a9858671f87b7e2451efc6d6fe14248199978f14f4aa688ac5bc70	وہ مُڑ کے نَس گیو		2	0	fourties				gju	
e65a8c3ba525042ceba11e102309b2525de4d7748b513787fc3ecc50c13c97654e626571fcdb8a6d96b78af3e6c5bfa95fb0286d8407d9d8d3c867d06c7a1fc4	common_voice_gju_42562324.mp3	baac2f8b0cb3f8995fdc515f47a877ec609857142049198d85877499ae8d395d	توہ لیے		2	0	fourties				gju	
e65a8c3ba525042ceba11e102309b2525de4d7748b513787fc3ecc50c13c97654e626571fcdb8a6d96b78af3e6c5bfa95fb0286d8407d9d8d3c867d06c7a1fc4	common_voice_gju_42562323.mp3	0a34ec135893f30f7e19c52fb42f3e6f3abcdf8ead04083c15129370d3d7699f	دیسی لوکاں نے اِنھ کے نال بڑی مدد کری		2	0	fourties				gju	
e65a8c3ba525042ceba11e102309b2525de4d7748b513787fc3ecc50c13c97654e626571fcdb8a6d96b78af3e6c5bfa95fb0286d8407d9d8d3c867d06c7a1fc4	common_voice_gju_42562322.mp3	133a97834e8d1900cb2ae38ae88648ba94c3b9fdeba17d40660c5badb8f525fc	کہن لگا جی گھوڑا کے ناڑ اتنی بڑی شے آن لگی		2	0	fourties				gju	
e65a8c3ba525042ceba11e102309b2525de4d7748b513787fc3ecc50c13c97654e626571fcdb8a6d96b78af3e6c5bfa95fb0286d8407d9d8d3c867d06c7a1fc4	common_voice_gju_42562321.mp3	926357c7bff9246398bbe06fec4857c53839c0915cb4f2cbc717d77eac906947	تیری دھیاڑی ہن پوری ہو گئی ہے توہ ہن لہہ جا		2	0	fourties				gju	
e65a8c3ba525042ceba11e102309b2525de4d7748b513787fc3ecc50c13c97654e626571fcdb8a6d96b78af3e6c5bfa95fb0286d8407d9d8d3c867d06c7a1fc4	common_voice_gju_42562320.mp3	09867460121dfe927b3ccf5423be057ce05e9b30660c12e1dce0f63b6444ff59	توہ نجوڑ ہے یا کائے ہو ر گل ہے		2	0	fourties				gju	
e65a8c3ba525042ceba11e102309b2525de4d7748b513787fc3ecc50c13c97654e626571fcdb8a6d96b78af3e6c5bfa95fb0286d8407d9d8d3c867d06c7a1fc4	common_voice_gju_42562314.mp3	ec971c528596867ec0a1246ba9144b2a443bd4c122a5278a2e84e9e6420bfd5a	ہن نو لکھیا نا نیہہ چاڑھتا		2	0	fourties				gju	
e65a8c3ba525042ceba11e102309b2525de4d7748b513787fc3ecc50c13c97654e626571fcdb8a6d96b78af3e6c5bfa95fb0286d8407d9d8d3c867d06c7a1fc4	common_voice_gju_42562313.mp3	10b4884d3073de1956355e0893c1fc48c462fd4a790053f90569122595bd4f96	اَٹو میدا		2	0	fourties				gju	
e65a8c3ba525042ceba11e102309b2525de4d7748b513787fc3ecc50c13c97654e626571fcdb8a6d96b78af3e6c5bfa95fb0286d8407d9d8d3c867d06c7a1fc4	common_voice_gju_42562312.mp3	19267aabab30066667db5f0d7d3a2f5fc0227a7229835e6e14a8c9ed7c6eaf4e	کہن لگو شرم کروں پہلاں تَم نے ہوں لُگا مورا ما سَٹیو		2	0	fourties				gju	
e65a8c3ba525042ceba11e102309b2525de4d7748b513787fc3ecc50c13c97654e626571fcdb8a6d96b78af3e6c5bfa95fb0286d8407d9d8d3c867d06c7a1fc4	common_voice_gju_42562311.mp3	00842ee5317e4c92e2a8ff657afa4269032288f56d11ccfee0f3caeb3a6bda1a	مدہیرے اٹھ کے دیکھے		2	0	fourties				gju	
e65a8c3ba525042ceba11e102309b2525de4d7748b513787fc3ecc50c13c97654e626571fcdb8a6d96b78af3e6c5bfa95fb0286d8407d9d8d3c867d06c7a1fc4	common_voice_gju_42562310.mp3	aa91db5b1add758b59d386b73e394170f38ee60e296873497364fc2de589ef5e	دھی کو خیال تھو جی یوہ جاتک کد جوان ہویو		2	0	fourties				gju	
e65a8c3ba525042ceba11e102309b2525de4d7748b513787fc3ecc50c13c97654e626571fcdb8a6d96b78af3e6c5bfa95fb0286d8407d9d8d3c867d06c7a1fc4	common_voice_gju_42562304.mp3	10e3de4b6cc6d8f387d0432613678bbafa3ddc53c22e165e8bde15f1eac3b36c	اُت ڈاکٹراں نے کہیو اس نا جھب جھب لے کے مظفر آباد سی ایم ایچ ما پوہچاؤں		2	0	fourties				gju	
e65a8c3ba525042ceba11e102309b2525de4d7748b513787fc3ecc50c13c97654e626571fcdb8a6d96b78af3e6c5bfa95fb0286d8407d9d8d3c867d06c7a1fc4	common_voice_gju_42562303.mp3	8be3281d9af73d5d2b62c9ff2a82c4fb53b99238691191ff5278e12a2ad3628e	کاہڈ رِچھ		2	0	fourties				gju	
e65a8c3ba525042ceba11e102309b2525de4d7748b513787fc3ecc50c13c97654e626571fcdb8a6d96b78af3e6c5bfa95fb0286d8407d9d8d3c867d06c7a1fc4	common_voice_gju_42562302.mp3	14699f83641e9968b9a8d692dbcc6a1916174feeafd0dd42c1fa2827d19a6b85	میں نجمہ کا باپ نا کہیو توہ مَنا اس وکیل بیٹکی کول لے چل		2	0	fourties				gju	
e65a8c3ba525042ceba11e102309b2525de4d7748b513787fc3ecc50c13c97654e626571fcdb8a6d96b78af3e6c5bfa95fb0286d8407d9d8d3c867d06c7a1fc4	common_voice_gju_42562301.mp3	14183dfe357abd7cdc45e6248d9e10b8b08f8197583507a6a04999b39ee0cc09	خاصو زخمی کر لیو		2	0	fourties				gju	
e65a8c3ba525042ceba11e102309b2525de4d7748b513787fc3ecc50c13c97654e626571fcdb8a6d96b78af3e6c5bfa95fb0286d8407d9d8d3c867d06c7a1fc4	common_voice_gju_42562300.mp3	0a534f60cc1c7e2e370da33c9264e984150af06d4cac2b1df5bf3c8b91674974	میرو زیور بیچیو تھو		2	0	fourties				gju	
e65a8c3ba525042ceba11e102309b2525de4d7748b513787fc3ecc50c13c97654e626571fcdb8a6d96b78af3e6c5bfa95fb0286d8407d9d8d3c867d06c7a1fc4	common_voice_gju_42562294.mp3	056b42a615143fe4ffc44cfaa939945c4bd8c23d3aac347b4d3b18060d7b8801	گل چھَٹ لَد		2	0	fourties				gju	
e65a8c3ba525042ceba11e102309b2525de4d7748b513787fc3ecc50c13c97654e626571fcdb8a6d96b78af3e6c5bfa95fb0286d8407d9d8d3c867d06c7a1fc4	common_voice_gju_42562293.mp3	ff8137013450f1164654797510be904473d1b83980d761b866e872cd66b6ed8a	کہیو		2	0	fourties				gju	
e65a8c3ba525042ceba11e102309b2525de4d7748b513787fc3ecc50c13c97654e626571fcdb8a6d96b78af3e6c5bfa95fb0286d8407d9d8d3c867d06c7a1fc4	common_voice_gju_42562292.mp3	172b79d644dbf7deace8178f0fceb4bc5fd8aff35def831658ac7ec88642c560	ہم نا واہ گل چنگی طرح سمجھ آ جا		2	0	fourties				gju	
e65a8c3ba525042ceba11e102309b2525de4d7748b513787fc3ecc50c13c97654e626571fcdb8a6d96b78af3e6c5bfa95fb0286d8407d9d8d3c867d06c7a1fc4	common_voice_gju_42562291.mp3	16eee3fc406fc546f86575042912f2897c93ec9904125457556f3aa3889cdc43	رچھ آ کے اس پو چڑھ گیو		2	0	fourties				gju	
e65a8c3ba525042ceba11e102309b2525de4d7748b513787fc3ecc50c13c97654e626571fcdb8a6d96b78af3e6c5bfa95fb0286d8407d9d8d3c867d06c7a1fc4	common_voice_gju_42562290.mp3	03d4c2d39a5f0a8a96b37dd616e9cde76155a2cac891ce2c848b2312da789b4b	تھوڑو منا بی موقعو دیوں جی ہوں بھی کوشش کروں‘‘		2	0	fourties				gju	
e65a8c3ba525042ceba11e102309b2525de4d7748b513787fc3ecc50c13c97654e626571fcdb8a6d96b78af3e6c5bfa95fb0286d8407d9d8d3c867d06c7a1fc4	common_voice_gju_42562284.mp3	189d9aec9286b8429ca6aeba2fd1b5a140897c117168a147501dd32b85906422	دیگر نا وہ اس کو سنگی ایو		2	0	fourties				gju	
e65a8c3ba525042ceba11e102309b2525de4d7748b513787fc3ecc50c13c97654e626571fcdb8a6d96b78af3e6c5bfa95fb0286d8407d9d8d3c867d06c7a1fc4	common_voice_gju_42562283.mp3	109bda5351d68741ab91ff601aed85e0b0655262944ef3f32861b53cfd80c6b5	پل بے ہور لگ گئی		2	0	fourties				gju	
e65a8c3ba525042ceba11e102309b2525de4d7748b513787fc3ecc50c13c97654e626571fcdb8a6d96b78af3e6c5bfa95fb0286d8407d9d8d3c867d06c7a1fc4	common_voice_gju_42562282.mp3	21b0952d81c47055357cf7e2fe80ee2f507cf856ac5586a06c898e0fd363b914	لُگی ٹھار ما رہ جاں گا‘‘		2	0	fourties				gju	
e65a8c3ba525042ceba11e102309b2525de4d7748b513787fc3ecc50c13c97654e626571fcdb8a6d96b78af3e6c5bfa95fb0286d8407d9d8d3c867d06c7a1fc4	common_voice_gju_42562281.mp3	3da1ec680ced595eb82cbd82dec212ccdeeb0c5a68a376c653595d15bb4f0bb2	نیہہ دیکھیو		2	0	fourties				gju	
e65a8c3ba525042ceba11e102309b2525de4d7748b513787fc3ecc50c13c97654e626571fcdb8a6d96b78af3e6c5bfa95fb0286d8407d9d8d3c867d06c7a1fc4	common_voice_gju_42562280.mp3	08885f862ebc726a6479da0b737e93ce620d559ebdbe8c407bef680fd8caf11e	لھنگتا رہیا		2	0	fourties				gju	
e65a8c3ba525042ceba11e102309b2525de4d7748b513787fc3ecc50c13c97654e626571fcdb8a6d96b78af3e6c5bfa95fb0286d8407d9d8d3c867d06c7a1fc4	common_voice_gju_42562274.mp3	2dae9d55e3b9f484cf0102b03d2afd897135639339bbedf56f029ead28686740	وہ بڑو خوش ہویو		2	0	fourties				gju	
e65a8c3ba525042ceba11e102309b2525de4d7748b513787fc3ecc50c13c97654e626571fcdb8a6d96b78af3e6c5bfa95fb0286d8407d9d8d3c867d06c7a1fc4	common_voice_gju_42562273.mp3	0d4da7dd4e1ae50cc6d87257c6c90c879e5266a2d8212f5946386ebb9074d2da	دواں سجداں کے بشکار سکون نال بیسنو، جس نا جلسو کہیں۔		2	0	fourties				gju	
e65a8c3ba525042ceba11e102309b2525de4d7748b513787fc3ecc50c13c97654e626571fcdb8a6d96b78af3e6c5bfa95fb0286d8407d9d8d3c867d06c7a1fc4	common_voice_gju_42562272.mp3	4a0fb7136557bc17f05841e10d07ef0e36cc88a4328b05fb980d56eb7a8561f9	قیامت تک نہ ایو		2	0	fourties				gju	
e65a8c3ba525042ceba11e102309b2525de4d7748b513787fc3ecc50c13c97654e626571fcdb8a6d96b78af3e6c5bfa95fb0286d8407d9d8d3c867d06c7a1fc4	common_voice_gju_42562271.mp3	170bca516d1fad4fd2d57d49e2bf2be54dbbe597fae25887bee9804aacb08393	اس بسطے وہ جرگو لگو تھو		2	0	fourties				gju	
e65a8c3ba525042ceba11e102309b2525de4d7748b513787fc3ecc50c13c97654e626571fcdb8a6d96b78af3e6c5bfa95fb0286d8407d9d8d3c867d06c7a1fc4	common_voice_gju_42562270.mp3	1d8895e23ad76ddc93696533d20b3878e621cf598672a348b779aed2d41b7610	رچھ نے اس کو ہتھ منہ ما نپ لیو اُنھ کی جَپھی لگ گئی		2	0	fourties				gju	
e65a8c3ba525042ceba11e102309b2525de4d7748b513787fc3ecc50c13c97654e626571fcdb8a6d96b78af3e6c5bfa95fb0286d8407d9d8d3c867d06c7a1fc4	common_voice_gju_42562264.mp3	a34973179dc873621d7c19e9a022248bd0c493ee6f76e2278e9ef8048fd00673	ویہ ڈر		2	0	fourties				gju	
e65a8c3ba525042ceba11e102309b2525de4d7748b513787fc3ecc50c13c97654e626571fcdb8a6d96b78af3e6c5bfa95fb0286d8407d9d8d3c867d06c7a1fc4	common_voice_gju_42562263.mp3	1a436f4c238f5e954325a38da533eccad3553bab382d6021a172aa5f77539cd4	جے کھان کی کہڑی کہڑٖی شے مھارا جسم واسطے مفید		2	0	fourties				gju	
e65a8c3ba525042ceba11e102309b2525de4d7748b513787fc3ecc50c13c97654e626571fcdb8a6d96b78af3e6c5bfa95fb0286d8407d9d8d3c867d06c7a1fc4	common_voice_gju_42562262.mp3	01db3efa543fdf96a085307aca6d6b310dcb167bee3c8262e27e561e3f5d9867	روٹی وہ تاں کھائے تھو جی اپنی دھیانی کا نَک		2	0	fourties				gju	
e65a8c3ba525042ceba11e102309b2525de4d7748b513787fc3ecc50c13c97654e626571fcdb8a6d96b78af3e6c5bfa95fb0286d8407d9d8d3c867d06c7a1fc4	common_voice_gju_42562261.mp3	150ab3ce0cff56c7201c5f73b933b6428ebbed140650f4173bdcd5bd94a53777	بادشاہ کا چیڑا پھٹ گیا تھا		2	0	fourties				gju	
e65a8c3ba525042ceba11e102309b2525de4d7748b513787fc3ecc50c13c97654e626571fcdb8a6d96b78af3e6c5bfa95fb0286d8407d9d8d3c867d06c7a1fc4	common_voice_gju_42562260.mp3	1905ca3356ad12103be81ac9c679fce7a68450ae10e37088969fc7a1934f7e72	ایک دھیاڑے باقی ڈیرا ہالا سارا بیاہ پو گیا تھا		2	0	fourties				gju	
e65a8c3ba525042ceba11e102309b2525de4d7748b513787fc3ecc50c13c97654e626571fcdb8a6d96b78af3e6c5bfa95fb0286d8407d9d8d3c867d06c7a1fc4	common_voice_gju_42562259.mp3	19f4b72191e4d055d24cd988e5490db9edbefe995ba12fe9962475e06d3e09fd	باج کاکا کو بوپار		2	0	fourties				gju	
e65a8c3ba525042ceba11e102309b2525de4d7748b513787fc3ecc50c13c97654e626571fcdb8a6d96b78af3e6c5bfa95fb0286d8407d9d8d3c867d06c7a1fc4	common_voice_gju_42562258.mp3	079d4a5d5c38f0a417b20b48ba5011771985d896be73b0dfbab51168de683a57	جاتکاں نا اس کو اعتبار نہ آیو		2	0	fourties				gju	
e65a8c3ba525042ceba11e102309b2525de4d7748b513787fc3ecc50c13c97654e626571fcdb8a6d96b78af3e6c5bfa95fb0286d8407d9d8d3c867d06c7a1fc4	common_voice_gju_42562257.mp3	015007d5f49d82ea5f00ffd7abe8872edce84a57b1a2bde612310ade7ad41e55	خالق اُٹھیو		2	0	fourties				gju	
e65a8c3ba525042ceba11e102309b2525de4d7748b513787fc3ecc50c13c97654e626571fcdb8a6d96b78af3e6c5bfa95fb0286d8407d9d8d3c867d06c7a1fc4	common_voice_gju_42562256.mp3	019a5aba99677993732c26fede2bec0dbdc01608caeefa602a6dd7f8cb8137af	وہ جنو اس جاتک نا لے گیو		2	0	fourties				gju	
e65a8c3ba525042ceba11e102309b2525de4d7748b513787fc3ecc50c13c97654e626571fcdb8a6d96b78af3e6c5bfa95fb0286d8407d9d8d3c867d06c7a1fc4	common_voice_gju_42562254.mp3	11528548359938fbf65b5bbbe88065e02371ab9f769bf035620f5ce1d30cb70c	اُتو اُس نا دودھ شُدھ بی گھل چھُڑے		2	0	fourties				gju	
e65a8c3ba525042ceba11e102309b2525de4d7748b513787fc3ecc50c13c97654e626571fcdb8a6d96b78af3e6c5bfa95fb0286d8407d9d8d3c867d06c7a1fc4	common_voice_gju_42562247.mp3	1c32798e0e5a5bda1dd41c1755e1bdee20a21523b60483d612c8dc6f8d6346a1	سارا لوکاں نا سَد کے روٹی شوٹی دئی گئی		2	0	fourties				gju	
e65a8c3ba525042ceba11e102309b2525de4d7748b513787fc3ecc50c13c97654e626571fcdb8a6d96b78af3e6c5bfa95fb0286d8407d9d8d3c867d06c7a1fc4	common_voice_gju_42562245.mp3	02ed0ceb8ddc34ad5460c442eef94f84c5dd239d75717ccd01c081244cf4c89c	بِچو بچڑو نکڑے گو " . جنو بڑو سادو تھو		2	0	fourties				gju	
e65a8c3ba525042ceba11e102309b2525de4d7748b513787fc3ecc50c13c97654e626571fcdb8a6d96b78af3e6c5bfa95fb0286d8407d9d8d3c867d06c7a1fc4	common_voice_gju_42562242.mp3	c08cdb838c81de08d33f5a87d78f51ff3899fe231469f64bc679f7ad9caa3bbc	ہم کٹھا ما نیہہ رہتا		2	0	fourties				gju	
e65a8c3ba525042ceba11e102309b2525de4d7748b513787fc3ecc50c13c97654e626571fcdb8a6d96b78af3e6c5bfa95fb0286d8407d9d8d3c867d06c7a1fc4	common_voice_gju_42562241.mp3	04c9917421bc906c6b310007e149611b5eac795ac2477b8e3a84e125f48dfab5	گھوڑاں نا زاہر چڑھ گیو		2	0	fourties				gju	
e65a8c3ba525042ceba11e102309b2525de4d7748b513787fc3ecc50c13c97654e626571fcdb8a6d96b78af3e6c5bfa95fb0286d8407d9d8d3c867d06c7a1fc4	common_voice_gju_42562240.mp3	17348b52c81a17fbd059eeacf5a6174a7c1207204d6d973a3da5f0cbafb99745	کہن لگا ہن نِمل ہو گیو		2	0	fourties				gju	
e65a8c3ba525042ceba11e102309b2525de4d7748b513787fc3ecc50c13c97654e626571fcdb8a6d96b78af3e6c5bfa95fb0286d8407d9d8d3c867d06c7a1fc4	common_voice_gju_42562234.mp3	193f7a9e0b2ae1e5058434e917296edbbb9126277701236199cc38198e8e80e3	سریاں کو ساگ ہچھو وھے		2	0	fourties				gju	
e65a8c3ba525042ceba11e102309b2525de4d7748b513787fc3ecc50c13c97654e626571fcdb8a6d96b78af3e6c5bfa95fb0286d8407d9d8d3c867d06c7a1fc4	common_voice_gju_42562233.mp3	d6ab20cde129a8803e11d4a3c3e5605a0e007a019298c8f75cce25303cacc9d5	بادشاہ اُنھ ناڑ مچ محبت کرے تھو		2	0	fourties				gju	
e65a8c3ba525042ceba11e102309b2525de4d7748b513787fc3ecc50c13c97654e626571fcdb8a6d96b78af3e6c5bfa95fb0286d8407d9d8d3c867d06c7a1fc4	common_voice_gju_42562232.mp3	033198ffb9a76cb4d9bdb9c81f7380ab336023aaffb33c4037859cac6da0c535	تیر و سنگی تم دو بری ہے		2	0	fourties				gju	
e65a8c3ba525042ceba11e102309b2525de4d7748b513787fc3ecc50c13c97654e626571fcdb8a6d96b78af3e6c5bfa95fb0286d8407d9d8d3c867d06c7a1fc4	common_voice_gju_42562231.mp3	10c36106b696b6126815da66dbec6456a0be633f6114bbcff45c2e68d1f05a71	اس نے اپنا جاتک لیا		2	0	fourties				gju	
e65a8c3ba525042ceba11e102309b2525de4d7748b513787fc3ecc50c13c97654e626571fcdb8a6d96b78af3e6c5bfa95fb0286d8407d9d8d3c867d06c7a1fc4	common_voice_gju_42562230.mp3	02cfa55db50044c84cf30720119ca9cae42cc06a80f89a54c460e241e4af7fde	بعد اُن نا جا کے ملیا		2	0	fourties				gju	
e65a8c3ba525042ceba11e102309b2525de4d7748b513787fc3ecc50c13c97654e626571fcdb8a6d96b78af3e6c5bfa95fb0286d8407d9d8d3c867d06c7a1fc4	common_voice_gju_42562224.mp3	11630622e03676e914e188201ea01b9b706631f447e6566aef2f8c31f6b94ee3	پل گھیرا دے دے کے برے تھی۔		2	0	fourties				gju	
e65a8c3ba525042ceba11e102309b2525de4d7748b513787fc3ecc50c13c97654e626571fcdb8a6d96b78af3e6c5bfa95fb0286d8407d9d8d3c867d06c7a1fc4	common_voice_gju_42562223.mp3	0d86df11c7f84fc32557855629b775283abc7ede095b111f8af0dabe27a840e6	اپنی اپنی مدوک لین لگا		2	0	fourties				gju	
e65a8c3ba525042ceba11e102309b2525de4d7748b513787fc3ecc50c13c97654e626571fcdb8a6d96b78af3e6c5bfa95fb0286d8407d9d8d3c867d06c7a1fc4	common_voice_gju_42562222.mp3	029c6c3e7efed0281aeb176e098ec326179924ed47f5f1d1d775824f92d62bd0	ایک نے مھیس چاکی		2	0	fourties				gju	
e65a8c3ba525042ceba11e102309b2525de4d7748b513787fc3ecc50c13c97654e626571fcdb8a6d96b78af3e6c5bfa95fb0286d8407d9d8d3c867d06c7a1fc4	common_voice_gju_42562221.mp3	103caa5a71dcd13a9a6f6194781555621eb2dcb67f88151698c025b5dc4af580	چلم آیا		2	0	fourties				gju	
e65a8c3ba525042ceba11e102309b2525de4d7748b513787fc3ecc50c13c97654e626571fcdb8a6d96b78af3e6c5bfa95fb0286d8407d9d8d3c867d06c7a1fc4	common_voice_gju_42562220.mp3	0cfc778654b43ca1f94ba9792cc6d0e02e42eb12af8f0455e7717e062e43e2fd	ہو ر بھیڈ بٹلی کر کہ آنی		2	0	fourties				gju	
e65a8c3ba525042ceba11e102309b2525de4d7748b513787fc3ecc50c13c97654e626571fcdb8a6d96b78af3e6c5bfa95fb0286d8407d9d8d3c867d06c7a1fc4	common_voice_gju_42562219.mp3	1871abb9009e1687867cfa74e5558856e227a8b780402721533cbe3c0b90632a	مَنا ایک لاری لبھ گئی ہوں اس پو چڑھی		2	0	fourties				gju	
e65a8c3ba525042ceba11e102309b2525de4d7748b513787fc3ecc50c13c97654e626571fcdb8a6d96b78af3e6c5bfa95fb0286d8407d9d8d3c867d06c7a1fc4	common_voice_gju_42562218.mp3	c9003c8c253bd609337125f6a1eb54fcc7cfc32d2cf660a60144f7f617adf371	یاہ روتی پٹتی چلے		2	0	fourties				gju	
e65a8c3ba525042ceba11e102309b2525de4d7748b513787fc3ecc50c13c97654e626571fcdb8a6d96b78af3e6c5bfa95fb0286d8407d9d8d3c867d06c7a1fc4	common_voice_gju_42562217.mp3	191c08376a9e38a469a720ef21db2e0aed38a8c68934814cb69b3fbc54d7f950	سو بکری اس کا حصا کی بنے تھی بھائی اُنھ بکریاں نا نیہہ دیے تھا اُس نے زور دَبا کر کے ویہ بھارُو بے چا لیا		2	0	fourties				gju	
e65a8c3ba525042ceba11e102309b2525de4d7748b513787fc3ecc50c13c97654e626571fcdb8a6d96b78af3e6c5bfa95fb0286d8407d9d8d3c867d06c7a1fc4	common_voice_gju_42562216.mp3	d1a86ed0c458cd4bc8e6727aa3cd557e423eda779f706570a435d67bd9f2980a	لے کے کوری ہنڈی ما ر کھ چھُڑی		2	0	fourties				gju	
e65a8c3ba525042ceba11e102309b2525de4d7748b513787fc3ecc50c13c97654e626571fcdb8a6d96b78af3e6c5bfa95fb0286d8407d9d8d3c867d06c7a1fc4	common_voice_gju_42562215.mp3	12bcdc43d6ca0c89452f1331f0a8e1b272f770a2d2a776e01aa86925c6337761	ہوں گُمی وی بکری نا ڈُھونڈ کے لے آؤں		2	0	fourties				gju	
e65a8c3ba525042ceba11e102309b2525de4d7748b513787fc3ecc50c13c97654e626571fcdb8a6d96b78af3e6c5bfa95fb0286d8407d9d8d3c867d06c7a1fc4	common_voice_gju_42562204.mp3	0344813d8f6677736ec3227deaee7173ecfd6b9a984edbc7529682aab9a581e8	اِنھ لانیاں نے ویہ مار چھُڑیا وھے گا		2	0	fourties				gju	
e65a8c3ba525042ceba11e102309b2525de4d7748b513787fc3ecc50c13c97654e626571fcdb8a6d96b78af3e6c5bfa95fb0286d8407d9d8d3c867d06c7a1fc4	common_voice_gju_42562203.mp3	0ec5955cd408f9bb9a6031a8ecfe8e2a006daadb3d2d0f434dae40246ebc4696	جوجاٹی ما محمد خان کھٹانو کو ترنڈ کھاہریاں کا مال ما رَل گیو		2	0	fourties				gju	
e65a8c3ba525042ceba11e102309b2525de4d7748b513787fc3ecc50c13c97654e626571fcdb8a6d96b78af3e6c5bfa95fb0286d8407d9d8d3c867d06c7a1fc4	common_voice_gju_42562202.mp3	a506ba50f1bbe0268f32a360f1ccaa25801bdf2e2eeae973b056a25ba81014b0	ہُن ہوں اپنا ڈیرا نا چلوں		2	0	fourties				gju	
e65a8c3ba525042ceba11e102309b2525de4d7748b513787fc3ecc50c13c97654e626571fcdb8a6d96b78af3e6c5bfa95fb0286d8407d9d8d3c867d06c7a1fc4	common_voice_gju_42562201.mp3	146f54a7e8d19b6f77ccabd3f2e0daed7e9017a45766e67188d8b2011236cebc	وہ ک		2	0	fourties				gju	
e65a8c3ba525042ceba11e102309b2525de4d7748b513787fc3ecc50c13c97654e626571fcdb8a6d96b78af3e6c5bfa95fb0286d8407d9d8d3c867d06c7a1fc4	common_voice_gju_42562200.mp3	061fdd35dd416324d978c94318a441f47d257398a3551bb9402415a56222e0fd	اَگے ایک جاتک چلے لگو		2	0	fourties				gju	
e65a8c3ba525042ceba11e102309b2525de4d7748b513787fc3ecc50c13c97654e626571fcdb8a6d96b78af3e6c5bfa95fb0286d8407d9d8d3c867d06c7a1fc4	common_voice_gju_42562194.mp3	d940ffb68c27e569f5be8043d9322bbd260f73853ee88dbb6b9d595652165c4a	یوہ جنو اونٹھاں ہاڑا نا کہن لگو جی اُٹھ چلاں		2	0	fourties				gju	
e65a8c3ba525042ceba11e102309b2525de4d7748b513787fc3ecc50c13c97654e626571fcdb8a6d96b78af3e6c5bfa95fb0286d8407d9d8d3c867d06c7a1fc4	common_voice_gju_42562193.mp3	d8192b53610994b3b229e58630e3fee283ad43affa7b8b8cfa0c9c2e8671ec51	توہ مُڑ آ		2	0	fourties				gju	
e65a8c3ba525042ceba11e102309b2525de4d7748b513787fc3ecc50c13c97654e626571fcdb8a6d96b78af3e6c5bfa95fb0286d8407d9d8d3c867d06c7a1fc4	common_voice_gju_42562192.mp3	07750420f285e6bfee5ff29a0a83f4efbd991fef84a77b5d2c17a30cb6617e69	یوہ اُس کھادی وی بکری نا چھوڈ کے ہو ر گُمی وی بکریاں نا ڈُھونڈن لگ گیو		2	0	fourties				gju	
e65a8c3ba525042ceba11e102309b2525de4d7748b513787fc3ecc50c13c97654e626571fcdb8a6d96b78af3e6c5bfa95fb0286d8407d9d8d3c867d06c7a1fc4	common_voice_gju_42562191.mp3	0ca9d7b692668fe50fc2b9eb49ead123baed63728c6b4c7c53415a25de287a7b	قیوم گیو		2	0	fourties				gju	
e65a8c3ba525042ceba11e102309b2525de4d7748b513787fc3ecc50c13c97654e626571fcdb8a6d96b78af3e6c5bfa95fb0286d8407d9d8d3c867d06c7a1fc4	common_voice_gju_42562190.mp3	123b5b0a4a6d33fed0ba7b092b960d4d7b8db7ed538dbbbe4dc4cc2d7a2e2ef7	جاتک شاتک بٹلا کیا		2	0	fourties				gju	
e65a8c3ba525042ceba11e102309b2525de4d7748b513787fc3ecc50c13c97654e626571fcdb8a6d96b78af3e6c5bfa95fb0286d8407d9d8d3c867d06c7a1fc4	common_voice_gju_42562183.mp3	08763b104c698fe284e4d239dc2306b16f20beabfd98120d5155aa2bf366d5e8	ایک گھوڑو اِنگاں دوڑایو		2	0	fourties				gju	
e65a8c3ba525042ceba11e102309b2525de4d7748b513787fc3ecc50c13c97654e626571fcdb8a6d96b78af3e6c5bfa95fb0286d8407d9d8d3c867d06c7a1fc4	common_voice_gju_42562182.mp3	df3cd1a5525ef635d577b8bbc8eb95aeddbd1f0fdcc18a22479e7b56e29a924c	اس نے اپنا جاتک چکیا		2	0	fourties				gju	
e65a8c3ba525042ceba11e102309b2525de4d7748b513787fc3ecc50c13c97654e626571fcdb8a6d96b78af3e6c5bfa95fb0286d8407d9d8d3c867d06c7a1fc4	common_voice_gju_42562181.mp3	179c141f7f0531b0deb9441e03785c479ec75ee8b64ba042a1bd2bcf42d934a0	جس بِلے کجھ تمبو جھڑیا		2	0	fourties				gju	
e65a8c3ba525042ceba11e102309b2525de4d7748b513787fc3ecc50c13c97654e626571fcdb8a6d96b78af3e6c5bfa95fb0286d8407d9d8d3c867d06c7a1fc4	common_voice_gju_42562180.mp3	060222dfb1793f8f4c4e32e6826d79dfb519f042d9b8547de0f0f9f11f5be8ed	دوجو گھوڑو اُنگا دوڑایو		2	0	fourties				gju	
e65a8c3ba525042ceba11e102309b2525de4d7748b513787fc3ecc50c13c97654e626571fcdb8a6d96b78af3e6c5bfa95fb0286d8407d9d8d3c867d06c7a1fc4	common_voice_gju_42562178.mp3	047dbe5a45d24501844c2862ae1cac171b2cd3e57ac1731ce163608022aaf09e	ویہ تریہی بیمار ہوگیا		2	0	fourties				gju	
e65a8c3ba525042ceba11e102309b2525de4d7748b513787fc3ecc50c13c97654e626571fcdb8a6d96b78af3e6c5bfa95fb0286d8407d9d8d3c867d06c7a1fc4	common_voice_gju_42562177.mp3	fabad8fa4b54f3f032fc1500377066b731ed59651b5488c3e074ad8ceca9dccd	پکھنی اُڈ گئی		2	0	fourties				gju	
e65a8c3ba525042ceba11e102309b2525de4d7748b513787fc3ecc50c13c97654e626571fcdb8a6d96b78af3e6c5bfa95fb0286d8407d9d8d3c867d06c7a1fc4	common_voice_gju_42562176.mp3	fa6f4db8bca17bc91cbab1c50f037315de3207d74efcfed1db3dfbeaa6610508	ہم نا صاف پانی کِتو لبھے گو ؟		2	0	fourties				gju	
e65a8c3ba525042ceba11e102309b2525de4d7748b513787fc3ecc50c13c97654e626571fcdb8a6d96b78af3e6c5bfa95fb0286d8407d9d8d3c867d06c7a1fc4	common_voice_gju_42562175.mp3	0741d79e14c06bb576e7dcff8231ea52f6fa5689de8f22f478fb857f2b03af33	وہ جھڑ گیو		2	0	fourties				gju	
e65a8c3ba525042ceba11e102309b2525de4d7748b513787fc3ecc50c13c97654e626571fcdb8a6d96b78af3e6c5bfa95fb0286d8407d9d8d3c867d06c7a1fc4	common_voice_gju_42562174.mp3	f66a3a92366ef5ce7b781a13d55aaa2e8eff5ced2324178e4a7e5131eab591ff	اونٹھاں ہاڑا نے کہیو جی ٹھیک ہے تیری مرضی		2	0	fourties				gju	
e65a8c3ba525042ceba11e102309b2525de4d7748b513787fc3ecc50c13c97654e626571fcdb8a6d96b78af3e6c5bfa95fb0286d8407d9d8d3c867d06c7a1fc4	common_voice_gju_42562173.mp3	b20f06659e972e35efdd87d93f8b21419883c82430f048aa79781eeb2723c831	فلانا مورا ما ستو ہے		2	0	fourties				gju	
e65a8c3ba525042ceba11e102309b2525de4d7748b513787fc3ecc50c13c97654e626571fcdb8a6d96b78af3e6c5bfa95fb0286d8407d9d8d3c867d06c7a1fc4	common_voice_gju_42562172.mp3	c0893197b0c226b3c5be05a003941993e362de8792417de670ecb2b97f89b3d1	جنو لوہار نا کہن لگو		2	0	fourties				gju	
e65a8c3ba525042ceba11e102309b2525de4d7748b513787fc3ecc50c13c97654e626571fcdb8a6d96b78af3e6c5bfa95fb0286d8407d9d8d3c867d06c7a1fc4	common_voice_gju_42562171.mp3	0152bb5a2ecd16b82a73ab44ac8ac2aec584b3072448ddca2b9ad369a440b154	ہمنا ڈر لگے		2	0	fourties				gju	
e65a8c3ba525042ceba11e102309b2525de4d7748b513787fc3ecc50c13c97654e626571fcdb8a6d96b78af3e6c5bfa95fb0286d8407d9d8d3c867d06c7a1fc4	common_voice_gju_42562170.mp3	e60a161af87514c10a27b79c9367a418c7e2d086171cc2126bd8ea32e63cf18e	وہ ویہ بچا چنگا جوان ہو گیا		2	0	fourties				gju	
e65a8c3ba525042ceba11e102309b2525de4d7748b513787fc3ecc50c13c97654e626571fcdb8a6d96b78af3e6c5bfa95fb0286d8407d9d8d3c867d06c7a1fc4	common_voice_gju_42562159.mp3	735808806d615bf8115515c71a45dc0d9ab9cf30ae6e3c1bf7f58af65356eb86	یوہ باہرُو اندر آیو		2	0	fourties				gju	
e65a8c3ba525042ceba11e102309b2525de4d7748b513787fc3ecc50c13c97654e626571fcdb8a6d96b78af3e6c5bfa95fb0286d8407d9d8d3c867d06c7a1fc4	common_voice_gju_42562158.mp3	e189b37d5654a3a3873c10132dbd75341176d770830269b47126324cbbcc0851	بھی رات ہو گئی		2	0	fourties				gju	
e65a8c3ba525042ceba11e102309b2525de4d7748b513787fc3ecc50c13c97654e626571fcdb8a6d96b78af3e6c5bfa95fb0286d8407d9d8d3c867d06c7a1fc4	common_voice_gju_42562157.mp3	11f3a02c744e72a94a215f2288e5214910a397f51ac33cd7f66f087e31471e80	پوت نے کہیو میں یاہ بِلی آنی ہے "		2	0	fourties				gju	
e65a8c3ba525042ceba11e102309b2525de4d7748b513787fc3ecc50c13c97654e626571fcdb8a6d96b78af3e6c5bfa95fb0286d8407d9d8d3c867d06c7a1fc4	common_voice_gju_42562156.mp3	0997e50f300c1b0b4faac65b76dc4cae44b802acb8ab98d60aa61c9aaa97f028	حضرت جبرائیل، حضرت میکائیل،حضرت عزرائیل،حضرت اسرافیل		2	0	fourties				gju	
e65a8c3ba525042ceba11e102309b2525de4d7748b513787fc3ecc50c13c97654e626571fcdb8a6d96b78af3e6c5bfa95fb0286d8407d9d8d3c867d06c7a1fc4	common_voice_gju_42562155.mp3	11bb45521e5da475d97af5c80abe71ad2b569efdd92b5e88c9b533e860e7c788	رات ہوئی		2	0	fourties				gju	
e65a8c3ba525042ceba11e102309b2525de4d7748b513787fc3ecc50c13c97654e626571fcdb8a6d96b78af3e6c5bfa95fb0286d8407d9d8d3c867d06c7a1fc4	common_voice_gju_42562144.mp3	0cddf7cef69e0d2621813ed7129f1f34c20692639a225bf3ef8d933b4fc37d3b	خیر ا گلا لوک فوج نے		2	0	fourties				gju	
e65a8c3ba525042ceba11e102309b2525de4d7748b513787fc3ecc50c13c97654e626571fcdb8a6d96b78af3e6c5bfa95fb0286d8407d9d8d3c867d06c7a1fc4	common_voice_gju_42562143.mp3	7ebe81aedd615f2bcdfb8d49255bdd30005593f2714a79975bdf23921adca1c7	چلتیں چلتیں کجھ دیہنہ		2	0	fourties				gju	
e65a8c3ba525042ceba11e102309b2525de4d7748b513787fc3ecc50c13c97654e626571fcdb8a6d96b78af3e6c5bfa95fb0286d8407d9d8d3c867d06c7a1fc4	common_voice_gju_42562142.mp3	1529f98a12713f100761be344417d06c75dcb13ef87acd381bec9964c3bb6272	اونٹھاں ہاڑو کہن لگو اج ہم اپنی بہن کے ڈیرے رہاں گا		2	0	fourties				gju	
e65a8c3ba525042ceba11e102309b2525de4d7748b513787fc3ecc50c13c97654e626571fcdb8a6d96b78af3e6c5bfa95fb0286d8407d9d8d3c867d06c7a1fc4	common_voice_gju_42562141.mp3	13da7fdabf946b61def9552fdbe64a97ad523f6a8dae16635001f1d789856c0d	کَدے اِنھ بکروال لوکاں کول کوئی لاری ہوتی		2	0	fourties				gju	
e65a8c3ba525042ceba11e102309b2525de4d7748b513787fc3ecc50c13c97654e626571fcdb8a6d96b78af3e6c5bfa95fb0286d8407d9d8d3c867d06c7a1fc4	common_voice_gju_42562138.mp3	edbf8a6af67de87c083721922e913f57a5e89852ebe00d4ef0fefd373c4bb5a2	واہ مچ بھاری گٹی تھی		2	0	fourties				gju	
e65a8c3ba525042ceba11e102309b2525de4d7748b513787fc3ecc50c13c97654e626571fcdb8a6d96b78af3e6c5bfa95fb0286d8407d9d8d3c867d06c7a1fc4	common_voice_gju_42562137.mp3	c9faa5ffebbc1c4cfbff75106440108881016cfc3e2c363f719dc6a88edad278	وہی جنو ہے کِہڑا نے ہوں کل ماریو تھو		2	0	fourties				gju	
e65a8c3ba525042ceba11e102309b2525de4d7748b513787fc3ecc50c13c97654e626571fcdb8a6d96b78af3e6c5bfa95fb0286d8407d9d8d3c867d06c7a1fc4	common_voice_gju_42562136.mp3	1b0e32a0c018f207c8485a69763a593f1e4a6c9d0365fa5f8e97dfe967ebdfee	بادشاہ مچ خپا ہویو		2	0	fourties				gju	
e65a8c3ba525042ceba11e102309b2525de4d7748b513787fc3ecc50c13c97654e626571fcdb8a6d96b78af3e6c5bfa95fb0286d8407d9d8d3c867d06c7a1fc4	common_voice_gju_42562135.mp3	14a640918d891adbeb695263154e25e3e581aed6244c853cc5dc15361fda66e9	بِسر نہ جائے۔		2	0	fourties				gju	
e65a8c3ba525042ceba11e102309b2525de4d7748b513787fc3ecc50c13c97654e626571fcdb8a6d96b78af3e6c5bfa95fb0286d8407d9d8d3c867d06c7a1fc4	common_voice_gju_42562123.mp3	1172a0c486d305702bf51302784174b59b61f4be4cca7dc078f4920fb72001ee	سیال یہ کالا چِٹا کا ڈھاکا ما رہیا بیساکھ ما ڈیرو پَٹ کہ یہ ٹُر گیا مظفرآباد کہوڑی کٹھہ ما ڈیرا لایا		2	0	fourties				gju	
e65a8c3ba525042ceba11e102309b2525de4d7748b513787fc3ecc50c13c97654e626571fcdb8a6d96b78af3e6c5bfa95fb0286d8407d9d8d3c867d06c7a1fc4	common_voice_gju_42562122.mp3	8d050271a9319422971990684189b26598f85450bfe542eef6bafab7700de83d	اُت ٹھیکیدار نیہہ تھو وہ گلگت گیو وو تھو ہم چار پنج دھیاڑا اس کی انتظار کرت رہیا		2	0	fourties				gju	
e65a8c3ba525042ceba11e102309b2525de4d7748b513787fc3ecc50c13c97654e626571fcdb8a6d96b78af3e6c5bfa95fb0286d8407d9d8d3c867d06c7a1fc4	common_voice_gju_42562121.mp3	080d039cfba983a4f11df60143951b111a510d5a527b061278f0c9d05475fb07	پروین روز اپنی دھی نا دوائی دیے تھی		2	0	fourties				gju	
e65a8c3ba525042ceba11e102309b2525de4d7748b513787fc3ecc50c13c97654e626571fcdb8a6d96b78af3e6c5bfa95fb0286d8407d9d8d3c867d06c7a1fc4	common_voice_gju_42562120.mp3	1642fd38942e556580643fa50e5b7fc0159007a5e5cb206524550d8e39201502	لوکاں نے آپ ما صلاح کری جے یوہ بھربھانو مھارے		2	0	fourties				gju	
e65a8c3ba525042ceba11e102309b2525de4d7748b513787fc3ecc50c13c97654e626571fcdb8a6d96b78af3e6c5bfa95fb0286d8407d9d8d3c867d06c7a1fc4	common_voice_gju_42562114.mp3	0b90bf25af024a6fc1dba6e313269820dd6c7b5a75357bfcabf50b2c718bb363	بکریاں کو لون پِیس کے لیو		2	0	fourties				gju	
e65a8c3ba525042ceba11e102309b2525de4d7748b513787fc3ecc50c13c97654e626571fcdb8a6d96b78af3e6c5bfa95fb0286d8407d9d8d3c867d06c7a1fc4	common_voice_gju_42562113.mp3	07abeed502bd1ed3a0aa9a964967f3b22df3b015aea236ad1c42caa0b8ae3fa0	بھادرا ما بارش شروع ہو گئی ڈیرا بے مُچ مندی جا ما تھا ڈیرا کے اُپر ایک مُچ مندو شنگر تھو جِتو کدے کائی پڑ آئے تھو تے ڈیراں اپر لگے تھو۔		2	0	fourties				gju	
e65a8c3ba525042ceba11e102309b2525de4d7748b513787fc3ecc50c13c97654e626571fcdb8a6d96b78af3e6c5bfa95fb0286d8407d9d8d3c867d06c7a1fc4	common_voice_gju_42562112.mp3	358c71d4ef0e368af062157bf883ac1b238f923b686aafcfd2cc7e2fd4df5a49	ہوں ستاں زمیناں کے ہیٹھ لہہ ایو ہے منا ست چیدین ماس کا		2	0	fourties				gju	
e65a8c3ba525042ceba11e102309b2525de4d7748b513787fc3ecc50c13c97654e626571fcdb8a6d96b78af3e6c5bfa95fb0286d8407d9d8d3c867d06c7a1fc4	common_voice_gju_42562111.mp3	9833a5692975f7b57f75b4e89876959ee10aeeb28be14bad4153c8474fe8e538	ماس مُک گیو		2	0	fourties				gju	
e65a8c3ba525042ceba11e102309b2525de4d7748b513787fc3ecc50c13c97654e626571fcdb8a6d96b78af3e6c5bfa95fb0286d8407d9d8d3c867d06c7a1fc4	common_voice_gju_42562110.mp3	1108fe9fd062dad0cb60b368c0d29e9308ad0a47eaaeae61f64abb31e396251f	اُس نے دیکھیو وہ بی ات نیہہ تھو		2	0	fourties				gju	
e65a8c3ba525042ceba11e102309b2525de4d7748b513787fc3ecc50c13c97654e626571fcdb8a6d96b78af3e6c5bfa95fb0286d8407d9d8d3c867d06c7a1fc4	common_voice_gju_42562099.mp3	63e01ac1b1dd4d6ce13dc77db3713842a590580007e84f25403c7d409ccd1913	اُس جنا نا بادشاہ نے مچ بڑی انعام دتی		2	0	fourties				gju	
e65a8c3ba525042ceba11e102309b2525de4d7748b513787fc3ecc50c13c97654e626571fcdb8a6d96b78af3e6c5bfa95fb0286d8407d9d8d3c867d06c7a1fc4	common_voice_gju_42562098.mp3	acba77ab48d085d43ebc2802ea40e8f49abff1523124d8b9a4d32b8f89c2daf5	کے بِلی نا لے ڈیرے کے اَیو ماں نے کہیو "بچا تیں کے آنیو		2	0	fourties				gju	
e65a8c3ba525042ceba11e102309b2525de4d7748b513787fc3ecc50c13c97654e626571fcdb8a6d96b78af3e6c5bfa95fb0286d8407d9d8d3c867d06c7a1fc4	common_voice_gju_42562097.mp3	09b50132d91a69eba463a05918ebe16ace70b81f7606cc249d1ce224de1a02b2	دھیانی اس کی انت مچائے آن دے منا بکر ی کائے		2	0	fourties				gju	
e65a8c3ba525042ceba11e102309b2525de4d7748b513787fc3ecc50c13c97654e626571fcdb8a6d96b78af3e6c5bfa95fb0286d8407d9d8d3c867d06c7a1fc4	common_voice_gju_42562096.mp3	5ba54c48b562e86a3c1d79dc507b13b2e539e8c2ebdf79c93cf3d913ed8fba54	اگلا زمانا کی گل ہے ایک بادشاہ کسے ملخ ما بادشاہی کرے تھو		2	0	fourties				gju	
e65a8c3ba525042ceba11e102309b2525de4d7748b513787fc3ecc50c13c97654e626571fcdb8a6d96b78af3e6c5bfa95fb0286d8407d9d8d3c867d06c7a1fc4	common_voice_gju_42562095.mp3	025bedd0f773bc6a221a014ef2aa94cfd9156b4624fcb43b9f4124225bd9edbd	ہوں داس کا گراں ما پوہچیو		2	0	fourties				gju	
e65a8c3ba525042ceba11e102309b2525de4d7748b513787fc3ecc50c13c97654e626571fcdb8a6d96b78af3e6c5bfa95fb0286d8407d9d8d3c867d06c7a1fc4	common_voice_gju_42562084.mp3	0d365057e1367038f357011dfe88a97ebe697140ecc33e0a46bcbb19cece410b	جواناں نے جس بیلے پل کی لانی آتی دیکھی		2	0	fourties				gju	
e65a8c3ba525042ceba11e102309b2525de4d7748b513787fc3ecc50c13c97654e626571fcdb8a6d96b78af3e6c5bfa95fb0286d8407d9d8d3c867d06c7a1fc4	common_voice_gju_42562083.mp3	0dccfa4206cd0db1833bf513d122a9d65a45736a5de797ddde160d84251fd090	اُت مچ رش تھو		2	0	fourties				gju	
e65a8c3ba525042ceba11e102309b2525de4d7748b513787fc3ecc50c13c97654e626571fcdb8a6d96b78af3e6c5bfa95fb0286d8407d9d8d3c867d06c7a1fc4	common_voice_gju_42562082.mp3	012d6adbca6c71cc971ca2dd047f512cd00bb6546d3aede38b500aaad602f08b	انھ کو گراں دس میل دور تھو		2	0	fourties				gju	
e65a8c3ba525042ceba11e102309b2525de4d7748b513787fc3ecc50c13c97654e626571fcdb8a6d96b78af3e6c5bfa95fb0286d8407d9d8d3c867d06c7a1fc4	common_voice_gju_42562081.mp3	f86762491a3fd5f1dbb151198b7b37f350ccd943bbda516a164a706ef562fe95	ہچھی خوراک		2	0	fourties				gju	
e65a8c3ba525042ceba11e102309b2525de4d7748b513787fc3ecc50c13c97654e626571fcdb8a6d96b78af3e6c5bfa95fb0286d8407d9d8d3c867d06c7a1fc4	common_voice_gju_42562080.mp3	5da018555b6ce41155ce47e65a6851066009ebd719a9ad3476b98977780fa84f	سپ نے کہیو		2	0	fourties				gju	
e65a8c3ba525042ceba11e102309b2525de4d7748b513787fc3ecc50c13c97654e626571fcdb8a6d96b78af3e6c5bfa95fb0286d8407d9d8d3c867d06c7a1fc4	common_voice_gju_42562074.mp3	03d78c276e3ed18baac78f3a5619a2b9ac369cf374084c5179c1398f28aff4e9	یوہ جنوہسپتال ما داخل کر چھُڑیو		2	0	fourties				gju	
e65a8c3ba525042ceba11e102309b2525de4d7748b513787fc3ecc50c13c97654e626571fcdb8a6d96b78af3e6c5bfa95fb0286d8407d9d8d3c867d06c7a1fc4	common_voice_gju_42562073.mp3	13194084a0ac30bcd9819722ed687b1fb8987582da997701e132a98d1ddfc23d	ڈاکٹڑ نے بھی اس نا ترواں دِناں کی دائی دِتی		2	0	fourties				gju	
e65a8c3ba525042ceba11e102309b2525de4d7748b513787fc3ecc50c13c97654e626571fcdb8a6d96b78af3e6c5bfa95fb0286d8407d9d8d3c867d06c7a1fc4	common_voice_gju_42562071.mp3	04018e5d2e751d0833cbf3aea48a2488b8f752ef0737534a4dec3a0d501188b9	بکری بے مُساری سُو گئی		2	0	fourties				gju	
e65a8c3ba525042ceba11e102309b2525de4d7748b513787fc3ecc50c13c97654e626571fcdb8a6d96b78af3e6c5bfa95fb0286d8407d9d8d3c867d06c7a1fc4	common_voice_gju_42562070.mp3	ec1e97edf434a0d3420dc431b2cf017a0827dbb764f9c60222d30844154557a2	یوہ جنو پنج دھیاڑی		2	0	fourties				gju	
e65a8c3ba525042ceba11e102309b2525de4d7748b513787fc3ecc50c13c97654e626571fcdb8a6d96b78af3e6c5bfa95fb0286d8407d9d8d3c867d06c7a1fc4	common_voice_gju_42561290.mp3	2a21b0059babf7b07ab0c5e82335d585c7ac815ab12b87549601867e8725a652	اتنا ما نزیر ڈوئی پوہچ گیو		2	0	fourties				gju	
e65a8c3ba525042ceba11e102309b2525de4d7748b513787fc3ecc50c13c97654e626571fcdb8a6d96b78af3e6c5bfa95fb0286d8407d9d8d3c867d06c7a1fc4	common_voice_gju_42561289.mp3	13b7c418bb58baa6fb3f720bbe58878f76ec4d9c9ef4dd4f7f38fe66c2fd8645	نِکڑ جائوں گو		2	0	fourties				gju	
e65a8c3ba525042ceba11e102309b2525de4d7748b513787fc3ecc50c13c97654e626571fcdb8a6d96b78af3e6c5bfa95fb0286d8407d9d8d3c867d06c7a1fc4	common_voice_gju_42561288.mp3	b52d34f27504e6d2f5931a98ff201ed7bc05ca9965d9e13c61ef8d67a92a9152	ڈیرا نا ڈھکی ما چڑھنو تھو		2	0	fourties				gju	
e65a8c3ba525042ceba11e102309b2525de4d7748b513787fc3ecc50c13c97654e626571fcdb8a6d96b78af3e6c5bfa95fb0286d8407d9d8d3c867d06c7a1fc4	common_voice_gju_42561287.mp3	04c58b011fea6de54fe67d8c0927c0329eeca530d56ed0ceed667a65f68f840b	چنگی خوراک ما گُڑ چینی		2	0	fourties				gju	
e65a8c3ba525042ceba11e102309b2525de4d7748b513787fc3ecc50c13c97654e626571fcdb8a6d96b78af3e6c5bfa95fb0286d8407d9d8d3c867d06c7a1fc4	common_voice_gju_42561286.mp3	12e659205b4c12c3a343be26a1f3124a1026e53161e48e6225ce93c7b19db81f	کاہڈ اس بھتیجا نا کِسے نے کہیو جے تھاری کاہڈ دشمن آئے لگا		2	0	fourties				gju	
e65a8c3ba525042ceba11e102309b2525de4d7748b513787fc3ecc50c13c97654e626571fcdb8a6d96b78af3e6c5bfa95fb0286d8407d9d8d3c867d06c7a1fc4	common_voice_gju_42622064.mp3	eb4e9e9837106a090ae7f5fe8a0d66f58898902c22ca8edc3bebb353ecb0506e	ٹبر نا صبر دیئے		2	0	fourties				gju	
e65a8c3ba525042ceba11e102309b2525de4d7748b513787fc3ecc50c13c97654e626571fcdb8a6d96b78af3e6c5bfa95fb0286d8407d9d8d3c867d06c7a1fc4	common_voice_gju_42622056.mp3	a38dc84fcca02233b5ad469c37c8f78751fcde787bfc1f39e737698bc3d01811	وہ جنو گھا کو ایک گڈو آنے تھو		2	0	fourties				gju	
e65a8c3ba525042ceba11e102309b2525de4d7748b513787fc3ecc50c13c97654e626571fcdb8a6d96b78af3e6c5bfa95fb0286d8407d9d8d3c867d06c7a1fc4	common_voice_gju_42622063.mp3	e7032eb74c2a2cd2ed85829dc28c8c49fad1d0363099071d4533bde189cc176e	جنازو کر کے یوہ اُت دَب چھُڑیو		2	0	fourties				gju	
e65a8c3ba525042ceba11e102309b2525de4d7748b513787fc3ecc50c13c97654e626571fcdb8a6d96b78af3e6c5bfa95fb0286d8407d9d8d3c867d06c7a1fc4	common_voice_gju_42622108.mp3	e154d70bc814aa585b916e75a619a92b1965a981cd1bfbbd0d2cbc5028a4c6f4	قیوم بچا لیو		2	0	fourties				gju	
e65a8c3ba525042ceba11e102309b2525de4d7748b513787fc3ecc50c13c97654e626571fcdb8a6d96b78af3e6c5bfa95fb0286d8407d9d8d3c867d06c7a1fc4	common_voice_gju_42622112.mp3	ef0efb9c773a17fd7b66d3a143c5e928a3308e32fbb44f42b3dd153849bbce62	جنازہ نا اُتو لے گیا		2	0	fourties				gju	
e65a8c3ba525042ceba11e102309b2525de4d7748b513787fc3ecc50c13c97654e626571fcdb8a6d96b78af3e6c5bfa95fb0286d8407d9d8d3c867d06c7a1fc4	common_voice_gju_42622118.mp3	cefcfe49e048c3e35a6761845cca8075fc0cf5862d4db35bd1243a947eef94ef	بڑا تنگ ہو کے کیل پوہچیا		2	0	fourties				gju	
e65a8c3ba525042ceba11e102309b2525de4d7748b513787fc3ecc50c13c97654e626571fcdb8a6d96b78af3e6c5bfa95fb0286d8407d9d8d3c867d06c7a1fc4	common_voice_gju_42622215.mp3	fd9a84e5100a42054ae6a3abd1a0fca50a032c0cc7dfa7f72af0fbc2616783c0	بڑو لُڑو سکول نیہہ چلے تھو		2	0	fourties				gju	
e65a8c3ba525042ceba11e102309b2525de4d7748b513787fc3ecc50c13c97654e626571fcdb8a6d96b78af3e6c5bfa95fb0286d8407d9d8d3c867d06c7a1fc4	common_voice_gju_42622225.mp3	eabd6143e5ab046901cb61d61a816cdc62ec74cbde0986c754c87df8ac5c826a	بڑاوائی پوہچ گیا رات اُت گزار کے اگلے دھیاڑے ڈیرو پَٹیو		2	0	fourties				gju	
e65a8c3ba525042ceba11e102309b2525de4d7748b513787fc3ecc50c13c97654e626571fcdb8a6d96b78af3e6c5bfa95fb0286d8407d9d8d3c867d06c7a1fc4	common_voice_gju_42622227.mp3	ffdca2682214521417bea19a436be1423695be4367096a6363ed88ec51216082	ہوں اس		2	0	fourties				gju	
e65a8c3ba525042ceba11e102309b2525de4d7748b513787fc3ecc50c13c97654e626571fcdb8a6d96b78af3e6c5bfa95fb0286d8407d9d8d3c867d06c7a1fc4	common_voice_gju_42622232.mp3	f06b795ad6998cd2e89ac012b63344841786bcdabfdb18c8926dcbacf45edc02	ایک دھیاڑے نکی بیٹکی نا تاپ آ گیو		2	0	fourties				gju	
e65a8c3ba525042ceba11e102309b2525de4d7748b513787fc3ecc50c13c97654e626571fcdb8a6d96b78af3e6c5bfa95fb0286d8407d9d8d3c867d06c7a1fc4	common_voice_gju_42622235.mp3	ea4c9f444d51d69d95307906c5ef3b381fc619801301e3c172857ebf7c4a1509	اُت فوجیاں نے ویہ سارا زخمی کَڈھیا		2	0	fourties				gju	
e65a8c3ba525042ceba11e102309b2525de4d7748b513787fc3ecc50c13c97654e626571fcdb8a6d96b78af3e6c5bfa95fb0286d8407d9d8d3c867d06c7a1fc4	common_voice_gju_42622242.mp3	f2e05fe5b7323f6cd27a2204eb5b145cc29c98b3c167b097a5f061312caaa6df	اَگے ماڑو		2	0	fourties				gju	
e65a8c3ba525042ceba11e102309b2525de4d7748b513787fc3ecc50c13c97654e626571fcdb8a6d96b78af3e6c5bfa95fb0286d8407d9d8d3c867d06c7a1fc4	common_voice_gju_42622246.mp3	f5d9ed03ae49e54f9d38f50882c0fe4890f231cf3741cea9b3da1b1fbd3261f0	کُجھ دِناں کاہڈ پروین		2	0	fourties				gju	
e65a8c3ba525042ceba11e102309b2525de4d7748b513787fc3ecc50c13c97654e626571fcdb8a6d96b78af3e6c5bfa95fb0286d8407d9d8d3c867d06c7a1fc4	common_voice_gju_42622252.mp3	dfe1ecaf48efc13ffdaf1a5e6d10225ee16fc0d68d26d67368a967453428fa0d	میں کل جندر کو ترنا اسمان نا سٹیو تھو		2	0	fourties				gju	
e65a8c3ba525042ceba11e102309b2525de4d7748b513787fc3ecc50c13c97654e626571fcdb8a6d96b78af3e6c5bfa95fb0286d8407d9d8d3c867d06c7a1fc4	common_voice_gju_42622254.mp3	ff6bca3e7378dc431da323700b82260bff3ec7fc839de2c516f9105227f9e16e	سا ریاں		2	0	fourties				gju	
e65a8c3ba525042ceba11e102309b2525de4d7748b513787fc3ecc50c13c97654e626571fcdb8a6d96b78af3e6c5bfa95fb0286d8407d9d8d3c867d06c7a1fc4	common_voice_gju_42622262.mp3	cb3258c6408c0c5f06570ae225df599bf8019f461963b16b1c3e73ff0aaa61eb	جنازو رات ہسپتال ما رہیو		2	0	fourties				gju	
e65a8c3ba525042ceba11e102309b2525de4d7748b513787fc3ecc50c13c97654e626571fcdb8a6d96b78af3e6c5bfa95fb0286d8407d9d8d3c867d06c7a1fc4	common_voice_gju_42622269.mp3	ec23941b762523efb50f2261fc4b2024d95e584d27154df034e1cc5cd1ef4274	واجب کدے رہ جائے تے سجدو سہوو کیو جائے گو جے کدے فرض رہ جائے تے فر نماز بھی پڑھنی پے گی۔		2	0	fourties				gju	
e65a8c3ba525042ceba11e102309b2525de4d7748b513787fc3ecc50c13c97654e626571fcdb8a6d96b78af3e6c5bfa95fb0286d8407d9d8d3c867d06c7a1fc4	common_voice_gju_42622278.mp3	fcc91f00ea43031cf13191daa7dad6ea5cc9766dc20d069c6d8c782187a3434c	اس کا دند توڑ چھُڑیا اسرائیل نے جھب جھب چادر سجا ہتھ پو بھلیٹ کے رچھ کا منہ ما چا دتی		2	0	fourties				gju	
e65a8c3ba525042ceba11e102309b2525de4d7748b513787fc3ecc50c13c97654e626571fcdb8a6d96b78af3e6c5bfa95fb0286d8407d9d8d3c867d06c7a1fc4	common_voice_gju_42622279.mp3	f7e4094f976722aa50ace8631582c5a30974eeef1a7b0fed771bc132668029b4	ایک جنا نے کہیو		2	0	fourties				gju	
e65a8c3ba525042ceba11e102309b2525de4d7748b513787fc3ecc50c13c97654e626571fcdb8a6d96b78af3e6c5bfa95fb0286d8407d9d8d3c867d06c7a1fc4	common_voice_gju_42622280.mp3	cbd746ecd28d28b97e33dcf80af72b903c84e27d7956875a0438c78030e5d2f4	تیں ہم پہلاں چاڑھی		2	0	fourties				gju	
e65a8c3ba525042ceba11e102309b2525de4d7748b513787fc3ecc50c13c97654e626571fcdb8a6d96b78af3e6c5bfa95fb0286d8407d9d8d3c867d06c7a1fc4	common_voice_gju_42622285.mp3	a6aa39e9e84f3ff92de426cdab909e1443c1b7cdf3cf68d87d831200fe5f79b6	مچ خوش ہویا		2	0	fourties				gju	
e65a8c3ba525042ceba11e102309b2525de4d7748b513787fc3ecc50c13c97654e626571fcdb8a6d96b78af3e6c5bfa95fb0286d8407d9d8d3c867d06c7a1fc4	common_voice_gju_42622286.mp3	c6dfb1d6af3fd14fb6fb04d752b982a1151aab0e08fd926c7181b1a2bff43a17	تپوس کیو		2	0	fourties				gju	
e65a8c3ba525042ceba11e102309b2525de4d7748b513787fc3ecc50c13c97654e626571fcdb8a6d96b78af3e6c5bfa95fb0286d8407d9d8d3c867d06c7a1fc4	common_voice_gju_42622289.mp3	ec599f15b57a45261aab42b90a61419884a0b37be257b15502f813981a5a86e2	مچ ہچھی گل کہی		2	0	fourties				gju	
e65a8c3ba525042ceba11e102309b2525de4d7748b513787fc3ecc50c13c97654e626571fcdb8a6d96b78af3e6c5bfa95fb0286d8407d9d8d3c867d06c7a1fc4	common_voice_gju_42622310.mp3	f8a26d64c156e7f285503742d3ae34024737fc63206dc9af5b193b23277fb4b9	میں دیکھیو		2	0	fourties				gju	
e65a8c3ba525042ceba11e102309b2525de4d7748b513787fc3ecc50c13c97654e626571fcdb8a6d96b78af3e6c5bfa95fb0286d8407d9d8d3c867d06c7a1fc4	common_voice_gju_42622311.mp3	f2e419fba1495fccc1f10bf75ebd503a0340263bb306020c6ad7702f33f8a9ec	اِنھ کی کچر بھی بَدھی وی تھی		2	0	fourties				gju	
e65a8c3ba525042ceba11e102309b2525de4d7748b513787fc3ecc50c13c97654e626571fcdb8a6d96b78af3e6c5bfa95fb0286d8407d9d8d3c867d06c7a1fc4	common_voice_gju_42622316.mp3	6d2eaf07d629a5d86794e9e1f72247ca096bf410f3918b4116a147234ddb99bd	بندوکھ خَس کے ایک کاڑ ما جا کے بیس رہیو		2	0	fourties				gju	
e65a8c3ba525042ceba11e102309b2525de4d7748b513787fc3ecc50c13c97654e626571fcdb8a6d96b78af3e6c5bfa95fb0286d8407d9d8d3c867d06c7a1fc4	common_voice_gju_42622327.mp3	e3b05e904f26760e9b45756ec44ab6c6099b5faeb0f0c9d00296c5da61b64b19	بچہ! توہ اج کیوں خپا ہے وہ کہن لگو		2	0	fourties				gju	
e65a8c3ba525042ceba11e102309b2525de4d7748b513787fc3ecc50c13c97654e626571fcdb8a6d96b78af3e6c5bfa95fb0286d8407d9d8d3c867d06c7a1fc4	common_voice_gju_42622333.mp3	ed5e288012d1b590bbca0435244dcfe1247cf2cd70e2f46af7d65f14f3d58b19	کجھ چھیاں ستاں دھیاڑاں		2	0	fourties				gju	
e65a8c3ba525042ceba11e102309b2525de4d7748b513787fc3ecc50c13c97654e626571fcdb8a6d96b78af3e6c5bfa95fb0286d8407d9d8d3c867d06c7a1fc4	common_voice_gju_42622353.mp3	f9337546df553d6359b18baa31ca7b41b4c1d802e8f9c13ba7ec3dbba753495b	اس نے ہمت کر کے اپنی بانہہ		2	0	fourties				gju	
e65a8c3ba525042ceba11e102309b2525de4d7748b513787fc3ecc50c13c97654e626571fcdb8a6d96b78af3e6c5bfa95fb0286d8407d9d8d3c867d06c7a1fc4	common_voice_gju_42622355.mp3	eebf7bfe5cc0a4142c266248a7e04f9517cd04c9718c9d1fc90686a11c7e3ca1	فوجی اُت آیا		2	0	fourties				gju	
e65a8c3ba525042ceba11e102309b2525de4d7748b513787fc3ecc50c13c97654e626571fcdb8a6d96b78af3e6c5bfa95fb0286d8407d9d8d3c867d06c7a1fc4	common_voice_gju_42622356.mp3	fcdf03f67d5d647ada9c6d970a4b7a67746e56833dd2b99b423b4c9c061c6116	ماس کپ کے تیرے منہ ما گھلیو ہے‘‘		2	0	fourties				gju	
e65a8c3ba525042ceba11e102309b2525de4d7748b513787fc3ecc50c13c97654e626571fcdb8a6d96b78af3e6c5bfa95fb0286d8407d9d8d3c867d06c7a1fc4	common_voice_gju_42622358.mp3	fc91959944867c402f5d33fabd61803ba42eea31302142587acbb43e2fba7ae4	راشن		2	0	fourties				gju	
e65a8c3ba525042ceba11e102309b2525de4d7748b513787fc3ecc50c13c97654e626571fcdb8a6d96b78af3e6c5bfa95fb0286d8407d9d8d3c867d06c7a1fc4	common_voice_gju_42622365.mp3	f2eed28ae8bda506e65a79313c852e596dd22b0828268b9b0f661d2d9a24e4ea	اللہ کا سنیاہ نا وحی کہیں۔		2	0	fourties				gju	
e65a8c3ba525042ceba11e102309b2525de4d7748b513787fc3ecc50c13c97654e626571fcdb8a6d96b78af3e6c5bfa95fb0286d8407d9d8d3c867d06c7a1fc4	common_voice_gju_42622371.mp3	f7ec448d72a0a30155bafdaa15f58067ce77d41d0684c457deebcbb9d4e82b8a	میرا باپ نا وکیل کرنو پے گو		2	0	fourties				gju	
e65a8c3ba525042ceba11e102309b2525de4d7748b513787fc3ecc50c13c97654e626571fcdb8a6d96b78af3e6c5bfa95fb0286d8407d9d8d3c867d06c7a1fc4	common_voice_gju_42622383.mp3	ec8c353d83a37fae39b0d31a3406c97aed3a8bf3d7c29928995a1e55e1a65dd7	اس نے اپنا پُوتاں نا کہیو تَم بکریاں نا لے چلوں ہوں کاہڈو ڈیرا نا لے کے آؤں گو		2	0	fourties				gju	
e65a8c3ba525042ceba11e102309b2525de4d7748b513787fc3ecc50c13c97654e626571fcdb8a6d96b78af3e6c5bfa95fb0286d8407d9d8d3c867d06c7a1fc4	common_voice_gju_42622385.mp3	fb553dc0287d12f137fa654d8f9750aad621cae639b5b62f308c0f00f2658cea	اٹھائی بھادرا نا ڈیرو پٹ کے یہ لوک چٹی کا دومیل ما جا رہیا		2	0	fourties				gju	
e65a8c3ba525042ceba11e102309b2525de4d7748b513787fc3ecc50c13c97654e626571fcdb8a6d96b78af3e6c5bfa95fb0286d8407d9d8d3c867d06c7a1fc4	common_voice_gju_42622391.mp3	52383460af5b95098cd076a1b7b4aeb64eaf26808078517032ea9bd8b42527cf	انھ نے واہ کچر ساہر ا تا کر کے ہور کچر بٹلا کر کے آنیا		2	0	fourties				gju	
e65a8c3ba525042ceba11e102309b2525de4d7748b513787fc3ecc50c13c97654e626571fcdb8a6d96b78af3e6c5bfa95fb0286d8407d9d8d3c867d06c7a1fc4	common_voice_gju_42637543.mp3	e171488e4245a1eeea1e892e12f80cd39ae108f3b190573966131a65c84007e3	پہلاں نورعالم نے رِچھ پو سَٹ کری رِچھ نے نورعالم کو پیر منہ ما نَپ لیو اس نے پیر چھُڑکایو		2	0	fourties				gju	
e65a8c3ba525042ceba11e102309b2525de4d7748b513787fc3ecc50c13c97654e626571fcdb8a6d96b78af3e6c5bfa95fb0286d8407d9d8d3c867d06c7a1fc4	common_voice_gju_42637546.mp3	fa40fde36778605b6b82dffbb217efdf5902c9d3c9d3c6fed50731272c4fa135	تیرے		2	0	fourties				gju	
e65a8c3ba525042ceba11e102309b2525de4d7748b513787fc3ecc50c13c97654e626571fcdb8a6d96b78af3e6c5bfa95fb0286d8407d9d8d3c867d06c7a1fc4	common_voice_gju_42637554.mp3	fef0517e11a4dc71e7340a5c700c1249d9394e2d5ca525892c2c2484884ebb9c	انہاں کتاباں کو ناں، توریت، زبور انجیل تے قرآن پاک ہے۔		2	0	fourties				gju	
e65a8c3ba525042ceba11e102309b2525de4d7748b513787fc3ecc50c13c97654e626571fcdb8a6d96b78af3e6c5bfa95fb0286d8407d9d8d3c867d06c7a1fc4	common_voice_gju_42637555.mp3	db1e32533f05eff23ec27d3442730e1e5eb6234b3f4eef3dcf02aaae56273c62	نٹھ		2	0	fourties				gju	
e65a8c3ba525042ceba11e102309b2525de4d7748b513787fc3ecc50c13c97654e626571fcdb8a6d96b78af3e6c5bfa95fb0286d8407d9d8d3c867d06c7a1fc4	common_voice_gju_42637573.mp3	dc914466aab1890881468d579e29103b157094cb743a7612d4eef917a0aa15f3	وقت پو بیماری کو مقابلو کیو		2	0	fourties				gju	
e65a8c3ba525042ceba11e102309b2525de4d7748b513787fc3ecc50c13c97654e626571fcdb8a6d96b78af3e6c5bfa95fb0286d8407d9d8d3c867d06c7a1fc4	common_voice_gju_42637580.mp3	9d1c2b8fd1078d0aa612420dcbf66f4fc56d2a888c08780b4b42022a1e25feab	کالو کو پُوت منشی بکریاں کول سُتو تھو		2	0	fourties				gju	
e65a8c3ba525042ceba11e102309b2525de4d7748b513787fc3ecc50c13c97654e626571fcdb8a6d96b78af3e6c5bfa95fb0286d8407d9d8d3c867d06c7a1fc4	common_voice_gju_42637588.mp3	ee56eb9e0efd998254437372e4a0f538ba19b4a9be2838ddd8a6f5a466906f61	اللہ ساراں نا اس کو بدلو عطا کرے		2	0	fourties				gju	
e65a8c3ba525042ceba11e102309b2525de4d7748b513787fc3ecc50c13c97654e626571fcdb8a6d96b78af3e6c5bfa95fb0286d8407d9d8d3c867d06c7a1fc4	common_voice_gju_42637604.mp3	ffb2bdd265b508a3007867f4b90a64c5a08c81cde16c3de727497018078d5b2a	لو ہوئی		2	0	fourties				gju	
e65a8c3ba525042ceba11e102309b2525de4d7748b513787fc3ecc50c13c97654e626571fcdb8a6d96b78af3e6c5bfa95fb0286d8407d9d8d3c867d06c7a1fc4	common_voice_gju_42637606.mp3	e344d43171e598b3797903046d84f252509386b5a2838e204ebbb7b64c4ac2e8	پانی مُچ زور کو تھو		2	0	fourties				gju	
e65a8c3ba525042ceba11e102309b2525de4d7748b513787fc3ecc50c13c97654e626571fcdb8a6d96b78af3e6c5bfa95fb0286d8407d9d8d3c867d06c7a1fc4	common_voice_gju_42637622.mp3	e74e955ea5cc32728544e88693a72178382f5e6dea0237192a04167d397c27ba	تنہاں جنازاں نا ڈھونڈن ہالاں ہور مچ تھا۔		2	0	fourties				gju	
e65a8c3ba525042ceba11e102309b2525de4d7748b513787fc3ecc50c13c97654e626571fcdb8a6d96b78af3e6c5bfa95fb0286d8407d9d8d3c867d06c7a1fc4	common_voice_gju_42637625.mp3	ec6db1ca71b4f6175531859b16aab990d88e4eb81055118ad8f119e9d6ab9450	دیوں اس طرح کا لوک پھانسی لان کے قابل		2	0	fourties				gju	
e65a8c3ba525042ceba11e102309b2525de4d7748b513787fc3ecc50c13c97654e626571fcdb8a6d96b78af3e6c5bfa95fb0286d8407d9d8d3c867d06c7a1fc4	common_voice_gju_42637657.mp3	e5deb29e250f0429186b904f15d5c18d532c754e50a5723cf195670aa66f5980	یوہ ایک دم مُندو ہو گیو		2	0	fourties				gju	
e65a8c3ba525042ceba11e102309b2525de4d7748b513787fc3ecc50c13c97654e626571fcdb8a6d96b78af3e6c5bfa95fb0286d8407d9d8d3c867d06c7a1fc4	common_voice_gju_42637688.mp3	da1a534108ee25bd3531e18031f0b96f48c6fec65106151d33558d0d8e5c1faf	جنا نے سِر تہنا پانی ما ڈبویو		2	0	fourties				gju	
e65a8c3ba525042ceba11e102309b2525de4d7748b513787fc3ecc50c13c97654e626571fcdb8a6d96b78af3e6c5bfa95fb0286d8407d9d8d3c867d06c7a1fc4	common_voice_gju_42637693.mp3	fcf97658ab3fa2bcaaac51e90636c77501ebbf3940913a738e53b9177b25e725	ہم تاں چلاں گا‘‘		2	0	fourties				gju	
e65a8c3ba525042ceba11e102309b2525de4d7748b513787fc3ecc50c13c97654e626571fcdb8a6d96b78af3e6c5bfa95fb0286d8407d9d8d3c867d06c7a1fc4	common_voice_gju_42637700.mp3	bbcc198e92e1743a644727fa2ef98f2fd80ea94bde9b291d6df7a2e2770aad74	بَچو کیل تا پوہچایو		2	0	fourties				gju	
e65a8c3ba525042ceba11e102309b2525de4d7748b513787fc3ecc50c13c97654e626571fcdb8a6d96b78af3e6c5bfa95fb0286d8407d9d8d3c867d06c7a1fc4	common_voice_gju_42637724.mp3	f0de11daed4b090d4e4e5c98d43102423f9c126424c13bd6e1be877eece0d40b	اُن مااِکا رُڑھ کے موئی		2	0	fourties				gju	
e65a8c3ba525042ceba11e102309b2525de4d7748b513787fc3ecc50c13c97654e626571fcdb8a6d96b78af3e6c5bfa95fb0286d8407d9d8d3c867d06c7a1fc4	common_voice_gju_42637778.mp3	a3ed0a0739db2c65f1e309d85e73a7a60e7b4cb601128c5728343c34a6e939c6	دادا کو ناں حضرت عبدالمطلب ہے۔		2	0	fourties				gju	
e65a8c3ba525042ceba11e102309b2525de4d7748b513787fc3ecc50c13c97654e626571fcdb8a6d96b78af3e6c5bfa95fb0286d8407d9d8d3c867d06c7a1fc4	common_voice_gju_42637811.mp3	802539267d6b6fcfda6d7ec736d3f5ed67b7d827ca33b4aa4eb0671b1345934a	ماشٹریانی نے کہیو		2	0	fourties				gju	
e65a8c3ba525042ceba11e102309b2525de4d7748b513787fc3ecc50c13c97654e626571fcdb8a6d96b78af3e6c5bfa95fb0286d8407d9d8d3c867d06c7a1fc4	common_voice_gju_42637822.mp3	e23cc1e43ad975f9b224ac44d7dba79a95a76a6ec0ed87e7c4c2caa447ff658e	پندرہ سلاں تے کاہڈ پتو لگو۔		2	0	fourties				gju	
e65a8c3ba525042ceba11e102309b2525de4d7748b513787fc3ecc50c13c97654e626571fcdb8a6d96b78af3e6c5bfa95fb0286d8407d9d8d3c867d06c7a1fc4	common_voice_gju_42637829.mp3	f291a556cac9efe159774475172c5a6a91ae82f94f381d6eadc5a0d9e4c2f277	مہار نبی کو ناں حضر محمد ﷺ ہے		2	0	fourties				gju	
e65a8c3ba525042ceba11e102309b2525de4d7748b513787fc3ecc50c13c97654e626571fcdb8a6d96b78af3e6c5bfa95fb0286d8407d9d8d3c867d06c7a1fc4	common_voice_gju_42637843.mp3	fdc89cc9a630eda60873d281a337839d79086c739ccc82598d3875865205d141	بعد بادشاہ با کہنیے جی فلانی ٹھار ما میری		2	0	fourties				gju	
e65a8c3ba525042ceba11e102309b2525de4d7748b513787fc3ecc50c13c97654e626571fcdb8a6d96b78af3e6c5bfa95fb0286d8407d9d8d3c867d06c7a1fc4	common_voice_gju_42637844.mp3	f24c839e3b5b18f336e4a3da00b05cac8abf6243d022577001105f0ac4b661d5	لے آیا با کچرا کو بھار پل ما گُم گیو اِنھا ں نے کچر و آنیو		2	0	fourties				gju	
e65a8c3ba525042ceba11e102309b2525de4d7748b513787fc3ecc50c13c97654e626571fcdb8a6d96b78af3e6c5bfa95fb0286d8407d9d8d3c867d06c7a1fc4	common_voice_gju_42637860.mp3	fde4da70e10f8ec50c815a0ea6832ccae05536d34ba35d317cdebe6948e1dd9c	حشریاں نے دھیاڑی بھیڈ کترَی		2	0	fourties				gju	
e65a8c3ba525042ceba11e102309b2525de4d7748b513787fc3ecc50c13c97654e626571fcdb8a6d96b78af3e6c5bfa95fb0286d8407d9d8d3c867d06c7a1fc4	common_voice_gju_42637861.mp3	d6d75f42ffb16e9ad83a63a41a5fa7fc29b94fd9d4cd88328beca8fae050af18	میں اَگ کی ڈَبی کَڈہی		2	0	fourties				gju	
e65a8c3ba525042ceba11e102309b2525de4d7748b513787fc3ecc50c13c97654e626571fcdb8a6d96b78af3e6c5bfa95fb0286d8407d9d8d3c867d06c7a1fc4	common_voice_gju_42637864.mp3	e0bc4d04e37bdbf461a067ae60b02de44d961ff0f5302370c16ff04067f085b2	جے تم اس جماعت ما حِصو لیے گی		2	0	fourties				gju	
e65a8c3ba525042ceba11e102309b2525de4d7748b513787fc3ecc50c13c97654e626571fcdb8a6d96b78af3e6c5bfa95fb0286d8407d9d8d3c867d06c7a1fc4	common_voice_gju_42637900.mp3	f18e08e9d967f9471d574e1232ab03f69c14303f5f5b51fc019c1968490dd9d9	جاتکاں نے کہیو مھارا ہور لوک بھی ہے۔		2	0	fourties				gju	
e65a8c3ba525042ceba11e102309b2525de4d7748b513787fc3ecc50c13c97654e626571fcdb8a6d96b78af3e6c5bfa95fb0286d8407d9d8d3c867d06c7a1fc4	common_voice_gju_42637918.mp3	a197de64473e20c1fad94a2a1afb52a0ee7a153148a70a1c62b6cafebd48c81b	اُس دیس کا لوکاں		2	0	fourties				gju	
e65a8c3ba525042ceba11e102309b2525de4d7748b513787fc3ecc50c13c97654e626571fcdb8a6d96b78af3e6c5bfa95fb0286d8407d9d8d3c867d06c7a1fc4	common_voice_gju_42637921.mp3	dd64b65ab2a0cb5c535c7ece9aeb0bac118ce0a37a2f59718c717291671b34fe	یہ جان نا طاقت دیئے		2	0	fourties				gju	
e65a8c3ba525042ceba11e102309b2525de4d7748b513787fc3ecc50c13c97654e626571fcdb8a6d96b78af3e6c5bfa95fb0286d8407d9d8d3c867d06c7a1fc4	common_voice_gju_42637955.mp3	e45061e81bb1e8e8347e6f3b4f2f9cce793715caf0b1e772ef74a41234b325e8	بھی یوہ دکاندار		2	0	fourties				gju	
e65a8c3ba525042ceba11e102309b2525de4d7748b513787fc3ecc50c13c97654e626571fcdb8a6d96b78af3e6c5bfa95fb0286d8407d9d8d3c867d06c7a1fc4	common_voice_gju_42637961.mp3	ff73f71fe4bb232e721f82aca566f54c9946fd457a4ead2902135b3f675dc3e3	نہ بیسن کی جا نہ رات رہن کی جا		2	0	fourties				gju	
e65a8c3ba525042ceba11e102309b2525de4d7748b513787fc3ecc50c13c97654e626571fcdb8a6d96b78af3e6c5bfa95fb0286d8407d9d8d3c867d06c7a1fc4	common_voice_gju_42637962.mp3	f70f949d11840b7fcc274bdaee12d66ceec8e863cefd80bb1bbdf32a8d324c94	پہلو واقعو		2	0	fourties				gju	
e65a8c3ba525042ceba11e102309b2525de4d7748b513787fc3ecc50c13c97654e626571fcdb8a6d96b78af3e6c5bfa95fb0286d8407d9d8d3c867d06c7a1fc4	common_voice_gju_42638007.mp3	e049cba8c9385b737d6ac54a610ad839a0da67facb8c39d12271614f94403bda	کچو پھل بھی نیہہ کھانو“		2	0	fourties				gju	
e65a8c3ba525042ceba11e102309b2525de4d7748b513787fc3ecc50c13c97654e626571fcdb8a6d96b78af3e6c5bfa95fb0286d8407d9d8d3c867d06c7a1fc4	common_voice_gju_42638014.mp3	f0fa39bc53fd0c3f0b50b65bd767e35a4f7c303b25660ff518563c3e07d7918f	جنا نا کہن لگی جی مدیہرے توہ منا وہ انٹڑو دسینیے ہوں دیکھوں جی وہ کِسو انٹڑو ہے		2	0	fourties				gju	
e65a8c3ba525042ceba11e102309b2525de4d7748b513787fc3ecc50c13c97654e626571fcdb8a6d96b78af3e6c5bfa95fb0286d8407d9d8d3c867d06c7a1fc4	common_voice_gju_42638017.mp3	a6301b0ba29f0dac9faa685968c13686d1ac521a5368105233272c6145c953f1	نو لکھیو دیو کی ٹھا ر نا دیکھ کے مڑ ایو		2	0	fourties				gju	
e65a8c3ba525042ceba11e102309b2525de4d7748b513787fc3ecc50c13c97654e626571fcdb8a6d96b78af3e6c5bfa95fb0286d8407d9d8d3c867d06c7a1fc4	common_voice_gju_42638018.mp3	f16f3c3a494923795e30e95a443f19c2771ec418b4f89dffc0b06789cc98629a	کے		2	0	fourties				gju	
e65a8c3ba525042ceba11e102309b2525de4d7748b513787fc3ecc50c13c97654e626571fcdb8a6d96b78af3e6c5bfa95fb0286d8407d9d8d3c867d06c7a1fc4	common_voice_gju_42638019.mp3	dfe1216e80000136a31995e190ec6e6de004ae2d1945754c39b6cfd5f9793660	سپ پانی ما چلے		2	0	fourties				gju	
e65a8c3ba525042ceba11e102309b2525de4d7748b513787fc3ecc50c13c97654e626571fcdb8a6d96b78af3e6c5bfa95fb0286d8407d9d8d3c867d06c7a1fc4	common_voice_gju_42638071.mp3	91eb55b2f724cc946df5ddb4f8a023109ea3f1c90983044fb988e45753f0ab19	مصطفی		2	0	fourties				gju	
e65a8c3ba525042ceba11e102309b2525de4d7748b513787fc3ecc50c13c97654e626571fcdb8a6d96b78af3e6c5bfa95fb0286d8407d9d8d3c867d06c7a1fc4	common_voice_gju_42638073.mp3	fe86cdcc5316115aed4479e24444914395ad14200752083ba28e7de455e84063	نساپے اِنھ پو پَل لگ گئی		2	0	fourties				gju	
e65a8c3ba525042ceba11e102309b2525de4d7748b513787fc3ecc50c13c97654e626571fcdb8a6d96b78af3e6c5bfa95fb0286d8407d9d8d3c867d06c7a1fc4	common_voice_gju_42613503.mp3	9c8cd4778f4a2ac67ff8340d1517bf088246ac71bdf2ffc525bc1f6c8a63e056	باقی لوک کاہڈ آیا		2	0	fourties				gju	
e65a8c3ba525042ceba11e102309b2525de4d7748b513787fc3ecc50c13c97654e626571fcdb8a6d96b78af3e6c5bfa95fb0286d8407d9d8d3c867d06c7a1fc4	common_voice_gju_42613494.mp3	e8eb694060b6d4477379ca412151edbffbd6c2383d1eb6a47387d4bc7f0b0203	پہرو کرتو رہیو		2	0	fourties				gju	
e65a8c3ba525042ceba11e102309b2525de4d7748b513787fc3ecc50c13c97654e626571fcdb8a6d96b78af3e6c5bfa95fb0286d8407d9d8d3c867d06c7a1fc4	common_voice_gju_42613500.mp3	f49c082febff5edc526a2a329fda814f61cd077891dbfd313c2e5b2a4c6905b8	صبح حنیف چیچی نے اپنو بھائی خالق چلایو جے جا کے بکریاں نا ڈُھونڈ کے لے آ		2	0	fourties				gju	
e65a8c3ba525042ceba11e102309b2525de4d7748b513787fc3ecc50c13c97654e626571fcdb8a6d96b78af3e6c5bfa95fb0286d8407d9d8d3c867d06c7a1fc4	common_voice_gju_42613501.mp3	f4639159ca044caf7126c15950dad3cc0895472c983991c85b4d1e21e2320fc3	ڈیرا کا سِر پو شِنگر تھو		2	0	fourties				gju	
e65a8c3ba525042ceba11e102309b2525de4d7748b513787fc3ecc50c13c97654e626571fcdb8a6d96b78af3e6c5bfa95fb0286d8407d9d8d3c867d06c7a1fc4	common_voice_gju_42613502.mp3	be63b4545e92548ab3464cc42848cca82f89aee26793bc8187a357e4636e5dc4	اتنو بڑو فائدو نہ ہوتو		2	0	fourties				gju	
e65a8c3ba525042ceba11e102309b2525de4d7748b513787fc3ecc50c13c97654e626571fcdb8a6d96b78af3e6c5bfa95fb0286d8407d9d8d3c867d06c7a1fc4	common_voice_gju_42613799.mp3	b51d454dc69fb5d12319c231b6c06e9419c260095cb582273adf03a765dfdf13	کتنا گلی ما رہ گیا		2	0	fourties				gju	
e65a8c3ba525042ceba11e102309b2525de4d7748b513787fc3ecc50c13c97654e626571fcdb8a6d96b78af3e6c5bfa95fb0286d8407d9d8d3c867d06c7a1fc4	common_voice_gju_42613504.mp3	b630af061e0d26a7d0c2d9ad350b5a616b7eec4ba054f870e215771699563366	نولکھیا نے ویہ ست چیدین آن کے		2	0	fourties				gju	
e65a8c3ba525042ceba11e102309b2525de4d7748b513787fc3ecc50c13c97654e626571fcdb8a6d96b78af3e6c5bfa95fb0286d8407d9d8d3c867d06c7a1fc4	common_voice_gju_42613505.mp3	d5d17db76178cf92bacd1329ffb468c85eaa45795a6736738d98406621374e76	اس بوٹا کے ہیٹھ کِہڑو جنو ستو ہے اس نا راضی کر ! ہم چوگ تاں کھاں گا‘ ‘		2	0	fourties				gju	
e65a8c3ba525042ceba11e102309b2525de4d7748b513787fc3ecc50c13c97654e626571fcdb8a6d96b78af3e6c5bfa95fb0286d8407d9d8d3c867d06c7a1fc4	common_voice_gju_42613506.mp3	f5990be46e5e463b3216b050a2aed184c909a5f4b2e954c1f863ea68cd9b8fb5	بچوں ! واہ تھاری ماں		2	0	fourties				gju	
e65a8c3ba525042ceba11e102309b2525de4d7748b513787fc3ecc50c13c97654e626571fcdb8a6d96b78af3e6c5bfa95fb0286d8407d9d8d3c867d06c7a1fc4	common_voice_gju_42613507.mp3	f195af822f01228860a681d28040a7dbe33971035dd22cf7640bc71241581a6a	نوکراں نے گھوڑا آنیا		2	0	fourties				gju	
e65a8c3ba525042ceba11e102309b2525de4d7748b513787fc3ecc50c13c97654e626571fcdb8a6d96b78af3e6c5bfa95fb0286d8407d9d8d3c867d06c7a1fc4	common_voice_gju_42613508.mp3	a30ab9fade116ca4f108cece9804784ede4594c6e223f3ab95b5a845cd2e9ab5	حضرت محمد ﷺ کی بارہ ڈٰیرا آلی ہیں۔		2	0	fourties				gju	
e65a8c3ba525042ceba11e102309b2525de4d7748b513787fc3ecc50c13c97654e626571fcdb8a6d96b78af3e6c5bfa95fb0286d8407d9d8d3c867d06c7a1fc4	common_voice_gju_42613509.mp3	f0fb9f8b849c86aa8cbd682591e1afdca47e161fd7fd93a72bb1bd3b7f1c8028	نوووں واقعو:		2	0	fourties				gju	
e65a8c3ba525042ceba11e102309b2525de4d7748b513787fc3ecc50c13c97654e626571fcdb8a6d96b78af3e6c5bfa95fb0286d8407d9d8d3c867d06c7a1fc4	common_voice_gju_42613515.mp3	3120c1457c465816491eacac1d7c12054cbd082e6a383209427200f5ad8f5ab9	جے تم لوک کے کھاؤ		2	0	fourties				gju	
e65a8c3ba525042ceba11e102309b2525de4d7748b513787fc3ecc50c13c97654e626571fcdb8a6d96b78af3e6c5bfa95fb0286d8407d9d8d3c867d06c7a1fc4	common_voice_gju_42613516.mp3	e961945bf6f6ce127305411e03933c56f01e17446c928e00ca7a8f4f2ee56e94	اُس بیٹکی نے یوہ سیان لیو		2	0	fourties				gju	
e65a8c3ba525042ceba11e102309b2525de4d7748b513787fc3ecc50c13c97654e626571fcdb8a6d96b78af3e6c5bfa95fb0286d8407d9d8d3c867d06c7a1fc4	common_voice_gju_42613517.mp3	b6d95082fd0e64bbe963c66990edcae3ca37d06775162b75f7d4b8977d4ff3d8	اس کا چار جاتک بے		2	0	fourties				gju	
e65a8c3ba525042ceba11e102309b2525de4d7748b513787fc3ecc50c13c97654e626571fcdb8a6d96b78af3e6c5bfa95fb0286d8407d9d8d3c867d06c7a1fc4	common_voice_gju_42613518.mp3	d814cef3f98730c523fd123c3f4914c686f7957781ecc1850a39f8bc94dffd7d	لے کے کھاتو رہیو		2	0	fourties				gju	
e65a8c3ba525042ceba11e102309b2525de4d7748b513787fc3ecc50c13c97654e626571fcdb8a6d96b78af3e6c5bfa95fb0286d8407d9d8d3c867d06c7a1fc4	common_voice_gju_42613519.mp3	d8319f9a04a146cdb19d7ff261de8af9f98fbbcac069c090ce75ccd89af2ef77	ہم اس نال بے گل کراں گی		2	0	fourties				gju	
e65a8c3ba525042ceba11e102309b2525de4d7748b513787fc3ecc50c13c97654e626571fcdb8a6d96b78af3e6c5bfa95fb0286d8407d9d8d3c867d06c7a1fc4	common_voice_gju_42613520.mp3	f0e887ebc1b51a02266e491d5fc49b0ce08864b97462b0b718d18dce2e9857a8	چنگا جن نال ہویو		2	0	fourties				gju	
e65a8c3ba525042ceba11e102309b2525de4d7748b513787fc3ecc50c13c97654e626571fcdb8a6d96b78af3e6c5bfa95fb0286d8407d9d8d3c867d06c7a1fc4	common_voice_gju_42613521.mp3	edaf555a08ad4d498c9f2464b193e31532bd4855105e8b9942bbd75d239ebcda	جنا اُٹھیا		2	0	fourties				gju	
e65a8c3ba525042ceba11e102309b2525de4d7748b513787fc3ecc50c13c97654e626571fcdb8a6d96b78af3e6c5bfa95fb0286d8407d9d8d3c867d06c7a1fc4	common_voice_gju_42613523.mp3	cefc101b6ab06b7181e1c3e5d5fe17e09242eb3c035a25ad79dddaed848555c0	اُنھ نے ڈیرو پٹیو		2	0	fourties				gju	
e65a8c3ba525042ceba11e102309b2525de4d7748b513787fc3ecc50c13c97654e626571fcdb8a6d96b78af3e6c5bfa95fb0286d8407d9d8d3c867d06c7a1fc4	common_voice_gju_42613530.mp3	eaa49771343b8dc52d369fff00de594ab96cc4cf851c09b4cd20d2444bee873b	ہوں تاں تمنا کہوں جی منا نِکا نِکا دو بچا مل کا آن کے دیوں		2	0	fourties				gju	
e65a8c3ba525042ceba11e102309b2525de4d7748b513787fc3ecc50c13c97654e626571fcdb8a6d96b78af3e6c5bfa95fb0286d8407d9d8d3c867d06c7a1fc4	common_voice_gju_42613531.mp3	eb00d66eb6d9a11b658145df16d3e941ca4e7759945e68e21861c3f1466c3a23	مولوی جمشید بانیا		2	0	fourties				gju	
e65a8c3ba525042ceba11e102309b2525de4d7748b513787fc3ecc50c13c97654e626571fcdb8a6d96b78af3e6c5bfa95fb0286d8407d9d8d3c867d06c7a1fc4	common_voice_gju_42613532.mp3	dc11c2bd61c7506fc6e79794b86fc56f0fa886c8ac5951b8c1cd2fd860e4134e	بکری تابٹ پوہچ گئی		2	0	fourties				gju	
e65a8c3ba525042ceba11e102309b2525de4d7748b513787fc3ecc50c13c97654e626571fcdb8a6d96b78af3e6c5bfa95fb0286d8407d9d8d3c867d06c7a1fc4	common_voice_gju_42613533.mp3	f07ed321f6b9d7a2f6d1bad875e9cb2650c1f1b52967f6b6098d7d000ea5e247	مھارو خاندان خوش رہ گو		2	0	fourties				gju	
e65a8c3ba525042ceba11e102309b2525de4d7748b513787fc3ecc50c13c97654e626571fcdb8a6d96b78af3e6c5bfa95fb0286d8407d9d8d3c867d06c7a1fc4	common_voice_gju_42613535.mp3	f4bc67ab33007a3ff32690cdb04ffc52af0c52e32e1fda40139067de74245a20	تھوڑی کوشش کروں مت کھل جائے		2	0	fourties				gju	
e65a8c3ba525042ceba11e102309b2525de4d7748b513787fc3ecc50c13c97654e626571fcdb8a6d96b78af3e6c5bfa95fb0286d8407d9d8d3c867d06c7a1fc4	common_voice_gju_42613536.mp3	ef7bbf62d3c3c9737631c378ca0c2b4cfd5448f6531521a4efde12dddd3e0041	یاسین بانیا کو ڈیرو گڑھی حبیب اللہ ما پوہچیو		2	0	fourties				gju	
e65a8c3ba525042ceba11e102309b2525de4d7748b513787fc3ecc50c13c97654e626571fcdb8a6d96b78af3e6c5bfa95fb0286d8407d9d8d3c867d06c7a1fc4	common_voice_gju_42613539.mp3	dcd30eb40286373985ca6e32b938b6a93c9c7ad5ddba342731a439af8bbc16d4	ہسپتال کی سہولت نیہہ		2	0	fourties				gju	
e65a8c3ba525042ceba11e102309b2525de4d7748b513787fc3ecc50c13c97654e626571fcdb8a6d96b78af3e6c5bfa95fb0286d8407d9d8d3c867d06c7a1fc4	common_voice_gju_42613542.mp3	de185497d020b4dd915c608e554c3dccb5291676a05e0a1f11e644dfa0e397e6	بال بچہ نال تھا		2	0	fourties				gju	
e65a8c3ba525042ceba11e102309b2525de4d7748b513787fc3ecc50c13c97654e626571fcdb8a6d96b78af3e6c5bfa95fb0286d8407d9d8d3c867d06c7a1fc4	common_voice_gju_42613545.mp3	e70c7a302d82c09659abb120b700c5f6a2c44b7c29c854d294a001bfac7aa155	ڈڈر ما آیا		2	0	fourties				gju	
e65a8c3ba525042ceba11e102309b2525de4d7748b513787fc3ecc50c13c97654e626571fcdb8a6d96b78af3e6c5bfa95fb0286d8407d9d8d3c867d06c7a1fc4	common_voice_gju_42613546.mp3	e99391b463dbaa9db599633d0107d89793d3238def2bf5e9270b43517a511033	بڈھی ایک دم مدوک لے کے ڈھاکا پو چڑھ گئی		2	0	fourties				gju	
e65a8c3ba525042ceba11e102309b2525de4d7748b513787fc3ecc50c13c97654e626571fcdb8a6d96b78af3e6c5bfa95fb0286d8407d9d8d3c867d06c7a1fc4	common_voice_gju_42613550.mp3	e6c5fe7576fc7ad8aaee23fa49c8f3cacd0424817126c46a68c2cc13c0b9e551	کہن لگی :” کل ٹیکہ لان ہالا آئے گا		2	0	fourties				gju	
e65a8c3ba525042ceba11e102309b2525de4d7748b513787fc3ecc50c13c97654e626571fcdb8a6d96b78af3e6c5bfa95fb0286d8407d9d8d3c867d06c7a1fc4	common_voice_gju_42613551.mp3	ec11ccc11e75de3759efa8349ab9a3c28f58d818fa062ba7545a208b2f7cd9c2	مدھ کوئے ہے		2	0	fourties				gju	
e65a8c3ba525042ceba11e102309b2525de4d7748b513787fc3ecc50c13c97654e626571fcdb8a6d96b78af3e6c5bfa95fb0286d8407d9d8d3c867d06c7a1fc4	common_voice_gju_42613553.mp3	ce7c2e600e4564d155ee3252ee6affd7f77730933e48ec85e796cccc24771de0	گل ہمناں کڈھ چھُڑ		2	0	fourties				gju	
e65a8c3ba525042ceba11e102309b2525de4d7748b513787fc3ecc50c13c97654e626571fcdb8a6d96b78af3e6c5bfa95fb0286d8407d9d8d3c867d06c7a1fc4	common_voice_gju_42613554.mp3	eeeb8ab5fbe0ae7ded10089557cf94327eb3b7702b42cb6ede52d4191b0169d0	اِنھاں نا نُہال کے آن کترَاں		2	0	fourties				gju	
e65a8c3ba525042ceba11e102309b2525de4d7748b513787fc3ecc50c13c97654e626571fcdb8a6d96b78af3e6c5bfa95fb0286d8407d9d8d3c867d06c7a1fc4	common_voice_gju_42613560.mp3	ebfae4cf5f955c82822a77078c1114cc3af2459b28c0086342f32b86e9f99425	مولوی یونس بانیا کو ڈیرو سیال فتح جنگ ما تھو		2	0	fourties				gju	
e65a8c3ba525042ceba11e102309b2525de4d7748b513787fc3ecc50c13c97654e626571fcdb8a6d96b78af3e6c5bfa95fb0286d8407d9d8d3c867d06c7a1fc4	common_voice_gju_42613562.mp3	be5b9969307be5123650abcb08c8fc1f8a596123e6baa7197076d1d17ef1179c	نولکھیا نے کہیو		2	0	fourties				gju	
e65a8c3ba525042ceba11e102309b2525de4d7748b513787fc3ecc50c13c97654e626571fcdb8a6d96b78af3e6c5bfa95fb0286d8407d9d8d3c867d06c7a1fc4	common_voice_gju_42613563.mp3	e405bacdcabc77077431fc74608e0d91fa1935d7298cd9ce96cb29fabacc6a22	بکریاں ہالا بے اُت آگیا۔		2	0	fourties				gju	
e65a8c3ba525042ceba11e102309b2525de4d7748b513787fc3ecc50c13c97654e626571fcdb8a6d96b78af3e6c5bfa95fb0286d8407d9d8d3c867d06c7a1fc4	common_voice_gju_42613564.mp3	ed833ba468e9d124f3eb92ba6a5dc7dc7ffae836b1472d9e23998eace1759c53	جے پل لگ گئی		2	0	fourties				gju	
e65a8c3ba525042ceba11e102309b2525de4d7748b513787fc3ecc50c13c97654e626571fcdb8a6d96b78af3e6c5bfa95fb0286d8407d9d8d3c867d06c7a1fc4	common_voice_gju_42613570.mp3	fb6a52bdc8e20b18c92c31f93a8e80dc20e1ab1821fabf4e76b4ad3cb9226e3f	وہ تنا کھڑو کر کے کسے دوجا ڈھا جا رہیو		2	0	fourties				gju	
e65a8c3ba525042ceba11e102309b2525de4d7748b513787fc3ecc50c13c97654e626571fcdb8a6d96b78af3e6c5bfa95fb0286d8407d9d8d3c867d06c7a1fc4	common_voice_gju_42613571.mp3	d4713d40997bb04f92787697ea7305f13f41b3a88bcccd5abd20a4e0f3991d47	ہم ہمیشاں ایک دُوجا کی مد د کراں گا		2	0	fourties				gju	
e65a8c3ba525042ceba11e102309b2525de4d7748b513787fc3ecc50c13c97654e626571fcdb8a6d96b78af3e6c5bfa95fb0286d8407d9d8d3c867d06c7a1fc4	common_voice_gju_42613572.mp3	fb6e7ac992ff735921e039b9492d970bb18d78ff0832424b35acabfe82d02386	انھ کی حکومت نے مُچ مدد کری		2	0	fourties				gju	
e65a8c3ba525042ceba11e102309b2525de4d7748b513787fc3ecc50c13c97654e626571fcdb8a6d96b78af3e6c5bfa95fb0286d8407d9d8d3c867d06c7a1fc4	common_voice_gju_42613574.mp3	fcde3e7fd7281099bacc78f1dc8c13677ec1c9a40e9725e1630520f2c9934889	دیسی دارُو دیتا رہیا		2	0	fourties				gju	
e65a8c3ba525042ceba11e102309b2525de4d7748b513787fc3ecc50c13c97654e626571fcdb8a6d96b78af3e6c5bfa95fb0286d8407d9d8d3c867d06c7a1fc4	common_voice_gju_42613580.mp3	f2ffc788cd975956ca8fe7572309b8d8cd59cce1cbd8bb29ecb250b8c85b314e	بادشاہ نے اپنی دھیانی اس کے ناڑ چلا چھوڈی		2	0	fourties				gju	
e65a8c3ba525042ceba11e102309b2525de4d7748b513787fc3ecc50c13c97654e626571fcdb8a6d96b78af3e6c5bfa95fb0286d8407d9d8d3c867d06c7a1fc4	common_voice_gju_42613581.mp3	db6c597a3358b7d01ea473525228eb440376f22489568e68d35297bafae7b532	کے چُپ ہو گئی		2	0	fourties				gju	
e65a8c3ba525042ceba11e102309b2525de4d7748b513787fc3ecc50c13c97654e626571fcdb8a6d96b78af3e6c5bfa95fb0286d8407d9d8d3c867d06c7a1fc4	common_voice_gju_42613582.mp3	f30a283e029ca59bbd74e78a974af9fd5f6a8ac01aa157cff72a01519dad0c5d	دوجے دیہاڑے کاہڈو ایک جنو آیو		2	0	fourties				gju	
e65a8c3ba525042ceba11e102309b2525de4d7748b513787fc3ecc50c13c97654e626571fcdb8a6d96b78af3e6c5bfa95fb0286d8407d9d8d3c867d06c7a1fc4	common_voice_gju_42613583.mp3	fb7495a480d5c090ce9f59f4cf5cb0f471ba7b2849ef3e412fb66daf3494447c	اُس جنا نے پھٹیو بو ہوانو آن کے دسیو		2	0	fourties				gju	
e65a8c3ba525042ceba11e102309b2525de4d7748b513787fc3ecc50c13c97654e626571fcdb8a6d96b78af3e6c5bfa95fb0286d8407d9d8d3c867d06c7a1fc4	common_voice_gju_42613584.mp3	ecd4d044bfe68c87d4e69670c7c57a2b5c03a5864f8248cddbdaebf4c24afef4	ہوں اِکا ہی تھی اچانک کسے نے باہر کو دروازو زور زور نال کھڑکایو ہوں جھَب جھَب گئی		2	0	fourties				gju	
e65a8c3ba525042ceba11e102309b2525de4d7748b513787fc3ecc50c13c97654e626571fcdb8a6d96b78af3e6c5bfa95fb0286d8407d9d8d3c867d06c7a1fc4	common_voice_gju_42613594.mp3	f8e95cab5ec204e98e30a378ad2282048eac92ad86caf6aaddac13badca5a6ff	اُنھ نے کہیو:” ہمنا پانی دے چھڑ		2	0	fourties				gju	
e65a8c3ba525042ceba11e102309b2525de4d7748b513787fc3ecc50c13c97654e626571fcdb8a6d96b78af3e6c5bfa95fb0286d8407d9d8d3c867d06c7a1fc4	common_voice_gju_42613595.mp3	e6a3994c32802f8385480d15035010ab352e2a6ca5d5d468d8a67fab7683cc83	چوگ بچڑاں نا دین لگی		2	0	fourties				gju	
e65a8c3ba525042ceba11e102309b2525de4d7748b513787fc3ecc50c13c97654e626571fcdb8a6d96b78af3e6c5bfa95fb0286d8407d9d8d3c867d06c7a1fc4	common_voice_gju_42613596.mp3	bbe5efbe33098282f467ce7ddc4d1b181f7e9ad59ca58c3f3fb567c963dee3d7	تِلی بال کے سگرٹ لائی یہ بھوت لو تے نسے۔		2	0	fourties				gju	
e65a8c3ba525042ceba11e102309b2525de4d7748b513787fc3ecc50c13c97654e626571fcdb8a6d96b78af3e6c5bfa95fb0286d8407d9d8d3c867d06c7a1fc4	common_voice_gju_42613597.mp3	fba9ebecc581a4d43ca2e70d8c13e90559c77f1163efffafad18db60e7433c30	ایک دھیاڑے بڑی دھی سکول		2	0	fourties				gju	
e65a8c3ba525042ceba11e102309b2525de4d7748b513787fc3ecc50c13c97654e626571fcdb8a6d96b78af3e6c5bfa95fb0286d8407d9d8d3c867d06c7a1fc4	common_voice_gju_42613603.mp3	e28221aa65fa237eff987195328d983c50989f619b7cc4110194d2ed38123e3d	بیٹکی بے شہید ہو گئی		2	0	fourties				gju	
e65a8c3ba525042ceba11e102309b2525de4d7748b513787fc3ecc50c13c97654e626571fcdb8a6d96b78af3e6c5bfa95fb0286d8407d9d8d3c867d06c7a1fc4	common_voice_gju_42613604.mp3	df5fa5e0e95150b7b57011b63e7ceedffe7fbd63c4af1541e868fa94cc46bac0	میرو سنگی موتن نا گیو ہے ہوں اس تا کھڑو ہے وہ مڑ کے آیو		2	0	fourties				gju	
e65a8c3ba525042ceba11e102309b2525de4d7748b513787fc3ecc50c13c97654e626571fcdb8a6d96b78af3e6c5bfa95fb0286d8407d9d8d3c867d06c7a1fc4	common_voice_gju_42613605.mp3	f30e4108353fa1af714f22b59c2e9b939b7faf7f1d78b214e66177585b6972ff	میرا دُکھ کی چھاں ہور بے گھنی ہوتی گئی		2	0	fourties				gju	
e65a8c3ba525042ceba11e102309b2525de4d7748b513787fc3ecc50c13c97654e626571fcdb8a6d96b78af3e6c5bfa95fb0286d8407d9d8d3c867d06c7a1fc4	common_voice_gju_42613606.mp3	c255cbe228f46e1d3105a41371ba2a23be4cf42652408c06bfa4834a943c20dc	لنگھایو		2	0	fourties				gju	
e65a8c3ba525042ceba11e102309b2525de4d7748b513787fc3ecc50c13c97654e626571fcdb8a6d96b78af3e6c5bfa95fb0286d8407d9d8d3c867d06c7a1fc4	common_voice_gju_42613607.mp3	93f024154b5c2f947c63c5349247918ad1db9b1048ab334e45a568c508387eb0	فلانی ٹھار ما میری		2	0	fourties				gju	
e65a8c3ba525042ceba11e102309b2525de4d7748b513787fc3ecc50c13c97654e626571fcdb8a6d96b78af3e6c5bfa95fb0286d8407d9d8d3c867d06c7a1fc4	common_voice_gju_42613618.mp3	ed4bbb86fa1d5d3a7c018c29aca1b4bfce70493e393f10805b92bbbff57f8979	گل میرا تا دانا دھر		2	0	fourties				gju	
e65a8c3ba525042ceba11e102309b2525de4d7748b513787fc3ecc50c13c97654e626571fcdb8a6d96b78af3e6c5bfa95fb0286d8407d9d8d3c867d06c7a1fc4	common_voice_gju_42613619.mp3	cf76f12bbc0cb5929eb649ac2a314d740257aa27b0eebd0881f320e3d276340e	اِت گگئی ما کوئی دھیاڑا رہیا		2	0	fourties				gju	
e65a8c3ba525042ceba11e102309b2525de4d7748b513787fc3ecc50c13c97654e626571fcdb8a6d96b78af3e6c5bfa95fb0286d8407d9d8d3c867d06c7a1fc4	common_voice_gju_42613620.mp3	f7cec676e76264f108c48b42ad2b1b1a2c6cd7c73311efea997adb8fee993d89	کتنا کاہڈ تا مُڑ آیا		2	0	fourties				gju	
e65a8c3ba525042ceba11e102309b2525de4d7748b513787fc3ecc50c13c97654e626571fcdb8a6d96b78af3e6c5bfa95fb0286d8407d9d8d3c867d06c7a1fc4	common_voice_gju_42613621.mp3	a1ef8dfa25afe633512f6611e425f1c11c0a612d2ae9d62ef36d8cd2570ef35b	پرانا زمانا ما ایک جنو تھو اس کو نا نولکھیو تھو		2	0	fourties				gju	
e65a8c3ba525042ceba11e102309b2525de4d7748b513787fc3ecc50c13c97654e626571fcdb8a6d96b78af3e6c5bfa95fb0286d8407d9d8d3c867d06c7a1fc4	common_voice_gju_42613623.mp3	a3f6de3f46fed59f006ef7fd66f7d4651593f5abd83408c92a71a142b7ee8809	صبح اپنا بھارُو لے کے ٹُر آیو		2	0	fourties				gju	
e65a8c3ba525042ceba11e102309b2525de4d7748b513787fc3ecc50c13c97654e626571fcdb8a6d96b78af3e6c5bfa95fb0286d8407d9d8d3c867d06c7a1fc4	common_voice_gju_42613624.mp3	d8db1fb1ee0bfa58a4de83961c5b8b7f80a865c5b21784fc76c206b3e4d0345c	باقی ڈیرا ہالا گلی کا درمیان ما پوہچیا		2	0	fourties				gju	
e65a8c3ba525042ceba11e102309b2525de4d7748b513787fc3ecc50c13c97654e626571fcdb8a6d96b78af3e6c5bfa95fb0286d8407d9d8d3c867d06c7a1fc4	common_voice_gju_42613625.mp3	f16e80898f632bda83fcd99a9ca4be56398fe391ae52c71e74de01ac39c07c77	کدے ہم نیہہ کھاساں گا		2	0	fourties				gju	
e65a8c3ba525042ceba11e102309b2525de4d7748b513787fc3ecc50c13c97654e626571fcdb8a6d96b78af3e6c5bfa95fb0286d8407d9d8d3c867d06c7a1fc4	common_voice_gju_42613626.mp3	72721408aa8a2a5a539407c54eaf97ba528972c95cee13d0d357416c33913ca8	یوہ بکسی کے کوڑے گیو		2	0	fourties				gju	
e65a8c3ba525042ceba11e102309b2525de4d7748b513787fc3ecc50c13c97654e626571fcdb8a6d96b78af3e6c5bfa95fb0286d8407d9d8d3c867d06c7a1fc4	common_voice_gju_42613627.mp3	ea71439a45b13b94306921ef88aa988902d95c92fe989f76b99bd57c20b9c037	لُڑو کہن لگو کاکا نَس اَگے رِچھ		2	0	fourties				gju	
e65a8c3ba525042ceba11e102309b2525de4d7748b513787fc3ecc50c13c97654e626571fcdb8a6d96b78af3e6c5bfa95fb0286d8407d9d8d3c867d06c7a1fc4	common_voice_gju_42613633.mp3	e335d4b37e34322c8329bb7f624bdd0f962dfdfc5cfc420370d869022d59031b	گل پڑ		2	0	fourties				gju	
e65a8c3ba525042ceba11e102309b2525de4d7748b513787fc3ecc50c13c97654e626571fcdb8a6d96b78af3e6c5bfa95fb0286d8407d9d8d3c867d06c7a1fc4	common_voice_gju_42613634.mp3	b977f06fdaa5ab2df68d76a221f4fbeff3fd21b3a440e4c1e1c80bd068a791d4	اللہ کی آخری کتاب کو ناں قرآن پاک ہے۔		2	0	fourties				gju	
e65a8c3ba525042ceba11e102309b2525de4d7748b513787fc3ecc50c13c97654e626571fcdb8a6d96b78af3e6c5bfa95fb0286d8407d9d8d3c867d06c7a1fc4	common_voice_gju_42613635.mp3	fcc2d9cd2b24fabd2f575456a04834542fe70505a16446c05c8dcd26ca90546d	تپوس کرن لگو جی اِس کے بِچو بچڑو کد نِکڑے گو		2	0	fourties				gju	
e65a8c3ba525042ceba11e102309b2525de4d7748b513787fc3ecc50c13c97654e626571fcdb8a6d96b78af3e6c5bfa95fb0286d8407d9d8d3c867d06c7a1fc4	common_voice_gju_42613637.mp3	cfe4c9c77ee86d97cbd1f736e3be09385fc7611a65c560d7bd5e217cea98d256	جِرگا نے کہیو یا بیٹکی اس جنا کا بدلہ ما دیاں گا		2	0	fourties				gju	
e65a8c3ba525042ceba11e102309b2525de4d7748b513787fc3ecc50c13c97654e626571fcdb8a6d96b78af3e6c5bfa95fb0286d8407d9d8d3c867d06c7a1fc4	common_voice_gju_42613638.mp3	d728b3d275472e180a385f418eb772426cba7777b80f4d06a5d79e498a7d2529	خالق مُچ زیادہ زخمی ہو گیو		2	0	fourties				gju	
e65a8c3ba525042ceba11e102309b2525de4d7748b513787fc3ecc50c13c97654e626571fcdb8a6d96b78af3e6c5bfa95fb0286d8407d9d8d3c867d06c7a1fc4	common_voice_gju_42613639.mp3	c5a510042f62a05f19d25d23efc685069b7febad5cb1472c6d832c2a274b2930	اٹھارمو واقعو		2	0	fourties				gju	
e65a8c3ba525042ceba11e102309b2525de4d7748b513787fc3ecc50c13c97654e626571fcdb8a6d96b78af3e6c5bfa95fb0286d8407d9d8d3c867d06c7a1fc4	common_voice_gju_42613640.mp3	e0fe1d056bb0a960c05ec7c232d523a403d0b350c4c57948f9d01345b3e3cbff	چلتا چلتا اَگے ایک مچ بڑو بوٹو آ گیو		2	0	fourties				gju	
e65a8c3ba525042ceba11e102309b2525de4d7748b513787fc3ecc50c13c97654e626571fcdb8a6d96b78af3e6c5bfa95fb0286d8407d9d8d3c867d06c7a1fc4	common_voice_gju_42613641.mp3	d985ffebc1a62dfa4dd862d891f7cac87cc735120772e62a422818aa4e55ba2e	باقی رہ گئی دو بکری		2	0	fourties				gju	
e65a8c3ba525042ceba11e102309b2525de4d7748b513787fc3ecc50c13c97654e626571fcdb8a6d96b78af3e6c5bfa95fb0286d8407d9d8d3c867d06c7a1fc4	common_voice_gju_42613642.mp3	f05a906fe9c72d674a0c7b101c98b7744f1f83ac9d14d27f4666bfda0d05dc83	اُس کو جنازو فتح جنگ لے گیا		2	0	fourties				gju	
e65a8c3ba525042ceba11e102309b2525de4d7748b513787fc3ecc50c13c97654e626571fcdb8a6d96b78af3e6c5bfa95fb0286d8407d9d8d3c867d06c7a1fc4	common_voice_gju_42613648.mp3	f236165c978f45b1ebd8c5128cacbf35b3549d870bd1d3a0ed36fb0448f50de9	بندوق لاہ کے ٹَکی		2	0	fourties				gju	
e65a8c3ba525042ceba11e102309b2525de4d7748b513787fc3ecc50c13c97654e626571fcdb8a6d96b78af3e6c5bfa95fb0286d8407d9d8d3c867d06c7a1fc4	common_voice_gju_42613649.mp3	eeb2251cdbb846548f597d1c988f4d6158bdc0d0f6851dda9ea0d20ed04dc119	ویہ ایک جا رہن لگا		2	0	fourties				gju	
e65a8c3ba525042ceba11e102309b2525de4d7748b513787fc3ecc50c13c97654e626571fcdb8a6d96b78af3e6c5bfa95fb0286d8407d9d8d3c867d06c7a1fc4	common_voice_gju_42613651.mp3	a38332fdda55ace8c54aa6a1be5cd3934d73272f97f881e372c137762035c608	لوکاں نے کیہو جے رچھاں کی جوڑی نے ہم مچ تنگ کر چھڑیا		2	0	fourties				gju	
e65a8c3ba525042ceba11e102309b2525de4d7748b513787fc3ecc50c13c97654e626571fcdb8a6d96b78af3e6c5bfa95fb0286d8407d9d8d3c867d06c7a1fc4	common_voice_gju_42613652.mp3	f2e595f9d3163a204b188078a75a7e16fe3b8cb33b7cc71f3348d0cd5d9fb2fe	ہن لازمی اَدھی مکئی لِیے گو اِس کو ہن کے کروں		2	0	fourties				gju	
e65a8c3ba525042ceba11e102309b2525de4d7748b513787fc3ecc50c13c97654e626571fcdb8a6d96b78af3e6c5bfa95fb0286d8407d9d8d3c867d06c7a1fc4	common_voice_gju_42613653.mp3	749de888633a09c4e3991c5265aab98ab21c603023e36baa92b7fd4a2b7f155c	رچھ جا رہیو		2	0	fourties				gju	
e65a8c3ba525042ceba11e102309b2525de4d7748b513787fc3ecc50c13c97654e626571fcdb8a6d96b78af3e6c5bfa95fb0286d8407d9d8d3c867d06c7a1fc4	common_voice_gju_42613654.mp3	f56a2b8dc13189a695a25e5d94b28c16c7f79ab5010ce42605aa218e9f9037c5	اَگے ایک بکری کھادی وی لَبھی واہ بکری رِچھ نے مار کے سَٹی تھی		2	0	fourties				gju	
e65a8c3ba525042ceba11e102309b2525de4d7748b513787fc3ecc50c13c97654e626571fcdb8a6d96b78af3e6c5bfa95fb0286d8407d9d8d3c867d06c7a1fc4	common_voice_gju_42613655.mp3	cf392035b1a0be0888e805faeb3f765a2b5da3939b0e31bd130db3249badd876	اِ س دیس ما آ کے لوک خوشی دیکھے کیوں جے کسے چیز کو غم نیہہ ہوتواسی خوشی ما اِن نا موسم کو پتو نہ لگو		2	0	fourties				gju	
e65a8c3ba525042ceba11e102309b2525de4d7748b513787fc3ecc50c13c97654e626571fcdb8a6d96b78af3e6c5bfa95fb0286d8407d9d8d3c867d06c7a1fc4	common_voice_gju_42613656.mp3	fc955e5c4c81c02229e00b88ad1d7f461743eec1f42f387cfa8c21e155e00d82	ساون کا مہینہ ما اس دیس ما مُچ دھُند پے جائے		2	0	fourties				gju	
e65a8c3ba525042ceba11e102309b2525de4d7748b513787fc3ecc50c13c97654e626571fcdb8a6d96b78af3e6c5bfa95fb0286d8407d9d8d3c867d06c7a1fc4	common_voice_gju_42613657.mp3	fbe1ddb43b1676e71adddc8882fb25e1e3fce8d664b9c7a306e3d356847183b1	باقی کچراں نے اپن دُمڑ کھا لیا تھا		2	0	fourties				gju	
e65a8c3ba525042ceba11e102309b2525de4d7748b513787fc3ecc50c13c97654e626571fcdb8a6d96b78af3e6c5bfa95fb0286d8407d9d8d3c867d06c7a1fc4	common_voice_gju_42613669.mp3	f4d13c3d30a85736db5ce1e856fd66053e73fd9b2da9f58f0ad55515c13f83d3	اس کا بھائیاں کو ڈیرو بر دومیل گجران کا ناڑ ما تھو		2	0	fourties				gju	
e65a8c3ba525042ceba11e102309b2525de4d7748b513787fc3ecc50c13c97654e626571fcdb8a6d96b78af3e6c5bfa95fb0286d8407d9d8d3c867d06c7a1fc4	common_voice_gju_42613670.mp3	f744eb16f7b0e4f62a8e58cd2ac95bb5dfab5dbd88be0c4bf28124da419c6420	اِکابکری نا لگی بیماری		2	0	fourties				gju	
e65a8c3ba525042ceba11e102309b2525de4d7748b513787fc3ecc50c13c97654e626571fcdb8a6d96b78af3e6c5bfa95fb0286d8407d9d8d3c867d06c7a1fc4	common_voice_gju_42613672.mp3	e76a2b1bda3e37b187accb6b8edebc62794d9574a81f33bd83020dfa941709d2	ایک جنا نے ایک سو ایک اُونٹھ نپی ہے		2	0	fourties				gju	
e65a8c3ba525042ceba11e102309b2525de4d7748b513787fc3ecc50c13c97654e626571fcdb8a6d96b78af3e6c5bfa95fb0286d8407d9d8d3c867d06c7a1fc4	common_voice_gju_42613673.mp3	af529eda8d46e285e9b937bff7f9d20426deaf813ced9314941fdfeb94d610b8	ہوں تمنا اس رسا کے ناڑ مدھوں		2	0	fourties				gju	
e65a8c3ba525042ceba11e102309b2525de4d7748b513787fc3ecc50c13c97654e626571fcdb8a6d96b78af3e6c5bfa95fb0286d8407d9d8d3c867d06c7a1fc4	common_voice_gju_42613674.mp3	b2aee94639ae0b53e7eed78ab2792667f07b5cbcf1151d2147dd394564e36256	مُکیو مال		2	0	fourties				gju	
e65a8c3ba525042ceba11e102309b2525de4d7748b513787fc3ecc50c13c97654e626571fcdb8a6d96b78af3e6c5bfa95fb0286d8407d9d8d3c867d06c7a1fc4	common_voice_gju_42613676.mp3	d6b6bb70793a78f7e9b654c066a97bf614f443b362e7806db8a0eeae2549deec	مھارو وجود		2	0	fourties				gju	
e65a8c3ba525042ceba11e102309b2525de4d7748b513787fc3ecc50c13c97654e626571fcdb8a6d96b78af3e6c5bfa95fb0286d8407d9d8d3c867d06c7a1fc4	common_voice_gju_42613677.mp3	d31b03fb1ac46a17a4ec86dad113a074550fa170dcfd26b315b0ef33ed22b3ed	بر مُچ چنگی گزاری		2	0	fourties				gju	
e65a8c3ba525042ceba11e102309b2525de4d7748b513787fc3ecc50c13c97654e626571fcdb8a6d96b78af3e6c5bfa95fb0286d8407d9d8d3c867d06c7a1fc4	common_voice_gju_42613688.mp3	b3da3cf03ed40f34730b5576497cf0bb8623cf31c849184d4bed8ebf79cf69da	ویہ اتو ٹر گیا		2	0	fourties				gju	
e65a8c3ba525042ceba11e102309b2525de4d7748b513787fc3ecc50c13c97654e626571fcdb8a6d96b78af3e6c5bfa95fb0286d8407d9d8d3c867d06c7a1fc4	common_voice_gju_42613689.mp3	c3a0be90a2bf22b93b4419209424e2839b1ac92d97440762f754d7d6683c88e2	محمد یونس کو پُوت دوہاں مہینہ کو تھو		2	0	fourties				gju	
e65a8c3ba525042ceba11e102309b2525de4d7748b513787fc3ecc50c13c97654e626571fcdb8a6d96b78af3e6c5bfa95fb0286d8407d9d8d3c867d06c7a1fc4	common_voice_gju_42613690.mp3	fb4657b5bc1366775ddced447aab25f2a790fb25f9099317e6b139273485bfe9	میں دوڑ بھج کے داہ بھارو خسیا		2	0	fourties				gju	
e65a8c3ba525042ceba11e102309b2525de4d7748b513787fc3ecc50c13c97654e626571fcdb8a6d96b78af3e6c5bfa95fb0286d8407d9d8d3c867d06c7a1fc4	common_voice_gju_42613691.mp3	f4a4098f3bf3e21eed895284ab477d9f1a1eaa86c13023fee126a789f6dc07fe	لڑائی ہاڑی دھیاڑی سارا جوان گھوڑاں پو بیٹھا		2	0	fourties				gju	
e65a8c3ba525042ceba11e102309b2525de4d7748b513787fc3ecc50c13c97654e626571fcdb8a6d96b78af3e6c5bfa95fb0286d8407d9d8d3c867d06c7a1fc4	common_voice_gju_42613692.mp3	fb3761345b974a577dfba4613a3895787906c628a4d383e1952ee012be529532	و ہ اِنھ بسطے روٹی شوٹی تیار کرے تھو		2	0	fourties				gju	
e65a8c3ba525042ceba11e102309b2525de4d7748b513787fc3ecc50c13c97654e626571fcdb8a6d96b78af3e6c5bfa95fb0286d8407d9d8d3c867d06c7a1fc4	common_voice_gju_42613697.mp3	eea3c6782c53d2f8e91562935223b97b3ab5e7ba7417ffbb62d1d051d7222211	میں پُچھیو تَنا کے گل		2	0	fourties				gju	
e65a8c3ba525042ceba11e102309b2525de4d7748b513787fc3ecc50c13c97654e626571fcdb8a6d96b78af3e6c5bfa95fb0286d8407d9d8d3c867d06c7a1fc4	common_voice_gju_42613698.mp3	fe90c563b949ba6dea5b7158137cfa8962b92c578d1234136ba2fe5ac463049a	جہڑا لوک کاہڈ موڑ ما آئے تھا ویہ کچراں سمیت لانی نے مار لیا		2	0	fourties				gju	
e65a8c3ba525042ceba11e102309b2525de4d7748b513787fc3ecc50c13c97654e626571fcdb8a6d96b78af3e6c5bfa95fb0286d8407d9d8d3c867d06c7a1fc4	common_voice_gju_42613700.mp3	fcf8fe9abf1c401081f8d2abd31f77a079b4326983e72178938966eea2de056a	ہوں ازاد ہو گئی		2	1	fourties				gju	
e65a8c3ba525042ceba11e102309b2525de4d7748b513787fc3ecc50c13c97654e626571fcdb8a6d96b78af3e6c5bfa95fb0286d8407d9d8d3c867d06c7a1fc4	common_voice_gju_42613701.mp3	9263113fa3a7c34d91c065e1a57d58116073ba6513f4a92edfbe4448bec1e142	اس کو نک مُچ ہی زخمی تھو		2	0	fourties				gju	
e65a8c3ba525042ceba11e102309b2525de4d7748b513787fc3ecc50c13c97654e626571fcdb8a6d96b78af3e6c5bfa95fb0286d8407d9d8d3c867d06c7a1fc4	common_voice_gju_42613702.mp3	f202bac011951ecb2e97c48980e51841892146ad6deeb8aef083c17acd521da5	سوہنو		2	0	fourties				gju	
e65a8c3ba525042ceba11e102309b2525de4d7748b513787fc3ecc50c13c97654e626571fcdb8a6d96b78af3e6c5bfa95fb0286d8407d9d8d3c867d06c7a1fc4	common_voice_gju_42613709.mp3	ebfd8a81b08dd21ee16b6146bea348d060c16670b79c8146dfa2ae000916cc39	اِنھ کے نال حاکم دین چا چو بے تھو		2	0	fourties				gju	
e65a8c3ba525042ceba11e102309b2525de4d7748b513787fc3ecc50c13c97654e626571fcdb8a6d96b78af3e6c5bfa95fb0286d8407d9d8d3c867d06c7a1fc4	common_voice_gju_42613710.mp3	f8555d7fd816cff9a113d5a295ebb91bf6afaf40071ee70722c25b02e5988ff7	اُس نا ویہ بھارو لبھ گیا رات پھُلاوائی گزاری		2	0	fourties				gju	
e65a8c3ba525042ceba11e102309b2525de4d7748b513787fc3ecc50c13c97654e626571fcdb8a6d96b78af3e6c5bfa95fb0286d8407d9d8d3c867d06c7a1fc4	common_voice_gju_42613712.mp3	af87d057fdb1a901debfda2e80f4a560cd3bb81b9ffa7636613ec95b595eefa1	اس کا پوت نے رچھ ناڑ یاری لا لئی		2	0	fourties				gju	
e65a8c3ba525042ceba11e102309b2525de4d7748b513787fc3ecc50c13c97654e626571fcdb8a6d96b78af3e6c5bfa95fb0286d8407d9d8d3c867d06c7a1fc4	common_voice_gju_42613714.mp3	fb50ca3e94cba5b0da304fe7b4cffddd5f303542bab63a6a6f69178235b30c47	نُورا نے واہ گرم پٹوڑی اُپر لئی		2	0	fourties				gju	
e65a8c3ba525042ceba11e102309b2525de4d7748b513787fc3ecc50c13c97654e626571fcdb8a6d96b78af3e6c5bfa95fb0286d8407d9d8d3c867d06c7a1fc4	common_voice_gju_42613716.mp3	db0106728b62df6d8555d0ff758a783dd14a10fdd00ec947629f04683aec55fc	اُت مُڑ کے نیہہ چلسوں گی		2	0	fourties				gju	
e65a8c3ba525042ceba11e102309b2525de4d7748b513787fc3ecc50c13c97654e626571fcdb8a6d96b78af3e6c5bfa95fb0286d8407d9d8d3c867d06c7a1fc4	common_voice_gju_42613723.mp3	a66910cb119377fa169810da25b4a1ddeb8d9fd9783e1a1a83f6277e54e0fb5a	غلام مر تضیٰ بیڑ سکول		2	0	fourties				gju	
e65a8c3ba525042ceba11e102309b2525de4d7748b513787fc3ecc50c13c97654e626571fcdb8a6d96b78af3e6c5bfa95fb0286d8407d9d8d3c867d06c7a1fc4	common_voice_gju_42613724.mp3	825d2afc358504688329bfd08b54ce925e393c29fd20f4780b539ba2874e8af0	ہے		2	0	fourties				gju	
e65a8c3ba525042ceba11e102309b2525de4d7748b513787fc3ecc50c13c97654e626571fcdb8a6d96b78af3e6c5bfa95fb0286d8407d9d8d3c867d06c7a1fc4	common_voice_gju_42613725.mp3	f765b3b27f9e6237815ad0ccff674debdd4802d94356b24b3a7b58758f7e5ba4	رات ڈیرے رہیا		2	0	fourties				gju	
e65a8c3ba525042ceba11e102309b2525de4d7748b513787fc3ecc50c13c97654e626571fcdb8a6d96b78af3e6c5bfa95fb0286d8407d9d8d3c867d06c7a1fc4	common_voice_gju_42613727.mp3	d8e9d0e58d79bac2a63ef666ac594d598fdbed06460b9bce9c0a957374387960	بیٹکی کو باپ اُت تھو اِس بھتیجا نے منا کہیو آ کاکا چلاں تیرے سو ا گل نہیہ ہوتی یہ ملاناں لوک تیر ا واقف ہے۔		2	0	fourties				gju	
e65a8c3ba525042ceba11e102309b2525de4d7748b513787fc3ecc50c13c97654e626571fcdb8a6d96b78af3e6c5bfa95fb0286d8407d9d8d3c867d06c7a1fc4	common_voice_gju_42613728.mp3	f9fcf53bdda243deb0f749fe381964b3974eceec7c6e0a8f498f4de5dc68d4ab	ویہ بیہڑے نکل گیا		2	0	fourties				gju	
e65a8c3ba525042ceba11e102309b2525de4d7748b513787fc3ecc50c13c97654e626571fcdb8a6d96b78af3e6c5bfa95fb0286d8407d9d8d3c867d06c7a1fc4	common_voice_gju_42613733.mp3	db1e5379bb2e666c914af8699e1b04f2775ab856c7c7c35e66ffdbd69f6554ae	اُنھ کا ڈیرا کا سارا لوک مُچ خوش تھا		2	0	fourties				gju	
e65a8c3ba525042ceba11e102309b2525de4d7748b513787fc3ecc50c13c97654e626571fcdb8a6d96b78af3e6c5bfa95fb0286d8407d9d8d3c867d06c7a1fc4	common_voice_gju_42613734.mp3	e0e629fcfbc6e5a88de4b580ad1f3b03c3e34621fce9069660b27f62d633e745	پانی تیار ہے‘‘		2	0	fourties				gju	
e65a8c3ba525042ceba11e102309b2525de4d7748b513787fc3ecc50c13c97654e626571fcdb8a6d96b78af3e6c5bfa95fb0286d8407d9d8d3c867d06c7a1fc4	common_voice_gju_42613735.mp3	eaf27409cf9f50d0b39ab44c172620709b27847243ed32191b2d3733f4dd26e9	زرینا نا بے پَتو		2	0	fourties				gju	
e65a8c3ba525042ceba11e102309b2525de4d7748b513787fc3ecc50c13c97654e626571fcdb8a6d96b78af3e6c5bfa95fb0286d8407d9d8d3c867d06c7a1fc4	common_voice_gju_42613736.mp3	f1e42dde401acbb1bf290bce888b11c8bc40dd1b76baab1d35e8567dbb561e5d	واہ بڑی بدچال دھیانی تھی		2	0	fourties				gju	
e65a8c3ba525042ceba11e102309b2525de4d7748b513787fc3ecc50c13c97654e626571fcdb8a6d96b78af3e6c5bfa95fb0286d8407d9d8d3c867d06c7a1fc4	common_voice_gju_42613737.mp3	3cc035c51c570f90b2db24484b8860c19cb3a1ec2ef38b393127bc194c118c43	دھُند کا بِچوں بھربھانو آ گیو		2	0	fourties				gju	
e65a8c3ba525042ceba11e102309b2525de4d7748b513787fc3ecc50c13c97654e626571fcdb8a6d96b78af3e6c5bfa95fb0286d8407d9d8d3c867d06c7a1fc4	common_voice_gju_42613742.mp3	c0593998efde1817bfe3b9add9a6bf96f0753a38d4f3b09a84827a35bf8260d1	دریا کے ڈھا کائی دیسی جنو تھو اُس نے دیکھیو جے یوہ کوئی سامان رُڑے لگو اُس نے وہ سامان کَڈھیو		2	0	fourties				gju	
e65a8c3ba525042ceba11e102309b2525de4d7748b513787fc3ecc50c13c97654e626571fcdb8a6d96b78af3e6c5bfa95fb0286d8407d9d8d3c867d06c7a1fc4	common_voice_gju_42613743.mp3	cedee321999a801a7c33b07b80bb8a1aba2c36f527145d67fa71f8432b7578ed	انہاں تے علاوہ اللہ نے ہور نکی نکی مساری کتاب بھیجی جنہاں صحیفہ کہیں۔		2	0	fourties				gju	
e65a8c3ba525042ceba11e102309b2525de4d7748b513787fc3ecc50c13c97654e626571fcdb8a6d96b78af3e6c5bfa95fb0286d8407d9d8d3c867d06c7a1fc4	common_voice_gju_42613744.mp3	e828d742bd93e641a4fcdef968969e5deaa55c67114adbc0b6a3bfd14851fbc2	نولکھیا نے تلوار کی ماری		2	0	fourties				gju	
e65a8c3ba525042ceba11e102309b2525de4d7748b513787fc3ecc50c13c97654e626571fcdb8a6d96b78af3e6c5bfa95fb0286d8407d9d8d3c867d06c7a1fc4	common_voice_gju_42613745.mp3	a2703e06a782e87763daf7fba38d0cc50d8f55cdd79e0d45f67e6e1fa83c33a3	ایک جنو لڑائی		2	0	fourties				gju	
e65a8c3ba525042ceba11e102309b2525de4d7748b513787fc3ecc50c13c97654e626571fcdb8a6d96b78af3e6c5bfa95fb0286d8407d9d8d3c867d06c7a1fc4	common_voice_gju_42613746.mp3	fbd0b8a76176678c94db7dd489b26b1f30832c9b974264bbad0eb16791b4bb06	سدھو اس پو جا چڑھیو		2	0	fourties				gju	
e65a8c3ba525042ceba11e102309b2525de4d7748b513787fc3ecc50c13c97654e626571fcdb8a6d96b78af3e6c5bfa95fb0286d8407d9d8d3c867d06c7a1fc4	common_voice_gju_42613747.mp3	ea873581a87ed798bc8ea81d8dbca3cd5bb10d55c02037a5bfcbc470edfbb217	خرچو		2	0	fourties				gju	
e65a8c3ba525042ceba11e102309b2525de4d7748b513787fc3ecc50c13c97654e626571fcdb8a6d96b78af3e6c5bfa95fb0286d8407d9d8d3c867d06c7a1fc4	common_voice_gju_42613749.mp3	f7ae18f7ff1a390f2e20cc0afa9a73ed47f9148a640b5c98c1bbd1a385720989	یاہ گل جلکھڈ ما ہوئی		2	0	fourties				gju	
e65a8c3ba525042ceba11e102309b2525de4d7748b513787fc3ecc50c13c97654e626571fcdb8a6d96b78af3e6c5bfa95fb0286d8407d9d8d3c867d06c7a1fc4	common_voice_gju_42613751.mp3	e5c018c9b2f70c247a7bae53c7488d44dfec5a1ffd132199f71a407387ca7f12	پندرہ سوہلاں سال کاہڈ اس کو پتو اس کا پِتیا نا لگ گیو		2	0	fourties				gju	
e65a8c3ba525042ceba11e102309b2525de4d7748b513787fc3ecc50c13c97654e626571fcdb8a6d96b78af3e6c5bfa95fb0286d8407d9d8d3c867d06c7a1fc4	common_voice_gju_42613777.mp3	e94efab280496f8bc92e65038a8f23e66ce03e44c48624f856fd087f178c85ad	بابو نے کہیو یوہ بوجنو تھو		2	0	fourties				gju	
e65a8c3ba525042ceba11e102309b2525de4d7748b513787fc3ecc50c13c97654e626571fcdb8a6d96b78af3e6c5bfa95fb0286d8407d9d8d3c867d06c7a1fc4	common_voice_gju_42613779.mp3	cdfbfe50b8e2e6e3f6c014ceb4ab2827dc31ec809c338991b947a1779aef1132	فر مولوی بنیامین		2	0	fourties				gju	
e65a8c3ba525042ceba11e102309b2525de4d7748b513787fc3ecc50c13c97654e626571fcdb8a6d96b78af3e6c5bfa95fb0286d8407d9d8d3c867d06c7a1fc4	common_voice_gju_42613780.mp3	f44254fb3ebf2951a7dc9f6ed8b3df4c257bcd3dac7c849051055d4f94bcd32a	اُ س بِچو بچڑو نکڑ کے نس گیو		2	0	fourties				gju	
e65a8c3ba525042ceba11e102309b2525de4d7748b513787fc3ecc50c13c97654e626571fcdb8a6d96b78af3e6c5bfa95fb0286d8407d9d8d3c867d06c7a1fc4	common_voice_gju_42613787.mp3	fe8b98d136da87390668212c1dccad8ecdb0949526ebd75cc54c22110c3cbb27	اس کی گماہنڈن زراعت کا کالج ما گئی		2	0	fourties				gju	
e65a8c3ba525042ceba11e102309b2525de4d7748b513787fc3ecc50c13c97654e626571fcdb8a6d96b78af3e6c5bfa95fb0286d8407d9d8d3c867d06c7a1fc4	common_voice_gju_42613788.mp3	1843671f779c1bd0274a427ea4ee036ab71e8432bcb4d03d9ac8aac1339c3b6d	کے ہوانو لے کے آیو		2	0	fourties				gju	
e65a8c3ba525042ceba11e102309b2525de4d7748b513787fc3ecc50c13c97654e626571fcdb8a6d96b78af3e6c5bfa95fb0286d8407d9d8d3c867d06c7a1fc4	common_voice_gju_42613790.mp3	f059ca51d685595fc030bdb1ad631e5322c2c2d29e945431efdba19c7ae20f70	اُتو ٹُر گیا		2	0	fourties				gju	
e65a8c3ba525042ceba11e102309b2525de4d7748b513787fc3ecc50c13c97654e626571fcdb8a6d96b78af3e6c5bfa95fb0286d8407d9d8d3c867d06c7a1fc4	common_voice_gju_42613792.mp3	f21269b219b5261a391e8a37ec39fef7886055d2e9f0e2d171397d716969151f	کاہڈو اس کا گھر ہالی		2	0	fourties				gju	
e65a8c3ba525042ceba11e102309b2525de4d7748b513787fc3ecc50c13c97654e626571fcdb8a6d96b78af3e6c5bfa95fb0286d8407d9d8d3c867d06c7a1fc4	common_voice_gju_42613794.mp3	ea70db58ec5820d6296be77ae806859a70a45b40a8358df72ff3fc10f30b452a	جنا نے اپنا دل ما سوچ کئی جی کے پتو ہے پیساں		2	0	fourties				gju	
e65a8c3ba525042ceba11e102309b2525de4d7748b513787fc3ecc50c13c97654e626571fcdb8a6d96b78af3e6c5bfa95fb0286d8407d9d8d3c867d06c7a1fc4	common_voice_gju_42613797.mp3	de38a35dd04da5ed691710efef1dd1213ac68bd0d05fd83918d47cb7533f61cd	جنا اُنھ کے کول پوہچیا		2	0	fourties				gju	
e65a8c3ba525042ceba11e102309b2525de4d7748b513787fc3ecc50c13c97654e626571fcdb8a6d96b78af3e6c5bfa95fb0286d8407d9d8d3c867d06c7a1fc4	common_voice_gju_42613798.mp3	fa7be4fde41d51ab442eac483836cc55808e60f80a912bacb459ae5386dddf34	اِنھ کی سیال کی جا فتح جنگ شڑت ما تھی		2	0	fourties				gju	
e65a8c3ba525042ceba11e102309b2525de4d7748b513787fc3ecc50c13c97654e626571fcdb8a6d96b78af3e6c5bfa95fb0286d8407d9d8d3c867d06c7a1fc4	common_voice_gju_42613877.mp3	ccd707d431ceb366d511c00a20d0c73a80c88ca9604602c2e96843aaf084a54e	اُنھ کو ڈیرو بن ما تھو		2	0	fourties				gju	
e65a8c3ba525042ceba11e102309b2525de4d7748b513787fc3ecc50c13c97654e626571fcdb8a6d96b78af3e6c5bfa95fb0286d8407d9d8d3c867d06c7a1fc4	common_voice_gju_42613801.mp3	f4c70624eb1e8f2adf436d5bf0e53344db69583339120339912248ae44199446	ڈیرا پٹیا		2	0	fourties				gju	
e65a8c3ba525042ceba11e102309b2525de4d7748b513787fc3ecc50c13c97654e626571fcdb8a6d96b78af3e6c5bfa95fb0286d8407d9d8d3c867d06c7a1fc4	common_voice_gju_42613820.mp3	f3931e5a22eda0111291330c67a27af0fa002e45e43670b7863945fc955065c0	بلادری کا لوکاں نے اِنھ نا ایک ایک بھارو دِتو		2	0	fourties				gju	
e65a8c3ba525042ceba11e102309b2525de4d7748b513787fc3ecc50c13c97654e626571fcdb8a6d96b78af3e6c5bfa95fb0286d8407d9d8d3c867d06c7a1fc4	common_voice_gju_42613821.mp3	e4030d54b0c5d8f57ce9d200373428b9d9cabad3c594188ac8f858672d43c9b4	بکریاں نا رکھ		2	0	fourties				gju	
e65a8c3ba525042ceba11e102309b2525de4d7748b513787fc3ecc50c13c97654e626571fcdb8a6d96b78af3e6c5bfa95fb0286d8407d9d8d3c867d06c7a1fc4	common_voice_gju_42613823.mp3	bd4e511916b6f7d9981f0d0ee86f195975720c0e94c4963452b5d17d36e47857	یاہ گل سوچ کے ہوں اُٹھیو		2	0	fourties				gju	
e65a8c3ba525042ceba11e102309b2525de4d7748b513787fc3ecc50c13c97654e626571fcdb8a6d96b78af3e6c5bfa95fb0286d8407d9d8d3c867d06c7a1fc4	common_voice_gju_42613837.mp3	d9ece64eab803344bf538c02e4c82095fb351c789249c5cab056da180a5d59bf	اس کی کسی دو جی بادشاہی ناڑ لڑائی آ گئی		2	0	fourties				gju	
e65a8c3ba525042ceba11e102309b2525de4d7748b513787fc3ecc50c13c97654e626571fcdb8a6d96b78af3e6c5bfa95fb0286d8407d9d8d3c867d06c7a1fc4	common_voice_gju_42613839.mp3	cd2a267743cdc51ecab617dd6e66726e8d025fa0b6ef577972a05c460df083c8	اِنھ کو ڈیرو لوکاں نے تابٹ		2	0	fourties				gju	
e65a8c3ba525042ceba11e102309b2525de4d7748b513787fc3ecc50c13c97654e626571fcdb8a6d96b78af3e6c5bfa95fb0286d8407d9d8d3c867d06c7a1fc4	common_voice_gju_42613840.mp3	f243400b6391e037625a0c98772d9ac9f603bc8698b58517260eb695bc756f78	احتیاط		2	0	fourties				gju	
e65a8c3ba525042ceba11e102309b2525de4d7748b513787fc3ecc50c13c97654e626571fcdb8a6d96b78af3e6c5bfa95fb0286d8407d9d8d3c867d06c7a1fc4	common_voice_gju_42613844.mp3	fd0946e719aa846c13f9af10340a5eab568ab70b63fc31ad44398f6f47560020	کاہڈ خالق نے دیکھیو جے ہن رچھ چل گیو		2	0	fourties				gju	
e65a8c3ba525042ceba11e102309b2525de4d7748b513787fc3ecc50c13c97654e626571fcdb8a6d96b78af3e6c5bfa95fb0286d8407d9d8d3c867d06c7a1fc4	common_voice_gju_42613845.mp3	c09794f654151c9ca9422122d43912d1a0b3e6e68a6437ef838817915a0a9dc2	اُنھاں نا یاہ گل سنائی		2	0	fourties				gju	
e65a8c3ba525042ceba11e102309b2525de4d7748b513787fc3ecc50c13c97654e626571fcdb8a6d96b78af3e6c5bfa95fb0286d8407d9d8d3c867d06c7a1fc4	common_voice_gju_42613851.mp3	78ae068856322d3e28d1495b4bfa439ed8b2f1909d2a5344b53604241bffd87c	مدھ ہے		2	0	fourties				gju	
e65a8c3ba525042ceba11e102309b2525de4d7748b513787fc3ecc50c13c97654e626571fcdb8a6d96b78af3e6c5bfa95fb0286d8407d9d8d3c867d06c7a1fc4	common_voice_gju_42613852.mp3	f7f6ab0a198cd4849ee7af1cd731284627228212326e9b517b0416d6ae48bb7b	جا کے ایک بُوٹا ما لگو		2	0	fourties				gju	
e65a8c3ba525042ceba11e102309b2525de4d7748b513787fc3ecc50c13c97654e626571fcdb8a6d96b78af3e6c5bfa95fb0286d8407d9d8d3c867d06c7a1fc4	common_voice_gju_42613857.mp3	ee85d30837e975460047e340a464ed25c8a9ce1df2a30b0a26b5e31dbae5025b	اُتوں اگلی رات کیل کناری ما آ گیا		2	0	fourties				gju	
e65a8c3ba525042ceba11e102309b2525de4d7748b513787fc3ecc50c13c97654e626571fcdb8a6d96b78af3e6c5bfa95fb0286d8407d9d8d3c867d06c7a1fc4	common_voice_gju_42613859.mp3	fe1359fcdef38e567cd1788e5269df235ad39211ddb0245cc84cb460056d4a91	اِنھ نے حاجی صاحب کی گل نہ منی		2	0	fourties				gju	
e65a8c3ba525042ceba11e102309b2525de4d7748b513787fc3ecc50c13c97654e626571fcdb8a6d96b78af3e6c5bfa95fb0286d8407d9d8d3c867d06c7a1fc4	common_voice_gju_42613860.mp3	e3b29af5a61b0aad81fc30d44224869cf8adb45992024981719069939cce0730	نولکھیو ماس ڈُھنڈن بسطے ٹر گیو		2	0	fourties				gju	
e65a8c3ba525042ceba11e102309b2525de4d7748b513787fc3ecc50c13c97654e626571fcdb8a6d96b78af3e6c5bfa95fb0286d8407d9d8d3c867d06c7a1fc4	common_voice_gju_42613861.mp3	fa83b172eb1dabe3c7e3ae6abe64e72abc19b658e2a72df9c4268972088ad133	اُت دبیو		2	0	fourties				gju	
e65a8c3ba525042ceba11e102309b2525de4d7748b513787fc3ecc50c13c97654e626571fcdb8a6d96b78af3e6c5bfa95fb0286d8407d9d8d3c867d06c7a1fc4	common_voice_gju_42613862.mp3	e9297208e7abce27e817b72487095984ab17105272ec1e24a84439fee4b4ef9b	بکریاں نال اُت بکریاں ما بند ہو گیا		2	0	fourties				gju	
e65a8c3ba525042ceba11e102309b2525de4d7748b513787fc3ecc50c13c97654e626571fcdb8a6d96b78af3e6c5bfa95fb0286d8407d9d8d3c867d06c7a1fc4	common_voice_gju_42613868.mp3	dadf2b279654a92eb902ffbd8194326d046f90006d89f577e14f259fee28137a	اشفاق نے رچھ نیہہ ہِریو تھو وہ سدھو اس پو جا چڑہیو رچھ جے جاگیو		2	0	fourties				gju	
e65a8c3ba525042ceba11e102309b2525de4d7748b513787fc3ecc50c13c97654e626571fcdb8a6d96b78af3e6c5bfa95fb0286d8407d9d8d3c867d06c7a1fc4	common_voice_gju_42613872.mp3	f65a1e5ba9b3a785810f7721d962a2490962b6fc8d8b15eabcef4c5e3f1c2d36	یوہ سال بھی اِنھ لوکاں پو مُچ صدما کو سال گُزریو		2	0	fourties				gju	
e65a8c3ba525042ceba11e102309b2525de4d7748b513787fc3ecc50c13c97654e626571fcdb8a6d96b78af3e6c5bfa95fb0286d8407d9d8d3c867d06c7a1fc4	common_voice_gju_42613873.mp3	c598552450df6b0b77a71b96672b4c05b8fdc5c4fa8c334ce494b6020232bfdf	رچھ نیہہ دیکھیو		2	0	fourties				gju	
e65a8c3ba525042ceba11e102309b2525de4d7748b513787fc3ecc50c13c97654e626571fcdb8a6d96b78af3e6c5bfa95fb0286d8407d9d8d3c867d06c7a1fc4	common_voice_gju_42613875.mp3	ec8bd90bb75c49922de8ffed5d780db71012b2e58f9d702fb6d1745317eedcf2	یوہ ہر رنگ کی سبزیاں ما وھے		2	0	fourties				gju	
e65a8c3ba525042ceba11e102309b2525de4d7748b513787fc3ecc50c13c97654e626571fcdb8a6d96b78af3e6c5bfa95fb0286d8407d9d8d3c867d06c7a1fc4	common_voice_gju_42613876.mp3	d359a5167ce186b4fe8c1c22b63abda9f7e8b0bd230ec6107bab772373d6aeb2	کوئی رچھ صرف گھا کھائے		2	0	fourties				gju	
