client_id	path	sentence_id	sentence	sentence_domain	up_votes	down_votes	age	gender	accents	variant	locale	segment
e65a8c3ba525042ceba11e102309b2525de4d7748b513787fc3ecc50c13c97654e626571fcdb8a6d96b78af3e6c5bfa95fb0286d8407d9d8d3c867d06c7a1fc4	common_voice_gju_42587293.mp3	75dd5ad2127d218651b453fd39eb2331f0be986a803cf1ad0f307034e26d3221	جے یاہ سبزی مہنگی		1	0	fourties				gju	
e65a8c3ba525042ceba11e102309b2525de4d7748b513787fc3ecc50c13c97654e626571fcdb8a6d96b78af3e6c5bfa95fb0286d8407d9d8d3c867d06c7a1fc4	common_voice_gju_42587294.mp3	4c8b3f5a2958295d03a63fa721bd22f9320ca4d8753f0f73a01749b5a8dd88b3	باقی ڈیرا اِنھ نال تھا		1	0	fourties				gju	
e65a8c3ba525042ceba11e102309b2525de4d7748b513787fc3ecc50c13c97654e626571fcdb8a6d96b78af3e6c5bfa95fb0286d8407d9d8d3c867d06c7a1fc4	common_voice_gju_42587302.mp3	6e6cb3086baea9a1ea873d3c84cf3ed371da5beee3c6be5f900922da2871a3f9	گھی بے طاقت دیئے		1	0	fourties				gju	
e65a8c3ba525042ceba11e102309b2525de4d7748b513787fc3ecc50c13c97654e626571fcdb8a6d96b78af3e6c5bfa95fb0286d8407d9d8d3c867d06c7a1fc4	common_voice_gju_42587332.mp3	6b9a23ed78850f77437dc0cc3583d5eafdbd72ece7c7841d1408c2a252a1a586	قاسم چوہان		1	0	fourties				gju	
e65a8c3ba525042ceba11e102309b2525de4d7748b513787fc3ecc50c13c97654e626571fcdb8a6d96b78af3e6c5bfa95fb0286d8407d9d8d3c867d06c7a1fc4	common_voice_gju_42587336.mp3	75a2a3195c6a1c6f02a13f0b7437a85472a5a7bdf73be87ef3abb6ffd6b0ca07	ایوب خان نے اُتو اپن نوکر چلایا		1	0	fourties				gju	
e65a8c3ba525042ceba11e102309b2525de4d7748b513787fc3ecc50c13c97654e626571fcdb8a6d96b78af3e6c5bfa95fb0286d8407d9d8d3c867d06c7a1fc4	common_voice_gju_42587370.mp3	69f91de20856915ea1bd24a7632d723dabf4762d5f4871ac69d32597c4930540	ہتھ بدھ کے اعوذ بااللہ تے بسم اللہ پڑھنی		1	0	fourties				gju	
e65a8c3ba525042ceba11e102309b2525de4d7748b513787fc3ecc50c13c97654e626571fcdb8a6d96b78af3e6c5bfa95fb0286d8407d9d8d3c867d06c7a1fc4	common_voice_gju_42587392.mp3	600c52eb4c8810cc234ea6cdc26dce47827ded01d378fa85ab35832880201bd1	دیو کو نہ کہیو جی روٹی دیو کھا کے جا رہیو		1	0	fourties				gju	
e65a8c3ba525042ceba11e102309b2525de4d7748b513787fc3ecc50c13c97654e626571fcdb8a6d96b78af3e6c5bfa95fb0286d8407d9d8d3c867d06c7a1fc4	common_voice_gju_42587393.mp3	2965b0d32f8220767a85b7d5c1be1b6fc30850645d6eccfa44e7f86f2827586a	جہڑا لوک خوراک کی ترواں قسماں بچوں کائے ایک قسم کھائیں۔		0	1	fourties				gju	
e65a8c3ba525042ceba11e102309b2525de4d7748b513787fc3ecc50c13c97654e626571fcdb8a6d96b78af3e6c5bfa95fb0286d8407d9d8d3c867d06c7a1fc4	common_voice_gju_42587412.mp3	50c9ad9355cb21d1deaa3ed0e786128c679033931bdb9b750586715b64d3d4ad	مُچ چنگا دھیاڑا کَڈھیا		1	0	fourties				gju	
e65a8c3ba525042ceba11e102309b2525de4d7748b513787fc3ecc50c13c97654e626571fcdb8a6d96b78af3e6c5bfa95fb0286d8407d9d8d3c867d06c7a1fc4	common_voice_gju_42587443.mp3	41376688ccd3834ac7fe70080f690433e1402da2cadd20269a46eba1c31e24fc	رکوع تے سجا صحیح صحیح کرنا۔		1	0	fourties				gju	
e65a8c3ba525042ceba11e102309b2525de4d7748b513787fc3ecc50c13c97654e626571fcdb8a6d96b78af3e6c5bfa95fb0286d8407d9d8d3c867d06c7a1fc4	common_voice_gju_42587445.mp3	0823b1909c0ea5218e44d5781f88733a77b36d79b2472755106c86c86677e722	پہلاں اُس نے ہوانا نیہہ دیکھیا تھا		1	0	fourties				gju	
e65a8c3ba525042ceba11e102309b2525de4d7748b513787fc3ecc50c13c97654e626571fcdb8a6d96b78af3e6c5bfa95fb0286d8407d9d8d3c867d06c7a1fc4	common_voice_gju_42587450.mp3	742ef279794a58f9167725caf85b4f3b55465e33eb33bcc5b2a6de077f38bbba	مر گیو		1	0	fourties				gju	
e65a8c3ba525042ceba11e102309b2525de4d7748b513787fc3ecc50c13c97654e626571fcdb8a6d96b78af3e6c5bfa95fb0286d8407d9d8d3c867d06c7a1fc4	common_voice_gju_42587602.mp3	8243cb0c9751b2686bacd18645b32fcaf9261eb41695f3f76b01bb66e0a6ee34	اُس وقت حاجی اسماعیل کی کم		1	0	fourties				gju	
e65a8c3ba525042ceba11e102309b2525de4d7748b513787fc3ecc50c13c97654e626571fcdb8a6d96b78af3e6c5bfa95fb0286d8407d9d8d3c867d06c7a1fc4	common_voice_gju_42587623.mp3	6f9c93e3b734b58c2000d9c7fee702112075b7857c3269ccb3977763a084da50	یاہ مِنی مرگ کا ہسپتال تا کَڈھ آنی		1	0	fourties				gju	
e65a8c3ba525042ceba11e102309b2525de4d7748b513787fc3ecc50c13c97654e626571fcdb8a6d96b78af3e6c5bfa95fb0286d8407d9d8d3c867d06c7a1fc4	common_voice_gju_42587646.mp3	7842bdaee1bbbdfa28f717ceaf23f8c687715fdb9c5edce50c31dac4dbbce019	میاں باجی کا ڈڈر نا آں تھا		1	0	fourties				gju	
e65a8c3ba525042ceba11e102309b2525de4d7748b513787fc3ecc50c13c97654e626571fcdb8a6d96b78af3e6c5bfa95fb0286d8407d9d8d3c867d06c7a1fc4	common_voice_gju_42587688.mp3	8734d248ccb7514ebd6fbec7b98b13d34dc33de79eb20a09ffb148802ff0c191	یوہ مُچ ڈر گیو		1	1	fourties				gju	
e65a8c3ba525042ceba11e102309b2525de4d7748b513787fc3ecc50c13c97654e626571fcdb8a6d96b78af3e6c5bfa95fb0286d8407d9d8d3c867d06c7a1fc4	common_voice_gju_42587711.mp3	52ee0d02dd7ad2c3386e23fc41bf259b07f1b5d72befbae9ab4fb876b9640d83	ویہ بادشاہ کی ڈیرا ہاڑی نا لے کے جا رہیا		1	0	fourties				gju	
e65a8c3ba525042ceba11e102309b2525de4d7748b513787fc3ecc50c13c97654e626571fcdb8a6d96b78af3e6c5bfa95fb0286d8407d9d8d3c867d06c7a1fc4	common_voice_gju_42587713.mp3	611b152b0d94a1075220c1608d68972d2a3212adf85f5f4df01c5dbff6ed065f	اُت ایک مہینو رہن		1	0	fourties				gju	
e65a8c3ba525042ceba11e102309b2525de4d7748b513787fc3ecc50c13c97654e626571fcdb8a6d96b78af3e6c5bfa95fb0286d8407d9d8d3c867d06c7a1fc4	common_voice_gju_42587763.mp3	6280fa91e7af0ea31a593ff974be2216aa74c912d43743d5984dd54327433643	پروین ہر بلے ڈیرا نا صاف سُتھرو رکھے تھی		1	1	fourties				gju	
e65a8c3ba525042ceba11e102309b2525de4d7748b513787fc3ecc50c13c97654e626571fcdb8a6d96b78af3e6c5bfa95fb0286d8407d9d8d3c867d06c7a1fc4	common_voice_gju_42587768.mp3	6f2ff42ac86ffb34e17e2d9ba7c0aa04e3c2f3879a251072ef4ae89c74a481bd	اتنا ما اسرائیل کسانو پوہچ گیو اس کول سوٹی تھی اس نے رچھ پو سوٹی کی سَٹ کری		1	0	fourties				gju	
e65a8c3ba525042ceba11e102309b2525de4d7748b513787fc3ecc50c13c97654e626571fcdb8a6d96b78af3e6c5bfa95fb0286d8407d9d8d3c867d06c7a1fc4	common_voice_gju_42587847.mp3	760210b70e673ae8fc369d97711b5c457ef47e4fba34edb3b77a46263f114723	کہن لگا یوہ		1	0	fourties				gju	
e65a8c3ba525042ceba11e102309b2525de4d7748b513787fc3ecc50c13c97654e626571fcdb8a6d96b78af3e6c5bfa95fb0286d8407d9d8d3c867d06c7a1fc4	common_voice_gju_42587848.mp3	9648ada1cf0320550f548e40b3b67717c55994ff441ca0378cb534b355aae5b4	یوہ ٹرک سِدھو تابٹ چلے تھو		1	0	fourties				gju	
e65a8c3ba525042ceba11e102309b2525de4d7748b513787fc3ecc50c13c97654e626571fcdb8a6d96b78af3e6c5bfa95fb0286d8407d9d8d3c867d06c7a1fc4	common_voice_gju_42587865.mp3	7878dcd6ece28b0db9bc39941972275c09ccd40f072373d996e03e744d7e955b	دوجی پاس پانی کی چیدین دھری		1	0	fourties				gju	
e65a8c3ba525042ceba11e102309b2525de4d7748b513787fc3ecc50c13c97654e626571fcdb8a6d96b78af3e6c5bfa95fb0286d8407d9d8d3c867d06c7a1fc4	common_voice_gju_42587866.mp3	7fe980386fa06b0da1dd29741efebaeb774dbfd230b0afc805bfd56cbcaed64d	اُس ایک گڈا کے اُپر ایک سو ایک مھیس رکھے تھو		1	0	fourties				gju	
e65a8c3ba525042ceba11e102309b2525de4d7748b513787fc3ecc50c13c97654e626571fcdb8a6d96b78af3e6c5bfa95fb0286d8407d9d8d3c867d06c7a1fc4	common_voice_gju_42587903.mp3	6392cf303141a4f231ff299523c738174717b13127ad029f948f71ced2343911	بعد ما واہ پَل ٹِک گئی		1	1	fourties				gju	
e65a8c3ba525042ceba11e102309b2525de4d7748b513787fc3ecc50c13c97654e626571fcdb8a6d96b78af3e6c5bfa95fb0286d8407d9d8d3c867d06c7a1fc4	common_voice_gju_42587989.mp3	552ead2106f81a1f605f112370ca8cb515088a3aec35efb5fb8d3603468cd9c9	ایک بکرو کوہ کے ڈیرے بیٹکیاں نا پکان واسطے چا دِتو		1	0	fourties				gju	
e65a8c3ba525042ceba11e102309b2525de4d7748b513787fc3ecc50c13c97654e626571fcdb8a6d96b78af3e6c5bfa95fb0286d8407d9d8d3c867d06c7a1fc4	common_voice_gju_42587998.mp3	8596e1e7aa39857b04c09b572c079848fbba913ac89e7b951a3a1b0626dd3d2f	کاہڈ بارش رُک گئی		1	0	fourties				gju	
e65a8c3ba525042ceba11e102309b2525de4d7748b513787fc3ecc50c13c97654e626571fcdb8a6d96b78af3e6c5bfa95fb0286d8407d9d8d3c867d06c7a1fc4	common_voice_gju_42588019.mp3	51a748255e38a7c07720275cdcaa066226e95ae9cda06bd4451ef0f8336a2e02	سو رُپیا کا حساب ناڑ اُس کی ترے سو رُپیو مزوری بنی		1	0	fourties				gju	
e65a8c3ba525042ceba11e102309b2525de4d7748b513787fc3ecc50c13c97654e626571fcdb8a6d96b78af3e6c5bfa95fb0286d8407d9d8d3c867d06c7a1fc4	common_voice_gju_42588042.mp3	6f057d287b0f608f39701cdec11d15285e0d98ee453d5bb674105420b0c3c702	میری انگلیاں نا دیکھن لگ گیو		1	0	fourties				gju	
e65a8c3ba525042ceba11e102309b2525de4d7748b513787fc3ecc50c13c97654e626571fcdb8a6d96b78af3e6c5bfa95fb0286d8407d9d8d3c867d06c7a1fc4	common_voice_gju_42588060.mp3	81b301c5b30c42776015a7fe477a6a5a79afdea56534075deb06e0bce8652e37	بڑی بیٹکی سکول چلے تھی		1	1	fourties				gju	
e65a8c3ba525042ceba11e102309b2525de4d7748b513787fc3ecc50c13c97654e626571fcdb8a6d96b78af3e6c5bfa95fb0286d8407d9d8d3c867d06c7a1fc4	common_voice_gju_42588065.mp3	51f7ec9ca5107d4f148013f9b450f2c32faa76e7a515138e12b3ca752f802e5d	ہُن اس نا سام		1	1	fourties				gju	
e65a8c3ba525042ceba11e102309b2525de4d7748b513787fc3ecc50c13c97654e626571fcdb8a6d96b78af3e6c5bfa95fb0286d8407d9d8d3c867d06c7a1fc4	common_voice_gju_42588070.mp3	655ab3a3a7f8a0563d1d99c94d5b611743e915b0109c1acd9a4aac16d48ebc9b	ویہ سارا خوشی نال رہ تھا		1	0	fourties				gju	
e65a8c3ba525042ceba11e102309b2525de4d7748b513787fc3ecc50c13c97654e626571fcdb8a6d96b78af3e6c5bfa95fb0286d8407d9d8d3c867d06c7a1fc4	common_voice_gju_42588090.mp3	961f039ac7fcd92fab38c7922255b30def25b4e82928c7b432b2fdb0d0250b44	سنگیا ! توہ میرو سنگی ہے		1	0	fourties				gju	
e65a8c3ba525042ceba11e102309b2525de4d7748b513787fc3ecc50c13c97654e626571fcdb8a6d96b78af3e6c5bfa95fb0286d8407d9d8d3c867d06c7a1fc4	common_voice_gju_42588093.mp3	5e38e91e213478c252295caab106effb588f77456d46f97a1f9e3e6a8d1ab20d	آدمی بی مر گیا		1	0	fourties				gju	
e65a8c3ba525042ceba11e102309b2525de4d7748b513787fc3ecc50c13c97654e626571fcdb8a6d96b78af3e6c5bfa95fb0286d8407d9d8d3c867d06c7a1fc4	common_voice_gju_42588117.mp3	0374468f33a3d1b4ab00755c33f55c23c310eeb7d700191d846e5348fa707b7b	اس کا ڈیرا ہالی دونا کا پیر		1	0	fourties				gju	
e65a8c3ba525042ceba11e102309b2525de4d7748b513787fc3ecc50c13c97654e626571fcdb8a6d96b78af3e6c5bfa95fb0286d8407d9d8d3c867d06c7a1fc4	common_voice_gju_42588118.mp3	98b94b0ae740e15440df7c5b9af4501e537584c406e664b0b88bc7bf32776e96	مُچ با اس نے ایک ہمت کری جے ایک ہتھ ما کُہاڑی کے نال رچھنی کا نک پو ماری		1	0	fourties				gju	
e65a8c3ba525042ceba11e102309b2525de4d7748b513787fc3ecc50c13c97654e626571fcdb8a6d96b78af3e6c5bfa95fb0286d8407d9d8d3c867d06c7a1fc4	common_voice_gju_42588119.mp3	a2e3de167ced167021400c817984c3dfaf63d0062439106261edba3896a9402b	دوجا سنگیاں نے وہ چایو		1	0	fourties				gju	
e65a8c3ba525042ceba11e102309b2525de4d7748b513787fc3ecc50c13c97654e626571fcdb8a6d96b78af3e6c5bfa95fb0286d8407d9d8d3c867d06c7a1fc4	common_voice_gju_42588139.mp3	901c2633cd323c4716d8093a7367bc4fbbeb0991cb60ae2ffb2ca088217e19cb	بغیر روئے دھیانی کم کرن لگی۔		1	0	fourties				gju	
e65a8c3ba525042ceba11e102309b2525de4d7748b513787fc3ecc50c13c97654e626571fcdb8a6d96b78af3e6c5bfa95fb0286d8407d9d8d3c867d06c7a1fc4	common_voice_gju_42588151.mp3	87defc3f2de50c5ce8ac6bab1df50cbe2300302678566d48cfe772e96289c716	بر کی جا پوہچیا		1	0	fourties				gju	
e65a8c3ba525042ceba11e102309b2525de4d7748b513787fc3ecc50c13c97654e626571fcdb8a6d96b78af3e6c5bfa95fb0286d8407d9d8d3c867d06c7a1fc4	common_voice_gju_42588230.mp3	5b2355ec0f13ffba1fdec8a5040b7fd4ae7fccc27f76e8d195c676029255b9be	راہ ما آیا		1	0	fourties				gju	
e65a8c3ba525042ceba11e102309b2525de4d7748b513787fc3ecc50c13c97654e626571fcdb8a6d96b78af3e6c5bfa95fb0286d8407d9d8d3c867d06c7a1fc4	common_voice_gju_42594925.mp3	9141acde46b04e407c42dca193229401e2c21611b91dceb920c57c2bebf9a33b	تپوس کئی جی بادشاہ نا ایک بچا کی ضرورت ہے		1	0	fourties				gju	
e65a8c3ba525042ceba11e102309b2525de4d7748b513787fc3ecc50c13c97654e626571fcdb8a6d96b78af3e6c5bfa95fb0286d8407d9d8d3c867d06c7a1fc4	common_voice_gju_42594934.mp3	af43f64c3ff9ee07bd7a43f22974f7d9a6299190dc0d8f5965be080315bf72fc	اُس کا پوت نے رکھ لئی		1	0	fourties				gju	
e65a8c3ba525042ceba11e102309b2525de4d7748b513787fc3ecc50c13c97654e626571fcdb8a6d96b78af3e6c5bfa95fb0286d8407d9d8d3c867d06c7a1fc4	common_voice_gju_42594935.mp3	9d074f394a9c4f7f8da8cb4c6f65ba896ff60428a30c82f21ef39f96c4229085	کُج دھیاڑا اُت کڈھیا		1	0	fourties				gju	
e65a8c3ba525042ceba11e102309b2525de4d7748b513787fc3ecc50c13c97654e626571fcdb8a6d96b78af3e6c5bfa95fb0286d8407d9d8d3c867d06c7a1fc4	common_voice_gju_42594936.mp3	b223a3b987e022bcfc2153928519a0cfc08f7aa99cbcf4202992dc73b7d48b0c	ایک مہینو		1	0	fourties				gju	
e65a8c3ba525042ceba11e102309b2525de4d7748b513787fc3ecc50c13c97654e626571fcdb8a6d96b78af3e6c5bfa95fb0286d8407d9d8d3c867d06c7a1fc4	common_voice_gju_42594955.mp3	a2854113c3376320be92c3a14746a6565cd145f3102b4b5122ad3b271070f6bc	ہاں ضرور تپوس کروں ہے		1	0	fourties				gju	
e65a8c3ba525042ceba11e102309b2525de4d7748b513787fc3ecc50c13c97654e626571fcdb8a6d96b78af3e6c5bfa95fb0286d8407d9d8d3c867d06c7a1fc4	common_voice_gju_42594956.mp3	9a242985b43b893db88bc540820729c769070a211925c025a1066bf94ffbe830	اَگے ایک جا ما گیو		1	0	fourties				gju	
e65a8c3ba525042ceba11e102309b2525de4d7748b513787fc3ecc50c13c97654e626571fcdb8a6d96b78af3e6c5bfa95fb0286d8407d9d8d3c867d06c7a1fc4	common_voice_gju_42594964.mp3	aff87860f02ca505357963eadbaf4b6fcdef222fd22fef0547f7883679c7b4c1	ساری بکری مُردار ہو گئی تھی		1	0	fourties				gju	
e65a8c3ba525042ceba11e102309b2525de4d7748b513787fc3ecc50c13c97654e626571fcdb8a6d96b78af3e6c5bfa95fb0286d8407d9d8d3c867d06c7a1fc4	common_voice_gju_42597241.mp3	a48c19f285b540fc19be4aa6eeba470a5eab736bcfd2731b954f39cceda748d1	گدڑ کُکڑاں بسطے اَیو تھو		1	0	fourties				gju	
e65a8c3ba525042ceba11e102309b2525de4d7748b513787fc3ecc50c13c97654e626571fcdb8a6d96b78af3e6c5bfa95fb0286d8407d9d8d3c867d06c7a1fc4	common_voice_gju_42597252.mp3	aecb0e1d1a06ff86ffd14ac42f3907b7d1ec54bc2a0e6730f166cebe1f68ae14	پروین نے کہیو:” ہچھی خوراک کس نا کہہ؟“ماشڑیانی نے کہیو		1	0	fourties				gju	
e65a8c3ba525042ceba11e102309b2525de4d7748b513787fc3ecc50c13c97654e626571fcdb8a6d96b78af3e6c5bfa95fb0286d8407d9d8d3c867d06c7a1fc4	common_voice_gju_42597255.mp3	b1e2cf64d88b00a8297fa25ba06d0f27f23fe656f7b09f1cab75f6725c26e7f6	بہادر جنو کوئی ہے		1	0	fourties				gju	
e65a8c3ba525042ceba11e102309b2525de4d7748b513787fc3ecc50c13c97654e626571fcdb8a6d96b78af3e6c5bfa95fb0286d8407d9d8d3c867d06c7a1fc4	common_voice_gju_42601330.mp3	aa9ea6565355ca7d4246c13d991898f796fca9e7288aa20b2821ee56499ff32b	وہ میلو اس بیٹکی کو لگو تھو		1	0	fourties				gju	
e65a8c3ba525042ceba11e102309b2525de4d7748b513787fc3ecc50c13c97654e626571fcdb8a6d96b78af3e6c5bfa95fb0286d8407d9d8d3c867d06c7a1fc4	common_voice_gju_42601405.mp3	b6c79ac376294fa5c1e03718d369cbe08955c8554bc3338867bc265f51a69d0f	میرو بیاہ ایک مُچ ہی نیک		1	0	fourties				gju	
e65a8c3ba525042ceba11e102309b2525de4d7748b513787fc3ecc50c13c97654e626571fcdb8a6d96b78af3e6c5bfa95fb0286d8407d9d8d3c867d06c7a1fc4	common_voice_gju_42601422.mp3	844c58a2c9e227c55d9e1d734d5eb3c5c8acdf417954b5aa0588b8dbdb62d0dc	ـــــہوں ٹُر ٹُر کے ہری جا رہیو تھو		1	0	fourties				gju	
e65a8c3ba525042ceba11e102309b2525de4d7748b513787fc3ecc50c13c97654e626571fcdb8a6d96b78af3e6c5bfa95fb0286d8407d9d8d3c867d06c7a1fc4	common_voice_gju_42601424.mp3	adf41653bd1aedff27dc1fbd00afdae755e545fea08bdc0034703eb5d6a36e05	تم کیناں چلیں		1	0	fourties				gju	
e65a8c3ba525042ceba11e102309b2525de4d7748b513787fc3ecc50c13c97654e626571fcdb8a6d96b78af3e6c5bfa95fb0286d8407d9d8d3c867d06c7a1fc4	common_voice_gju_42601438.mp3	ac783c16515279725e81ed4bc8153cecdd37f9623e2250b34ed803c154dd3fbe	گولی سِدھی جنا کا سینا ما لگی		1	0	fourties				gju	
e65a8c3ba525042ceba11e102309b2525de4d7748b513787fc3ecc50c13c97654e626571fcdb8a6d96b78af3e6c5bfa95fb0286d8407d9d8d3c867d06c7a1fc4	common_voice_gju_42601455.mp3	9f2a25a51f4fa1affbb25bb9b33439ca5ac9405ddd63413e29f0d353579a80e1	مولی بھی کھائیں؟“		1	0	fourties				gju	
e65a8c3ba525042ceba11e102309b2525de4d7748b513787fc3ecc50c13c97654e626571fcdb8a6d96b78af3e6c5bfa95fb0286d8407d9d8d3c867d06c7a1fc4	common_voice_gju_42601496.mp3	b9387e642a272a0806ba8b6779ec418d150c20d001296fc9a27b9fbfe9990360	مُچ بڑی مدد کری		1	0	fourties				gju	
e65a8c3ba525042ceba11e102309b2525de4d7748b513787fc3ecc50c13c97654e626571fcdb8a6d96b78af3e6c5bfa95fb0286d8407d9d8d3c867d06c7a1fc4	common_voice_gju_42601511.mp3	a19f606c984066d1d00c5cbf01cc8f5a36f2d0bdd1a9b0a414ec706343b0295f	سائیں کاکانے کِیو شور		1	0	fourties				gju	
e65a8c3ba525042ceba11e102309b2525de4d7748b513787fc3ecc50c13c97654e626571fcdb8a6d96b78af3e6c5bfa95fb0286d8407d9d8d3c867d06c7a1fc4	common_voice_gju_42601542.mp3	b8ca7e8f0265ec9f6808361ec28c251663fe430e103feb14f833807181181844	اُتو اُنھاں نے دو دھیاڑا		1	0	fourties				gju	
e65a8c3ba525042ceba11e102309b2525de4d7748b513787fc3ecc50c13c97654e626571fcdb8a6d96b78af3e6c5bfa95fb0286d8407d9d8d3c867d06c7a1fc4	common_voice_gju_42601547.mp3	a8f99e45ff013a12ce6eab20e842d9a24a553e89bb08f708277db6b24b62a891	سرگی نا یہ جاگیا اِ نے دیکھیو جے بکر ی		1	0	fourties				gju	
e65a8c3ba525042ceba11e102309b2525de4d7748b513787fc3ecc50c13c97654e626571fcdb8a6d96b78af3e6c5bfa95fb0286d8407d9d8d3c867d06c7a1fc4	common_voice_gju_42601550.mp3	9c03eee096f0e8c10803e7faaac59a65b234e6bab461f26e0853f99a59f41eed	اُچی جا ڈیرو لاں گا کٹھا ما ڈیرو لانو ہچھو نیہہ‘‘		1	0	fourties				gju	
e65a8c3ba525042ceba11e102309b2525de4d7748b513787fc3ecc50c13c97654e626571fcdb8a6d96b78af3e6c5bfa95fb0286d8407d9d8d3c867d06c7a1fc4	common_voice_gju_42601579.mp3	b555c7e5184b78ba21478f5f5a341f91ddb6cbb8198846d33b1c87cc7715b1ec	بادشاہ دوجا پوت نا مڑ کے گیو		1	0	fourties				gju	
e65a8c3ba525042ceba11e102309b2525de4d7748b513787fc3ecc50c13c97654e626571fcdb8a6d96b78af3e6c5bfa95fb0286d8407d9d8d3c867d06c7a1fc4	common_voice_gju_42601619.mp3	b8e043d09e2a2b1d8eaf410e357bb0e4730af50357619f010fccefea81fe47cc	صدما ما یاہ بر گزاری		1	0	fourties				gju	
e65a8c3ba525042ceba11e102309b2525de4d7748b513787fc3ecc50c13c97654e626571fcdb8a6d96b78af3e6c5bfa95fb0286d8407d9d8d3c867d06c7a1fc4	common_voice_gju_42601622.mp3	7652005add0ca66a2d6c435ce988bc7d854a895ab32ecfab41d22339dc8fc9c2	بساکھ ما اجڑیاں نے سیال کی جا		1	0	fourties				gju	
e65a8c3ba525042ceba11e102309b2525de4d7748b513787fc3ecc50c13c97654e626571fcdb8a6d96b78af3e6c5bfa95fb0286d8407d9d8d3c867d06c7a1fc4	common_voice_gju_42601637.mp3	a0ca4ae403097776e922a0507cb4159acb677fabc96985ed75cd079446873d23	اس کو سنگی اتوں ٹُر گیا		1	0	fourties				gju	
e65a8c3ba525042ceba11e102309b2525de4d7748b513787fc3ecc50c13c97654e626571fcdb8a6d96b78af3e6c5bfa95fb0286d8407d9d8d3c867d06c7a1fc4	common_voice_gju_42601643.mp3	b713ab7ff1be28f05f7ccec184b89d00ad17a29e96701552d62ed69770bb696c	اُس ٹوہ ما لہہ گیو		1	0	fourties				gju	
e65a8c3ba525042ceba11e102309b2525de4d7748b513787fc3ecc50c13c97654e626571fcdb8a6d96b78af3e6c5bfa95fb0286d8407d9d8d3c867d06c7a1fc4	common_voice_gju_42601672.mp3	7cc3cba5f38f62979239798999a9ac5b4c0d10dbfe4b362b4965e1c043916bb6	دونے آئیں		1	0	fourties				gju	
e65a8c3ba525042ceba11e102309b2525de4d7748b513787fc3ecc50c13c97654e626571fcdb8a6d96b78af3e6c5bfa95fb0286d8407d9d8d3c867d06c7a1fc4	common_voice_gju_42601736.mp3	8d5e379bc35725dc90d3d0d0f8b743f9d002ca06dc5af4b69fbfbce01f37435c	بُڈھی نے اُس شہزادی نا کہیو " توہ اپنا جنا		1	0	fourties				gju	
e65a8c3ba525042ceba11e102309b2525de4d7748b513787fc3ecc50c13c97654e626571fcdb8a6d96b78af3e6c5bfa95fb0286d8407d9d8d3c867d06c7a1fc4	common_voice_gju_42601743.mp3	7b646e0a3947a7e902c700cfe52226ebb4598e6fa17d28fa5fb85163ec336744	کائے شے لے نیہہ کھانی		1	1	fourties				gju	
e65a8c3ba525042ceba11e102309b2525de4d7748b513787fc3ecc50c13c97654e626571fcdb8a6d96b78af3e6c5bfa95fb0286d8407d9d8d3c867d06c7a1fc4	common_voice_gju_42601750.mp3	c5ec5b2908c1f6f02454668e98d898e473706631a5c5733c2d85610acb2c712f	مصیبت پیش آتی رہ		1	0	fourties				gju	
e65a8c3ba525042ceba11e102309b2525de4d7748b513787fc3ecc50c13c97654e626571fcdb8a6d96b78af3e6c5bfa95fb0286d8407d9d8d3c867d06c7a1fc4	common_voice_gju_42601754.mp3	a26a7d739b387f9a0a5a91998629975e3eac52ba9b6f7843f6125241622050ee	جنو مُچ زیادہ پیسا منگن لگ گیو		1	0	fourties				gju	
e65a8c3ba525042ceba11e102309b2525de4d7748b513787fc3ecc50c13c97654e626571fcdb8a6d96b78af3e6c5bfa95fb0286d8407d9d8d3c867d06c7a1fc4	common_voice_gju_42601766.mp3	99dc5cc1fafcb5b3c57e07bb9d72b028b7476e3cf7550ca055de6808c5cc935a	جی ک		1	0	fourties				gju	
e65a8c3ba525042ceba11e102309b2525de4d7748b513787fc3ecc50c13c97654e626571fcdb8a6d96b78af3e6c5bfa95fb0286d8407d9d8d3c867d06c7a1fc4	common_voice_gju_42601786.mp3	b1a40a63244aa2071c58410a26d287faa5dc2f3abfcb0e64fc11f752c4b98de1	دوجی گل یاہ ہے جی سُکا کھٹا ما ڈیرو نہ لائینے		1	0	fourties				gju	
e65a8c3ba525042ceba11e102309b2525de4d7748b513787fc3ecc50c13c97654e626571fcdb8a6d96b78af3e6c5bfa95fb0286d8407d9d8d3c867d06c7a1fc4	common_voice_gju_42603763.mp3	be0fe686a0ab85d8a681c9779e2aed67850da9f1ec3bd4bfd990c2864b848c0f	کی لڑائی ہوے گی		1	0	fourties				gju	
e65a8c3ba525042ceba11e102309b2525de4d7748b513787fc3ecc50c13c97654e626571fcdb8a6d96b78af3e6c5bfa95fb0286d8407d9d8d3c867d06c7a1fc4	common_voice_gju_42603794.mp3	bbdf8896b46392ef5c0def65fd804eae3ba7663690b8754d5d66a11a9b741880	یوہ جنو سوچے تھو جی میرو گھوڑو پِچھے رہ گو		1	0	fourties				gju	
e65a8c3ba525042ceba11e102309b2525de4d7748b513787fc3ecc50c13c97654e626571fcdb8a6d96b78af3e6c5bfa95fb0286d8407d9d8d3c867d06c7a1fc4	common_voice_gju_42603811.mp3	c43264216835d43cf254c60b98589c5c42a11832fcc80c337f8123be3b3b444c	چوتھی شے صاف پانی		1	0	fourties				gju	
e65a8c3ba525042ceba11e102309b2525de4d7748b513787fc3ecc50c13c97654e626571fcdb8a6d96b78af3e6c5bfa95fb0286d8407d9d8d3c867d06c7a1fc4	common_voice_gju_42603820.mp3	641d037ab45a05e4b770021cd91130b5385a09ab2f9fdb3fa579f84c113c3ac5	بکری بھی تھی یہ کسے نے مار کے تنہاں روہڑ چھُڑی		1	0	fourties				gju	
e65a8c3ba525042ceba11e102309b2525de4d7748b513787fc3ecc50c13c97654e626571fcdb8a6d96b78af3e6c5bfa95fb0286d8407d9d8d3c867d06c7a1fc4	common_voice_gju_42603824.mp3	6fa84d2c79da8b920027e7595398a91ca78680e1020146714b3c8aecad3c6173	جیہڑا ٓدمی بکریاں نال تھا ویہ پل کا ڈر نال نس گیا۔		1	0	fourties				gju	
e65a8c3ba525042ceba11e102309b2525de4d7748b513787fc3ecc50c13c97654e626571fcdb8a6d96b78af3e6c5bfa95fb0286d8407d9d8d3c867d06c7a1fc4	common_voice_gju_42603829.mp3	b024f10de3993feaa455e0b1f470c54b0787cf95fa38040bd3eb1773e13d606f	تھوڑی جئی ٹھار رہی		1	0	fourties				gju	
e65a8c3ba525042ceba11e102309b2525de4d7748b513787fc3ecc50c13c97654e626571fcdb8a6d96b78af3e6c5bfa95fb0286d8407d9d8d3c867d06c7a1fc4	common_voice_gju_42603833.mp3	9f030ff4287cd19802b820c38853c9af03a988bba4a922ab5cc2af36e3ab92ac	سارا گھوڑا بھجیا		1	0	fourties				gju	
e65a8c3ba525042ceba11e102309b2525de4d7748b513787fc3ecc50c13c97654e626571fcdb8a6d96b78af3e6c5bfa95fb0286d8407d9d8d3c867d06c7a1fc4	common_voice_gju_42603843.mp3	a303d684468e129fd2e349fbd7ea2b7b023d0bdf804acb7af629b6853815b49d	اِنھ ظالماں نے بڑو ظلم کیو		1	0	fourties				gju	
e65a8c3ba525042ceba11e102309b2525de4d7748b513787fc3ecc50c13c97654e626571fcdb8a6d96b78af3e6c5bfa95fb0286d8407d9d8d3c867d06c7a1fc4	common_voice_gju_42603862.mp3	b7af1d5f92a3fa158100f65d80ef971db5934183d2212f1f5c891a1f3f2754e6	مین ان لوکاں کو پیر صاف ختم ہو گیا		1	1	fourties				gju	
e65a8c3ba525042ceba11e102309b2525de4d7748b513787fc3ecc50c13c97654e626571fcdb8a6d96b78af3e6c5bfa95fb0286d8407d9d8d3c867d06c7a1fc4	common_voice_gju_42603867.mp3	accdde5fda3272f0221263f7d2217e9a81e4e6ee7a24de98d2288bc2e9ec4391	لِسو ماڑو مال ٹرک پو لدن کی صلاح کری		1	0	fourties				gju	
e65a8c3ba525042ceba11e102309b2525de4d7748b513787fc3ecc50c13c97654e626571fcdb8a6d96b78af3e6c5bfa95fb0286d8407d9d8d3c867d06c7a1fc4	common_voice_gju_42603906.mp3	c5b49ddccb74a5c3c82926cbd14efbf38760c0412aa9a744f438cd4ff25c6a21	پروین نے کہیو:”لوک یہ سبزی کدے کدے کھائے کیوں جے یاہ سبزی مہنگی ہے۔		1	0	fourties				gju	
e65a8c3ba525042ceba11e102309b2525de4d7748b513787fc3ecc50c13c97654e626571fcdb8a6d96b78af3e6c5bfa95fb0286d8407d9d8d3c867d06c7a1fc4	common_voice_gju_42603916.mp3	c5c5c39237d0f48d9d9da77a2a8fa73e5463ad2739bc91476cf2d07c06e788cc	ماں روٹی پکائے تھی		1	0	fourties				gju	
e65a8c3ba525042ceba11e102309b2525de4d7748b513787fc3ecc50c13c97654e626571fcdb8a6d96b78af3e6c5bfa95fb0286d8407d9d8d3c867d06c7a1fc4	common_voice_gju_42603947.mp3	cf03fd92ed532e20a7d62872039531695dfe7873b7c7bfa9282133f8285a8537	نس کے دور ڈھاکا ما جا کے چھَپ گیو		1	0	fourties				gju	
e65a8c3ba525042ceba11e102309b2525de4d7748b513787fc3ecc50c13c97654e626571fcdb8a6d96b78af3e6c5bfa95fb0286d8407d9d8d3c867d06c7a1fc4	common_voice_gju_42603970.mp3	b877645818235532373138574984e9afdeffe0389cdae792f0d2feea003eade8	وہ اِنھ		1	0	fourties				gju	
e65a8c3ba525042ceba11e102309b2525de4d7748b513787fc3ecc50c13c97654e626571fcdb8a6d96b78af3e6c5bfa95fb0286d8407d9d8d3c867d06c7a1fc4	common_voice_gju_42604033.mp3	d2ed28fe16f28c2a9c73a2f853e55ff51677129994319811498c3854911cddde	ــتیرو راہ یوہ ہے توہ اِس راہ پو آنیے‘‘		0	1	fourties				gju	
e65a8c3ba525042ceba11e102309b2525de4d7748b513787fc3ecc50c13c97654e626571fcdb8a6d96b78af3e6c5bfa95fb0286d8407d9d8d3c867d06c7a1fc4	common_voice_gju_42604064.mp3	c332ef02c25680f234e78b7df84ebd570fa5ca7a934e7efdb599c971cd78b737	اُت جا کے دیکھو جی کون ہے		1	0	fourties				gju	
e65a8c3ba525042ceba11e102309b2525de4d7748b513787fc3ecc50c13c97654e626571fcdb8a6d96b78af3e6c5bfa95fb0286d8407d9d8d3c867d06c7a1fc4	common_voice_gju_42604087.mp3	b7f5b0f6dbad17c834d974af00fc21dddfd76efac0c282dd6daf19765d5303f4	چلم چوکی کی فوج نے سوچیو جے ویہ لوک		1	0	fourties				gju	
e65a8c3ba525042ceba11e102309b2525de4d7748b513787fc3ecc50c13c97654e626571fcdb8a6d96b78af3e6c5bfa95fb0286d8407d9d8d3c867d06c7a1fc4	common_voice_gju_42604110.mp3	cc0ac945d285772fc8d2e5858acf01fe2dc7f8bf737332a87bf39f55dab14794	تہنا راہ ٹھیک تھو		1	0	fourties				gju	
e65a8c3ba525042ceba11e102309b2525de4d7748b513787fc3ecc50c13c97654e626571fcdb8a6d96b78af3e6c5bfa95fb0286d8407d9d8d3c867d06c7a1fc4	common_voice_gju_42604114.mp3	c1485430b39a1604e5112896f1b22370cfd573318f8e785fb05b1af7a84d17d3	اس کو ٹبر روتا پِٹتا مڑ کے کاہڈ اپنا ڈیرا تا گیا		1	0	fourties				gju	
e65a8c3ba525042ceba11e102309b2525de4d7748b513787fc3ecc50c13c97654e626571fcdb8a6d96b78af3e6c5bfa95fb0286d8407d9d8d3c867d06c7a1fc4	common_voice_gju_42604131.mp3	ce0cd1d7b5100e000ba0434fb2f623a6a7e8fe150c95d3bc54dd181e5ac2bb5a	آن کے کچہری ما کھڑو کیو		1	0	fourties				gju	
e65a8c3ba525042ceba11e102309b2525de4d7748b513787fc3ecc50c13c97654e626571fcdb8a6d96b78af3e6c5bfa95fb0286d8407d9d8d3c867d06c7a1fc4	common_voice_gju_42604141.mp3	c040748eca0269e568b54fe4b240a27fef2ac5ea8df974573623dc56232d6a17	ہم اُنھ کے سامنے نیہہ آ سکتا		1	0	fourties				gju	
e65a8c3ba525042ceba11e102309b2525de4d7748b513787fc3ecc50c13c97654e626571fcdb8a6d96b78af3e6c5bfa95fb0286d8407d9d8d3c867d06c7a1fc4	common_voice_gju_42604221.mp3	d69249d4dfbd3e85adc6dd526962e0cd8bd80b9132367642d69e2f8267c77606	لاری ما چڑھیا وا مولوی بنیامین		1	0	fourties				gju	
e65a8c3ba525042ceba11e102309b2525de4d7748b513787fc3ecc50c13c97654e626571fcdb8a6d96b78af3e6c5bfa95fb0286d8407d9d8d3c867d06c7a1fc4	common_voice_gju_42604227.mp3	d8c9fe41e6c5da7332e782fc9dc4f5ed001a7cc7e1a457031632f2e60f52ce5b	اُس کی اَکھ رتی لال تھی		1	0	fourties				gju	
e65a8c3ba525042ceba11e102309b2525de4d7748b513787fc3ecc50c13c97654e626571fcdb8a6d96b78af3e6c5bfa95fb0286d8407d9d8d3c867d06c7a1fc4	common_voice_gju_42604279.mp3	7c8131d177958996b1ed2263ad194734bd561c173d15d9a1eef9267bc68b2f7d	دیو کو سِر کُپ چھوڈیو		1	0	fourties				gju	
e65a8c3ba525042ceba11e102309b2525de4d7748b513787fc3ecc50c13c97654e626571fcdb8a6d96b78af3e6c5bfa95fb0286d8407d9d8d3c867d06c7a1fc4	common_voice_gju_42604286.mp3	c4c46a1f59a9809665758178ea2afe94885e20f2c24a93afbc4f10123bf44d94	خسیو تھو		1	0	fourties				gju	
e65a8c3ba525042ceba11e102309b2525de4d7748b513787fc3ecc50c13c97654e626571fcdb8a6d96b78af3e6c5bfa95fb0286d8407d9d8d3c867d06c7a1fc4	common_voice_gju_42604327.mp3	cbc93f6a8b13b8d7eaf4b64bf05d606bda15ac3ab5306f91e372bf58cfcf28cf	باقی ما ل روڈ پو ٹور لیو		1	0	fourties				gju	
e65a8c3ba525042ceba11e102309b2525de4d7748b513787fc3ecc50c13c97654e626571fcdb8a6d96b78af3e6c5bfa95fb0286d8407d9d8d3c867d06c7a1fc4	common_voice_gju_42604350.mp3	be6d02591e5c59e6b55c4f2bf4ed0f4730408ad7960c2627cb92f673209fedab	میری سو بکری نکھیڑ		1	0	fourties				gju	
e65a8c3ba525042ceba11e102309b2525de4d7748b513787fc3ecc50c13c97654e626571fcdb8a6d96b78af3e6c5bfa95fb0286d8407d9d8d3c867d06c7a1fc4	common_voice_gju_42604420.mp3	ccf49ff1636014f1d613397ccdf20a41c5a11f682a04864490b49b2e1b5d3543	ہوں تھہاری کے خذمت کروں“		1	0	fourties				gju	
e65a8c3ba525042ceba11e102309b2525de4d7748b513787fc3ecc50c13c97654e626571fcdb8a6d96b78af3e6c5bfa95fb0286d8407d9d8d3c867d06c7a1fc4	common_voice_gju_42604425.mp3	cae38142055c92f6d0e254378c54916dea5c9fe5d8b457ec85baf616876a2cc5	اُس نے دو چھٹ مِٹی تا کریا		1	0	fourties				gju	
e65a8c3ba525042ceba11e102309b2525de4d7748b513787fc3ecc50c13c97654e626571fcdb8a6d96b78af3e6c5bfa95fb0286d8407d9d8d3c867d06c7a1fc4	common_voice_gju_42604428.mp3	daf82178ad98d0b9a5049f3b806b54354d557f35ea5318e4a1f957512f6f9ced	میرا اُجود پو نشان پے گیا		1	0	fourties				gju	
e65a8c3ba525042ceba11e102309b2525de4d7748b513787fc3ecc50c13c97654e626571fcdb8a6d96b78af3e6c5bfa95fb0286d8407d9d8d3c867d06c7a1fc4	common_voice_gju_42604465.mp3	c5e9e223ddb406c7315b9cfc8743a4bfbc5bb6fad16111373cd18ceca38ec6ce	کافی ٹیم		1	0	fourties				gju	
e65a8c3ba525042ceba11e102309b2525de4d7748b513787fc3ecc50c13c97654e626571fcdb8a6d96b78af3e6c5bfa95fb0286d8407d9d8d3c867d06c7a1fc4	common_voice_gju_42604475.mp3	e00c8c2016c49271e03800545533a00d514e1ffc7804f67cca9761fc98f818f8	اُس نے اپنی ساری عوام نا حکم دیتو جی کائے نوجوان آدمی لڑائی بغیر نیہہ رہسے گو		1	0	fourties				gju	
e65a8c3ba525042ceba11e102309b2525de4d7748b513787fc3ecc50c13c97654e626571fcdb8a6d96b78af3e6c5bfa95fb0286d8407d9d8d3c867d06c7a1fc4	common_voice_gju_42612665.mp3	da4f0907060e8ad777d6d49b956d752a0115a4ff315e85d04654bb452c0aef2a	کاہڈ پل ٹِک گئی		1	0	fourties				gju	
e65a8c3ba525042ceba11e102309b2525de4d7748b513787fc3ecc50c13c97654e626571fcdb8a6d96b78af3e6c5bfa95fb0286d8407d9d8d3c867d06c7a1fc4	common_voice_gju_42612669.mp3	e0c69a29ee418d0b45c502eb12c33e76cf5ffd5c3c8a777e30a1788f1b70b862	حاجی نظام دین کھٹانہ کا بھائی محمد خالق		1	0	fourties				gju	
e65a8c3ba525042ceba11e102309b2525de4d7748b513787fc3ecc50c13c97654e626571fcdb8a6d96b78af3e6c5bfa95fb0286d8407d9d8d3c867d06c7a1fc4	common_voice_gju_42612684.mp3	8683eedea67804730901382a1b8f8322f4ec5be7b5c4e6a1714391a9e2c066dc	یہ دو آدمی چڑھ کے گیا		1	0	fourties				gju	
e65a8c3ba525042ceba11e102309b2525de4d7748b513787fc3ecc50c13c97654e626571fcdb8a6d96b78af3e6c5bfa95fb0286d8407d9d8d3c867d06c7a1fc4	common_voice_gju_42612697.mp3	ab4a9cdda40caf7b8582906a298628e7a01de809bc7dc231ce014fc0e859a984	کہِڑی ٹَیم ٹوہ کے اُپر دوڑ کے اَیو		1	0	fourties				gju	
e65a8c3ba525042ceba11e102309b2525de4d7748b513787fc3ecc50c13c97654e626571fcdb8a6d96b78af3e6c5bfa95fb0286d8407d9d8d3c867d06c7a1fc4	common_voice_gju_42612699.mp3	e1a15854fac632448c94f3e01a1e9d080d2990601a00cf28b93dc8d4a94e573f	ہم اُت پڑھاں		1	0	fourties				gju	
e65a8c3ba525042ceba11e102309b2525de4d7748b513787fc3ecc50c13c97654e626571fcdb8a6d96b78af3e6c5bfa95fb0286d8407d9d8d3c867d06c7a1fc4	common_voice_gju_42612706.mp3	b0df06b0ab3a2901aaf4339a699f9a0edc03f9437745815f9a0ac01eb771e87c	لوک گاجر		1	0	fourties				gju	
e65a8c3ba525042ceba11e102309b2525de4d7748b513787fc3ecc50c13c97654e626571fcdb8a6d96b78af3e6c5bfa95fb0286d8407d9d8d3c867d06c7a1fc4	common_voice_gju_42612721.mp3	e369162e7fe56aa3cb3b7db6ccc70cbcc9f20fb36283f088eb5abc767d7ad358	ایک نے دوجا نا کہیو		1	0	fourties				gju	
e65a8c3ba525042ceba11e102309b2525de4d7748b513787fc3ecc50c13c97654e626571fcdb8a6d96b78af3e6c5bfa95fb0286d8407d9d8d3c867d06c7a1fc4	common_voice_gju_42612790.mp3	a2507154b7b51695da07679bcb333cc80d6904a6b6bb71f4d02570f2945fc491	ایک نکو جاتک اللہ نے اس حادثہ ما بچا لیا		1	0	fourties				gju	
e65a8c3ba525042ceba11e102309b2525de4d7748b513787fc3ecc50c13c97654e626571fcdb8a6d96b78af3e6c5bfa95fb0286d8407d9d8d3c867d06c7a1fc4	common_voice_gju_42612791.mp3	ea324cd08c578a8bb884dfb1f9cc544400ae7aa2b55aec813ff2b59f28ecb56f	اُس جنا نے پٹی جوڑی		1	0	fourties				gju	
e65a8c3ba525042ceba11e102309b2525de4d7748b513787fc3ecc50c13c97654e626571fcdb8a6d96b78af3e6c5bfa95fb0286d8407d9d8d3c867d06c7a1fc4	common_voice_gju_42612835.mp3	ea2060df6de5eafce6da0de9eeb6d76ae16eeb9428983e9c40d3351f84198371	اُس ٹیم اس لُڑا کا ظالم باپ کول پنج سو بکری تھی		1	0	fourties				gju	
e65a8c3ba525042ceba11e102309b2525de4d7748b513787fc3ecc50c13c97654e626571fcdb8a6d96b78af3e6c5bfa95fb0286d8407d9d8d3c867d06c7a1fc4	common_voice_gju_42612860.mp3	af263bcec81162ac0284ee6c5b664fb48ef6fff3ed470d9770bc1e6c27ff4b49	نوُرو دھیاڑی بھیڈاں نال وھے		1	0	fourties				gju	
e65a8c3ba525042ceba11e102309b2525de4d7748b513787fc3ecc50c13c97654e626571fcdb8a6d96b78af3e6c5bfa95fb0286d8407d9d8d3c867d06c7a1fc4	common_voice_gju_42612862.mp3	b08163241bbabeafb7bf6fc463ba3955a4b854fefddeaf94bfec5092cc01b3ec	حضرت محمد ﷺکو روضؤ مدینہ ما ہے۔		1	0	fourties				gju	
e65a8c3ba525042ceba11e102309b2525de4d7748b513787fc3ecc50c13c97654e626571fcdb8a6d96b78af3e6c5bfa95fb0286d8407d9d8d3c867d06c7a1fc4	common_voice_gju_42612874.mp3	cd644fa933afdb462fe8ee304bc1badd7ddee3bd98a722dfc7899aa465c7bb8a	ویہ جنازو لے کے آ گیا		1	0	fourties				gju	
e65a8c3ba525042ceba11e102309b2525de4d7748b513787fc3ecc50c13c97654e626571fcdb8a6d96b78af3e6c5bfa95fb0286d8407d9d8d3c867d06c7a1fc4	common_voice_gju_42612881.mp3	cdc8e15b9c415d7b975b3a106c6418f9b6bd62406ce2abcce1e7a4db8d5402ea	یہ لوک بر کیل کا دیس ما رہیا		1	0	fourties				gju	
e65a8c3ba525042ceba11e102309b2525de4d7748b513787fc3ecc50c13c97654e626571fcdb8a6d96b78af3e6c5bfa95fb0286d8407d9d8d3c867d06c7a1fc4	common_voice_gju_42612890.mp3	e556ce43fe095a842ab533f874b6b45493ac1a5f3ab6ce621930ea68612ecf19	سرہگی نا ایک لیاری رچھنی آئی		1	0	fourties				gju	
e65a8c3ba525042ceba11e102309b2525de4d7748b513787fc3ecc50c13c97654e626571fcdb8a6d96b78af3e6c5bfa95fb0286d8407d9d8d3c867d06c7a1fc4	common_voice_gju_42612892.mp3	eadbf6548d816d41b2e386618c25fac439a84f9bfaa53a7ac4ded52336223fbe	کَسی ما ہاڑ آ گیو		1	0	fourties				gju	
e65a8c3ba525042ceba11e102309b2525de4d7748b513787fc3ecc50c13c97654e626571fcdb8a6d96b78af3e6c5bfa95fb0286d8407d9d8d3c867d06c7a1fc4	common_voice_gju_42612897.mp3	8ebe33c04d80e63fd8276789bd624e81028cb2eb8d0e16757b0d66172cbff425	اِس رنگ کو بچڑو لے		1	0	fourties				gju	
e65a8c3ba525042ceba11e102309b2525de4d7748b513787fc3ecc50c13c97654e626571fcdb8a6d96b78af3e6c5bfa95fb0286d8407d9d8d3c867d06c7a1fc4	common_voice_gju_42612912.mp3	b0252854dc6d0034f25f9cb35af97144048d90d9931c992ede52dedbd486226a	ایک گھینٹا کاہڈ علم دین مر گیو		1	0	fourties				gju	
e65a8c3ba525042ceba11e102309b2525de4d7748b513787fc3ecc50c13c97654e626571fcdb8a6d96b78af3e6c5bfa95fb0286d8407d9d8d3c867d06c7a1fc4	common_voice_gju_42612965.mp3	d0fce9c81bee2a5870ae63f6917af949dee3a62900fd0fef2d37799a0ae0945c	ویہ بس پو شہر تا گیا		1	0	fourties				gju	
e65a8c3ba525042ceba11e102309b2525de4d7748b513787fc3ecc50c13c97654e626571fcdb8a6d96b78af3e6c5bfa95fb0286d8407d9d8d3c867d06c7a1fc4	common_voice_gju_42612974.mp3	b01e676527d96e0c34bd3eea25984669292a06f17dcfed7aa5c19099334396f1	میرا جنا کو ناں جاوید تھو		1	0	fourties				gju	
e65a8c3ba525042ceba11e102309b2525de4d7748b513787fc3ecc50c13c97654e626571fcdb8a6d96b78af3e6c5bfa95fb0286d8407d9d8d3c867d06c7a1fc4	common_voice_gju_42612979.mp3	eb4b080790fe59ceaafbe750f30b9373ff9c0fe44dff53d110ae651667fcd835	اس کی بانہہ منہ ما نَپ لئی		1	0	fourties				gju	
e65a8c3ba525042ceba11e102309b2525de4d7748b513787fc3ecc50c13c97654e626571fcdb8a6d96b78af3e6c5bfa95fb0286d8407d9d8d3c867d06c7a1fc4	common_voice_gju_42613456.mp3	f149f634e5db2afdfb9688f1a8b7bb96cd81b016eedeb4a9f996a48e058818f3	نِکی نِکی گَٹی اس تا مارے لگو		1	0	fourties				gju	
e65a8c3ba525042ceba11e102309b2525de4d7748b513787fc3ecc50c13c97654e626571fcdb8a6d96b78af3e6c5bfa95fb0286d8407d9d8d3c867d06c7a1fc4	common_voice_gju_42613458.mp3	c7e8c72d3897a78db5bb264b2fea7cbd6eed620b4e078f084de2460a646b98dd	تنا بی مدھ کے روٹی کھائوں گو		1	0	fourties				gju	
e65a8c3ba525042ceba11e102309b2525de4d7748b513787fc3ecc50c13c97654e626571fcdb8a6d96b78af3e6c5bfa95fb0286d8407d9d8d3c867d06c7a1fc4	common_voice_gju_42613468.mp3	e0d95fe53c6a83d65b6712232d2f0f8000ead4d2b04315b3e52dc08031c86ef0	پڑھن کو اہم مقصد یوہ بے جے انسان نا شعور لبھے۔		1	0	fourties				gju	
e65a8c3ba525042ceba11e102309b2525de4d7748b513787fc3ecc50c13c97654e626571fcdb8a6d96b78af3e6c5bfa95fb0286d8407d9d8d3c867d06c7a1fc4	common_voice_gju_42613483.mp3	d570179a7807594c5fcad48fdbc41f235738dea5f6036a78e14e09c591528aa4	ایک دھیاڑے وہ جنو رچھ نا کہن لگو " اِس ٹھار ما کتنا بوٹا ہیں انھ نا پَٹ		1	0	fourties				gju	
e65a8c3ba525042ceba11e102309b2525de4d7748b513787fc3ecc50c13c97654e626571fcdb8a6d96b78af3e6c5bfa95fb0286d8407d9d8d3c867d06c7a1fc4	common_voice_gju_42613491.mp3	d3eab3404eb2f62c407d42fea9bbafb09b9cf5d9a8c1ad1b3c41d5c8c7808c1d	رکوع تے کاہڈ اسے وخت کھلو ہونو، جس نا قومو کہیں۔		1	0	fourties				gju	
e65a8c3ba525042ceba11e102309b2525de4d7748b513787fc3ecc50c13c97654e626571fcdb8a6d96b78af3e6c5bfa95fb0286d8407d9d8d3c867d06c7a1fc4	common_voice_gju_42613493.mp3	bb90411d6f9eaa65d7f0c5e7fb789d6b825a497c1a7a80ae557687a51dd694bb	مرن ہالاں واسطے ختم شتم پڑھاتا رہیا		1	0	fourties				gju	
e65a8c3ba525042ceba11e102309b2525de4d7748b513787fc3ecc50c13c97654e626571fcdb8a6d96b78af3e6c5bfa95fb0286d8407d9d8d3c867d06c7a1fc4	common_voice_gju_42613522.mp3	d4ca683fed744621de54c65e166505e1ef69a81552b4d36f4e414e6b821cb690	اِس جاتک کو شہزادی		1	0	fourties				gju	
e65a8c3ba525042ceba11e102309b2525de4d7748b513787fc3ecc50c13c97654e626571fcdb8a6d96b78af3e6c5bfa95fb0286d8407d9d8d3c867d06c7a1fc4	common_voice_gju_42613524.mp3	f36c6d1f25fde866186fe1a206499605c1f12d54d51ea4cdc7665bdce228c7b4	اس کو سنگی کہن لگو		1	0	fourties				gju	
e65a8c3ba525042ceba11e102309b2525de4d7748b513787fc3ecc50c13c97654e626571fcdb8a6d96b78af3e6c5bfa95fb0286d8407d9d8d3c867d06c7a1fc4	common_voice_gju_42613534.mp3	cfe858b7e7be8bb77b12f832c3ac2ab3f7cb3738917cf8e94cf59d229fbd66b8	چوبیسمو واقعو		1	0	fourties				gju	
e65a8c3ba525042ceba11e102309b2525de4d7748b513787fc3ecc50c13c97654e626571fcdb8a6d96b78af3e6c5bfa95fb0286d8407d9d8d3c867d06c7a1fc4	common_voice_gju_42613537.mp3	eb3ce13c3b2380df4bf68772da00fad02d57d8364392768e2a7b5fd5bd1c072a	لے کے اپنا ڈیرا نا آ گیو		1	0	fourties				gju	
e65a8c3ba525042ceba11e102309b2525de4d7748b513787fc3ecc50c13c97654e626571fcdb8a6d96b78af3e6c5bfa95fb0286d8407d9d8d3c867d06c7a1fc4	common_voice_gju_42613547.mp3	eae704574d4dd9ac0299c698e9ba18549819515111e5582f542edc346fa8b76a	اس واسطے لازمی		1	0	fourties				gju	
e65a8c3ba525042ceba11e102309b2525de4d7748b513787fc3ecc50c13c97654e626571fcdb8a6d96b78af3e6c5bfa95fb0286d8407d9d8d3c867d06c7a1fc4	common_voice_gju_42613548.mp3	f42c235a177c5d9b5e7d3f95c45ce170f7fe5dc4655bd20cde656a63f6caa1e3	ہور کوئی راہ نیہہ تھو جس پو یوہ چلتو یوہ ڈر گیو اس کا ہتھ ما کُہاڑی تھی اس نے کے کہیو جے اپنی جان سام کے بھربھانو تا کُہاڑی دسی		1	0	fourties				gju	
e65a8c3ba525042ceba11e102309b2525de4d7748b513787fc3ecc50c13c97654e626571fcdb8a6d96b78af3e6c5bfa95fb0286d8407d9d8d3c867d06c7a1fc4	common_voice_gju_42613549.mp3	e8532a8e548f988e0c07230411615c5d85402421d7c730a2195e29d681c4ff22	پل ہٹائی		1	0	fourties				gju	
e65a8c3ba525042ceba11e102309b2525de4d7748b513787fc3ecc50c13c97654e626571fcdb8a6d96b78af3e6c5bfa95fb0286d8407d9d8d3c867d06c7a1fc4	common_voice_gju_42613552.mp3	d80375bcb97237ae25097a63549d4b288a69e4dc69f9a3e4d5e52c5e35fb2b8c	میرا پتیا نے ذمہ واری چالئی جے حصو ہوں دیوں گو		1	0	fourties				gju	
e65a8c3ba525042ceba11e102309b2525de4d7748b513787fc3ecc50c13c97654e626571fcdb8a6d96b78af3e6c5bfa95fb0286d8407d9d8d3c867d06c7a1fc4	common_voice_gju_42613561.mp3	e88f76a6427ab790bf8c4cebebc659423f4e22e25c55a0b50b454ca69689b0e9	اُس بِڑے اِس نا نیند آگئی		1	0	fourties				gju	
e65a8c3ba525042ceba11e102309b2525de4d7748b513787fc3ecc50c13c97654e626571fcdb8a6d96b78af3e6c5bfa95fb0286d8407d9d8d3c867d06c7a1fc4	common_voice_gju_42613573.mp3	e3fac2081120f8979992a93e8704db657cb50c0afe9799d5641740a1744d973b	اُس ظالم کولے پنج سو بکری تھی اس نے منا دس یا بیہہ بکری دِتی		1	0	fourties				gju	
e65a8c3ba525042ceba11e102309b2525de4d7748b513787fc3ecc50c13c97654e626571fcdb8a6d96b78af3e6c5bfa95fb0286d8407d9d8d3c867d06c7a1fc4	common_voice_gju_42613622.mp3	fc44b84fa887b5065afedf8a87cc182751fa9433597e62eecd05c181635957bd	مارے گا		1	0	fourties				gju	
e65a8c3ba525042ceba11e102309b2525de4d7748b513787fc3ecc50c13c97654e626571fcdb8a6d96b78af3e6c5bfa95fb0286d8407d9d8d3c867d06c7a1fc4	common_voice_gju_42613668.mp3	eae3cdb56d13b21c96d37372f794b53ca5f978d1ad36ee999a15a06faecd836e	چلتیں چلتیں اگے ایک ٹھار ما گیا		1	0	fourties				gju	
e65a8c3ba525042ceba11e102309b2525de4d7748b513787fc3ecc50c13c97654e626571fcdb8a6d96b78af3e6c5bfa95fb0286d8407d9d8d3c867d06c7a1fc4	common_voice_gju_42613671.mp3	034d1e3f6a0299faeaed356f89d3fc4bf0dff547b4b7ac7940d2832d8ae00cf9	وہ تنا کھا لیے گو		1	1	fourties				gju	
e65a8c3ba525042ceba11e102309b2525de4d7748b513787fc3ecc50c13c97654e626571fcdb8a6d96b78af3e6c5bfa95fb0286d8407d9d8d3c867d06c7a1fc4	common_voice_gju_42613748.mp3	9f2d83c69abbcea8e19107394326d280c4e74ae13a7345534d1f16be89ec31de	بیٹکیاں نے اگ بال کے چاہ شاہ کری		1	0	fourties				gju	
e65a8c3ba525042ceba11e102309b2525de4d7748b513787fc3ecc50c13c97654e626571fcdb8a6d96b78af3e6c5bfa95fb0286d8407d9d8d3c867d06c7a1fc4	common_voice_gju_42613750.mp3	f2f156d51be838051d414866598c79b6d0277845dd854a48393637641f7ef1f9	اِنھ لوکاں نے اِت بکری چاری		1	0	fourties				gju	
e65a8c3ba525042ceba11e102309b2525de4d7748b513787fc3ecc50c13c97654e626571fcdb8a6d96b78af3e6c5bfa95fb0286d8407d9d8d3c867d06c7a1fc4	common_voice_gju_42613800.mp3	ce50381fd0fa596e98482d937ddaf8d6178c170470e8867d88c049fc004f1299	بر بڑی سوہنی جا ما رہیا		1	0	fourties				gju	
e65a8c3ba525042ceba11e102309b2525de4d7748b513787fc3ecc50c13c97654e626571fcdb8a6d96b78af3e6c5bfa95fb0286d8407d9d8d3c867d06c7a1fc4	common_voice_gju_42613824.mp3	f78225f4e73718dfee208bff101f1309dd5cd40442b559cff5cdcc29bcfb8d2e	ڈیرا کا پاس تا مُچ بڑو ہاڑ آ گیو		1	0	fourties				gju	
e65a8c3ba525042ceba11e102309b2525de4d7748b513787fc3ecc50c13c97654e626571fcdb8a6d96b78af3e6c5bfa95fb0286d8407d9d8d3c867d06c7a1fc4	common_voice_gju_42613841.mp3	ef4d43ca8c0c9640071490b69ed0aeb9abd5d9a45d1c0dfdf3db41ff558a354e	ہوں پہلاں نیہہ چڑھتو		1	0	fourties				gju	
e65a8c3ba525042ceba11e102309b2525de4d7748b513787fc3ecc50c13c97654e626571fcdb8a6d96b78af3e6c5bfa95fb0286d8407d9d8d3c867d06c7a1fc4	common_voice_gju_42613885.mp3	bf530af2bf1d3128bcdae98131eddd7a5e7a57e0f59a888ea5ce28fd69887bb1	واہ بے اَنھ کَماں ما مُچ شونق رکھے		1	0	fourties				gju	
e65a8c3ba525042ceba11e102309b2525de4d7748b513787fc3ecc50c13c97654e626571fcdb8a6d96b78af3e6c5bfa95fb0286d8407d9d8d3c867d06c7a1fc4	common_voice_gju_42613898.mp3	f56b2fa7d47d0bc469921e6db1b08374dbe17f685c873154141236c0ee5b1946	محکمہ جنگلات ہالا بکریاں نا جنگلا ں ما نیہہ چرن واسطے نیہہ چھوڈے تھا		1	0	fourties				gju	
e65a8c3ba525042ceba11e102309b2525de4d7748b513787fc3ecc50c13c97654e626571fcdb8a6d96b78af3e6c5bfa95fb0286d8407d9d8d3c867d06c7a1fc4	common_voice_gju_42613908.mp3	e6e52b8959fe3a92018cc37c5c7969dbd37e30833b90fb5dedfe9143c9228963	سامان کجھ اُ		1	0	fourties				gju	
e65a8c3ba525042ceba11e102309b2525de4d7748b513787fc3ecc50c13c97654e626571fcdb8a6d96b78af3e6c5bfa95fb0286d8407d9d8d3c867d06c7a1fc4	common_voice_gju_42613911.mp3	cc324e95eb8d3d4b60476e23641d638fa479887ff6eaf0d2938c42b72eddd893	میرا باپ ناڑ بی یوہ واقعو پیش ایو		1	0	fourties				gju	
e65a8c3ba525042ceba11e102309b2525de4d7748b513787fc3ecc50c13c97654e626571fcdb8a6d96b78af3e6c5bfa95fb0286d8407d9d8d3c867d06c7a1fc4	common_voice_gju_42613912.mp3	f2bf0ffb0a7e51ffeffedf15e233b0cb3f1a847ef4f363eb0b6e4314fe4a2752	کاہڈ اس کا ماتریر بھائی رہ گیا تھا جہڑا اس نا رل کے مرائے تھا		1	0	fourties				gju	
e65a8c3ba525042ceba11e102309b2525de4d7748b513787fc3ecc50c13c97654e626571fcdb8a6d96b78af3e6c5bfa95fb0286d8407d9d8d3c867d06c7a1fc4	common_voice_gju_42619790.mp3	d628f9a3fb587a3857e3b3cb7db09b3377e9a1663c60a7a15dd9eb720881931e	عشآٰ کی نماز نا کفتاں کی نماز کہیں۔		1	0	fourties				gju	
e65a8c3ba525042ceba11e102309b2525de4d7748b513787fc3ecc50c13c97654e626571fcdb8a6d96b78af3e6c5bfa95fb0286d8407d9d8d3c867d06c7a1fc4	common_voice_gju_42619792.mp3	f78c3b5f843e9e3799336a36f2184e15577931be7983f6ddaa034c948e84ed09	اس کو بھائی قاسم کچراں نا دیکھن گیا ایک جا ما ایک کچر رُڑ کے چوڑو ٹُٹ گیو تھو		1	0	fourties				gju	
e65a8c3ba525042ceba11e102309b2525de4d7748b513787fc3ecc50c13c97654e626571fcdb8a6d96b78af3e6c5bfa95fb0286d8407d9d8d3c867d06c7a1fc4	common_voice_gju_42619796.mp3	ffb4053a21d75b6aa7b16a8b54491b535b9b130a6ce7c2aec564853f38b70d8a	بارھووں واقعو		1	1	fourties				gju	
e65a8c3ba525042ceba11e102309b2525de4d7748b513787fc3ecc50c13c97654e626571fcdb8a6d96b78af3e6c5bfa95fb0286d8407d9d8d3c867d06c7a1fc4	common_voice_gju_42619800.mp3	c0ae93ad35813a02063df54fee9db17362c3ae9149475ccea8a93f244d616bd6	غلام حسن ہور بر چِٹی ندی ما تھا		1	0	fourties				gju	
e65a8c3ba525042ceba11e102309b2525de4d7748b513787fc3ecc50c13c97654e626571fcdb8a6d96b78af3e6c5bfa95fb0286d8407d9d8d3c867d06c7a1fc4	common_voice_gju_42619804.mp3	ff91c7b97258c3941f1b46b2105626471a41e0ecf5350a5958877715b1a86594	بڑو پوت باپ کی مدد کرے تھو		1	0	fourties				gju	
e65a8c3ba525042ceba11e102309b2525de4d7748b513787fc3ecc50c13c97654e626571fcdb8a6d96b78af3e6c5bfa95fb0286d8407d9d8d3c867d06c7a1fc4	common_voice_gju_42619805.mp3	fd7e7ee6f227a8ef1c1d9adeb5cd384d45f0ec992eab1255b88edcd46828f0ed	حنیف دوئے اُت بکریاں ما رہ گیا		1	0	fourties				gju	
e65a8c3ba525042ceba11e102309b2525de4d7748b513787fc3ecc50c13c97654e626571fcdb8a6d96b78af3e6c5bfa95fb0286d8407d9d8d3c867d06c7a1fc4	common_voice_gju_42619810.mp3	d86e88407042ca4c2551cd512110937f4223224668fc7539a174761a744818d3	سارا انسان حضرت آدم علیہ السلام کی اولاد ہیں۔		1	0	fourties				gju	
e65a8c3ba525042ceba11e102309b2525de4d7748b513787fc3ecc50c13c97654e626571fcdb8a6d96b78af3e6c5bfa95fb0286d8407d9d8d3c867d06c7a1fc4	common_voice_gju_42619811.mp3	e423adc7fbe8f9a22f0f59f9d22ea2033395bec1a11a17f30fc28f8cbe94df68	جہیڑا گلی کا اُس پاس رہیا تھا ویہ اُت کا مقیمی لوکاں نے گلی بچوں کڈھیا		1	0	fourties				gju	
e65a8c3ba525042ceba11e102309b2525de4d7748b513787fc3ecc50c13c97654e626571fcdb8a6d96b78af3e6c5bfa95fb0286d8407d9d8d3c867d06c7a1fc4	common_voice_gju_42619812.mp3	f9cae3c200a9a57f0e6ba6680f1902a04ffa92e4dd29ef4e33eeb6c82e8086b8	ہوں اُتوں اکلو اپنا ڈیرا تا چل گیو		1	0	fourties				gju	
e65a8c3ba525042ceba11e102309b2525de4d7748b513787fc3ecc50c13c97654e626571fcdb8a6d96b78af3e6c5bfa95fb0286d8407d9d8d3c867d06c7a1fc4	common_voice_gju_42619815.mp3	b765aeb606180c07a1c80e623fc68c299e3b8143c9c402f950e9ddd4acd7ebf0	اس نے اُٹھ کے دیکھیو		1	0	fourties				gju	
e65a8c3ba525042ceba11e102309b2525de4d7748b513787fc3ecc50c13c97654e626571fcdb8a6d96b78af3e6c5bfa95fb0286d8407d9d8d3c867d06c7a1fc4	common_voice_gju_42619816.mp3	f04fdbdbf5b4ad988affd8abdfb4423f38c7e57bcb5bc55297253f09a66d2ad3	افطاری کو ٹیم ہو گیو		1	0	fourties				gju	
e65a8c3ba525042ceba11e102309b2525de4d7748b513787fc3ecc50c13c97654e626571fcdb8a6d96b78af3e6c5bfa95fb0286d8407d9d8d3c867d06c7a1fc4	common_voice_gju_42619818.mp3	e1a9b9c6ce503c863b9e2190ca1ebbdeb9252080d698cb40e3cf8eb0c5976f40	یہ شے ماس مچھی دُدھ		1	0	fourties				gju	
e65a8c3ba525042ceba11e102309b2525de4d7748b513787fc3ecc50c13c97654e626571fcdb8a6d96b78af3e6c5bfa95fb0286d8407d9d8d3c867d06c7a1fc4	common_voice_gju_42619828.mp3	eba51a4c1e3d9b46cff9ce10a6dc8009120a7f0d16690f20e42693a6e0ca689f	منشی کو جنازو بے اِنھ نا نہ لبھو		1	1	fourties				gju	
e65a8c3ba525042ceba11e102309b2525de4d7748b513787fc3ecc50c13c97654e626571fcdb8a6d96b78af3e6c5bfa95fb0286d8407d9d8d3c867d06c7a1fc4	common_voice_gju_42619830.mp3	1370355e6416697e470455d83c9feec63bb31337223cd2338980a5551dcf7015	سَر گی نا منیر گھوڑاں نا اندھیرا ما کڈھ کے لے آیو		1	0	fourties				gju	
e65a8c3ba525042ceba11e102309b2525de4d7748b513787fc3ecc50c13c97654e626571fcdb8a6d96b78af3e6c5bfa95fb0286d8407d9d8d3c867d06c7a1fc4	common_voice_gju_42619860.mp3	fd83a50b1cb3243c41eef58d473df56e15e885db237d3a712624fc2ff11b2577	میرو جنو مُچ ننجوڑو لگے تھو		1	0	fourties				gju	
e65a8c3ba525042ceba11e102309b2525de4d7748b513787fc3ecc50c13c97654e626571fcdb8a6d96b78af3e6c5bfa95fb0286d8407d9d8d3c867d06c7a1fc4	common_voice_gju_42619861.mp3	de2a2be0eb5fd7cc4e2295609de91729244ff765ad27e155570f604bb8f3f6f7	جس بڑے کپوں گو اَدھی تنا دیوں گو		1	0	fourties				gju	
e65a8c3ba525042ceba11e102309b2525de4d7748b513787fc3ecc50c13c97654e626571fcdb8a6d96b78af3e6c5bfa95fb0286d8407d9d8d3c867d06c7a1fc4	common_voice_gju_42619862.mp3	1c7ef5b7885f8a68cd88a1de88f01cc148ac3434542c0aa37b67e9bbe3d5c502	نو لکھیا نے کہیو		1	0	fourties				gju	
e65a8c3ba525042ceba11e102309b2525de4d7748b513787fc3ecc50c13c97654e626571fcdb8a6d96b78af3e6c5bfa95fb0286d8407d9d8d3c867d06c7a1fc4	common_voice_gju_42619863.mp3	189fbde47b7d9fd673b9edabeeffc0e1a8f84f5d7d59d940378d4b42c006159b	توہ مچ لِسی ہے		1	0	fourties				gju	
e65a8c3ba525042ceba11e102309b2525de4d7748b513787fc3ecc50c13c97654e626571fcdb8a6d96b78af3e6c5bfa95fb0286d8407d9d8d3c867d06c7a1fc4	common_voice_gju_42619865.mp3	de627083d6d2e5720be73a01497c19a4b42015cbace06d323c9b1b6055b25963	اپنا پوت نا واز کیو		1	0	fourties				gju	
e65a8c3ba525042ceba11e102309b2525de4d7748b513787fc3ecc50c13c97654e626571fcdb8a6d96b78af3e6c5bfa95fb0286d8407d9d8d3c867d06c7a1fc4	common_voice_gju_42619866.mp3	fbc856c67cd5df6b6657b47c25b519db77cd67e251612d76beee2a7aa0f49b1d	با اگا		1	0	fourties				gju	
e65a8c3ba525042ceba11e102309b2525de4d7748b513787fc3ecc50c13c97654e626571fcdb8a6d96b78af3e6c5bfa95fb0286d8407d9d8d3c867d06c7a1fc4	common_voice_gju_42619868.mp3	06699f7dc0200678a56341aeedc29bef6cab59bbd87e1c2b71c2755803164277	لوک خاہ مخاہ گل بنائے تھا		1	0	fourties				gju	
e65a8c3ba525042ceba11e102309b2525de4d7748b513787fc3ecc50c13c97654e626571fcdb8a6d96b78af3e6c5bfa95fb0286d8407d9d8d3c867d06c7a1fc4	common_voice_gju_42619881.mp3	0b410fa7fadfcb90518364108aebf5005cb81929cd2de50a0a822f5b3d7ed6ec	ایک تَرلے پاس		1	0	fourties				gju	
e65a8c3ba525042ceba11e102309b2525de4d7748b513787fc3ecc50c13c97654e626571fcdb8a6d96b78af3e6c5bfa95fb0286d8407d9d8d3c867d06c7a1fc4	common_voice_gju_42619883.mp3	f6b1f6082d6f09c5ae40ccc0f4b6fe61e028f24b12ff2aedad810719f4606da6	اپنی بکری ڈک لئی		1	0	fourties				gju	
e65a8c3ba525042ceba11e102309b2525de4d7748b513787fc3ecc50c13c97654e626571fcdb8a6d96b78af3e6c5bfa95fb0286d8407d9d8d3c867d06c7a1fc4	common_voice_gju_42619890.mp3	2d65676d6395aacc6eacbbcaaf6c6e252e17f1c50da19311b141ba10305a0680	صبح اُٹھ کے یہ چلن واسطے تیار ہو گیا لیکن فوجیاں نے ڈَک لیا		1	0	fourties				gju	
e65a8c3ba525042ceba11e102309b2525de4d7748b513787fc3ecc50c13c97654e626571fcdb8a6d96b78af3e6c5bfa95fb0286d8407d9d8d3c867d06c7a1fc4	common_voice_gju_42619899.mp3	ffd9b330f3d837afb56c017d2e74309cc4d096d19f2c028fb3d565a9758a96ea	اِس		1	0	fourties				gju	
e65a8c3ba525042ceba11e102309b2525de4d7748b513787fc3ecc50c13c97654e626571fcdb8a6d96b78af3e6c5bfa95fb0286d8407d9d8d3c867d06c7a1fc4	common_voice_gju_42619900.mp3	fba66649d4e2fb2c2a1b92d22130fa6b38bb617c42bf66603541f2553cffc7dd	ویہہ شے مڑ گیا		1	0	fourties				gju	
e65a8c3ba525042ceba11e102309b2525de4d7748b513787fc3ecc50c13c97654e626571fcdb8a6d96b78af3e6c5bfa95fb0286d8407d9d8d3c867d06c7a1fc4	common_voice_gju_42619901.mp3	fa26817bd75fae18cb2f7f641140cfcfe9bddd3142a6cf8ae9de54bb301c5a18	جناں نے بکری کوہی۔		1	0	fourties				gju	
e65a8c3ba525042ceba11e102309b2525de4d7748b513787fc3ecc50c13c97654e626571fcdb8a6d96b78af3e6c5bfa95fb0286d8407d9d8d3c867d06c7a1fc4	common_voice_gju_42619917.mp3	ec08c68d9c00c3a083ffbb716283108b4e5fbcca5aeba6400c399abe4eccc723	بچائے یہ سبزیاں ما ہچھی سبزی ہے۔		1	0	fourties				gju	
e65a8c3ba525042ceba11e102309b2525de4d7748b513787fc3ecc50c13c97654e626571fcdb8a6d96b78af3e6c5bfa95fb0286d8407d9d8d3c867d06c7a1fc4	common_voice_gju_42619918.mp3	f1622db75b549a85769f20b847b38e19fea43ff0a309a56524154f2ecafd7935	خالق نے سوچیو جے ہوں		1	0	fourties				gju	
e65a8c3ba525042ceba11e102309b2525de4d7748b513787fc3ecc50c13c97654e626571fcdb8a6d96b78af3e6c5bfa95fb0286d8407d9d8d3c867d06c7a1fc4	common_voice_gju_42619931.mp3	66de302417fd5a251336f82bc26a159c9005abef1558466b07ba97463b425462	اس غار کے بچوں لبھوں‘‘		1	0	fourties				gju	
e65a8c3ba525042ceba11e102309b2525de4d7748b513787fc3ecc50c13c97654e626571fcdb8a6d96b78af3e6c5bfa95fb0286d8407d9d8d3c867d06c7a1fc4	common_voice_gju_42619932.mp3	10d1d65b59bf4d7d88abaa017b7e7acc3c74c88d9cc342b97f9f9da84c30856a	جماعت کرن کے دوران دینہہ، نماشاں تے تے کفتاں کی پہلی دو رکاتاں ما تے جمعہ تے عید کی نمازاں ما اچی واز نال قرات کرنی۔		1	0	fourties				gju	
e65a8c3ba525042ceba11e102309b2525de4d7748b513787fc3ecc50c13c97654e626571fcdb8a6d96b78af3e6c5bfa95fb0286d8407d9d8d3c867d06c7a1fc4	common_voice_gju_42619939.mp3	f48c33b74ecd2e6a4817549f006230541bf2b500a008525427340ee9d3418754	اُنھ لوکاں نے بھارُو کوہ کے اِنھ کی مُچ خذمت کری		1	0	fourties				gju	
e65a8c3ba525042ceba11e102309b2525de4d7748b513787fc3ecc50c13c97654e626571fcdb8a6d96b78af3e6c5bfa95fb0286d8407d9d8d3c867d06c7a1fc4	common_voice_gju_42619940.mp3	2dd301d52fd7dd15aff68f007ae2a3b56966e34246694d08b351a131cad59327	نو لکھیا نے اپنا چوڑا		1	0	fourties				gju	
e65a8c3ba525042ceba11e102309b2525de4d7748b513787fc3ecc50c13c97654e626571fcdb8a6d96b78af3e6c5bfa95fb0286d8407d9d8d3c867d06c7a1fc4	common_voice_gju_42619959.mp3	e4714c1a9304f013b6f169c61c258ee454d28b9cb28b978540754eef7d78a12e	اس کو پیر تَڑہیو		1	0	fourties				gju	
e65a8c3ba525042ceba11e102309b2525de4d7748b513787fc3ecc50c13c97654e626571fcdb8a6d96b78af3e6c5bfa95fb0286d8407d9d8d3c867d06c7a1fc4	common_voice_gju_42619968.mp3	13c4fcac2750d703dd42d7fcc91a37f3408adc5f96c14a39eab56bcbcf4fec30	تنا اعتبار نیہہ اَتو		1	0	fourties				gju	
e65a8c3ba525042ceba11e102309b2525de4d7748b513787fc3ecc50c13c97654e626571fcdb8a6d96b78af3e6c5bfa95fb0286d8407d9d8d3c867d06c7a1fc4	common_voice_gju_42619990.mp3	e90a34784ce793581472abcc5e92e15f770b39c107265d7466aa1409c86a03d6	بہن نا بنہچ پیو		1	0	fourties				gju	
e65a8c3ba525042ceba11e102309b2525de4d7748b513787fc3ecc50c13c97654e626571fcdb8a6d96b78af3e6c5bfa95fb0286d8407d9d8d3c867d06c7a1fc4	common_voice_gju_42619995.mp3	1070faf32225a585341933a2592328914c2fbd472ce8b51389e3c5fe8eff0b8a	اُس زمانا ما دراوا کو سارو راہ ٹُر کے چلنو وھے تھو لاری شاری نیہہ وھے تھی		1	0	fourties				gju	
e65a8c3ba525042ceba11e102309b2525de4d7748b513787fc3ecc50c13c97654e626571fcdb8a6d96b78af3e6c5bfa95fb0286d8407d9d8d3c867d06c7a1fc4	common_voice_gju_42619998.mp3	0e5855b1faa70abb264b71121c7d47385014e8abcdb00546e3e621cd0eab4ae8	دو گلی کراس کر کے اگے بن ما گیا		1	0	fourties				gju	
e65a8c3ba525042ceba11e102309b2525de4d7748b513787fc3ecc50c13c97654e626571fcdb8a6d96b78af3e6c5bfa95fb0286d8407d9d8d3c867d06c7a1fc4	common_voice_gju_42620018.mp3	39bb6788783628919fe8c25429b4285d7c655c3909fe869e3cf5d9ebf90fe357	منا کوئی شے مار چھُڑے گی یا کھا لیے گی		1	0	fourties				gju	
e65a8c3ba525042ceba11e102309b2525de4d7748b513787fc3ecc50c13c97654e626571fcdb8a6d96b78af3e6c5bfa95fb0286d8407d9d8d3c867d06c7a1fc4	common_voice_gju_42620019.mp3	4e25cec087c37407fe5a5af60f52a8e4203c17a378ff19806ea427994b59df16	بادشاہ کا نوکراں نے اُس جنا نا ٹھار دسی		1	0	fourties				gju	
e65a8c3ba525042ceba11e102309b2525de4d7748b513787fc3ecc50c13c97654e626571fcdb8a6d96b78af3e6c5bfa95fb0286d8407d9d8d3c867d06c7a1fc4	common_voice_gju_42620025.mp3	e718f6be6b37e40dd95faee335ad1ba9d873658047d2ee379bf00ef4988f4fca	دوجا دیس ما برتو ایو		1	0	fourties				gju	
e65a8c3ba525042ceba11e102309b2525de4d7748b513787fc3ecc50c13c97654e626571fcdb8a6d96b78af3e6c5bfa95fb0286d8407d9d8d3c867d06c7a1fc4	common_voice_gju_42620028.mp3	f847929e4a671da0f1787471e20bf92f29cf833fbd20186a425089369b7a1a2c	میں پہلاں		1	0	fourties				gju	
e65a8c3ba525042ceba11e102309b2525de4d7748b513787fc3ecc50c13c97654e626571fcdb8a6d96b78af3e6c5bfa95fb0286d8407d9d8d3c867d06c7a1fc4	common_voice_gju_42620035.mp3	78c7e544c73dfc802c838dd0ab2d99f561082922df8ebc75accdf9f2be7417c6	وہ بچاں ناڑ ڈاہڈی محبت کرے ‘‘		1	0	fourties				gju	
e65a8c3ba525042ceba11e102309b2525de4d7748b513787fc3ecc50c13c97654e626571fcdb8a6d96b78af3e6c5bfa95fb0286d8407d9d8d3c867d06c7a1fc4	common_voice_gju_42620037.mp3	d9eb89679bb1d35913f8d0567d1beb25e51740c07ec38b5b8a6e5a85fdc38c28	اس نے تھہانا ما اپنا بھا ئی کے خلاف رپوٹ کر چھوڈی		1	0	fourties				gju	
e65a8c3ba525042ceba11e102309b2525de4d7748b513787fc3ecc50c13c97654e626571fcdb8a6d96b78af3e6c5bfa95fb0286d8407d9d8d3c867d06c7a1fc4	common_voice_gju_42620038.mp3	725cde15a5a1c4a76bfc135f1deecd398395c2d1d63d6ccccb0979633b35f24f	پتو چلے جے گراں ترقی کرے		1	0	fourties				gju	
e65a8c3ba525042ceba11e102309b2525de4d7748b513787fc3ecc50c13c97654e626571fcdb8a6d96b78af3e6c5bfa95fb0286d8407d9d8d3c867d06c7a1fc4	common_voice_gju_42620046.mp3	02e10cf85bb4d4fbde403124d1965bcdfdea8a31251d583d430aa67a01b14032	فر وہ مُڑ کے نیہہ اَیو		1	0	fourties				gju	
e65a8c3ba525042ceba11e102309b2525de4d7748b513787fc3ecc50c13c97654e626571fcdb8a6d96b78af3e6c5bfa95fb0286d8407d9d8d3c867d06c7a1fc4	common_voice_gju_42620048.mp3	e6c451522ddc53d8411cd1e74aad64185026e9653ae26cdcee6ac480df726709	ات جا کے جاتکاں نا کہیو تھاری ماں کت ہے۔		1	0	fourties				gju	
e65a8c3ba525042ceba11e102309b2525de4d7748b513787fc3ecc50c13c97654e626571fcdb8a6d96b78af3e6c5bfa95fb0286d8407d9d8d3c867d06c7a1fc4	common_voice_gju_42620049.mp3	e52e6cbb62c0357dfb2f5fc23ebd79547a8db128a8f63ce1882b43922a0ad708	تیرو جنو جوان ہے۔		1	0	fourties				gju	
e65a8c3ba525042ceba11e102309b2525de4d7748b513787fc3ecc50c13c97654e626571fcdb8a6d96b78af3e6c5bfa95fb0286d8407d9d8d3c867d06c7a1fc4	common_voice_gju_42620055.mp3	f96db2383f033d583c70c7ac029143ff7f85dd4b5835b1486a64fba7e824a86a	میرو چا چو غلام قادر لمردار گھوڑاں پو چڑھ کے داس کا گراں تا چلے تھا		1	0	fourties				gju	
e65a8c3ba525042ceba11e102309b2525de4d7748b513787fc3ecc50c13c97654e626571fcdb8a6d96b78af3e6c5bfa95fb0286d8407d9d8d3c867d06c7a1fc4	common_voice_gju_42620059.mp3	ea80290abfdd8ea1ed91ab5b436ff0aeddf9260a5c5dd00f5fbdc50b1685fdc7	لوک اس نا مُچ پیسا دین واسطے تیا ر نیہہ تھا		1	0	fourties				gju	
e65a8c3ba525042ceba11e102309b2525de4d7748b513787fc3ecc50c13c97654e626571fcdb8a6d96b78af3e6c5bfa95fb0286d8407d9d8d3c867d06c7a1fc4	common_voice_gju_42620061.mp3	e316dc75883c28dd769600f8778d58cf75d7b7fb1eeab5d2e3250fc6cfe29df3	اِن کی اکھ بھی سڑ گئی تھی		1	0	fourties				gju	
e65a8c3ba525042ceba11e102309b2525de4d7748b513787fc3ecc50c13c97654e626571fcdb8a6d96b78af3e6c5bfa95fb0286d8407d9d8d3c867d06c7a1fc4	common_voice_gju_42620063.mp3	f9e9ebbc5fd3b12ce608bd4fb09b428b345365aa05822618a66aea7b6e58abb8	کیل ہسپتال ما خالق مر گیو		1	0	fourties				gju	
e65a8c3ba525042ceba11e102309b2525de4d7748b513787fc3ecc50c13c97654e626571fcdb8a6d96b78af3e6c5bfa95fb0286d8407d9d8d3c867d06c7a1fc4	common_voice_gju_42620065.mp3	ef78e861775389c544dbe6910e070dcfb7e78fd972cfec9d87dc258a8d6cb63c	نولکھیو انھ بیٹکیاں نا کہن لگو		1	0	fourties				gju	
e65a8c3ba525042ceba11e102309b2525de4d7748b513787fc3ecc50c13c97654e626571fcdb8a6d96b78af3e6c5bfa95fb0286d8407d9d8d3c867d06c7a1fc4	common_voice_gju_42620067.mp3	fd3ad3292ea402d8e4d114e7dec9a5fc3bccd02cc396de8dbfc5aa88b2449822	مَنا ڈھُونڈتو رہیو		1	0	fourties				gju	
e65a8c3ba525042ceba11e102309b2525de4d7748b513787fc3ecc50c13c97654e626571fcdb8a6d96b78af3e6c5bfa95fb0286d8407d9d8d3c867d06c7a1fc4	common_voice_gju_42620068.mp3	2b19eef81e2c81a77a4ea85c3fdae613f5d3da86f72fdb22d172f226ad71e768	خوشی نال گزری		1	0	fourties				gju	
e65a8c3ba525042ceba11e102309b2525de4d7748b513787fc3ecc50c13c97654e626571fcdb8a6d96b78af3e6c5bfa95fb0286d8407d9d8d3c867d06c7a1fc4	common_voice_gju_42620287.mp3	e3ae2f87eb04de70d8c16e2c20e2a01538585f0c37fb9ebc550b258cae7d7fcd	اس کا ڈیرا ہالا نے کہیو:”مہاری دھی نا تاپ		1	0	fourties				gju	
e65a8c3ba525042ceba11e102309b2525de4d7748b513787fc3ecc50c13c97654e626571fcdb8a6d96b78af3e6c5bfa95fb0286d8407d9d8d3c867d06c7a1fc4	common_voice_gju_42620296.mp3	fc57e4f28ab87198afcb2c0b17ebeb4d2ec6d020bf292582fbdf5ac77d4a0ff1	یو ہ واوقعو بھی بانیا قوم کا ایک قبیلہ نال پیش آیو		1	0	fourties				gju	
e65a8c3ba525042ceba11e102309b2525de4d7748b513787fc3ecc50c13c97654e626571fcdb8a6d96b78af3e6c5bfa95fb0286d8407d9d8d3c867d06c7a1fc4	common_voice_gju_42622046.mp3	c681f50e6c79771baa4971ae8f8f69ff1dc64a493218b9b6c66818418a2a9772	چل چلاں ــ رات اگے کِ		1	0	fourties				gju	
e65a8c3ba525042ceba11e102309b2525de4d7748b513787fc3ecc50c13c97654e626571fcdb8a6d96b78af3e6c5bfa95fb0286d8407d9d8d3c867d06c7a1fc4	common_voice_gju_42622047.mp3	eb26e79d3a8e0250de2c495f286654307e918e3aadcb9c64dc3e0ed925c7fc9c	شروع شروع ما		1	0	fourties				gju	
e65a8c3ba525042ceba11e102309b2525de4d7748b513787fc3ecc50c13c97654e626571fcdb8a6d96b78af3e6c5bfa95fb0286d8407d9d8d3c867d06c7a1fc4	common_voice_gju_42622057.mp3	364d9d92c681fe6b97df4ff16d39bb3f73601549b059b4eaabd8ca32e697006e	گھوڑا نا لے آ گیا		1	0	fourties				gju	
e65a8c3ba525042ceba11e102309b2525de4d7748b513787fc3ecc50c13c97654e626571fcdb8a6d96b78af3e6c5bfa95fb0286d8407d9d8d3c867d06c7a1fc4	common_voice_gju_42622097.mp3	0e7628df173434054382fbaba78ed052d16dd48677e46790c64943346d57464b	مَنا تاپ چڑھ گیو		1	0	fourties				gju	
e65a8c3ba525042ceba11e102309b2525de4d7748b513787fc3ecc50c13c97654e626571fcdb8a6d96b78af3e6c5bfa95fb0286d8407d9d8d3c867d06c7a1fc4	common_voice_gju_42622098.mp3	3be8874a0eca176cb143fb4d7672e35e8d85cf64356a343de6e19d524a7530c9	اُس نے مچ بڑو ڈُہنگو ٹوہ کھنیو		1	0	fourties				gju	
e65a8c3ba525042ceba11e102309b2525de4d7748b513787fc3ecc50c13c97654e626571fcdb8a6d96b78af3e6c5bfa95fb0286d8407d9d8d3c867d06c7a1fc4	common_voice_gju_42622100.mp3	29d8ff408f67a8732d0eafcde29144916e811926147b39d770fd017d061b6238	دھی اُس نا کہن لگی ہم نا روزی توہ دیے		1	0	fourties				gju	
e65a8c3ba525042ceba11e102309b2525de4d7748b513787fc3ecc50c13c97654e626571fcdb8a6d96b78af3e6c5bfa95fb0286d8407d9d8d3c867d06c7a1fc4	common_voice_gju_42622102.mp3	3dc5f9531677a4bf4d60c32e714610a1400e598429c3bc64beb834bc18cf2c72	ہوں اجاں اُت وَلا کا ڈیرا کی جا مسیت کول نیہہ پوہچیو تھو		1	0	fourties				gju	
e65a8c3ba525042ceba11e102309b2525de4d7748b513787fc3ecc50c13c97654e626571fcdb8a6d96b78af3e6c5bfa95fb0286d8407d9d8d3c867d06c7a1fc4	common_voice_gju_42622104.mp3	f0d4837d92a12cd9eccb943dac7387b820d0b8c3d2fd06895e74453f629dff3d	یار تیں مچ چر کیو‘‘		1	0	fourties				gju	
e65a8c3ba525042ceba11e102309b2525de4d7748b513787fc3ecc50c13c97654e626571fcdb8a6d96b78af3e6c5bfa95fb0286d8407d9d8d3c867d06c7a1fc4	common_voice_gju_42622107.mp3	ff826057170fbb36523fb726374ae8b5ce40313c06a8890a620d4ddc45dd5da5	میری قسمت چنگی تھی		1	0	fourties				gju	
e65a8c3ba525042ceba11e102309b2525de4d7748b513787fc3ecc50c13c97654e626571fcdb8a6d96b78af3e6c5bfa95fb0286d8407d9d8d3c867d06c7a1fc4	common_voice_gju_42622114.mp3	1a2bc7a2279243065d9bdeeae7602c9aba75997913ead29ded0a8dc8bd3f1b41	پنج کچر بے رُڑ کے مر گئی		1	0	fourties				gju	
e65a8c3ba525042ceba11e102309b2525de4d7748b513787fc3ecc50c13c97654e626571fcdb8a6d96b78af3e6c5bfa95fb0286d8407d9d8d3c867d06c7a1fc4	common_voice_gju_42622115.mp3	e8a572f3532c42dde03b96dbfaecfbf8e04aa4377237d43a7567d9333897f878	کُکڑی انٹڑو ایک دیئے جاتک اپنے اپنے روئے		1	0	fourties				gju	
e65a8c3ba525042ceba11e102309b2525de4d7748b513787fc3ecc50c13c97654e626571fcdb8a6d96b78af3e6c5bfa95fb0286d8407d9d8d3c867d06c7a1fc4	common_voice_gju_42622116.mp3	f37184895e1d00a9788fcaa7936388a18663f7d509ef269d145417be908dd6b9	ہتھ نا چھوڈ کے نس گئی		1	0	fourties				gju	
e65a8c3ba525042ceba11e102309b2525de4d7748b513787fc3ecc50c13c97654e626571fcdb8a6d96b78af3e6c5bfa95fb0286d8407d9d8d3c867d06c7a1fc4	common_voice_gju_42622117.mp3	5ad682edd83db22f344470bea0b2465bb6e1a09156653171b49e1de48088c3d4	اتنا ما کاہڈو ہور اُس اونٹھاں ہاڑا کا سنگی آ گیا		1	0	fourties				gju	
e65a8c3ba525042ceba11e102309b2525de4d7748b513787fc3ecc50c13c97654e626571fcdb8a6d96b78af3e6c5bfa95fb0286d8407d9d8d3c867d06c7a1fc4	common_voice_gju_42622119.mp3	fec95c75f4e36724fd231fe356d4dc10b1d35789cbf166717b7241e08fce24c0	پُلس آیا		1	0	fourties				gju	
e65a8c3ba525042ceba11e102309b2525de4d7748b513787fc3ecc50c13c97654e626571fcdb8a6d96b78af3e6c5bfa95fb0286d8407d9d8d3c867d06c7a1fc4	common_voice_gju_42622217.mp3	ebc30439df8451dbf7148005a76c92bd72bb6a604267a512a09ae14dbf8a811b	ــتم ذرے کھڑا ہونیو		1	0	fourties				gju	
e65a8c3ba525042ceba11e102309b2525de4d7748b513787fc3ecc50c13c97654e626571fcdb8a6d96b78af3e6c5bfa95fb0286d8407d9d8d3c867d06c7a1fc4	common_voice_gju_42622220.mp3	f40b68875145125d8cdc5fcc8bf5b4441c3bd0a05255e7c2f171bbd14de9d49b	ویہ سارا لاری ما چاہڑھ لیا		1	0	fourties				gju	
e65a8c3ba525042ceba11e102309b2525de4d7748b513787fc3ecc50c13c97654e626571fcdb8a6d96b78af3e6c5bfa95fb0286d8407d9d8d3c867d06c7a1fc4	common_voice_gju_42622226.mp3	b045a42b34881ef4661e5b49a5e0b5d68c4f8c5fef28386b11ecab07593067f9	رسیا بسیا		1	0	fourties				gju	
e65a8c3ba525042ceba11e102309b2525de4d7748b513787fc3ecc50c13c97654e626571fcdb8a6d96b78af3e6c5bfa95fb0286d8407d9d8d3c867d06c7a1fc4	common_voice_gju_42622228.mp3	e30d9206821ca19953046796306f8817aef365dc0e748d4012eb14811cff7cff	یہ بر ٹٹویل سترنالہ ما پوہچ گیا		1	0	fourties				gju	
e65a8c3ba525042ceba11e102309b2525de4d7748b513787fc3ecc50c13c97654e626571fcdb8a6d96b78af3e6c5bfa95fb0286d8407d9d8d3c867d06c7a1fc4	common_voice_gju_42622229.mp3	143058d8cc8028a0ac9634aa6f9f341ceadcaa322c3674f74696fba20dc445c9	یہ لوک مُچ بہادر وھے تھا		1	0	fourties				gju	
e65a8c3ba525042ceba11e102309b2525de4d7748b513787fc3ecc50c13c97654e626571fcdb8a6d96b78af3e6c5bfa95fb0286d8407d9d8d3c867d06c7a1fc4	common_voice_gju_42622230.mp3	ceb073542ddd64def17f9d7848b8c140ed1f8643a56cac3844e8dd284cfd30da	کُجاں دھیاڑاں		1	0	fourties				gju	
e65a8c3ba525042ceba11e102309b2525de4d7748b513787fc3ecc50c13c97654e626571fcdb8a6d96b78af3e6c5bfa95fb0286d8407d9d8d3c867d06c7a1fc4	common_voice_gju_42622233.mp3	fa9a16957ac60c84a48ad9529566bd04bd949051cbcf992d0e9b7f4ba02d8704	اَج کل کا اجڑیاں نا پرانا لوکاں کا قضیہ		1	0	fourties				gju	
e65a8c3ba525042ceba11e102309b2525de4d7748b513787fc3ecc50c13c97654e626571fcdb8a6d96b78af3e6c5bfa95fb0286d8407d9d8d3c867d06c7a1fc4	common_voice_gju_42622234.mp3	e5980f204aa8a50b40bf84761ffcb0bb9bc08acc65cb2bf4c5a4b68b8004613b	اُت یہ جا کے مُچ پرشان ہویا		1	0	fourties				gju	
e65a8c3ba525042ceba11e102309b2525de4d7748b513787fc3ecc50c13c97654e626571fcdb8a6d96b78af3e6c5bfa95fb0286d8407d9d8d3c867d06c7a1fc4	common_voice_gju_42622236.mp3	3df5cd2b80124c453b837bf2e8ee8335c0917456fba27a3ff410ef3ab88202a1	دینہا اِنھ نے دواں مھیساں ہاڑو چھوڈیو		1	0	fourties				gju	
e65a8c3ba525042ceba11e102309b2525de4d7748b513787fc3ecc50c13c97654e626571fcdb8a6d96b78af3e6c5bfa95fb0286d8407d9d8d3c867d06c7a1fc4	common_voice_gju_42622237.mp3	cb89388e1a72e15d918ab8f04e5bff6d4e804fd2b5232a6655ed2d7e18e5445c	اگے راہ بند کر چھُڑیو تھو		1	0	fourties				gju	
e65a8c3ba525042ceba11e102309b2525de4d7748b513787fc3ecc50c13c97654e626571fcdb8a6d96b78af3e6c5bfa95fb0286d8407d9d8d3c867d06c7a1fc4	common_voice_gju_42622238.mp3	cc7b5a6a09bc6bfb143e31bdfd8f4ecfc4c9e403b6ecfafdf66fd4183830203a	یہ روتا پِٹتا اُتو ڈیرو لد کے چل گیا		1	0	fourties				gju	
e65a8c3ba525042ceba11e102309b2525de4d7748b513787fc3ecc50c13c97654e626571fcdb8a6d96b78af3e6c5bfa95fb0286d8407d9d8d3c867d06c7a1fc4	common_voice_gju_42622239.mp3	ec5dc75d909767be88e6319acf4286ae4535424b4d1f8c400b4214a272cf20a0	کہن لگا کَدے مھاری ماں جِتی ہوتی		1	0	fourties				gju	
e65a8c3ba525042ceba11e102309b2525de4d7748b513787fc3ecc50c13c97654e626571fcdb8a6d96b78af3e6c5bfa95fb0286d8407d9d8d3c867d06c7a1fc4	common_voice_gju_42622240.mp3	ceefaa72f761288e96cc5aae39fd0832352a3de03a96bd0a567cf825a54a7a0d	اس کا ڈیرا ہالو آ گیو		1	0	fourties				gju	
e65a8c3ba525042ceba11e102309b2525de4d7748b513787fc3ecc50c13c97654e626571fcdb8a6d96b78af3e6c5bfa95fb0286d8407d9d8d3c867d06c7a1fc4	common_voice_gju_42622241.mp3	fbce4bc5724f18ded69a0c8c96e085c04ddd5fd7a8bb2539d961d9ff4478d74c	اس بِجلی کو واز ڈیرے حاجی صاحب نے سن لیو		1	0	fourties				gju	
e65a8c3ba525042ceba11e102309b2525de4d7748b513787fc3ecc50c13c97654e626571fcdb8a6d96b78af3e6c5bfa95fb0286d8407d9d8d3c867d06c7a1fc4	common_voice_gju_42622244.mp3	f624762ac7e801d4f973973d08973759a87f9789ce2039b89cedff65828dcf4b	کیوں جے وہ مُچ بیمار تھو		1	0	fourties				gju	
e65a8c3ba525042ceba11e102309b2525de4d7748b513787fc3ecc50c13c97654e626571fcdb8a6d96b78af3e6c5bfa95fb0286d8407d9d8d3c867d06c7a1fc4	common_voice_gju_42622245.mp3	ea00d354c168b8d147ecf7dae307db5e8d6502230a0f719b71b8e33395cf7483	کاہڈ مولوی یونس کا ڈیرا ہالی بُوئی بی بی ننجوڑی ہو گئی		1	0	fourties				gju	
e65a8c3ba525042ceba11e102309b2525de4d7748b513787fc3ecc50c13c97654e626571fcdb8a6d96b78af3e6c5bfa95fb0286d8407d9d8d3c867d06c7a1fc4	common_voice_gju_42622247.mp3	f91dbb2f26a13f0d9b0e65354e4db8024d91555e7c0b289aef00250a58d1d18e	کَدے رات اِنھ کا ڈیرا پو آن لگ گیو		1	0	fourties				gju	
e65a8c3ba525042ceba11e102309b2525de4d7748b513787fc3ecc50c13c97654e626571fcdb8a6d96b78af3e6c5bfa95fb0286d8407d9d8d3c867d06c7a1fc4	common_voice_gju_42622248.mp3	dc5dac5b86ae0cada970fabd5e28e7c4a07747e84c7e95bb13b9764a6ac2114a	میں کہیو ہوں رات اُت رہوں گو		1	0	fourties				gju	
e65a8c3ba525042ceba11e102309b2525de4d7748b513787fc3ecc50c13c97654e626571fcdb8a6d96b78af3e6c5bfa95fb0286d8407d9d8d3c867d06c7a1fc4	common_voice_gju_42622249.mp3	fc7930b31a5eb4b8a33ab6ba4ac93d311751b32a396add7011997320b7c4fd5a	کیل شوہنٹرہالا ناڑ ما مُڑ گیا		1	0	fourties				gju	
e65a8c3ba525042ceba11e102309b2525de4d7748b513787fc3ecc50c13c97654e626571fcdb8a6d96b78af3e6c5bfa95fb0286d8407d9d8d3c867d06c7a1fc4	common_voice_gju_42622250.mp3	31a4faf2cabda533089e65943a1e6feaaf847fc56797788358ff04cc853e7094	اُت دیو کو مورو تھو		1	0	fourties				gju	
e65a8c3ba525042ceba11e102309b2525de4d7748b513787fc3ecc50c13c97654e626571fcdb8a6d96b78af3e6c5bfa95fb0286d8407d9d8d3c867d06c7a1fc4	common_voice_gju_42622253.mp3	af0bb55c5036ddce0eb1cb75275e5d7ea5af420b83af53ad08b81c2a5cd91a0e	کدے وُہ سوہنو نہ ہوتو یا جوان بے نہ ہوتو		1	0	fourties				gju	
e65a8c3ba525042ceba11e102309b2525de4d7748b513787fc3ecc50c13c97654e626571fcdb8a6d96b78af3e6c5bfa95fb0286d8407d9d8d3c867d06c7a1fc4	common_voice_gju_42622256.mp3	ee244ed622c00d2ab5221708b14f47a2ea3280afa95bf954fde44d7ed9765c7a	اسو ما ڈیرو پَٹ کے گگئی ما آگیا		1	0	fourties				gju	
e65a8c3ba525042ceba11e102309b2525de4d7748b513787fc3ecc50c13c97654e626571fcdb8a6d96b78af3e6c5bfa95fb0286d8407d9d8d3c867d06c7a1fc4	common_voice_gju_42622257.mp3	f82e35e0686f70386363fde3ce0d2fc524e6ae1a28e3e96b97ad647fa07ca22f	اس نے کہیو ہم نے بکری امر ناہٹھ ما چاری تھی		1	0	fourties				gju	
e65a8c3ba525042ceba11e102309b2525de4d7748b513787fc3ecc50c13c97654e626571fcdb8a6d96b78af3e6c5bfa95fb0286d8407d9d8d3c867d06c7a1fc4	common_voice_gju_42622258.mp3	41a4b87091eb2eb002efd49e5730cec3916ab626819f6105fefe139decefe889	وہ تھوڑو مُنڈو تھو		1	0	fourties				gju	
e65a8c3ba525042ceba11e102309b2525de4d7748b513787fc3ecc50c13c97654e626571fcdb8a6d96b78af3e6c5bfa95fb0286d8407d9d8d3c867d06c7a1fc4	common_voice_gju_42622259.mp3	fe70321df3d6f83b49990073d62ea51529a2234c5c99beadc86449dfa4c997c6	شہزادی نے اپنے بسطے الگ محل جوڑ کے وہ جاتک اُس ما رکھ لیو		1	0	fourties				gju	
e65a8c3ba525042ceba11e102309b2525de4d7748b513787fc3ecc50c13c97654e626571fcdb8a6d96b78af3e6c5bfa95fb0286d8407d9d8d3c867d06c7a1fc4	common_voice_gju_42622260.mp3	428e56645a0326f929cdbe5f9d7e6e3d73eb0134ca60343e3f7dfb6b03c46b09	نولکھیا نے بیٹکیاں کی گل نہ منی		1	0	fourties				gju	
e65a8c3ba525042ceba11e102309b2525de4d7748b513787fc3ecc50c13c97654e626571fcdb8a6d96b78af3e6c5bfa95fb0286d8407d9d8d3c867d06c7a1fc4	common_voice_gju_42622264.mp3	fedec7e7ffe9e7c111a6f4fc06c560dfd2a7a28817a5bbdb12094f8d72b333d3	دو گُورا گُو ر ا رِچھ آگیا		1	0	fourties				gju	
e65a8c3ba525042ceba11e102309b2525de4d7748b513787fc3ecc50c13c97654e626571fcdb8a6d96b78af3e6c5bfa95fb0286d8407d9d8d3c867d06c7a1fc4	common_voice_gju_42622271.mp3	eebee76573fed1212287767eac3c3d86a0fe7ac3a9ada2e99fc012bc424c6fd3	نولکھیو ایو		1	0	fourties				gju	
e65a8c3ba525042ceba11e102309b2525de4d7748b513787fc3ecc50c13c97654e626571fcdb8a6d96b78af3e6c5bfa95fb0286d8407d9d8d3c867d06c7a1fc4	common_voice_gju_42622276.mp3	f1a5ef181110357bbd94e76405f53d928ad55a06a94479eb221a475e1ac417e2	اِن نے مال		1	0	fourties				gju	
e65a8c3ba525042ceba11e102309b2525de4d7748b513787fc3ecc50c13c97654e626571fcdb8a6d96b78af3e6c5bfa95fb0286d8407d9d8d3c867d06c7a1fc4	common_voice_gju_42622277.mp3	9ec1bd10c704d695544dc52b3f63307afae1d0fca69014477b58bb8c51e83c99	اِ ن نے وہ مریض جنو مظفرآباد نا پوہچایو		1	0	fourties				gju	
e65a8c3ba525042ceba11e102309b2525de4d7748b513787fc3ecc50c13c97654e626571fcdb8a6d96b78af3e6c5bfa95fb0286d8407d9d8d3c867d06c7a1fc4	common_voice_gju_42622282.mp3	9d3a8829519a8bd619c45696fdd83fb7e75a874af1cc17e2f1d7b55f286cda45	یہ لوک ایک سال سیال ما کالا چِٹا پہاڑ ما رہیا		1	0	fourties				gju	
e65a8c3ba525042ceba11e102309b2525de4d7748b513787fc3ecc50c13c97654e626571fcdb8a6d96b78af3e6c5bfa95fb0286d8407d9d8d3c867d06c7a1fc4	common_voice_gju_42622283.mp3	8c5334d82555cbeb84b1166db92a0ef703d84cb29c8048cc042850bfbe5a43dd	کھاگئی زَہر اِکا بکر ی		1	0	fourties				gju	
e65a8c3ba525042ceba11e102309b2525de4d7748b513787fc3ecc50c13c97654e626571fcdb8a6d96b78af3e6c5bfa95fb0286d8407d9d8d3c867d06c7a1fc4	common_voice_gju_42622287.mp3	f372d41b63425962fc39dcaf35e0e577f5b111953ce1f3b15008c99ac36412bf	ستارموواقعو		1	0	fourties				gju	
e65a8c3ba525042ceba11e102309b2525de4d7748b513787fc3ecc50c13c97654e626571fcdb8a6d96b78af3e6c5bfa95fb0286d8407d9d8d3c867d06c7a1fc4	common_voice_gju_42622290.mp3	e9f7b0e0d2d6fb497c32fc355e5d6e93b39a9f71e84a1e6a8b4de91b3f24234c	نو لکھیا نا کہن لگا		1	0	fourties				gju	
e65a8c3ba525042ceba11e102309b2525de4d7748b513787fc3ecc50c13c97654e626571fcdb8a6d96b78af3e6c5bfa95fb0286d8407d9d8d3c867d06c7a1fc4	common_voice_gju_42622293.mp3	31dafaa6faef3e4eb78b49844285ac2e1ca2be3c4cbce511978e9f9aa2030bf2	ست پانی کی آنی		1	0	fourties				gju	
e65a8c3ba525042ceba11e102309b2525de4d7748b513787fc3ecc50c13c97654e626571fcdb8a6d96b78af3e6c5bfa95fb0286d8407d9d8d3c867d06c7a1fc4	common_voice_gju_42622294.mp3	005aa8c5f786a3d64c881a1515b4db1c7fc8225d8786f9ed7f1ce54f91a04c12	سارا جوان رُڑیا وا ادمیاں نا ڈھُونڈن واسطے مُڑیا		1	0	fourties				gju	
e65a8c3ba525042ceba11e102309b2525de4d7748b513787fc3ecc50c13c97654e626571fcdb8a6d96b78af3e6c5bfa95fb0286d8407d9d8d3c867d06c7a1fc4	common_voice_gju_42622296.mp3	02e93cc00bbe382346093ad6f331023765be6d67cf05641b9d68340299e0a855	حاجی نزیر بانیا		1	0	fourties				gju	
e65a8c3ba525042ceba11e102309b2525de4d7748b513787fc3ecc50c13c97654e626571fcdb8a6d96b78af3e6c5bfa95fb0286d8407d9d8d3c867d06c7a1fc4	common_voice_gju_42622297.mp3	cd5c1a3a92589d027cbbfbb96b337f0200132a5f8b6915d7029a6a9185e7ce92	پین کو سامان لیو۔		1	0	fourties				gju	
e65a8c3ba525042ceba11e102309b2525de4d7748b513787fc3ecc50c13c97654e626571fcdb8a6d96b78af3e6c5bfa95fb0286d8407d9d8d3c867d06c7a1fc4	common_voice_gju_42622303.mp3	ebe22ed79089cd42e0a04fe0153af391e54d30b14a7e02671e28ccdb057c776a	بغیر کسے نا پتو نیہہ تھو		1	0	fourties				gju	
e65a8c3ba525042ceba11e102309b2525de4d7748b513787fc3ecc50c13c97654e626571fcdb8a6d96b78af3e6c5bfa95fb0286d8407d9d8d3c867d06c7a1fc4	common_voice_gju_42622309.mp3	e8f80799c1161af2240e0ee84347e5925a8701d66b2f5df45731f2a3a0a32451	بیٹکی کا ہتھ کمے تھا۔		1	0	fourties				gju	
e65a8c3ba525042ceba11e102309b2525de4d7748b513787fc3ecc50c13c97654e626571fcdb8a6d96b78af3e6c5bfa95fb0286d8407d9d8d3c867d06c7a1fc4	common_voice_gju_42622313.mp3	eed7f2f5890ce4efb98a1c675d94e19f553ec52d9646bc44ef89ffc72b4fd76a	یہ لوک تمبواں ما سُتا وا تھا		1	0	fourties				gju	
e65a8c3ba525042ceba11e102309b2525de4d7748b513787fc3ecc50c13c97654e626571fcdb8a6d96b78af3e6c5bfa95fb0286d8407d9d8d3c867d06c7a1fc4	common_voice_gju_42622314.mp3	f9497e6edd9effddf3f2197a725510677dd5011684d7d723b545e8b9d9213cc5	کھجور بے چا لیا جے کدے روجا کو ٹیم ہو گیو		1	0	fourties				gju	
e65a8c3ba525042ceba11e102309b2525de4d7748b513787fc3ecc50c13c97654e626571fcdb8a6d96b78af3e6c5bfa95fb0286d8407d9d8d3c867d06c7a1fc4	common_voice_gju_42622315.mp3	0e9e745eaebbcd978006843b1b1b06bc109bfdae377f3a37f99715510e1d12ca	ایک جاتک میرے کاہڈ آئے لگو		1	0	fourties				gju	
e65a8c3ba525042ceba11e102309b2525de4d7748b513787fc3ecc50c13c97654e626571fcdb8a6d96b78af3e6c5bfa95fb0286d8407d9d8d3c867d06c7a1fc4	common_voice_gju_42622319.mp3	caeb2033fd0ea866a6171c96fd0076d157b3a3408409aecb91b7fdc7ef0f059c	یاہ گل سن کے رچھ ایک دم نس گیو		1	0	fourties				gju	
e65a8c3ba525042ceba11e102309b2525de4d7748b513787fc3ecc50c13c97654e626571fcdb8a6d96b78af3e6c5bfa95fb0286d8407d9d8d3c867d06c7a1fc4	common_voice_gju_42622321.mp3	eff92f265c5e97879fdb42e9397c21eebea367a403b7cc74a4b2a13769ef1bd3	نولکھیو سوچن لگو جی واقعی یہ جنا میرے		1	0	fourties				gju	
e65a8c3ba525042ceba11e102309b2525de4d7748b513787fc3ecc50c13c97654e626571fcdb8a6d96b78af3e6c5bfa95fb0286d8407d9d8d3c867d06c7a1fc4	common_voice_gju_42622323.mp3	e635c0156212b47ee34dffc08189ee37030c9781f0272336a69ea3e4713d118a	اَگا		1	0	fourties				gju	
e65a8c3ba525042ceba11e102309b2525de4d7748b513787fc3ecc50c13c97654e626571fcdb8a6d96b78af3e6c5bfa95fb0286d8407d9d8d3c867d06c7a1fc4	common_voice_gju_42622328.mp3	ef7a12250f012a35e568480f6c2e139c3ecf89e313b0612482cb27c944db7493	جنا نے سمجھیو جی انٹڑا کے بِچو بچڑو نکڑ کے نس گیو		1	0	fourties				gju	
e65a8c3ba525042ceba11e102309b2525de4d7748b513787fc3ecc50c13c97654e626571fcdb8a6d96b78af3e6c5bfa95fb0286d8407d9d8d3c867d06c7a1fc4	common_voice_gju_42622330.mp3	dc5c9bb7a6e54cbf3e9de291a193f3077c292b8a73bc3545bcac7ea15e9e6b18	ایک سال اس کو ڈیرو سیال جہلم کا دیس نِلی تَل جَبہ ما رہیو		1	0	fourties				gju	
e65a8c3ba525042ceba11e102309b2525de4d7748b513787fc3ecc50c13c97654e626571fcdb8a6d96b78af3e6c5bfa95fb0286d8407d9d8d3c867d06c7a1fc4	common_voice_gju_42622331.mp3	3b1af80f0849f41c96474dd64ae09ab89abf53687781a1bb1e2ea970c62a3022	میرو حصو بے نکھیڑ کے دے		1	0	fourties				gju	
e65a8c3ba525042ceba11e102309b2525de4d7748b513787fc3ecc50c13c97654e626571fcdb8a6d96b78af3e6c5bfa95fb0286d8407d9d8d3c867d06c7a1fc4	common_voice_gju_42622334.mp3	d4c9520cd14f6cb120c84741d269d735a05703d053dac53d63d1cda12f9fa293	دُعا		1	0	fourties				gju	
e65a8c3ba525042ceba11e102309b2525de4d7748b513787fc3ecc50c13c97654e626571fcdb8a6d96b78af3e6c5bfa95fb0286d8407d9d8d3c867d06c7a1fc4	common_voice_gju_42622338.mp3	d96fa46530c6413300880f541476ecc963333016ad86fc40551b3eff93d209aa	ہوں گراں کا اِکے سکول ما پڑھوں تھی		1	0	fourties				gju	
e65a8c3ba525042ceba11e102309b2525de4d7748b513787fc3ecc50c13c97654e626571fcdb8a6d96b78af3e6c5bfa95fb0286d8407d9d8d3c867d06c7a1fc4	common_voice_gju_42622339.mp3	52989a9d28e8760f4632ca6dbc1a9c818b3679f68de987446c8db87f5eeb26f2	اس کا دو منہ تھا		1	0	fourties				gju	
e65a8c3ba525042ceba11e102309b2525de4d7748b513787fc3ecc50c13c97654e626571fcdb8a6d96b78af3e6c5bfa95fb0286d8407d9d8d3c867d06c7a1fc4	common_voice_gju_42622340.mp3	f72752530d7abbb79e924a32218592269ae354ece1bd9dfc1101512d957ac54f	ویہ سو گیا		1	0	fourties				gju	
e65a8c3ba525042ceba11e102309b2525de4d7748b513787fc3ecc50c13c97654e626571fcdb8a6d96b78af3e6c5bfa95fb0286d8407d9d8d3c867d06c7a1fc4	common_voice_gju_42622342.mp3	60ef2f3cf1ea95546eae76a49bba25e72f58028a04300bd35393222f86b59592	ٹقلا ماریں تھا		1	0	fourties				gju	
e65a8c3ba525042ceba11e102309b2525de4d7748b513787fc3ecc50c13c97654e626571fcdb8a6d96b78af3e6c5bfa95fb0286d8407d9d8d3c867d06c7a1fc4	common_voice_gju_42622343.mp3	875d53950ac65d76eed547c001fcda05a4e65171118a2fd39266d44374e39166	وہ سپ ذر کی سیلی جُڑ گی ہے		1	0	fourties				gju	
e65a8c3ba525042ceba11e102309b2525de4d7748b513787fc3ecc50c13c97654e626571fcdb8a6d96b78af3e6c5bfa95fb0286d8407d9d8d3c867d06c7a1fc4	common_voice_gju_42622344.mp3	bd340b5f6ab36afd17f47e175792f5eaa22428e0e4556a21c74bfa7ba9aea9d4	نماز کو وخت ہونو		1	0	fourties				gju	
e65a8c3ba525042ceba11e102309b2525de4d7748b513787fc3ecc50c13c97654e626571fcdb8a6d96b78af3e6c5bfa95fb0286d8407d9d8d3c867d06c7a1fc4	common_voice_gju_42622345.mp3	e7bb7befa53f525fd8f3fee06810b2724a2b819861c9ece016fa2a672c6bfa70	دراوا کو سفر بڑو مشکل ہوئے اس واسطے ان نے سودو شودو لیو		1	0	fourties				gju	
e65a8c3ba525042ceba11e102309b2525de4d7748b513787fc3ecc50c13c97654e626571fcdb8a6d96b78af3e6c5bfa95fb0286d8407d9d8d3c867d06c7a1fc4	common_voice_gju_42622347.mp3	1adce32e2bdd9ed530c348f3c9400690967a8b60cb193556d998d6d31ff58f63	رات اِن نے مال شال بٹلو کر کہ ایک پڑی جئی کے ہیٹھ اگ بال کے روٹی پکائی		1	0	fourties				gju	
e65a8c3ba525042ceba11e102309b2525de4d7748b513787fc3ecc50c13c97654e626571fcdb8a6d96b78af3e6c5bfa95fb0286d8407d9d8d3c867d06c7a1fc4	common_voice_gju_42622354.mp3	f4cdec109235790279b0dd5160953922030bd1b49419064b251b319a37ce4ad2	کُجھ عرصو گزریو		1	0	fourties				gju	
e65a8c3ba525042ceba11e102309b2525de4d7748b513787fc3ecc50c13c97654e626571fcdb8a6d96b78af3e6c5bfa95fb0286d8407d9d8d3c867d06c7a1fc4	common_voice_gju_42622360.mp3	e0c592fee77674df861613e2ba12e7b56f222e94c826ae3c046ef3fad265a117	بھی بچڑا ماں نا کہن لگا		1	0	fourties				gju	
e65a8c3ba525042ceba11e102309b2525de4d7748b513787fc3ecc50c13c97654e626571fcdb8a6d96b78af3e6c5bfa95fb0286d8407d9d8d3c867d06c7a1fc4	common_voice_gju_42622362.mp3	bbbda623f21745ce2fda1e63e17168c40d723f95f0c216363d5d61f94a46adc2	محمد قاسم نزیر بانیو		1	0	fourties				gju	
e65a8c3ba525042ceba11e102309b2525de4d7748b513787fc3ecc50c13c97654e626571fcdb8a6d96b78af3e6c5bfa95fb0286d8407d9d8d3c867d06c7a1fc4	common_voice_gju_42622366.mp3	ee93fe5ad3741355d83affc75f685d3c970e581208b0149446ae36956ee6f232	بانیا بلادری کا لوک مولوی بنیامین کولے گیا		1	0	fourties				gju	
e65a8c3ba525042ceba11e102309b2525de4d7748b513787fc3ecc50c13c97654e626571fcdb8a6d96b78af3e6c5bfa95fb0286d8407d9d8d3c867d06c7a1fc4	common_voice_gju_42622367.mp3	a3c00596ad4c08f224e45b0eca1a09d7e537bc0da376cdaf01331b56b0a5e6ce	تیرو کائے کم ہے		1	0	fourties				gju	
e65a8c3ba525042ceba11e102309b2525de4d7748b513787fc3ecc50c13c97654e626571fcdb8a6d96b78af3e6c5bfa95fb0286d8407d9d8d3c867d06c7a1fc4	common_voice_gju_42622368.mp3	50690d2d5216579dcdf8d2c2d271201503b906166d5831e7fbc25a7dc958f28f	توہ کِتوں ایو ہے		1	0	fourties				gju	
e65a8c3ba525042ceba11e102309b2525de4d7748b513787fc3ecc50c13c97654e626571fcdb8a6d96b78af3e6c5bfa95fb0286d8407d9d8d3c867d06c7a1fc4	common_voice_gju_42622370.mp3	197c7f33940ef2373485c6fcf07050cf526188a7c1f4974b504541ad42d3be41	اس جاتک نا کوئی ظالم سَٹ کے جا رہیو		1	0	fourties				gju	
e65a8c3ba525042ceba11e102309b2525de4d7748b513787fc3ecc50c13c97654e626571fcdb8a6d96b78af3e6c5bfa95fb0286d8407d9d8d3c867d06c7a1fc4	common_voice_gju_42622372.mp3	f7d93584b91a08018604676e48661322650ff8bedd92b0203c5d219c532e1ba4	خالق نے اُٹھ کے اپنا نال کی سیٹ پو ویہ جاتک بیٹکی بسال چھُڑیا		1	0	fourties				gju	
e65a8c3ba525042ceba11e102309b2525de4d7748b513787fc3ecc50c13c97654e626571fcdb8a6d96b78af3e6c5bfa95fb0286d8407d9d8d3c867d06c7a1fc4	common_voice_gju_42622373.mp3	60621e159ed95be5579c36a41cdd5987e7f29db36fa9abcb9bb968cc89466fd9	کِت بادشاہ کا نوکراں نے سارا لوکاں ما ڈیٹھو		1	0	fourties				gju	
e65a8c3ba525042ceba11e102309b2525de4d7748b513787fc3ecc50c13c97654e626571fcdb8a6d96b78af3e6c5bfa95fb0286d8407d9d8d3c867d06c7a1fc4	common_voice_gju_42622378.mp3	f8d4fcc3dfdcbe9a75b54d71579e5991e53e9f76f1b3b286df715ae88bd0353e	جاتک کھیڈے تھا		1	0	fourties				gju	
e65a8c3ba525042ceba11e102309b2525de4d7748b513787fc3ecc50c13c97654e626571fcdb8a6d96b78af3e6c5bfa95fb0286d8407d9d8d3c867d06c7a1fc4	common_voice_gju_42622379.mp3	d5881ff80796fc26c56824001c07afae15650e08a96fa7d89e34438444d8a69d	ایک جا		1	0	fourties				gju	
e65a8c3ba525042ceba11e102309b2525de4d7748b513787fc3ecc50c13c97654e626571fcdb8a6d96b78af3e6c5bfa95fb0286d8407d9d8d3c867d06c7a1fc4	common_voice_gju_42622381.mp3	6d4cb9b7bd5fe7d662720016b8004723de60561fe71a112c8ebba7d082863752	تیجی گل یاہ ہے جی بدچال دھیانی کے ڈیرے رات نہ کرینے بھانوے تیری سکی بہن بی ہونڈے‘‘		1	0	fourties				gju	
e65a8c3ba525042ceba11e102309b2525de4d7748b513787fc3ecc50c13c97654e626571fcdb8a6d96b78af3e6c5bfa95fb0286d8407d9d8d3c867d06c7a1fc4	common_voice_gju_42622382.mp3	f10d53c955b450e07fb95f2e756e1a1bb4da1624158a4370e3860e209c22f7d5	کَٹھا کے		1	0	fourties				gju	
e65a8c3ba525042ceba11e102309b2525de4d7748b513787fc3ecc50c13c97654e626571fcdb8a6d96b78af3e6c5bfa95fb0286d8407d9d8d3c867d06c7a1fc4	common_voice_gju_42622387.mp3	fe4e500f4cef9cae808f7c476acf263e6760ddb510bc0a205a027245aea8deab	اجڑی لوکاں کے نال یوہ مُچ بڑو افسوس ناک واقعو پیش آیو		1	0	fourties				gju	
e65a8c3ba525042ceba11e102309b2525de4d7748b513787fc3ecc50c13c97654e626571fcdb8a6d96b78af3e6c5bfa95fb0286d8407d9d8d3c867d06c7a1fc4	common_voice_gju_42622388.mp3	b31626eb94d70a8cbe05904b6e1d91a96e2a0aaea61e8c60d0034082c57b3353	میرے لائق کائے خذمت ہے		1	0	fourties				gju	
e65a8c3ba525042ceba11e102309b2525de4d7748b513787fc3ecc50c13c97654e626571fcdb8a6d96b78af3e6c5bfa95fb0286d8407d9d8d3c867d06c7a1fc4	common_voice_gju_42622389.mp3	66744a621c6f40d78344e9c0a11be9117dcc08e5208d3def857888d6ee47bccf	ایک دھیاڑی اُ س بیٹکی نے اپنا جنا نا کہیو توہ مُل کو ایک گھوڑو لے اُس پو ہم سامان لد کے ہم تہنا پِچھاں چلاں		1	0	fourties				gju	
e65a8c3ba525042ceba11e102309b2525de4d7748b513787fc3ecc50c13c97654e626571fcdb8a6d96b78af3e6c5bfa95fb0286d8407d9d8d3c867d06c7a1fc4	common_voice_gju_42622390.mp3	11742ccf5c9cdaa2e914dbd5e5168e814d4867902e116c5db3db76ae2981969b	اُسے دھیاڑے میری دوستیانی آ گئی وَہ ہسے لگی تھی آتاں نال ہی اُس نے ہوں گل نال لا لئی		1	0	fourties				gju	
e65a8c3ba525042ceba11e102309b2525de4d7748b513787fc3ecc50c13c97654e626571fcdb8a6d96b78af3e6c5bfa95fb0286d8407d9d8d3c867d06c7a1fc4	common_voice_gju_42622392.mp3	fbe6f1057e5f797b4de0217b98cfc0e2e799f3c20a95f17bcf0b116af11f0833	مُچ زیادہ بارش کے نال دیس سارو رُڑ گیو		1	0	fourties				gju	
e65a8c3ba525042ceba11e102309b2525de4d7748b513787fc3ecc50c13c97654e626571fcdb8a6d96b78af3e6c5bfa95fb0286d8407d9d8d3c867d06c7a1fc4	common_voice_gju_42622393.mp3	2932775ea1c45d79516f72607eb870372a56f04671352f204de0299b625aa221	دینہا ہم دوجا نا چھوڈا ں گا		1	0	fourties				gju	
e65a8c3ba525042ceba11e102309b2525de4d7748b513787fc3ecc50c13c97654e626571fcdb8a6d96b78af3e6c5bfa95fb0286d8407d9d8d3c867d06c7a1fc4	common_voice_gju_42622394.mp3	e5b39bc3f01a2c9fe7ba7a69045c3e387e77c7e460a10260da78c3044deb8c8c	وہ مُڑ کے ڈیرے اَیو		1	0	fourties				gju	
e65a8c3ba525042ceba11e102309b2525de4d7748b513787fc3ecc50c13c97654e626571fcdb8a6d96b78af3e6c5bfa95fb0286d8407d9d8d3c867d06c7a1fc4	common_voice_gju_42622395.mp3	f5fa61cfc59b76004763f6e1ee491511e37bbd41af5b94ff9c2f5f8f25c6c2b2	باقی مال کو کوئی پتو نیہہ تھو لوکاں کولے کھان پین کو سامان بے مُک گیو تھو		1	0	fourties				gju	
e65a8c3ba525042ceba11e102309b2525de4d7748b513787fc3ecc50c13c97654e626571fcdb8a6d96b78af3e6c5bfa95fb0286d8407d9d8d3c867d06c7a1fc4	common_voice_gju_42622396.mp3	ec42e5eee8fe270b989689eb846d05efe8d62fb16b5d486d4be9d8c0ddf761e3	مَدھ کوئی نیہہ‘‘		1	0	fourties				gju	
e65a8c3ba525042ceba11e102309b2525de4d7748b513787fc3ecc50c13c97654e626571fcdb8a6d96b78af3e6c5bfa95fb0286d8407d9d8d3c867d06c7a1fc4	common_voice_gju_42622397.mp3	f5d8628f6bc67cd9569a93164d0e218792c2017184a90f96d4e7c9fcd1a18fde	مھار ا ڈیرا کی حالت ہچھی ہو جائے گی		1	0	fourties				gju	
e65a8c3ba525042ceba11e102309b2525de4d7748b513787fc3ecc50c13c97654e626571fcdb8a6d96b78af3e6c5bfa95fb0286d8407d9d8d3c867d06c7a1fc4	common_voice_gju_42637545.mp3	f479442798d0b5277e315aa43f9ba41fa4467212ae7334d04d9b1c849dbb5ffd	دیو کو لک کپ چھوڈیو		1	0	fourties				gju	
e65a8c3ba525042ceba11e102309b2525de4d7748b513787fc3ecc50c13c97654e626571fcdb8a6d96b78af3e6c5bfa95fb0286d8407d9d8d3c867d06c7a1fc4	common_voice_gju_42637547.mp3	fc3e3937a2128d0ee13f1b296d6986fffac3ace140948f93f6cdc3d34b3ffb5e	اپنے پو پھوکتو رہیو		1	0	fourties				gju	
e65a8c3ba525042ceba11e102309b2525de4d7748b513787fc3ecc50c13c97654e626571fcdb8a6d96b78af3e6c5bfa95fb0286d8407d9d8d3c867d06c7a1fc4	common_voice_gju_42637548.mp3	e084c9e604a7f4f624e8db57c2b1ef9dd12032bd231b66277477eeb692020e62	اس کا جنا نا ہتھکڑی لا کے تھانے لے گیا		1	0	fourties				gju	
e65a8c3ba525042ceba11e102309b2525de4d7748b513787fc3ecc50c13c97654e626571fcdb8a6d96b78af3e6c5bfa95fb0286d8407d9d8d3c867d06c7a1fc4	common_voice_gju_42637552.mp3	d14341b6678196bb47c8c1a3b482b19359d5ae6f5e23c95ec8158acacca3f4ea	اُت دیکھیو		1	0	fourties				gju	
e65a8c3ba525042ceba11e102309b2525de4d7748b513787fc3ecc50c13c97654e626571fcdb8a6d96b78af3e6c5bfa95fb0286d8407d9d8d3c867d06c7a1fc4	common_voice_gju_42637553.mp3	fd61cd6bd64411d8fa380ea5b8259b58edf81257bce5b62247564357bca9138b	بھارواں نا ڈھُونڈن واسطے جا رہیو		1	0	fourties				gju	
e65a8c3ba525042ceba11e102309b2525de4d7748b513787fc3ecc50c13c97654e626571fcdb8a6d96b78af3e6c5bfa95fb0286d8407d9d8d3c867d06c7a1fc4	common_voice_gju_42637556.mp3	f3f056f0801e4a70f50444e8dc234161f325167c540962869283f39c55cec632	بِساکھ ما ڈیرو پَٹیو		1	0	fourties				gju	
e65a8c3ba525042ceba11e102309b2525de4d7748b513787fc3ecc50c13c97654e626571fcdb8a6d96b78af3e6c5bfa95fb0286d8407d9d8d3c867d06c7a1fc4	common_voice_gju_42637564.mp3	eecec720000aae1222c87c51e1fca3c222b3e619605bbf936f994fc47a3df87c	ماں نے تپوس کیو		1	0	fourties				gju	
e65a8c3ba525042ceba11e102309b2525de4d7748b513787fc3ecc50c13c97654e626571fcdb8a6d96b78af3e6c5bfa95fb0286d8407d9d8d3c867d06c7a1fc4	common_voice_gju_42637565.mp3	8ec2e5fb6ddf929dd24c56dd6ec9b2168b9556add5dc6bb2e5d12329aaafa991	بھی ہوں رب کے حکم ناڑ تنا اپر چاڑھوں گی‘ ‘		1	0	fourties				gju	
e65a8c3ba525042ceba11e102309b2525de4d7748b513787fc3ecc50c13c97654e626571fcdb8a6d96b78af3e6c5bfa95fb0286d8407d9d8d3c867d06c7a1fc4	common_voice_gju_42637566.mp3	f5b72da011833b2f938f4b8be1f08c32f8cc6c4bbd4276812d71be3e3ab26bc9	کی لڑائی ہوئے گی		1	0	fourties				gju	
e65a8c3ba525042ceba11e102309b2525de4d7748b513787fc3ecc50c13c97654e626571fcdb8a6d96b78af3e6c5bfa95fb0286d8407d9d8d3c867d06c7a1fc4	common_voice_gju_42637567.mp3	bddcde8c3e9340efdfe548d0bea989345fc215f3610402bc27bf50e991f6a559	میرو بھائی ہے‘‘		1	0	fourties				gju	
e65a8c3ba525042ceba11e102309b2525de4d7748b513787fc3ecc50c13c97654e626571fcdb8a6d96b78af3e6c5bfa95fb0286d8407d9d8d3c867d06c7a1fc4	common_voice_gju_42637571.mp3	e74b1a65959d767f8c023ad1e532a96a260e5c71bae9d6f09dac09f5405bb68e	ویہ چلم چوکی پوہچیا		1	0	fourties				gju	
e65a8c3ba525042ceba11e102309b2525de4d7748b513787fc3ecc50c13c97654e626571fcdb8a6d96b78af3e6c5bfa95fb0286d8407d9d8d3c867d06c7a1fc4	common_voice_gju_42637576.mp3	5fd499a9c300ff1792ec6bf77b8a06f86cfb66fae50cba2c42f86ff42e5cf6dc	منا نیند آگئی تھی ہوں سو رہیو تھو‘‘		1	0	fourties				gju	
e65a8c3ba525042ceba11e102309b2525de4d7748b513787fc3ecc50c13c97654e626571fcdb8a6d96b78af3e6c5bfa95fb0286d8407d9d8d3c867d06c7a1fc4	common_voice_gju_42637587.mp3	28c333ff48fde10c6f78bee32da8c05fd7f8f9e59b3b5d68f553e65dab9e2c3a	دریا ما جا لگی بارہ آدمیاں بِچوں چھ مر گیا		1	0	fourties				gju	
e65a8c3ba525042ceba11e102309b2525de4d7748b513787fc3ecc50c13c97654e626571fcdb8a6d96b78af3e6c5bfa95fb0286d8407d9d8d3c867d06c7a1fc4	common_voice_gju_42637589.mp3	f05327b6ea0fb92a7094bab287e48c6f445be73239147c7739edbb2bba1fbfc8	ڈاکٹر نے اس نا دیکھیو		1	0	fourties				gju	
e65a8c3ba525042ceba11e102309b2525de4d7748b513787fc3ecc50c13c97654e626571fcdb8a6d96b78af3e6c5bfa95fb0286d8407d9d8d3c867d06c7a1fc4	common_voice_gju_42637591.mp3	368a090364c3c29907cec1c6599a2e38381da3315bbe9952a990f4b736b0f98a	یوہ واقعو کاگان ما ایک اجڑی جنا نال پیش آیو		1	0	fourties				gju	
e65a8c3ba525042ceba11e102309b2525de4d7748b513787fc3ecc50c13c97654e626571fcdb8a6d96b78af3e6c5bfa95fb0286d8407d9d8d3c867d06c7a1fc4	common_voice_gju_42637602.mp3	fe94ffc4c9d071c0cef89485ea9df06a3697e3ec4100acfa6830eeaec36e2572	اُس پٹھان کی ایک ٹنگ ایک گھوڑا ناڑ بَدھی		1	0	fourties				gju	
e65a8c3ba525042ceba11e102309b2525de4d7748b513787fc3ecc50c13c97654e626571fcdb8a6d96b78af3e6c5bfa95fb0286d8407d9d8d3c867d06c7a1fc4	common_voice_gju_42637603.mp3	e3c09ec70ef9e8e364c5e40d418ea4c9dce64a66fcea5a9484d5e9cc69fed0d7	سو رُپیو دُکاندار نا		1	0	fourties				gju	
e65a8c3ba525042ceba11e102309b2525de4d7748b513787fc3ecc50c13c97654e626571fcdb8a6d96b78af3e6c5bfa95fb0286d8407d9d8d3c867d06c7a1fc4	common_voice_gju_42637627.mp3	364eedd72b7ab76a1a01e4d618bc8cd4d380c6bef170df68050181a101533a83	ان کے نال ایک ہور جنو تھو جس کو ناں علم دین تھو		1	0	fourties				gju	
e65a8c3ba525042ceba11e102309b2525de4d7748b513787fc3ecc50c13c97654e626571fcdb8a6d96b78af3e6c5bfa95fb0286d8407d9d8d3c867d06c7a1fc4	common_voice_gju_42637629.mp3	25fa05abf713906c71e2212b9b9002d4fb8c1fdd4a528ca160afa71c93d0db63	اُتو آ گیو باقی سارا لوک اجاں اُ		1	0	fourties				gju	
e65a8c3ba525042ceba11e102309b2525de4d7748b513787fc3ecc50c13c97654e626571fcdb8a6d96b78af3e6c5bfa95fb0286d8407d9d8d3c867d06c7a1fc4	common_voice_gju_42637632.mp3	947322246aebb0f3f7f6577767015174074f09fdd6b70b9e36d292a4daf84f66	خاص چیزاں کا ناں		1	0	fourties				gju	
e65a8c3ba525042ceba11e102309b2525de4d7748b513787fc3ecc50c13c97654e626571fcdb8a6d96b78af3e6c5bfa95fb0286d8407d9d8d3c867d06c7a1fc4	common_voice_gju_42637633.mp3	a6c2f59d81159a920eb04c3b2676d7ab52694f155de1ab850d208148a20d712b	ہوں نوئی بوہٹی		1	0	fourties				gju	
e65a8c3ba525042ceba11e102309b2525de4d7748b513787fc3ecc50c13c97654e626571fcdb8a6d96b78af3e6c5bfa95fb0286d8407d9d8d3c867d06c7a1fc4	common_voice_gju_42637634.mp3	f7273b75cf60ccde2a7bd76421ffacf2ed1937c0701ab7e12ee13ce4d33c127f	منا موتن آ گیو ہے		1	0	fourties				gju	
e65a8c3ba525042ceba11e102309b2525de4d7748b513787fc3ecc50c13c97654e626571fcdb8a6d96b78af3e6c5bfa95fb0286d8407d9d8d3c867d06c7a1fc4	common_voice_gju_42637635.mp3	df71017d3131dac17b5bd1afea6d14efc5660873a22fac39d71e998773f739b8	محروم ہو جائے		1	0	fourties				gju	
e65a8c3ba525042ceba11e102309b2525de4d7748b513787fc3ecc50c13c97654e626571fcdb8a6d96b78af3e6c5bfa95fb0286d8407d9d8d3c867d06c7a1fc4	common_voice_gju_42637637.mp3	bef08004bc6b663cc22c0e7b790e3e01e1c1d417ab841e07eeaf8aec999a564b	اِ ن نے گڈی کری		1	0	fourties				gju	
e65a8c3ba525042ceba11e102309b2525de4d7748b513787fc3ecc50c13c97654e626571fcdb8a6d96b78af3e6c5bfa95fb0286d8407d9d8d3c867d06c7a1fc4	common_voice_gju_42637638.mp3	f8f5d1070939531e7b087a14dab21165899bb73452d24182bc1925768aae1cd1	یوہ جنو		1	0	fourties				gju	
e65a8c3ba525042ceba11e102309b2525de4d7748b513787fc3ecc50c13c97654e626571fcdb8a6d96b78af3e6c5bfa95fb0286d8407d9d8d3c867d06c7a1fc4	common_voice_gju_42637641.mp3	eb5d6b8fd9bdd6e9a1a0cfbe71dfff44b25b5d0d79b3dd6c710ef32430477fb8	یہ لوک اُنھ کا چنگا کماں		1	0	fourties				gju	
e65a8c3ba525042ceba11e102309b2525de4d7748b513787fc3ecc50c13c97654e626571fcdb8a6d96b78af3e6c5bfa95fb0286d8407d9d8d3c867d06c7a1fc4	common_voice_gju_42637643.mp3	ecc27463561ff85217a673d358b031ff733abca258fb8a1fe84f7556cb47ca97	کاہڈو بکری بے پوہچ گئی		1	0	fourties				gju	
e65a8c3ba525042ceba11e102309b2525de4d7748b513787fc3ecc50c13c97654e626571fcdb8a6d96b78af3e6c5bfa95fb0286d8407d9d8d3c867d06c7a1fc4	common_voice_gju_42637650.mp3	f1e083e2c3fc3b90427ec844495b546bbc608f108f44b2cd5c5533536001301e	اِت کِ		1	0	fourties				gju	
e65a8c3ba525042ceba11e102309b2525de4d7748b513787fc3ecc50c13c97654e626571fcdb8a6d96b78af3e6c5bfa95fb0286d8407d9d8d3c867d06c7a1fc4	common_voice_gju_42637651.mp3	edf0c7afed255f968e0c92b905df0a02d0e4a81bc22941cdee4cff8daaf780fd	ساراں تیں آخر اپر مہارا نبی حضرت محمدﷺ آٰیا۔		1	0	fourties				gju	
e65a8c3ba525042ceba11e102309b2525de4d7748b513787fc3ecc50c13c97654e626571fcdb8a6d96b78af3e6c5bfa95fb0286d8407d9d8d3c867d06c7a1fc4	common_voice_gju_42637654.mp3	56711cf858355c360fac040d3c3b8774e0177a8e22fa4bc01ea8a19d757cc711	مچ سُک گئی تھی		1	0	fourties				gju	
e65a8c3ba525042ceba11e102309b2525de4d7748b513787fc3ecc50c13c97654e626571fcdb8a6d96b78af3e6c5bfa95fb0286d8407d9d8d3c867d06c7a1fc4	common_voice_gju_42637655.mp3	7a22dc6203d9a146e79bdbd24c863ad4756674f643397d738884d3b0b3fc502b	دوجی دھیاڑی جندر کا ترنا ہاڑو چھوڈ دِیتو		1	0	fourties				gju	
e65a8c3ba525042ceba11e102309b2525de4d7748b513787fc3ecc50c13c97654e626571fcdb8a6d96b78af3e6c5bfa95fb0286d8407d9d8d3c867d06c7a1fc4	common_voice_gju_42637656.mp3	f40bb3fe378cad48ec37b7b80be3bd3a9860e5597db2abadefd067c311e19f93	ہوں جاگ گیو		1	0	fourties				gju	
e65a8c3ba525042ceba11e102309b2525de4d7748b513787fc3ecc50c13c97654e626571fcdb8a6d96b78af3e6c5bfa95fb0286d8407d9d8d3c867d06c7a1fc4	common_voice_gju_42637658.mp3	f2fde8746e85bb5ab534af6e8b74a52676b6bf70e61269b4c47ce957a2423335	باقی رہ گئی اَٹھ بکری		1	0	fourties				gju	
e65a8c3ba525042ceba11e102309b2525de4d7748b513787fc3ecc50c13c97654e626571fcdb8a6d96b78af3e6c5bfa95fb0286d8407d9d8d3c867d06c7a1fc4	common_voice_gju_42637659.mp3	1a43d3867386bccac72eda7bc4775df438fb6d06a44551d5506dd0253ab9aefa	صفائی		1	0	fourties				gju	
e65a8c3ba525042ceba11e102309b2525de4d7748b513787fc3ecc50c13c97654e626571fcdb8a6d96b78af3e6c5bfa95fb0286d8407d9d8d3c867d06c7a1fc4	common_voice_gju_42637660.mp3	055589ccb47826dc2c3e79e2d2dd2af65d8c8b25fc776dfbe8790deb53dfaf2f	باقی سارا جاتک بیٹکی گلی ما تھا		1	0	fourties				gju	
e65a8c3ba525042ceba11e102309b2525de4d7748b513787fc3ecc50c13c97654e626571fcdb8a6d96b78af3e6c5bfa95fb0286d8407d9d8d3c867d06c7a1fc4	common_voice_gju_42637661.mp3	68cf9a85efbff14d7af070bb4c2e63f402514dd840ea059a549e9791964ef849	اونٹھاں ہاڑا نے اپنو سنگی مجبو ر کیو		1	0	fourties				gju	
e65a8c3ba525042ceba11e102309b2525de4d7748b513787fc3ecc50c13c97654e626571fcdb8a6d96b78af3e6c5bfa95fb0286d8407d9d8d3c867d06c7a1fc4	common_voice_gju_42637662.mp3	f47abc97bd7147f47d301c57e20dca43548f6ee0a9bb86bcac3d419113fe7fcb	پنج رکن یہ ہیں، کلمہ ،نماز روزو، ٖٖٖذکات تے حج		1	0	fourties				gju	
e65a8c3ba525042ceba11e102309b2525de4d7748b513787fc3ecc50c13c97654e626571fcdb8a6d96b78af3e6c5bfa95fb0286d8407d9d8d3c867d06c7a1fc4	common_voice_gju_42637663.mp3	fa135ebffd6d41fd4ecd348c4a785a771d7f5de73737d29a63f24c46c8b12d96	دوائی		1	0	fourties				gju	
e65a8c3ba525042ceba11e102309b2525de4d7748b513787fc3ecc50c13c97654e626571fcdb8a6d96b78af3e6c5bfa95fb0286d8407d9d8d3c867d06c7a1fc4	common_voice_gju_42637664.mp3	20fa9618996ce9539ce5d7d5a994900f9e75d10207a28063486f8ea6b6c5e368	بکروالاں نے اُنھ سالاں ما جنگل کا سپاہیاں نال رات ڈھاکا ما بکری چران کی گل کری تھی		1	0	fourties				gju	
e65a8c3ba525042ceba11e102309b2525de4d7748b513787fc3ecc50c13c97654e626571fcdb8a6d96b78af3e6c5bfa95fb0286d8407d9d8d3c867d06c7a1fc4	common_voice_gju_42637669.mp3	d11812c13676d35cb2ea640fa7d72e24e5e79ce97ef890f7b23d5b3433b9ada6	حاجی صاحب کا بھائی محمد خالق نے ایک بکری		1	0	fourties				gju	
e65a8c3ba525042ceba11e102309b2525de4d7748b513787fc3ecc50c13c97654e626571fcdb8a6d96b78af3e6c5bfa95fb0286d8407d9d8d3c867d06c7a1fc4	common_voice_gju_42637672.mp3	9e8d9b0d78779318761ff2cfd48e68b465500710251536ba506814c3b726dd6d	ایک لُگی ٹھار ما مدھ کے آگیا		1	0	fourties				gju	
e65a8c3ba525042ceba11e102309b2525de4d7748b513787fc3ecc50c13c97654e626571fcdb8a6d96b78af3e6c5bfa95fb0286d8407d9d8d3c867d06c7a1fc4	common_voice_gju_42637673.mp3	f34bb75cac6f7c861a787dde189cd8c9266abbeb67e01b56e65ab585fdc60050	ہور مُچ ادمی بے آ گیا		1	1	fourties				gju	
e65a8c3ba525042ceba11e102309b2525de4d7748b513787fc3ecc50c13c97654e626571fcdb8a6d96b78af3e6c5bfa95fb0286d8407d9d8d3c867d06c7a1fc4	common_voice_gju_42637674.mp3	eff15f9b45dec16a4fb1394d7028117082b4d8f70c62810213930c7c1c92a291	ڈیرا بے پھَس گیا		1	0	fourties				gju	
e65a8c3ba525042ceba11e102309b2525de4d7748b513787fc3ecc50c13c97654e626571fcdb8a6d96b78af3e6c5bfa95fb0286d8407d9d8d3c867d06c7a1fc4	common_voice_gju_42637675.mp3	defdf76c90b717f26283b34bb8664e4e45954bc47f56c453040ad6d2dd212a08	دیوں		1	0	fourties				gju	
e65a8c3ba525042ceba11e102309b2525de4d7748b513787fc3ecc50c13c97654e626571fcdb8a6d96b78af3e6c5bfa95fb0286d8407d9d8d3c867d06c7a1fc4	common_voice_gju_42637676.mp3	2e8e3807dbee756637fef5219719e0b46484cf27fb184aeedd148530b9e5ecf9	سارا ادمی تمواں		1	0	fourties				gju	
e65a8c3ba525042ceba11e102309b2525de4d7748b513787fc3ecc50c13c97654e626571fcdb8a6d96b78af3e6c5bfa95fb0286d8407d9d8d3c867d06c7a1fc4	common_voice_gju_42637678.mp3	550f94648aafff5a7382458fa6f8f524379995d7d2e0040ad7a8eaf1f95c3cd5	اَج ایک گدڑ نا اٹھانی		1	0	fourties				gju	
e65a8c3ba525042ceba11e102309b2525de4d7748b513787fc3ecc50c13c97654e626571fcdb8a6d96b78af3e6c5bfa95fb0286d8407d9d8d3c867d06c7a1fc4	common_voice_gju_42637679.mp3	3c6799fe6a12bb061d523f1949851b4fdfd99c9731c86a0bbd0d5884dd181ba9	بی ویہ ایک دوجا کے گَڑ لگا		1	0	fourties				gju	
e65a8c3ba525042ceba11e102309b2525de4d7748b513787fc3ecc50c13c97654e626571fcdb8a6d96b78af3e6c5bfa95fb0286d8407d9d8d3c867d06c7a1fc4	common_voice_gju_42637685.mp3	3e81816c2d6f90449c1dd555c225aceec621dbb76f4dd8b6efefc7ea358527b2	سورت فاتحہ پڑھن تے کاہڈ آمین کہنو۔		1	0	fourties				gju	
e65a8c3ba525042ceba11e102309b2525de4d7748b513787fc3ecc50c13c97654e626571fcdb8a6d96b78af3e6c5bfa95fb0286d8407d9d8d3c867d06c7a1fc4	common_voice_gju_42637689.mp3	02775b3bc15b4c4bdfae738b64e1936220cf56f6329f2ec7f6822df103b1c06a	جس نا ہر دھیاڑے صاف پانی دئے۔		1	0	fourties				gju	
e65a8c3ba525042ceba11e102309b2525de4d7748b513787fc3ecc50c13c97654e626571fcdb8a6d96b78af3e6c5bfa95fb0286d8407d9d8d3c867d06c7a1fc4	common_voice_gju_42637690.mp3	e8b60906c4a0505de752d82ededfda9bc5fdcc8a411ef183912c9ee94f74fa22	جاتک آ گیا		1	0	fourties				gju	
e65a8c3ba525042ceba11e102309b2525de4d7748b513787fc3ecc50c13c97654e626571fcdb8a6d96b78af3e6c5bfa95fb0286d8407d9d8d3c867d06c7a1fc4	common_voice_gju_42637691.mp3	21f01d790e8cb21ea99f72a1fe86235583b063c737a0dfe22a99a4cdb49b846c	سچا واقعہ		1	0	fourties				gju	
e65a8c3ba525042ceba11e102309b2525de4d7748b513787fc3ecc50c13c97654e626571fcdb8a6d96b78af3e6c5bfa95fb0286d8407d9d8d3c867d06c7a1fc4	common_voice_gju_42637692.mp3	ee4e9ad5818fff5c4a32167a67664a74ecac08ab47564ff5c9e238201f9a4362	میرو جنو کہن لگو ” یوہ میرو سنگی راشد		1	0	fourties				gju	
e65a8c3ba525042ceba11e102309b2525de4d7748b513787fc3ecc50c13c97654e626571fcdb8a6d96b78af3e6c5bfa95fb0286d8407d9d8d3c867d06c7a1fc4	common_voice_gju_42637699.mp3	e0dceda1fde6b9ccaa4cd1e40aa920db625743ff71b196a4a99d2c2b04d098b0	رات اُت رہیا		1	0	fourties				gju	
e65a8c3ba525042ceba11e102309b2525de4d7748b513787fc3ecc50c13c97654e626571fcdb8a6d96b78af3e6c5bfa95fb0286d8407d9d8d3c867d06c7a1fc4	common_voice_gju_42637701.mp3	fba68df6295de62fda4e053070466b119e5639c42b42a6de75f8fc8ca67f2166	لاری رُڑ کے کَٹھا کے ڈھا لگی		1	0	fourties				gju	
e65a8c3ba525042ceba11e102309b2525de4d7748b513787fc3ecc50c13c97654e626571fcdb8a6d96b78af3e6c5bfa95fb0286d8407d9d8d3c867d06c7a1fc4	common_voice_gju_42637702.mp3	38dcf4692f6c53618d68b02e6b4c4cef0860377b1d3fe3cd922b756a446745df	میرے		1	0	fourties				gju	
e65a8c3ba525042ceba11e102309b2525de4d7748b513787fc3ecc50c13c97654e626571fcdb8a6d96b78af3e6c5bfa95fb0286d8407d9d8d3c867d06c7a1fc4	common_voice_gju_42637703.mp3	658427e305c442d190b2ef884836a4e5754f1d7395df9a10bb8161573d064d51	اس نے روٹی پکا کے دھری		1	0	fourties				gju	
e65a8c3ba525042ceba11e102309b2525de4d7748b513787fc3ecc50c13c97654e626571fcdb8a6d96b78af3e6c5bfa95fb0286d8407d9d8d3c867d06c7a1fc4	common_voice_gju_42637707.mp3	6fe0e97b7680474173f07ec434dd0aaa06d417c360b105db4c2b0440a86a867f	لڑائی ہاڑی دھیاڑی اُس ٹھار ما		1	0	fourties				gju	
e65a8c3ba525042ceba11e102309b2525de4d7748b513787fc3ecc50c13c97654e626571fcdb8a6d96b78af3e6c5bfa95fb0286d8407d9d8d3c867d06c7a1fc4	common_voice_gju_42637708.mp3	eca2b068b9f33d1fd99ab91c2b575e0c8c6e774e46a6c6bb819dae57a45252c7	بانیا کالا خان کو ڈیرو بر مپنُو ما تھو ایک دھیاڑے بھادرا ما اس کی بکری گُم گئی		1	0	fourties				gju	
e65a8c3ba525042ceba11e102309b2525de4d7748b513787fc3ecc50c13c97654e626571fcdb8a6d96b78af3e6c5bfa95fb0286d8407d9d8d3c867d06c7a1fc4	common_voice_gju_42637710.mp3	3602eeed0fd729c1eae193535b9c883f7121be16d1ece90c732642edd1b9565e	رچھنی نے ببَڑ ماری		1	0	fourties				gju	
e65a8c3ba525042ceba11e102309b2525de4d7748b513787fc3ecc50c13c97654e626571fcdb8a6d96b78af3e6c5bfa95fb0286d8407d9d8d3c867d06c7a1fc4	common_voice_gju_42637713.mp3	f6ce5c13db7ea9bb7f69ea04f63d8351ea7dd4fa895067bd425952674f9ff65f	راہ ما اُونٹھاں کو ایک قافلو چلے تھو		1	0	fourties				gju	
e65a8c3ba525042ceba11e102309b2525de4d7748b513787fc3ecc50c13c97654e626571fcdb8a6d96b78af3e6c5bfa95fb0286d8407d9d8d3c867d06c7a1fc4	common_voice_gju_42637714.mp3	df2599e813f791ba136af51ee1d7ed09994211590211546c977c442f588e2303	گدڑ بی دَھرُو دَھرُو کے مار چھڑیو		1	0	fourties				gju	
e65a8c3ba525042ceba11e102309b2525de4d7748b513787fc3ecc50c13c97654e626571fcdb8a6d96b78af3e6c5bfa95fb0286d8407d9d8d3c867d06c7a1fc4	common_voice_gju_42637715.mp3	228bc18e90d7cbe76e60a716a0bea426a9a1e01208454cd614ee29e999dd0349	لمردار غلام قادر کو ڈیرو		1	0	fourties				gju	
e65a8c3ba525042ceba11e102309b2525de4d7748b513787fc3ecc50c13c97654e626571fcdb8a6d96b78af3e6c5bfa95fb0286d8407d9d8d3c867d06c7a1fc4	common_voice_gju_42637716.mp3	ff1f40cc82f2fce803d32bbd2052ed29957dca4b84338cb2a5657f4d5cdf2bea	پروین نے ڈاکٹر کی گل من لئی		1	0	fourties				gju	
e65a8c3ba525042ceba11e102309b2525de4d7748b513787fc3ecc50c13c97654e626571fcdb8a6d96b78af3e6c5bfa95fb0286d8407d9d8d3c867d06c7a1fc4	common_voice_gju_42637717.mp3	f32be57554174c0694b02c107a39be80e390be3f1e86ca7d345af52916177e96	کڈھ کے تُمی کا کی نے واہ اُن تم کے چرکھا پو کَتی		1	0	fourties				gju	
e65a8c3ba525042ceba11e102309b2525de4d7748b513787fc3ecc50c13c97654e626571fcdb8a6d96b78af3e6c5bfa95fb0286d8407d9d8d3c867d06c7a1fc4	common_voice_gju_42637719.mp3	d189feff244a671ab5e3e968998f31f80043a39df53c5878e9451b76be9b78c7	بکری اوکھی جا ما تھی اس نے بکری کڈھ کے پجا ما سٹی۔		1	0	fourties				gju	
e65a8c3ba525042ceba11e102309b2525de4d7748b513787fc3ecc50c13c97654e626571fcdb8a6d96b78af3e6c5bfa95fb0286d8407d9d8d3c867d06c7a1fc4	common_voice_gju_42637725.mp3	25c31edc56d1b7180f042360fdd168a49d9ed5adf117e76c749cb8e9f2cec065	اِس جنا کو گھوڑو ساراں		1	0	fourties				gju	
e65a8c3ba525042ceba11e102309b2525de4d7748b513787fc3ecc50c13c97654e626571fcdb8a6d96b78af3e6c5bfa95fb0286d8407d9d8d3c867d06c7a1fc4	common_voice_gju_42637726.mp3	f761e24a4bf0fc12a597cdf4d5a2bb51beeae2c6503c4337dda5b739456e2e65	ایک دم پانی نا گئی		1	0	fourties				gju	
e65a8c3ba525042ceba11e102309b2525de4d7748b513787fc3ecc50c13c97654e626571fcdb8a6d96b78af3e6c5bfa95fb0286d8407d9d8d3c867d06c7a1fc4	common_voice_gju_42637727.mp3	cdfe7cf3cc460b569aba4b54182bd7b317279d8d21127b30491d3cce0cdf6ff6	ڈاکٹر واری واری سار ا مریضا ں نا دیکھے تھو		1	0	fourties				gju	
e65a8c3ba525042ceba11e102309b2525de4d7748b513787fc3ecc50c13c97654e626571fcdb8a6d96b78af3e6c5bfa95fb0286d8407d9d8d3c867d06c7a1fc4	common_voice_gju_42637728.mp3	f4bec44a4fb2b6a526206439065a9dbf37f2b012915d6ba1476839fd7078d407	ڈیرا سامان شامان لیو		1	0	fourties				gju	
e65a8c3ba525042ceba11e102309b2525de4d7748b513787fc3ecc50c13c97654e626571fcdb8a6d96b78af3e6c5bfa95fb0286d8407d9d8d3c867d06c7a1fc4	common_voice_gju_42637734.mp3	f3b36ff23350affae0145b07a300e3456d1f6528ba2f33502d5e1ae756406118	توہ سارا لوکاں نا بٹلا کر میں کس پو رنگ سٹیو وہ میرو جنو ہوے گو		1	0	fourties				gju	
e65a8c3ba525042ceba11e102309b2525de4d7748b513787fc3ecc50c13c97654e626571fcdb8a6d96b78af3e6c5bfa95fb0286d8407d9d8d3c867d06c7a1fc4	common_voice_gju_42637735.mp3	3388896f527bf67ba4d5d1770e12a46c5886ff148c64e2655db7b1329b758b3f	بعد یہ کیل پوہچ گیا		1	0	fourties				gju	
e65a8c3ba525042ceba11e102309b2525de4d7748b513787fc3ecc50c13c97654e626571fcdb8a6d96b78af3e6c5bfa95fb0286d8407d9d8d3c867d06c7a1fc4	common_voice_gju_42637736.mp3	dc432fbdc07b286b64942fa868bd0b614d1355bb1a978881bf715f8e02deb4ee	یوہ الائی وال بکروال جنا کو واقعو		1	0	fourties				gju	
e65a8c3ba525042ceba11e102309b2525de4d7748b513787fc3ecc50c13c97654e626571fcdb8a6d96b78af3e6c5bfa95fb0286d8407d9d8d3c867d06c7a1fc4	common_voice_gju_42637738.mp3	e876ad9a24b081bf84111710754a01575e9d5784d81a7ee6bbdbc62f018964e6	قرآن پاک تربی سال کا عرصہ ما نازل ہویو۔		1	0	fourties				gju	
e65a8c3ba525042ceba11e102309b2525de4d7748b513787fc3ecc50c13c97654e626571fcdb8a6d96b78af3e6c5bfa95fb0286d8407d9d8d3c867d06c7a1fc4	common_voice_gju_42637739.mp3	e459a5d405611ac91014775dd1a47a044893e6b80a22edce235f4cee9a077131	بکری بیچی		1	0	fourties				gju	
e65a8c3ba525042ceba11e102309b2525de4d7748b513787fc3ecc50c13c97654e626571fcdb8a6d96b78af3e6c5bfa95fb0286d8407d9d8d3c867d06c7a1fc4	common_voice_gju_42637740.mp3	e0588dd9dbb28dab09205edb8ad03c95db3a9381637b2355eda5130dd51605a3	بیہموواقعو		1	0	fourties				gju	
e65a8c3ba525042ceba11e102309b2525de4d7748b513787fc3ecc50c13c97654e626571fcdb8a6d96b78af3e6c5bfa95fb0286d8407d9d8d3c867d06c7a1fc4	common_voice_gju_42637741.mp3	678e57dd938b5a935c55f0f49444529d89a1b5c882f8a383062a21844e72e4ce	مِنت کرتی رہی کہن لگی		1	0	fourties				gju	
e65a8c3ba525042ceba11e102309b2525de4d7748b513787fc3ecc50c13c97654e626571fcdb8a6d96b78af3e6c5bfa95fb0286d8407d9d8d3c867d06c7a1fc4	common_voice_gju_42637742.mp3	f2f3f9f95e26fcbe8903b697ea658d8b2f6f0be598872a410574fb2a6a9711f9	ہیضو		1	0	fourties				gju	
e65a8c3ba525042ceba11e102309b2525de4d7748b513787fc3ecc50c13c97654e626571fcdb8a6d96b78af3e6c5bfa95fb0286d8407d9d8d3c867d06c7a1fc4	common_voice_gju_42637743.mp3	ed0e58ae5d3fcb005bafb8512ecc5a9628ff70d8da0fff3d6e7138324ecd8c0a	ہچھی خوراک کھانو دُوجی گل		1	0	fourties				gju	
e65a8c3ba525042ceba11e102309b2525de4d7748b513787fc3ecc50c13c97654e626571fcdb8a6d96b78af3e6c5bfa95fb0286d8407d9d8d3c867d06c7a1fc4	common_voice_gju_42637749.mp3	fe063aff3f1e142a4bf2acabae28ca7bdb4a23e6a1ef5006228e8c9b79799360	اس نے راہ چھوڈ دِتو قیوم نے اُس کا کولوں بکری پِچھاں ماری		1	0	fourties				gju	
e65a8c3ba525042ceba11e102309b2525de4d7748b513787fc3ecc50c13c97654e626571fcdb8a6d96b78af3e6c5bfa95fb0286d8407d9d8d3c867d06c7a1fc4	common_voice_gju_42637750.mp3	14f7b3addf3f25fba55fffa66fee6d8898344764e9892f6881ad3ddbe629b4e5	بارش بے لگ گئی		1	0	fourties				gju	
e65a8c3ba525042ceba11e102309b2525de4d7748b513787fc3ecc50c13c97654e626571fcdb8a6d96b78af3e6c5bfa95fb0286d8407d9d8d3c867d06c7a1fc4	common_voice_gju_42637751.mp3	30b77e7d23b591b8ca7da51aee5f1e9ab55f106cf47568ff7d98f30bb764b172	چٹی ما ڈیر ا لایا		1	0	fourties				gju	
e65a8c3ba525042ceba11e102309b2525de4d7748b513787fc3ecc50c13c97654e626571fcdb8a6d96b78af3e6c5bfa95fb0286d8407d9d8d3c867d06c7a1fc4	common_voice_gju_42637752.mp3	92eb7ca2608a5d932e55704f83ab1cacdc0f43799b19d773a306ef271198f51d	اس نے اونٹھاں ہاڑا نا کہیو رات اِت نیہہ رہتا		1	0	fourties				gju	
e65a8c3ba525042ceba11e102309b2525de4d7748b513787fc3ecc50c13c97654e626571fcdb8a6d96b78af3e6c5bfa95fb0286d8407d9d8d3c867d06c7a1fc4	common_voice_gju_42637753.mp3	eb7a22e70d202886a0148fe95a65c37ada77c4f27f60e9f85f2a103b33401624	میں کہیو جے ہم نے گور ا رچھ کی ایک جوڑی برباد کر چھڑی		1	0	fourties				gju	
e65a8c3ba525042ceba11e102309b2525de4d7748b513787fc3ecc50c13c97654e626571fcdb8a6d96b78af3e6c5bfa95fb0286d8407d9d8d3c867d06c7a1fc4	common_voice_gju_42637758.mp3	ea5f977f727430f8446f438f31095fdd1926c2eaefbb2fdc53555a5f4580aa37	اس جہڑو مال		1	0	fourties				gju	
e65a8c3ba525042ceba11e102309b2525de4d7748b513787fc3ecc50c13c97654e626571fcdb8a6d96b78af3e6c5bfa95fb0286d8407d9d8d3c867d06c7a1fc4	common_voice_gju_42637759.mp3	f62112e1d17f21e55cf5ac21611ca27a012a82251a5eae1dd7edac020dc42fc9	فوج کا جواناں نے		1	0	fourties				gju	
e65a8c3ba525042ceba11e102309b2525de4d7748b513787fc3ecc50c13c97654e626571fcdb8a6d96b78af3e6c5bfa95fb0286d8407d9d8d3c867d06c7a1fc4	common_voice_gju_42637761.mp3	cb41552df001aa19d838a2ae6527ab8b6be4a35dd991532f0ed03407735e4d41	ویہ بیٹکی نا لے کے تنہاں ڈیرا کا پاس تا آئے لگا تھا		1	0	fourties				gju	
e65a8c3ba525042ceba11e102309b2525de4d7748b513787fc3ecc50c13c97654e626571fcdb8a6d96b78af3e6c5bfa95fb0286d8407d9d8d3c867d06c7a1fc4	common_voice_gju_42637764.mp3	109f04544f663883555cb8242f2dcf1fefa329d3de625b688dfde17aca8017f3	بِجلی پیتاں نال مصطفی بے ہوش ہو گیو		1	0	fourties				gju	
e65a8c3ba525042ceba11e102309b2525de4d7748b513787fc3ecc50c13c97654e626571fcdb8a6d96b78af3e6c5bfa95fb0286d8407d9d8d3c867d06c7a1fc4	common_voice_gju_42637768.mp3	a02a906161a1b4984f50631dfd9d1c0e3c2d69634a69fc4ee3e9a519b525bbc0	وہ بادشاہ تھہار و باپ ہے‘‘		1	0	fourties				gju	
e65a8c3ba525042ceba11e102309b2525de4d7748b513787fc3ecc50c13c97654e626571fcdb8a6d96b78af3e6c5bfa95fb0286d8407d9d8d3c867d06c7a1fc4	common_voice_gju_42637769.mp3	2ce5d6b73c19034cc781bd2a5c59644bb5add36cb668b350ae12589df95f33b5	واہ ہر دینہ ایک آدمی کھائے تھی		1	0	fourties				gju	
e65a8c3ba525042ceba11e102309b2525de4d7748b513787fc3ecc50c13c97654e626571fcdb8a6d96b78af3e6c5bfa95fb0286d8407d9d8d3c867d06c7a1fc4	common_voice_gju_42637771.mp3	7727c51e3247c64d0df94e9f5864d1a0d0a75b74373f9940a3f68513c15f1dc9	باد شاہاں کا قصہ		1	0	fourties				gju	
e65a8c3ba525042ceba11e102309b2525de4d7748b513787fc3ecc50c13c97654e626571fcdb8a6d96b78af3e6c5bfa95fb0286d8407d9d8d3c867d06c7a1fc4	common_voice_gju_42637772.mp3	ff40d162b1dc872629eb0957bf045625dc4b90d9ae70e5652a9cfe9d7ae271e1	اُنھ کو نِکو ڈیرو تھو جس ما ویہ رہ تھا		1	0	fourties				gju	
e65a8c3ba525042ceba11e102309b2525de4d7748b513787fc3ecc50c13c97654e626571fcdb8a6d96b78af3e6c5bfa95fb0286d8407d9d8d3c867d06c7a1fc4	common_voice_gju_42637779.mp3	fcec0002e12d1a15fe6f74598b574083dd80dfc4e51c0cbfd10207fcd17cd78a	میرا بدلہ ما چا دِتی بارے		1	0	fourties				gju	
e65a8c3ba525042ceba11e102309b2525de4d7748b513787fc3ecc50c13c97654e626571fcdb8a6d96b78af3e6c5bfa95fb0286d8407d9d8d3c867d06c7a1fc4	common_voice_gju_42637780.mp3	89fe0c45c080c6097cabd4f045da56f40f29654c61083be8fe8dd066786b7313	یوہ کہہ اُس ٹیم میرا باپ کول چار		1	0	fourties				gju	
e65a8c3ba525042ceba11e102309b2525de4d7748b513787fc3ecc50c13c97654e626571fcdb8a6d96b78af3e6c5bfa95fb0286d8407d9d8d3c867d06c7a1fc4	common_voice_gju_42637783.mp3	f0bb2677c8266a659491d498026242411f40ceeac5228b00abeed4674b6d71e0	مچ خپا تھو		1	0	fourties				gju	
e65a8c3ba525042ceba11e102309b2525de4d7748b513787fc3ecc50c13c97654e626571fcdb8a6d96b78af3e6c5bfa95fb0286d8407d9d8d3c867d06c7a1fc4	common_voice_gju_42637784.mp3	84c0854fdf979d9c155a000bc1a10efd0d32b650b722165efdc5c45344c747f5	یاہی مثال ہے		1	0	fourties				gju	
e65a8c3ba525042ceba11e102309b2525de4d7748b513787fc3ecc50c13c97654e626571fcdb8a6d96b78af3e6c5bfa95fb0286d8407d9d8d3c867d06c7a1fc4	common_voice_gju_42637785.mp3	da5d347059c5bf8cda1016213fd4d0ba5ec0d028accf4c16c16c4fec3e467ca3	پروین نے اپنا جنا نا کہیو:”ہُن مھاری دھی ٹھیک ہو گئی		1	0	fourties				gju	
e65a8c3ba525042ceba11e102309b2525de4d7748b513787fc3ecc50c13c97654e626571fcdb8a6d96b78af3e6c5bfa95fb0286d8407d9d8d3c867d06c7a1fc4	common_voice_gju_42637786.mp3	e58c670c80fbb8b3009030750e307d28b981a14a32bbcf30807be117f97d405e	بکریاں کے کاہڈ ہو گیو		1	0	fourties				gju	
e65a8c3ba525042ceba11e102309b2525de4d7748b513787fc3ecc50c13c97654e626571fcdb8a6d96b78af3e6c5bfa95fb0286d8407d9d8d3c867d06c7a1fc4	common_voice_gju_42637788.mp3	54606ec87a6be74c2973109d2ba037c1502e088f9e3a6dca03ebae6780abfed0	اُس نے خان پور ما حاجی نظام دین تا بھی فون کیو جے تیرو بھائی مر گیو		1	0	fourties				gju	
e65a8c3ba525042ceba11e102309b2525de4d7748b513787fc3ecc50c13c97654e626571fcdb8a6d96b78af3e6c5bfa95fb0286d8407d9d8d3c867d06c7a1fc4	common_voice_gju_42637799.mp3	33e8eed64684874598bef7798b71d0a78dde872c395d0e080f7b663a52ee94d7	ویہ اس کول پوہچیا پر اتنا ما اشفاق مر گیو تھو		1	0	fourties				gju	
e65a8c3ba525042ceba11e102309b2525de4d7748b513787fc3ecc50c13c97654e626571fcdb8a6d96b78af3e6c5bfa95fb0286d8407d9d8d3c867d06c7a1fc4	common_voice_gju_42637803.mp3	3856f121801722bdc98c7b1f3ef8c20e721923a5b2d06a7b71422617795a8289	نس گیا		1	0	fourties				gju	
e65a8c3ba525042ceba11e102309b2525de4d7748b513787fc3ecc50c13c97654e626571fcdb8a6d96b78af3e6c5bfa95fb0286d8407d9d8d3c867d06c7a1fc4	common_voice_gju_42637805.mp3	e7e5daaca27027cc265d48b2537688b23a00010095960083d9a4fb2a3dc1d599	یہ بر کیل گُجر دومیل ما رہیا		1	0	fourties				gju	
e65a8c3ba525042ceba11e102309b2525de4d7748b513787fc3ecc50c13c97654e626571fcdb8a6d96b78af3e6c5bfa95fb0286d8407d9d8d3c867d06c7a1fc4	common_voice_gju_42637807.mp3	d2286358c15c9c14122d73ec7f746028b0be1bb57eeb55f9f70beb31b274d7ec	سو بکری منگے لگو		1	0	fourties				gju	
e65a8c3ba525042ceba11e102309b2525de4d7748b513787fc3ecc50c13c97654e626571fcdb8a6d96b78af3e6c5bfa95fb0286d8407d9d8d3c867d06c7a1fc4	common_voice_gju_42637809.mp3	d590fd29ea435416fa044080c0a0678a61b77b2aeccb8401e46554edd78ee3f4	بکری بے شیک لئی		1	0	fourties				gju	
e65a8c3ba525042ceba11e102309b2525de4d7748b513787fc3ecc50c13c97654e626571fcdb8a6d96b78af3e6c5bfa95fb0286d8407d9d8d3c867d06c7a1fc4	common_voice_gju_42637812.mp3	e780740937597a3fe485afa48712bb83237db62eab0fe5a9a4be36b72940b842	بھادرو کَڈھ کے اُتوں ٹُریا		1	0	fourties				gju	
e65a8c3ba525042ceba11e102309b2525de4d7748b513787fc3ecc50c13c97654e626571fcdb8a6d96b78af3e6c5bfa95fb0286d8407d9d8d3c867d06c7a1fc4	common_voice_gju_42637815.mp3	3d2d91108325b123fe79ed749d20ad1c83fb3c4e7147649e28bf612ab5d67414	بانیا موبین مرحوم کا پوتاں کو ڈیرو		1	0	fourties				gju	
e65a8c3ba525042ceba11e102309b2525de4d7748b513787fc3ecc50c13c97654e626571fcdb8a6d96b78af3e6c5bfa95fb0286d8407d9d8d3c867d06c7a1fc4	common_voice_gju_42637819.mp3	f1cdf94eb637b6cf09f42389087dec1a30f64d18a85d601faf9612573e905e83	مارن لگو جِسکی وجہ		1	0	fourties				gju	
e65a8c3ba525042ceba11e102309b2525de4d7748b513787fc3ecc50c13c97654e626571fcdb8a6d96b78af3e6c5bfa95fb0286d8407d9d8d3c867d06c7a1fc4	common_voice_gju_42637821.mp3	e7e6af222a563a874071e71128f29cbd9f7dfe9e6c0db95871d2378c127349eb	بھربھانو اس کے کاہڈ ہو گیو یوہ بکریاں نا شیکتو رہیو		1	0	fourties				gju	
e65a8c3ba525042ceba11e102309b2525de4d7748b513787fc3ecc50c13c97654e626571fcdb8a6d96b78af3e6c5bfa95fb0286d8407d9d8d3c867d06c7a1fc4	common_voice_gju_42637827.mp3	e20359e3a0bf7a4642646616df821053c2f308cb35e2708d5e27da67340a1443	کہن لگو کاہڈ سرداری کا گراں کولا		1	0	fourties				gju	
e65a8c3ba525042ceba11e102309b2525de4d7748b513787fc3ecc50c13c97654e626571fcdb8a6d96b78af3e6c5bfa95fb0286d8407d9d8d3c867d06c7a1fc4	common_voice_gju_42637828.mp3	d079e5f73b20dc822b1c85dd7f7e978a96001b52b0fdd88953feae97c1610b52	یوہ کہن لگو		1	0	fourties				gju	
e65a8c3ba525042ceba11e102309b2525de4d7748b513787fc3ecc50c13c97654e626571fcdb8a6d96b78af3e6c5bfa95fb0286d8407d9d8d3c867d06c7a1fc4	common_voice_gju_42637830.mp3	f94d033b30e01537db40bd13db46e91fac9b2cd2507c1566e35fd5f96219b274	ویہ کاہڈ تا نسے تھا دوجی سٹ کری		1	0	fourties				gju	
e65a8c3ba525042ceba11e102309b2525de4d7748b513787fc3ecc50c13c97654e626571fcdb8a6d96b78af3e6c5bfa95fb0286d8407d9d8d3c867d06c7a1fc4	common_voice_gju_42637841.mp3	fdba8ce89f7d51dd375b282a98dc8963259db87bcee1b77c785f2c5137cd858a	نَس گئی میرو پیر بے مروڑے گیو		1	0	fourties				gju	
e65a8c3ba525042ceba11e102309b2525de4d7748b513787fc3ecc50c13c97654e626571fcdb8a6d96b78af3e6c5bfa95fb0286d8407d9d8d3c867d06c7a1fc4	common_voice_gju_42637842.mp3	4eb20f2d851223ee4570fff34c5ac1154af2b717f94ab48b618c47782a78aec0	دانداں کی ٹھار اس نے سَینہ بدھیا ہے		1	0	fourties				gju	
e65a8c3ba525042ceba11e102309b2525de4d7748b513787fc3ecc50c13c97654e626571fcdb8a6d96b78af3e6c5bfa95fb0286d8407d9d8d3c867d06c7a1fc4	common_voice_gju_42637845.mp3	ff8253f02802135e9b32b893b2c0494d536db06ae96af6e78d6c444294e1483c	میلن اس نا بانو آئی دودھ کی پیالی اِکا تھائی		1	0	fourties				gju	
e65a8c3ba525042ceba11e102309b2525de4d7748b513787fc3ecc50c13c97654e626571fcdb8a6d96b78af3e6c5bfa95fb0286d8407d9d8d3c867d06c7a1fc4	common_voice_gju_42637846.mp3	bfd325d8851daa0c1da40cf72a53e7884fccdbc0f5e8bc513957115eb4198bcb	ہوں ہے		1	0	fourties				gju	
e65a8c3ba525042ceba11e102309b2525de4d7748b513787fc3ecc50c13c97654e626571fcdb8a6d96b78af3e6c5bfa95fb0286d8407d9d8d3c867d06c7a1fc4	common_voice_gju_42637848.mp3	f8348e272a7bdb18febe113ab7f152815d1c6328517f2c54152dd3877b326ee3	ماڑو جو گھوڑو کڈھ کے آنیو		1	0	fourties				gju	
e65a8c3ba525042ceba11e102309b2525de4d7748b513787fc3ecc50c13c97654e626571fcdb8a6d96b78af3e6c5bfa95fb0286d8407d9d8d3c867d06c7a1fc4	common_voice_gju_42637850.mp3	cf3d742a2a16c8afdeb1f5dac9c7bedaa7e3ee1ca0640588855e8d55257b3e1b	اِنھ لوکاں نے ستاں کی جا سو چیدین ماس تیار کر چھوڈیو		1	0	fourties				gju	
e65a8c3ba525042ceba11e102309b2525de4d7748b513787fc3ecc50c13c97654e626571fcdb8a6d96b78af3e6c5bfa95fb0286d8407d9d8d3c867d06c7a1fc4	common_voice_gju_42637862.mp3	1f2c5700111c943f02534bf972676f4a069b97edc035e00cc04e33ad1a8af92e	پُڑس آئی		1	0	fourties				gju	
e65a8c3ba525042ceba11e102309b2525de4d7748b513787fc3ecc50c13c97654e626571fcdb8a6d96b78af3e6c5bfa95fb0286d8407d9d8d3c867d06c7a1fc4	common_voice_gju_42637863.mp3	e03c263cea33e6db408edce340f38307961c4fa26aca42f968523b8b29467695	میرا		1	0	fourties				gju	
e65a8c3ba525042ceba11e102309b2525de4d7748b513787fc3ecc50c13c97654e626571fcdb8a6d96b78af3e6c5bfa95fb0286d8407d9d8d3c867d06c7a1fc4	common_voice_gju_42637871.mp3	b4b0be58737bd2b680a7a7974a566b236f6e816b108ab67d7c9a18e67b997883	میرو بے روجو تھو		1	0	fourties				gju	
e65a8c3ba525042ceba11e102309b2525de4d7748b513787fc3ecc50c13c97654e626571fcdb8a6d96b78af3e6c5bfa95fb0286d8407d9d8d3c867d06c7a1fc4	common_voice_gju_42637872.mp3	fb8df31685463ef2ec58cef2e748709015cf34520c9a07fbc1c1bada5b9f64e9	اللہ کو شکر ادا کیو اُس سال سارا اجڑیاں کو مُچ نُقصان ہویو		1	0	fourties				gju	
e65a8c3ba525042ceba11e102309b2525de4d7748b513787fc3ecc50c13c97654e626571fcdb8a6d96b78af3e6c5bfa95fb0286d8407d9d8d3c867d06c7a1fc4	common_voice_gju_42637874.mp3	0f7187db2c11366ef83194bf4b3f878efdc3f4ff5968f9307b1365377e209fdb	ایک ڈیرا پو ہوے تھو		1	0	fourties				gju	
e65a8c3ba525042ceba11e102309b2525de4d7748b513787fc3ecc50c13c97654e626571fcdb8a6d96b78af3e6c5bfa95fb0286d8407d9d8d3c867d06c7a1fc4	common_voice_gju_42637876.mp3	f76ce8d6e7104575eeb74a4ee5c0992a239110b215192cc44e9143c1a9b1e21a	مصیبت		1	0	fourties				gju	
e65a8c3ba525042ceba11e102309b2525de4d7748b513787fc3ecc50c13c97654e626571fcdb8a6d96b78af3e6c5bfa95fb0286d8407d9d8d3c867d06c7a1fc4	common_voice_gju_42637890.mp3	fd3d3a33e297c7d0fd115e1b88d776106b90ac633b0c0f88acc1ae0b4e551e1e	اِگے ڈیرو ہی مریات رہ گیو		1	0	fourties				gju	
e65a8c3ba525042ceba11e102309b2525de4d7748b513787fc3ecc50c13c97654e626571fcdb8a6d96b78af3e6c5bfa95fb0286d8407d9d8d3c867d06c7a1fc4	common_voice_gju_42637891.mp3	c0df53dc3ad4e94950f68b26674535a27a3ab6a54e527c753cfca63ab8ff0564	قبرستان اِنھ		1	0	fourties				gju	
e65a8c3ba525042ceba11e102309b2525de4d7748b513787fc3ecc50c13c97654e626571fcdb8a6d96b78af3e6c5bfa95fb0286d8407d9d8d3c867d06c7a1fc4	common_voice_gju_42637892.mp3	e38ec999d26a8733ed8c586982131d9ae49dac8f66be3a35e77d6223c77f89f3	ہوں یاہ گل بے پُچھوں گی جے ہوں نال اپنی گماہنڈن نا بے لے آؤں		1	0	fourties				gju	
e65a8c3ba525042ceba11e102309b2525de4d7748b513787fc3ecc50c13c97654e626571fcdb8a6d96b78af3e6c5bfa95fb0286d8407d9d8d3c867d06c7a1fc4	common_voice_gju_42637893.mp3	1815cef9f56d2b9a4a51acfbee56d25faecb574e7eb1724416a81e8fa6f4904d	بڈھی اُس نا ڈکتی رہی بچہ رِچھ ناڑ یاری نہ لا بارے اُس نے اپنی ماں کی گل نہ سُنی		1	0	fourties				gju	
e65a8c3ba525042ceba11e102309b2525de4d7748b513787fc3ecc50c13c97654e626571fcdb8a6d96b78af3e6c5bfa95fb0286d8407d9d8d3c867d06c7a1fc4	common_voice_gju_42637899.mp3	dbd830a33e279679e3b08e2f5979a37a9683654c6a26ca86801223490af9bd90	کُجھ دھیاڑاں کاہڈ میرو باپ		1	0	fourties				gju	
e65a8c3ba525042ceba11e102309b2525de4d7748b513787fc3ecc50c13c97654e626571fcdb8a6d96b78af3e6c5bfa95fb0286d8407d9d8d3c867d06c7a1fc4	common_voice_gju_42637901.mp3	0941f5b4b285909393044d5f05bc5db55f8449b9eefbf55b5e266a35ee61e67d	اُنھاں نے بکری لُگی چھوڈ دِتی		1	0	fourties				gju	
e65a8c3ba525042ceba11e102309b2525de4d7748b513787fc3ecc50c13c97654e626571fcdb8a6d96b78af3e6c5bfa95fb0286d8407d9d8d3c867d06c7a1fc4	common_voice_gju_42637903.mp3	16b7a02f7c961ae804dfe11434f7b9c998cb4712e6ddb940217ccf5b320193e5	اُنھاں نے آن		1	0	fourties				gju	
e65a8c3ba525042ceba11e102309b2525de4d7748b513787fc3ecc50c13c97654e626571fcdb8a6d96b78af3e6c5bfa95fb0286d8407d9d8d3c867d06c7a1fc4	common_voice_gju_42637907.mp3	330e23ab5ac3e7d56d41fc373446c4af7e0497ffd0aae3a61b9cfeafeb1d0572	پل کے ہیٹھ مراں گا		1	0	fourties				gju	
e65a8c3ba525042ceba11e102309b2525de4d7748b513787fc3ecc50c13c97654e626571fcdb8a6d96b78af3e6c5bfa95fb0286d8407d9d8d3c867d06c7a1fc4	common_voice_gju_42637910.mp3	ebcc7ac73c5df52135174a1e2fcbe9752e1f1edd7583aca099c6e07824bf6290	یو ہ تیں کیہڑا دکاندار		1	0	fourties				gju	
e65a8c3ba525042ceba11e102309b2525de4d7748b513787fc3ecc50c13c97654e626571fcdb8a6d96b78af3e6c5bfa95fb0286d8407d9d8d3c867d06c7a1fc4	common_voice_gju_42637911.mp3	49292fbf967cf10e7c8083ced0f1c999aabc079e0e6f5cfe9239630f09e4bead	یوہ جنو بی اَیو		1	0	fourties				gju	
e65a8c3ba525042ceba11e102309b2525de4d7748b513787fc3ecc50c13c97654e626571fcdb8a6d96b78af3e6c5bfa95fb0286d8407d9d8d3c867d06c7a1fc4	common_voice_gju_42637912.mp3	f40cd6ac44bc9cc5caed3f2b837f7b035aeb9faa33b905bb491869d9e0165305	لنگھ کے اپن ماہلی دا پوہچ جاں		1	0	fourties				gju	
e65a8c3ba525042ceba11e102309b2525de4d7748b513787fc3ecc50c13c97654e626571fcdb8a6d96b78af3e6c5bfa95fb0286d8407d9d8d3c867d06c7a1fc4	common_voice_gju_42637919.mp3	ff435e7113857a79c77391e0851ac029e184158599bbe45dafc179f3d5e010dc	کاہڈ اُنھ نا پتو بے لگ گیو		1	0	fourties				gju	
e65a8c3ba525042ceba11e102309b2525de4d7748b513787fc3ecc50c13c97654e626571fcdb8a6d96b78af3e6c5bfa95fb0286d8407d9d8d3c867d06c7a1fc4	common_voice_gju_42637920.mp3	36cd7ed1d79954e2b5a1396fa48e98eef7a4e0073ddcc453ed1e122228a58572	ٰؓبیمار بیٹکی نا دیکھن گیا۔		1	0	fourties				gju	
e65a8c3ba525042ceba11e102309b2525de4d7748b513787fc3ecc50c13c97654e626571fcdb8a6d96b78af3e6c5bfa95fb0286d8407d9d8d3c867d06c7a1fc4	common_voice_gju_42637922.mp3	ecc120dfd1ca1c11f4ab9566a899b56878008eb15b621fefd5d2ec4d1f2c17b8	اس نا تیرو پتو لگو		1	0	fourties				gju	
e65a8c3ba525042ceba11e102309b2525de4d7748b513787fc3ecc50c13c97654e626571fcdb8a6d96b78af3e6c5bfa95fb0286d8407d9d8d3c867d06c7a1fc4	common_voice_gju_42637923.mp3	d82b0794ba340faf3fad35d1f27ce7576f1d181822bb6c157625d0a78889120f	یوہ لُڑو جا کے سِدھو ایوب خان کول پوہچ گیو		1	0	fourties				gju	
e65a8c3ba525042ceba11e102309b2525de4d7748b513787fc3ecc50c13c97654e626571fcdb8a6d96b78af3e6c5bfa95fb0286d8407d9d8d3c867d06c7a1fc4	common_voice_gju_42637924.mp3	5f8c8eed4858e382a41fa51e4e4243ce6b4bcf363818cbeb3f323d2c0c1de6a8	مُسارا گھوڑا چُگے تھا		1	0	fourties				gju	
e65a8c3ba525042ceba11e102309b2525de4d7748b513787fc3ecc50c13c97654e626571fcdb8a6d96b78af3e6c5bfa95fb0286d8407d9d8d3c867d06c7a1fc4	common_voice_gju_42637925.mp3	97c22635a5495b0ea932de67a105520fc58bbc359847c8f157fd3f15288e688e	مولوی بنیامین کا پُوت محمد یونس کی ٹبری پھُلاں بی بی		1	0	fourties				gju	
e65a8c3ba525042ceba11e102309b2525de4d7748b513787fc3ecc50c13c97654e626571fcdb8a6d96b78af3e6c5bfa95fb0286d8407d9d8d3c867d06c7a1fc4	common_voice_gju_42637926.mp3	1e0fdf8a382019d7a83beaa086cb39002c6f951fc0a968e9bd561c2b31dd4545	باہر آ گیا		1	0	fourties				gju	
e65a8c3ba525042ceba11e102309b2525de4d7748b513787fc3ecc50c13c97654e626571fcdb8a6d96b78af3e6c5bfa95fb0286d8407d9d8d3c867d06c7a1fc4	common_voice_gju_42637927.mp3	fb16198370f2ded21c68bcc2753cc33c6c04d2e8c2ad3b0bcfc5fd263715eb2f	ساراں نبیاں تے پہلا حضرت آدم علیہ السلام آٰیا۔		1	0	fourties				gju	
e65a8c3ba525042ceba11e102309b2525de4d7748b513787fc3ecc50c13c97654e626571fcdb8a6d96b78af3e6c5bfa95fb0286d8407d9d8d3c867d06c7a1fc4	common_voice_gju_42637938.mp3	5230e3ed45b344bc41f670dd2f7d4035e1bebe6516d0ca9abe4d71d25749cf0f	ڈیرا ہالاکا جنا مُچ اُچا اُچا شِنگراں		1	0	fourties				gju	
e65a8c3ba525042ceba11e102309b2525de4d7748b513787fc3ecc50c13c97654e626571fcdb8a6d96b78af3e6c5bfa95fb0286d8407d9d8d3c867d06c7a1fc4	common_voice_gju_42637939.mp3	d2e2f7e4585a375531d645d8c6024230f7ec73e81627397795af63f7b61f092f	بھادرا ما کچر موڑ کے ڈیرے آنی		1	0	fourties				gju	
e65a8c3ba525042ceba11e102309b2525de4d7748b513787fc3ecc50c13c97654e626571fcdb8a6d96b78af3e6c5bfa95fb0286d8407d9d8d3c867d06c7a1fc4	common_voice_gju_42637940.mp3	37e34e35df2130df884d02d3f997371fe4f741845cbbc935d1e8baf155f16de6	بادشاہ اُس جنا نا دیکھے تھو		1	0	fourties				gju	
e65a8c3ba525042ceba11e102309b2525de4d7748b513787fc3ecc50c13c97654e626571fcdb8a6d96b78af3e6c5bfa95fb0286d8407d9d8d3c867d06c7a1fc4	common_voice_gju_42637941.mp3	3584657b1e6dcb8fc30d61cc2f5816a4ad174b5ae429939254cab7635d82851b	ہسپتا ل ما علم دین بے مر گیو		1	0	fourties				gju	
e65a8c3ba525042ceba11e102309b2525de4d7748b513787fc3ecc50c13c97654e626571fcdb8a6d96b78af3e6c5bfa95fb0286d8407d9d8d3c867d06c7a1fc4	common_voice_gju_42637953.mp3	56da0b83ce9b95ab428c9bcc3a875aa4d3df7bf36c59ee89dacc22803ba16827	واہ کہن لگی منا کجھ پتو نیہہ ویہ نوکر اُس نا ڈھونڈن بسطے ڈھاکا نا گیا		1	0	fourties				gju	
e65a8c3ba525042ceba11e102309b2525de4d7748b513787fc3ecc50c13c97654e626571fcdb8a6d96b78af3e6c5bfa95fb0286d8407d9d8d3c867d06c7a1fc4	common_voice_gju_42637954.mp3	b242d09b78a34ce01f460ae5f1fe139c36e43e04e4f44d69bd2302ec914452ec	رات یہ اُ		1	0	fourties				gju	
e65a8c3ba525042ceba11e102309b2525de4d7748b513787fc3ecc50c13c97654e626571fcdb8a6d96b78af3e6c5bfa95fb0286d8407d9d8d3c867d06c7a1fc4	common_voice_gju_42637956.mp3	42575fc87844f954f0582dfb68a7dd924ccdf7184962d556ee9464c4d68482da	کہن لگی جی میں		1	0	fourties				gju	
e65a8c3ba525042ceba11e102309b2525de4d7748b513787fc3ecc50c13c97654e626571fcdb8a6d96b78af3e6c5bfa95fb0286d8407d9d8d3c867d06c7a1fc4	common_voice_gju_42637963.mp3	194607b37978f08bc6580fc5b743278f3dad72c9bc51e827bdd66d6e86e72bb8	بِساکھ ما راہ آتاں لال بوکڑ ا کی دو بکری گُمی تھی		1	0	fourties				gju	
e65a8c3ba525042ceba11e102309b2525de4d7748b513787fc3ecc50c13c97654e626571fcdb8a6d96b78af3e6c5bfa95fb0286d8407d9d8d3c867d06c7a1fc4	common_voice_gju_42637964.mp3	fb76e2841a043722d24d74d5d65975df19b0dafc680862c55bd3b6907104ba70	راہ پو لائی		1	0	fourties				gju	
e65a8c3ba525042ceba11e102309b2525de4d7748b513787fc3ecc50c13c97654e626571fcdb8a6d96b78af3e6c5bfa95fb0286d8407d9d8d3c867d06c7a1fc4	common_voice_gju_42637971.mp3	ec4da5f42f526a24874ce235c4279b8f15b28c06024120c155cc7eaadb194b9d	بکریاں کا اجڑی کی شانے اِنھ رچھاں نے بکری سام کے رکھی		1	0	fourties				gju	
e65a8c3ba525042ceba11e102309b2525de4d7748b513787fc3ecc50c13c97654e626571fcdb8a6d96b78af3e6c5bfa95fb0286d8407d9d8d3c867d06c7a1fc4	common_voice_gju_42637972.mp3	0d50f1c9ebcc3ce90823f78f4f7dca09a5fb18f9e56617d313978cc71cc4fe84	سوچیو جے ویہ لوک پل ما ڈُب گیا		1	0	fourties				gju	
e65a8c3ba525042ceba11e102309b2525de4d7748b513787fc3ecc50c13c97654e626571fcdb8a6d96b78af3e6c5bfa95fb0286d8407d9d8d3c867d06c7a1fc4	common_voice_gju_42637973.mp3	e99bcf74cdc2eb85ba27076fe2a08405ae4e0fd133820cb2ce29bbd7eed0722e	راہ ما ندی آ گئی		1	0	fourties				gju	
e65a8c3ba525042ceba11e102309b2525de4d7748b513787fc3ecc50c13c97654e626571fcdb8a6d96b78af3e6c5bfa95fb0286d8407d9d8d3c867d06c7a1fc4	common_voice_gju_42637975.mp3	2bc66e9f0bc953b2a72fae82edbf253a3a63140ce422ae85493a73ef0a288d0e	ویہ سارا اس نال کھیڈے تھا		1	0	fourties				gju	
e65a8c3ba525042ceba11e102309b2525de4d7748b513787fc3ecc50c13c97654e626571fcdb8a6d96b78af3e6c5bfa95fb0286d8407d9d8d3c867d06c7a1fc4	common_voice_gju_42637980.mp3	faa981459f676a958d562637e87b260dd27c9c19cf96292b1bf8924c7c1c1dd3	اسلام کا پنج رکن ہیں۔		1	0	fourties				gju	
e65a8c3ba525042ceba11e102309b2525de4d7748b513787fc3ecc50c13c97654e626571fcdb8a6d96b78af3e6c5bfa95fb0286d8407d9d8d3c867d06c7a1fc4	common_voice_gju_42637981.mp3	f8244fb30defec1419720582f7c133b34072e26c33f4e54bf10d28febf13cd90	اسرائیل کسانو شامل تھا		1	0	fourties				gju	
e65a8c3ba525042ceba11e102309b2525de4d7748b513787fc3ecc50c13c97654e626571fcdb8a6d96b78af3e6c5bfa95fb0286d8407d9d8d3c867d06c7a1fc4	common_voice_gju_42637982.mp3	fec054009afcace6dd002478dd19e9c2f877f1b94209266d0740367187794739	ہاڑکو بے سخت خطرو تھو		1	0	fourties				gju	
e65a8c3ba525042ceba11e102309b2525de4d7748b513787fc3ecc50c13c97654e626571fcdb8a6d96b78af3e6c5bfa95fb0286d8407d9d8d3c867d06c7a1fc4	common_voice_gju_42637983.mp3	e771576478a172aab930bef290e4506127b9bec9f74d0f1aa19b1b4247450494	لوک آرام ناڑ رہے گا		0	1	fourties				gju	
e65a8c3ba525042ceba11e102309b2525de4d7748b513787fc3ecc50c13c97654e626571fcdb8a6d96b78af3e6c5bfa95fb0286d8407d9d8d3c867d06c7a1fc4	common_voice_gju_42637994.mp3	08def06ea245687e36e63b96d07cdae000e3ec1a2f9206c3ddc566ded11433ea	ٹیڈھا ہالا پو میں تیجی سٹ کری		1	0	fourties				gju	
e65a8c3ba525042ceba11e102309b2525de4d7748b513787fc3ecc50c13c97654e626571fcdb8a6d96b78af3e6c5bfa95fb0286d8407d9d8d3c867d06c7a1fc4	common_voice_gju_42637995.mp3	99fed8ac1742bc63d18da006d4c96799d140dc8534886a4692007b8252bcb3bd	اُت انھ پو پَل لگ گئی		1	0	fourties				gju	
e65a8c3ba525042ceba11e102309b2525de4d7748b513787fc3ecc50c13c97654e626571fcdb8a6d96b78af3e6c5bfa95fb0286d8407d9d8d3c867d06c7a1fc4	common_voice_gju_42637996.mp3	d0a44fbae1e33ef96c0339b98fe932c1be32b12ed50b93992f0f4b98a9cf8941	اس زمین اپر یوہ ٹریو پھریو		1	0	fourties				gju	
e65a8c3ba525042ceba11e102309b2525de4d7748b513787fc3ecc50c13c97654e626571fcdb8a6d96b78af3e6c5bfa95fb0286d8407d9d8d3c867d06c7a1fc4	common_voice_gju_42637997.mp3	9bddbf79e095865eb822a9d77e89b7743840a2fe1e9f36b4dddbad93700411ed	اُس جنا نے وہ بچو بادشاہ کا نوکراں پو بیچ چھوڈیو		1	0	fourties				gju	
e65a8c3ba525042ceba11e102309b2525de4d7748b513787fc3ecc50c13c97654e626571fcdb8a6d96b78af3e6c5bfa95fb0286d8407d9d8d3c867d06c7a1fc4	common_voice_gju_42637998.mp3	fc3977ee9a7894304bdc94a8eabb6a7e246459c1d4df3eba63bc658cd3d91778	ہم اُتو ہو کے آیا تھا میں سوچیو جے ہوں رات اُت پوہچ جاؤں گو		1	0	fourties				gju	
e65a8c3ba525042ceba11e102309b2525de4d7748b513787fc3ecc50c13c97654e626571fcdb8a6d96b78af3e6c5bfa95fb0286d8407d9d8d3c867d06c7a1fc4	common_voice_gju_42637999.mp3	e38e45b3bb66c1f9f8d9cc6023e81ceb2250405906449da8afef1be76d4fdd2d	ٹبرکو باپ ات ہی تھو۔		1	0	fourties				gju	
e65a8c3ba525042ceba11e102309b2525de4d7748b513787fc3ecc50c13c97654e626571fcdb8a6d96b78af3e6c5bfa95fb0286d8407d9d8d3c867d06c7a1fc4	common_voice_gju_42638000.mp3	ed37b4bd78e3e4caf56d4ffcbf0072135e864f8463d3cd7309fc1ad767484ad3	انھ جناں نے رچھ بیٹھو وو دیکھ لیو		1	0	fourties				gju	
e65a8c3ba525042ceba11e102309b2525de4d7748b513787fc3ecc50c13c97654e626571fcdb8a6d96b78af3e6c5bfa95fb0286d8407d9d8d3c867d06c7a1fc4	common_voice_gju_42638002.mp3	28a8ea8e7b34baeafc5d6dbcf38bdccaff449a92b64396c535eb87b074afa3ad	کہیو جنازی کی شناخت کروں		1	0	fourties				gju	
e65a8c3ba525042ceba11e102309b2525de4d7748b513787fc3ecc50c13c97654e626571fcdb8a6d96b78af3e6c5bfa95fb0286d8407d9d8d3c867d06c7a1fc4	common_voice_gju_42638003.mp3	f735ea833199f0876d31ccd696ee6fe370eb23f9008ed3fbf861accc731a4414	مولوی ابراہیم کسانا کو ڈیرو بریا بلور کَسی ما تھو		1	0	fourties				gju	
e65a8c3ba525042ceba11e102309b2525de4d7748b513787fc3ecc50c13c97654e626571fcdb8a6d96b78af3e6c5bfa95fb0286d8407d9d8d3c867d06c7a1fc4	common_voice_gju_42638006.mp3	12e2dbeb6255455cd136ca66b8d8e80318789f092b4f83988adc7b9b5e027e8d	بچا ! اس قصا نا ایک باری بھی کرینے‘‘		1	0	fourties				gju	
e65a8c3ba525042ceba11e102309b2525de4d7748b513787fc3ecc50c13c97654e626571fcdb8a6d96b78af3e6c5bfa95fb0286d8407d9d8d3c867d06c7a1fc4	common_voice_gju_42638008.mp3	e4b25d664b0961c6b51ac82002af32f697576f096233507c3eb0ae3420dbac33	نو لکھیو کہن لگو		1	0	fourties				gju	
e65a8c3ba525042ceba11e102309b2525de4d7748b513787fc3ecc50c13c97654e626571fcdb8a6d96b78af3e6c5bfa95fb0286d8407d9d8d3c867d06c7a1fc4	common_voice_gju_42638016.mp3	de08399b14c9aacaf6e9d72ad4ee8b61a1234222cea06a26a9f8012ae8196858	ڈیرو سام کے تابٹ پوہچا چھُڑیو		1	0	fourties				gju	
e65a8c3ba525042ceba11e102309b2525de4d7748b513787fc3ecc50c13c97654e626571fcdb8a6d96b78af3e6c5bfa95fb0286d8407d9d8d3c867d06c7a1fc4	common_voice_gju_42638020.mp3	cd93af8f988eac6f87b7128aafaa612e0251853754b6bdd110201368cdf93430	بکری ڈُھونڈتاں وہ ایک جا ما گیو		1	0	fourties				gju	
e65a8c3ba525042ceba11e102309b2525de4d7748b513787fc3ecc50c13c97654e626571fcdb8a6d96b78af3e6c5bfa95fb0286d8407d9d8d3c867d06c7a1fc4	common_voice_gju_42638021.mp3	f3b9c1236b7c1bc550abe565270e26308afd78144b00919209bc9aa22fd5659d	اس کو سر پھٹ گیو		1	0	fourties				gju	
e65a8c3ba525042ceba11e102309b2525de4d7748b513787fc3ecc50c13c97654e626571fcdb8a6d96b78af3e6c5bfa95fb0286d8407d9d8d3c867d06c7a1fc4	common_voice_gju_42638028.mp3	ee78994f8b45963b25b5e32454c28fdf95d108152294435ab84b87c512101e0d	ماں نے ڈیرا ما علاج کرن کی کوشش کی		1	0	fourties				gju	
e65a8c3ba525042ceba11e102309b2525de4d7748b513787fc3ecc50c13c97654e626571fcdb8a6d96b78af3e6c5bfa95fb0286d8407d9d8d3c867d06c7a1fc4	common_voice_gju_42638029.mp3	f467d4c2a858d688c80b3f84679fa3ce5452591c832c1cb3639e8fcb60161917	یہ پریشان ہویا جے لیلو		1	0	fourties				gju	
e65a8c3ba525042ceba11e102309b2525de4d7748b513787fc3ecc50c13c97654e626571fcdb8a6d96b78af3e6c5bfa95fb0286d8407d9d8d3c867d06c7a1fc4	common_voice_gju_42638032.mp3	0469398639cc1da613be62b4c7655c1796199bb6268f901e03ee0b3e00dda9d7	محفوظ رکھے		1	0	fourties				gju	
e65a8c3ba525042ceba11e102309b2525de4d7748b513787fc3ecc50c13c97654e626571fcdb8a6d96b78af3e6c5bfa95fb0286d8407d9d8d3c867d06c7a1fc4	common_voice_gju_42638034.mp3	53977862fd1ad8b026a8d498fbca7dcc2fd9a262ecb371abb779e4aa889c6904	ترے سو رپیو لے کے اَتو		1	0	fourties				gju	
e65a8c3ba525042ceba11e102309b2525de4d7748b513787fc3ecc50c13c97654e626571fcdb8a6d96b78af3e6c5bfa95fb0286d8407d9d8d3c867d06c7a1fc4	common_voice_gju_42638037.mp3	f8ec2d2324f458ae0f44681f349a4082c2fa92eb44f3e244118e135f7eb00f46	کاشماں بی بی		1	0	fourties				gju	
e65a8c3ba525042ceba11e102309b2525de4d7748b513787fc3ecc50c13c97654e626571fcdb8a6d96b78af3e6c5bfa95fb0286d8407d9d8d3c867d06c7a1fc4	common_voice_gju_42638039.mp3	d6814b50b7b3e43e5856e9e115c1e105a0b0578b66ab2fc475b1fb41f59215fd	سولہ سال		1	0	fourties				gju	
e65a8c3ba525042ceba11e102309b2525de4d7748b513787fc3ecc50c13c97654e626571fcdb8a6d96b78af3e6c5bfa95fb0286d8407d9d8d3c867d06c7a1fc4	common_voice_gju_42638042.mp3	e2485f496684c88f7fa81a03c92f277dd397353f3e0607563cce2dd62dd8c023	چنگی طرح پکانو		1	0	fourties				gju	
e65a8c3ba525042ceba11e102309b2525de4d7748b513787fc3ecc50c13c97654e626571fcdb8a6d96b78af3e6c5bfa95fb0286d8407d9d8d3c867d06c7a1fc4	common_voice_gju_42638043.mp3	1b1f1092b5cbfb30fc4a0fb2bf4592011168d07ee9435436c6c94c93e6477d63	مولوی یونس مُچ پرشان ہویو جے ہوں ہن اس جنازہ کو کے کروں		1	0	fourties				gju	
e65a8c3ba525042ceba11e102309b2525de4d7748b513787fc3ecc50c13c97654e626571fcdb8a6d96b78af3e6c5bfa95fb0286d8407d9d8d3c867d06c7a1fc4	common_voice_gju_42638044.mp3	c67f804d3f1ae2d0a4e38af69a82c87108b3e333f9a73dc8bcfce18486fee11d	کاہڈ چشمہ کول پوہچ گیو		1	0	fourties				gju	
e65a8c3ba525042ceba11e102309b2525de4d7748b513787fc3ecc50c13c97654e626571fcdb8a6d96b78af3e6c5bfa95fb0286d8407d9d8d3c867d06c7a1fc4	common_voice_gju_42638045.mp3	2dc1f9b43bdd37f6089c9d15ab5bde0771329d4609c1baf34372ab4017d7d6a7	چنگی گَل سِکھے گی		1	0	fourties				gju	
e65a8c3ba525042ceba11e102309b2525de4d7748b513787fc3ecc50c13c97654e626571fcdb8a6d96b78af3e6c5bfa95fb0286d8407d9d8d3c867d06c7a1fc4	common_voice_gju_42638046.mp3	e5f7e98e066bc93cea8362245d7bf3ee86c57d2dd1f1103714afce6c9c75ebfa	آوں چلاں		1	0	fourties				gju	
e65a8c3ba525042ceba11e102309b2525de4d7748b513787fc3ecc50c13c97654e626571fcdb8a6d96b78af3e6c5bfa95fb0286d8407d9d8d3c867d06c7a1fc4	common_voice_gju_42638047.mp3	449bae570ec7ca5082f3f70183b18ad6166b6dc1c102e2e5899f260b43087b03	اس دیہنہ اس بادشاہی ما مچ بڑو جرگو لگو تھو		1	0	fourties				gju	
e65a8c3ba525042ceba11e102309b2525de4d7748b513787fc3ecc50c13c97654e626571fcdb8a6d96b78af3e6c5bfa95fb0286d8407d9d8d3c867d06c7a1fc4	common_voice_gju_42638048.mp3	9470bb65c740367b347774a9b3c765ba46133c45fc587388bafc2ddaf02db0b1	جنگل ما مُچ سخت پابندی تھی		1	0	fourties				gju	
e65a8c3ba525042ceba11e102309b2525de4d7748b513787fc3ecc50c13c97654e626571fcdb8a6d96b78af3e6c5bfa95fb0286d8407d9d8d3c867d06c7a1fc4	common_voice_gju_42638049.mp3	becd97c40389053ec22e835cc941c0ac5dce595ad872fe88667806dfe3d1cec0	مُچ بڑی فوج آئے لگی‘‘		1	0	fourties				gju	
e65a8c3ba525042ceba11e102309b2525de4d7748b513787fc3ecc50c13c97654e626571fcdb8a6d96b78af3e6c5bfa95fb0286d8407d9d8d3c867d06c7a1fc4	common_voice_gju_42638050.mp3	0d20fab6388e1901546771c45816081645bb97cdb56193e72be51de75d34699d	پہلی قسم کو کھانو وہ وھے جہڑو جسم نا بدھن ما مدد دیے		1	0	fourties				gju	
e65a8c3ba525042ceba11e102309b2525de4d7748b513787fc3ecc50c13c97654e626571fcdb8a6d96b78af3e6c5bfa95fb0286d8407d9d8d3c867d06c7a1fc4	common_voice_gju_42638055.mp3	5f4a0fb1f46655dcea820644b00ee8fd8a5829e983e90e4970dd98a95b4244ec	منا نِکا نِکا دو جاتک آن دیوں		1	0	fourties				gju	
e65a8c3ba525042ceba11e102309b2525de4d7748b513787fc3ecc50c13c97654e626571fcdb8a6d96b78af3e6c5bfa95fb0286d8407d9d8d3c867d06c7a1fc4	common_voice_gju_42638056.mp3	14ca9ffb18a181d2189b8aaa764df107196fc807946ec2fc11991b7127e03e89	غسل ترے قسم کا ہوویں، فرض، سنت تے مستحب۔		1	0	fourties				gju	
e65a8c3ba525042ceba11e102309b2525de4d7748b513787fc3ecc50c13c97654e626571fcdb8a6d96b78af3e6c5bfa95fb0286d8407d9d8d3c867d06c7a1fc4	common_voice_gju_42638057.mp3	f6f6a9ada0591365baae298817c197f99601874b2cf8226e16ef2ffbbfcbcff2	رات چھ بکری رِچھ نے مار چھُڑی		1	0	fourties				gju	
e65a8c3ba525042ceba11e102309b2525de4d7748b513787fc3ecc50c13c97654e626571fcdb8a6d96b78af3e6c5bfa95fb0286d8407d9d8d3c867d06c7a1fc4	common_voice_gju_42638058.mp3	d98cb3e13d7b3e48c8afcec56a597cab4b2ff7aa927f8b00f01c4769040820f9	یوہ واقعو بانیا قوم کا ایک قبیلہ کا محبوب بکروال		1	0	fourties				gju	
e65a8c3ba525042ceba11e102309b2525de4d7748b513787fc3ecc50c13c97654e626571fcdb8a6d96b78af3e6c5bfa95fb0286d8407d9d8d3c867d06c7a1fc4	common_voice_gju_42638059.mp3	32516bd0f8edc98d32dc0b81104f36eac905cfc1fe7e2be34a97c6f9a3293062	گراں ما تھی		1	0	fourties				gju	
e65a8c3ba525042ceba11e102309b2525de4d7748b513787fc3ecc50c13c97654e626571fcdb8a6d96b78af3e6c5bfa95fb0286d8407d9d8d3c867d06c7a1fc4	common_voice_gju_42638062.mp3	4d87c261fd9e111a49dca712d5c8c3af1b964bb75fea7101567f58614698a9b7	یوہ جنو تلوار لے کے شروع ہویو		1	0	fourties				gju	
e65a8c3ba525042ceba11e102309b2525de4d7748b513787fc3ecc50c13c97654e626571fcdb8a6d96b78af3e6c5bfa95fb0286d8407d9d8d3c867d06c7a1fc4	common_voice_gju_42638064.mp3	35b07e90cdba4e1ccb3c6593c1590ddfef607a7a190fd8fc373f3c73b0038561	ساری مہنگی بے نیہہ ہوتی		1	0	fourties				gju	
e65a8c3ba525042ceba11e102309b2525de4d7748b513787fc3ecc50c13c97654e626571fcdb8a6d96b78af3e6c5bfa95fb0286d8407d9d8d3c867d06c7a1fc4	common_voice_gju_42638067.mp3	226ca6eba8e6eeba21ae598fd2cb811234eed8cdd5100368d9fd6024ced328df	محمد اسلم بکریا ں کے نال تھا		1	0	fourties				gju	
e65a8c3ba525042ceba11e102309b2525de4d7748b513787fc3ecc50c13c97654e626571fcdb8a6d96b78af3e6c5bfa95fb0286d8407d9d8d3c867d06c7a1fc4	common_voice_gju_42638069.mp3	6ce1b1df14de43a1259f197166d5e7bfd0b6702e53fc94753e9a6d7ccef506b9	پہلا زمانا کی گل ہے ایک جنو تھو		1	0	fourties				gju	
e65a8c3ba525042ceba11e102309b2525de4d7748b513787fc3ecc50c13c97654e626571fcdb8a6d96b78af3e6c5bfa95fb0286d8407d9d8d3c867d06c7a1fc4	common_voice_gju_42638077.mp3	630d1dbfaf006553faf95f8ddaffe06e7ff20291b424f729c35ed01f5d18c216	بندوق کی گولی مار چھُڑی		1	0	fourties				gju	
e65a8c3ba525042ceba11e102309b2525de4d7748b513787fc3ecc50c13c97654e626571fcdb8a6d96b78af3e6c5bfa95fb0286d8407d9d8d3c867d06c7a1fc4	common_voice_gju_42638078.mp3	aa44d8ab921803d39ac1ace5d30b2ddd3ba0739766d946a6dd9d624aa76b930e	جو کُجھ منگے ہم دین واسطے تیار ہے۔		1	0	fourties				gju	
8261251e0600120cf431c43d36f17b800e7a4fab060f9edbfa528659ba459db72b23df84b9cf09c27ac61fc46f9a4fb01104e0b7964be0539f72cbdfd58af488	common_voice_gju_48742525.mp3	099443b3af13775c4d7a69161790b1703a1ba8e26acc60e88b3608230a1f5bbc	ڈیرا کَٹھا کے بے نیڑے تھا دوہاں پاساں		0	0	twenties				gju	
